"Advertiser","Page ID","Library ID","Library link","Status","Signals","Winner score","Started","Last seen / ended","Days running","Est. spend tier (vs brand's live ads)","Est. spend/day low","Est. spend/day mid","Est. spend/day high","Currency","Ads using this creative","Meta impressions bracket","EU/UK/BR reach","Transparency region","EU top country","EU female share","EU targeting","Payer / beneficiary","Creator (partnership)","Creator IG handle","Format","Carousel cards","Video length (s)","Platforms","CTA","Offers","Prices seen","Sale events","Angles","Language","Spoken hook (first 3 s)","Transcript","Voiceover language","Offers said","AI hook","AI hook confidence","AI awareness stage","AI angle","AI voice","AI urgency","Landing type","Landing group","Headline","Ad copy","Landing URL","Display link","Creative URL","Country","Exported at"
"Swapna Jewellery","449676095562686","699444113260471","https://www.facebook.com/ads/library/?id=699444113260471","Active","Long-runner, Scaled ×3","86","2025-08-11","2026-10-07","423","Mid","160","239","709","INR","3","","","","","","","","","","DCO","2","","facebook, instagram, audience_network, messenger","WHATSAPP_MESSAGE","","","","","Malayalam","","","","","","","","","","","WhatsApp","api.whatsapp.com/send","{{product.name}}","{{product.brand}}","https://api.whatsapp.com/send","api.whatsapp.com","https://scontent-bom5-2.xx.fbcdn.net/v/t39.35426-6/506794072_1305835020976862_947616034859871740_n.jpg?_nc_cat=108&ccb=1-7&_nc_sid=c53f8f&_nc_ohc=aiIORzKDdR4Q7kNvwH88u9B&_nc_oc=AdqSOOom-R-Ir1xjCZxLfeY-55RZ2FtcFJcZuO2JeJfflYCI86QvDWojtjvCR3AbAeE&_nc_zt=14&_nc_ht=scontent-bom5-2.xx&_nc_gid=7uNuTyPxMJpbupD24FRnqA&_nc_ss=7b289&oh=00_AQPC_qpSMfeRRnLhX7edUrYVjC_WTaoDcwN3GHdL8yt5Ww&oe=6ACD17BD","IN","2026-10-08 07:23"
"Swapna Jewellery","449676095562686","1.49947E+15","https://www.facebook.com/ads/library/?id=1499470351424400","Active","Long-runner, Scaled ×4","88","2025-07-03","2026-10-07","462","Mid","184","276","819","INR","4","","","","","","","","","","DCO","3","","facebook, instagram, audience_network, messenger","WHATSAPP_MESSAGE","","","","","Malayalam","","","","","","","","","","","WhatsApp","api.whatsapp.com/send","{{product.name}}","{{product.brand}}","https://api.whatsapp.com/send","api.whatsapp.com","https://scontent-bom5-1.xx.fbcdn.net/v/t39.35426-6/514963826_1654895478552364_5195665304959279847_n.jpg?_nc_cat=110&ccb=1-7&_nc_sid=c53f8f&_nc_ohc=KJgIhO2N_ioQ7kNvwHoAMuw&_nc_oc=Adr0BUQ7hkTCgf9rkKedS-PomOAd2ufwYHZu7puf6IUhb00jq6bup0Y2VFr1Ln-B1Cg&_nc_zt=14&_nc_ht=scontent-bom5-1.xx&_nc_gid=cAuuk2ycBWwiWDo0jenMAw&_nc_ss=7b289&oh=00_AQNHUXl5OPJ0GbW34yXN4pRB5fMEgQ8nATD9fIchU77t0A&oe=6ACCF390","IN","2026-10-08 07:23"
"Swapna Jewellery","449676095562686","1753139385343896","https://www.facebook.com/ads/library/?id=1753139385343896","Active","Long-runner, Scaled ×4","88","2025-08-05","2026-10-06","429","Mid","184","276","819","INR","4","","","","","","","","","","DCO","3","","facebook, instagram, audience_network, messenger","WHATSAPP_MESSAGE","","","","","Malayalam","","","","","","","","","","","WhatsApp","api.whatsapp.com/send","{{product.name}}","{{product.brand}}","https://api.whatsapp.com/send","api.whatsapp.com","https://scontent-bom5-2.xx.fbcdn.net/v/t39.35426-6/527670637_735399892458705_1283019758021296068_n.jpg?_nc_cat=100&ccb=1-7&_nc_sid=c53f8f&_nc_ohc=Cq1oQVo8ZGcQ7kNvwG13ezT&_nc_oc=Adr2Ik_9tXR5QUwL84fKLmzqmSZWMpiUMTsAaiKC4pUe9VpjwIIrNqXJwvWp0XSe0tA&_nc_zt=14&_nc_ht=scontent-bom5-2.xx&_nc_gid=57oIPnH0rrjfgsvUEzn3oQ&_nc_ss=7b289&oh=00_AQPuTRRAhRW-Kv7fbTAveoVMkGgAPl5k4WY97EOPP9OvHw&oe=6ACD1C43","IN","2026-10-08 07:23"
"Swapna Jewellery","449676095562686","1073698304892072","https://www.facebook.com/ads/library/?id=1073698304892072","Active","Long-runner, Scaled ×3","86","2025-07-03","2026-10-07","462","Mid","160","239","709","INR","3","","","","","","","","","","DCO","3","","facebook, instagram, audience_network, messenger","WHATSAPP_MESSAGE","","","","","Malayalam","","","","","","","","","","","WhatsApp","api.whatsapp.com/send","{{product.name}}","{{product.brand}}","https://api.whatsapp.com/send","api.whatsapp.com","https://scontent-bom5-1.xx.fbcdn.net/v/t39.35426-6/515671393_1773778069917388_7634378934230471679_n.jpg?_nc_cat=110&ccb=1-7&_nc_sid=c53f8f&_nc_ohc=gyUTtnPJc0EQ7kNvwF3VPuk&_nc_oc=AdrVwDbIddTJ2TJPpQ1Twa-_q4QIbXPvRYFuxri5O4fUBf8M8DjFCeRWgKuXhJ580fc&_nc_zt=14&_nc_ht=scontent-bom5-1.xx&_nc_gid=57oIPnH0rrjfgsvUEzn3oQ&_nc_ss=7b289&oh=00_AQPidIYNE6kZWu0Vxy1dbaTmAKAgj0vCYhcR7XDZiNIWOg&oe=6ACD2615","IN","2026-10-08 07:23"
"Swapna Jewellery","449676095562686","24019980837644630","https://www.facebook.com/ads/library/?id=24019980837644630","Active","Long-runner, Scaled ×3","86","2025-08-05","2026-10-06","429","Mid","160","239","709","INR","3","","","","","","","","","","DCO","3","","facebook, instagram, audience_network, messenger","WHATSAPP_MESSAGE","","","","","Malayalam","","","","","","","","","","","WhatsApp","api.whatsapp.com/send","{{product.name}}","{{product.brand}}","https://api.whatsapp.com/send","api.whatsapp.com","https://scontent-bom2-4.xx.fbcdn.net/v/t39.35426-6/528199880_1130157592503289_9184267185153756853_n.jpg?_nc_cat=106&ccb=1-7&_nc_sid=c53f8f&_nc_ohc=dyeMT0k0H0gQ7kNvwFFwCNP&_nc_oc=AdohHaK8XsEk2LLwEGTvj0noQoDkI3XvZGTZ7eKquj7x-TFDmqiQLcpbf2c-39hXeEE&_nc_zt=14&_nc_ht=scontent-bom2-4.xx&_nc_gid=xY0_DLAjkJuTniAxOh0eYw&_nc_ss=7b289&oh=00_AQPC_O1V8ytbyE1D1PUfaZDUj5BrylWjQiEq0JlEVAdw4A&oe=6ACD284A","IN","2026-10-08 07:23"
"Swapna Jewellery","449676095562686","1441314256761764","https://www.facebook.com/ads/library/?id=1441314256761764","Active","Long-runner, Scaled ×3","86","2025-07-03","2026-10-07","462","Mid","160","239","709","INR","3","","","","","","","","","","DCO","2","","facebook, instagram, audience_network, messenger","WHATSAPP_MESSAGE","","","","","Malayalam","","","","","","","","","","","WhatsApp","api.whatsapp.com/send","{{product.name}}","{{product.brand}}","https://api.whatsapp.com/send","api.whatsapp.com","https://scontent-bom5-1.xx.fbcdn.net/v/t39.35426-6/514751876_1267952664924017_1453884329752788089_n.jpg?_nc_cat=111&ccb=1-7&_nc_sid=c53f8f&_nc_ohc=Xm2joXdYQRQQ7kNvwEHexDj&_nc_oc=AdqTUnbOEDRMLbN3uRuMr7EvM7YYg64JjxQG4Px31eAxPMy0XEsKR4yHTq1ClmCgAK8&_nc_zt=14&_nc_ht=scontent-bom5-1.xx&_nc_gid=k4oP8kR5gdq48XHh-LRWqw&_nc_ss=7b289&oh=00_AQN-Pqz6iGLFlB5s8ay-mwUmX-Az5hYCtF63WByKIMo-6Q&oe=6ACD0A74","IN","2026-10-08 07:23"
"Swapna Jewellery","449676095562686","729624833043192","https://www.facebook.com/ads/library/?id=729624833043192","Active","Long-runner, Scaled ×4","88","2025-08-05","2026-10-07","429","Mid","184","276","819","INR","4","","","","","","","","","","DCO","3","","facebook, instagram, audience_network, messenger","WHATSAPP_MESSAGE","","","","","Malayalam","","","","","","","","","","","WhatsApp","api.whatsapp.com/send","{{product.name}}","{{product.brand}}","https://api.whatsapp.com/send","api.whatsapp.com","https://scontent-bom5-1.xx.fbcdn.net/v/t39.35426-6/528067875_24418432324455077_6733653487518743156_n.jpg?_nc_cat=109&ccb=1-7&_nc_sid=c53f8f&_nc_ohc=UCgkYozqHiQQ7kNvwHq9M2E&_nc_oc=AdrHi04LV5SPWcvv-0du_BgI1aB6CfrPSBi1fY9GMzclej2Z2L2P8uj4x-DdnSL0MeU&_nc_zt=14&_nc_ht=scontent-bom5-1.xx&_nc_gid=k4oP8kR5gdq48XHh-LRWqw&_nc_ss=7b289&oh=00_AQO1HPvwNSoZVDOwHY0qpQ7jz7LavVhm1FFKctxF9yw7VQ&oe=6ACD27BB","IN","2026-10-08 07:23"
"Swapna Jewellery","449676095562686","4126350580982269","https://www.facebook.com/ads/library/?id=4126350580982269","Active","Long-runner, Scaled ×4","88","2025-07-09","2026-10-07","456","Mid","184","276","819","INR","4","","","","","","","","","","DCO","3","","facebook, instagram, audience_network, messenger","WHATSAPP_MESSAGE","","","","","Malayalam","","","","","","","","","","","WhatsApp","api.whatsapp.com/send","{{product.name}}","{{product.brand}}","https://api.whatsapp.com/send","api.whatsapp.com","https://scontent-bom5-2.xx.fbcdn.net/v/t39.35426-6/514646600_531560903284896_4461054302618842958_n.jpg?_nc_cat=100&ccb=1-7&_nc_sid=c53f8f&_nc_ohc=-LMN82XmNzYQ7kNvwHlRO42&_nc_oc=AdpHqUOmAaXmlWGmpIgiBnJUigmMsZePaDyMLG1Nusb8sOCJWxnribopY0iH2PRLt7k&_nc_zt=14&_nc_ht=scontent-bom5-2.xx&_nc_gid=5uo2rwMWH6I-XtDdv39Wlw&_nc_ss=7b289&oh=00_AQPJdzCqjlwSxEscLG-AmmjzMO_2hkOW16yuGFOuRcbv5g&oe=6ACD0D9F","IN","2026-10-08 07:23"
"Swapna Jewellery","449676095562686","502160626292202","https://www.facebook.com/ads/library/?id=502160626292202","Active","Long-runner, Scaled ×4","88","2025-07-03","2026-10-07","462","Mid","184","276","819","INR","4","","","","","","","","","","DCO","2","","facebook, instagram, audience_network, messenger","WHATSAPP_MESSAGE","","","","","Malayalam","","","","","","","","","","","WhatsApp","api.whatsapp.com/send","{{product.name}}","{{product.brand}}","https://api.whatsapp.com/send","api.whatsapp.com","https://scontent-bom5-1.xx.fbcdn.net/v/t39.35426-6/515121168_694497006912375_3160771843250809494_n.jpg?_nc_cat=110&ccb=1-7&_nc_sid=c53f8f&_nc_ohc=2_oPBIxbp-kQ7kNvwEEffBa&_nc_oc=AdqNNuu-u1tVRq9jZcWHunbV2UOu3WtxWJfT9LLZD2HiP_RrbQ7SUE-FuwYrXjo2uZ4&_nc_zt=14&_nc_ht=scontent-bom5-1.xx&_nc_gid=JVHj9IqtTQczQmF-z4LF9g&_nc_ss=7b289&oh=00_AQMaVgI0eVrhuyeOhaG3U32BxlZAMy8tc25rYyCoLptQmQ&oe=6ACD19E3","IN","2026-10-08 07:23"
"PC Jeweller","13350483490","1445398286519196","https://www.facebook.com/ads/library/?id=1445398286519196","Active","Long-runner","70","2025-10-14","2026-10-07","359","Mid","92","138","410","INR","1","","","","","","","","","","VIDEO","","33","facebook, instagram","VIEW_INSTAGRAM_PROFILE","","","","Creator / UGC; Seasonal / festive","English","Music Thank you.","Music Thank you.","English","","","","","","","","Facebook / Instagram","instagram.com/pc_jeweller","","Let our Polki Necklace brighten up your look across all your magnificent celebrations. This stunner makes a statement like no other piece can do. Find your favourite jewellery piece @pc_jeweller Agency : @runwayfashionmanagement Production : @rfm_studio Photographer : vanshvirmani Videograher : @psr_films Stylist : @ruhanee_m Make up : @makeupsonu_93 #PCJeweller #PCJewellerJewellery #Polki #Necklace #Earrings #Jewellery #BridalJewellery #WeddingJewellery #PolkiJewellery #OnlineShopping #Women #Fashion #Trends #JewelleryTrend","http://instagram.com/pc_jeweller","instagram.com","https://video-bom2-4.xx.fbcdn.net/o1/v/t2/f2/m367/AQNDWRfUv2wNT0LKTwKuR1E7u7s6hM2vVmJZSQd0v7yVScSMQx7iL3DdK6AH-QKuViwfOpMO8eFinH1JT_Fkmrxw3Y7fwJVL_ktXiyk.mp4?_nc_cat=107&_nc_sid=b66105&_nc_ht=video-bom2-4.xx.fbcdn.net&_nc_ohc=cjHTIxDDAvIQ7kNvwEby8BQ&efg=eyJ2ZW5jb2RlX3RhZyI6Inhwdl9wcm9ncmVzc2l2ZS5WSV9VU0VDQVNFX1BST0RVQ1RfVFlQRS4uQzMuNzIwLmRhc2hfYmFzZWxpbmVfMV92MSIsInhwdl9hc3NldF9pZCI6NzA4NjAwMDk4MTczNjc3LCJhc3NldF9hZ2VfZGF5cyI6NTMwLCJ2aV91c2VjYXNlX2lkIjoxMDA5OSwiZHVyYXRpb25fcyI6MzIsInVybGdlbl9zb3VyY2UiOiJ3d3cifQ%3D%3D&ccb=17-1&vs=2f93c21851637885&_nc_vs=HBksFQIYQGlnX2VwaGVtZXJhbC9BMjQ5RUE5NDIxNjRFREVFQURCNEQ4MUY4OUI1QUY5Q192aWRlb19kYXNoaW5pdC5tcDQVAALIARIAFQIYRmlnX3hwdl9yZWVsc19wZXJtYW5lbnRfc3JfcHJvZC80MTA5MzQ5ODA1OTYzMTQ4XzE2Njc4ODk0MjQwMjAxMDc1NS5tcDQVAgLIARIAKAAYABsCiAd1c2Vfb2lsATEScHJvZ3Jlc3NpdmVfcmVjaXBlATEVAAAm2sudkvqdwgIVAigCQzMsF0BAYgxJul41GBJkYXNoX2Jhc2VsaW5lXzFfdjERAHUAZeadAQA&_nc_gid=2NMaHKq0mwfpbw5gDx-acg&_nc_ss=7b289&_nc_zt=28&oh=00_AQP2SM_iAQyE-tDL6z2XX5IkoBPF_USgNzlQotpX8ZqeSQ&oe=6ACCF854","IN","2026-10-08 07:23"
"PC Jeweller","13350483490","1910798426134762","https://www.facebook.com/ads/library/?id=1910798426134762","Active","Long-runner","68","2025-10-17","2026-10-07","356","Mid","92","138","410","INR","1","","","","","","","","","","VIDEO","","32","instagram","VIEW_INSTAGRAM_PROFILE","","","","Creator / UGC; Seasonal / festive","English","Today is the day of the day of the","Today is the day of the day of the day of the day of the day of the day of the day of the day of the day of the day of the day of the day of the day of the day of the day of the day of the day of the day of the day of the day of the day of the day of the day of the day of the day of the day of the day of the day of the day of the day of the day of the day of the day of the day of the day of the day of the day of the day of the day of the day of the day of the day of the day of the day of the day of the day of the day of the day of the day of the day of the day of the day of the day of the day of the day of the day of the day of the day of the day of the day of the day of the day of the day of the day of the day of the day of the day of the day of the day of the day of the day of the day of the day of the day of the day of the day of the day of the day of the day of the day of the day of the day of the day of the day of the day of the day of the day of the day of the day of the day of the day of the day of the day of the day of the day of the day of the day of the day of the day of the day of the day of the day of the day of the day of the day of the day of the day of the day of the day of the day of the day of the day of the day of the day of the day of the day of the day of the day of the day of the day of the day of the day of the day of the day of the day of the day the day of the day of the day the day of the day of the day of the day of the day of the day of the day the day of the day of the day of the day of the day of the day the day of the day of the day the day of the day of the day of the day of I'm going to die.","English","","","","","","","","Facebook / Instagram","instagram.com/pc_jeweller","","Discover the fusion of tradition and innovation in our Polki Heritage Jewels, where craftsmanship reigns supreme.. Visit @pc_jeweller for the widest range of polki jewels. Agency : @runwayfashionmanagement Production : @rfm_studio Photographer : vanshvirmani Stylist : @ruhanee_m Make up : @makeupsonu_93 #PCJeweller #PCJewellerJewellery #Polki #Necklace #Earrings #Jewellery #BridalJewellery #WeddingJewellery #PolkiJewellery #OnlineShopping #Women #Fashion #Trends #JewelleryTrend","http://instagram.com/pc_jeweller","instagram.com","https://video-bom5-2.xx.fbcdn.net/o1/v/t2/f2/m412/AQPMn8J4MIN0tU02UF7klsdXchlkKxpOuR6-e_AaVrPz3L-CvuWPOPfifci0SKlmfOfHxDqBFQTyBAlHeVqYkIO0.mp4?_nc_cat=102&_nc_sid=ef5aa3&_nc_ht=video-bom5-2.xx.fbcdn.net&_nc_ohc=59u0JzfasW0Q7kNvwGU6mus&efg=eyJ2ZW5jb2RlX3RhZyI6Inhwdl9wcm9ncmVzc2l2ZS5WSV9VU0VDQVNFX1BST0RVQ1RfVFlQRS4uQzMuNzIwLmFzaWNfaHEyX2hkX3Byb2dyZXNzaXZlIiwieHB2X2Fzc2V0X2lkIjoxOTg1MzUwNzAyMDkwMzM0LCJhc3NldF9hZ2VfZGF5cyI6MTQ0LCJ2aV91c2VjYXNlX2lkIjoxMDY4MCwiZHVyYXRpb25fcyI6MzIsInVybGdlbl9zb3VyY2UiOiJ3d3cifQ%3D%3D&ccb=17-1&_nc_gid=tUs3hCGPQV7aksJjy_wqpA&_nc_ss=7b289&_nc_zt=28&oh=00_AQNoESOi34S5tCHu1ByJaTRGGudVGwAi13jNfSv9v9luRA&oe=6ACCF8DF","IN","2026-10-08 07:23"
"PC Jeweller","13350483490","4106038612972899","https://www.facebook.com/ads/library/?id=4106038612972899","Active","Long-runner","70","2025-10-15","2026-10-07","358","Mid","92","138","410","INR","1","","","","","","","","","","VIDEO","","16","facebook, instagram","VIEW_INSTAGRAM_PROFILE","Up to 40% off; Up to 30% off","","Festive season","Discount / offer; Seasonal / festive","English","","","No speech (music only)","","","","","","","","Facebook / Instagram","instagram.com/pc_jeweller","","Vivaah ke Rang — where every golden bangle wraps the bride’s wrists in blessings, beauty, and beginnings. 💫 ✨ Upto 40% off on Diamond Value ✨ Upto 30% off on Making Charges of Diamond & Gold Jewellery #PCJeweller #WeddingJewellery #GoldBangles #BridalJewellery #FestiveSeason #PCJBridalEdit #TraditionalJewellery #GoldJewellery #IndianBride #WeddingStyle #PCJGold","http://instagram.com/pc_jeweller","instagram.com","https://video-bom5-2.xx.fbcdn.net/o1/v/t2/f2/m86/AQM7cIxz-sqgKuuYGbHVo2q_iUZj0_FtBidLH_Ih91Brs1LiPxZdjpT7yKxWI1Dpt4W2G8k-YJUZ4zlwKiAZ97O2qHvydMtNOf81QU0.mp4?_nc_cat=104&_nc_sid=b66105&_nc_ht=video-bom5-2.xx.fbcdn.net&_nc_ohc=gtKwo6J0Z8UQ7kNvwE0-u2q&efg=eyJ2ZW5jb2RlX3RhZyI6Inhwdl9wcm9ncmVzc2l2ZS5WSV9VU0VDQVNFX1BST0RVQ1RfVFlQRS4uQzMuNzIwLmRhc2hfYmFzZWxpbmVfMV92MSIsInhwdl9hc3NldF9pZCI6ODU0OTUxMzAzODYzODUyLCJhc3NldF9hZ2VfZGF5cyI6MzU4LCJ2aV91c2VjYXNlX2lkIjoxMDA5OSwiZHVyYXRpb25fcyI6MTUsInVybGdlbl9zb3VyY2UiOiJ3d3cifQ%3D%3D&ccb=17-1&vs=cab3eb607cdb3b45&_nc_vs=HBksFQIYUmlnX3hwdl9yZWVsc19wZXJtYW5lbnRfc3JfcHJvZC8xQjRENzU2MTkxOTQ5NjE2QTZDOUY3NDc0QkNFOTY5Nl92aWRlb19kYXNoaW5pdC5tcDQVAALIARIAFQIYR2lnX3hwdl9yZWVsc19wZXJtYW5lbnRfc3JfcHJvZC8xMDk0MzE2MjA1ODUwNzQwXzYyNzEzNDE3NzUwMTI4NTI5NjUubXA0FQICyAESACgAGAAbAogHdXNlX29pbAExEnByb2dyZXNzaXZlX3JlY2lwZQExFQAAJtj4oszb5IQDFQIoAkMzLBdALu6XjU_fOxgSZGFzaF9iYXNlbGluZV8xX3YxEQB1AGXmnQEA&_nc_gid=P4ALoiFZ3Wvv8BAh_gtyyw&_nc_ss=7b289&_nc_zt=28&oh=00_AQNPbmNOiuTQyt0p4PGAv8olsrxA0lfj5XYyn1Vh63DI-g&oe=6AC91621","IN","2026-10-08 07:23"
"PC Jeweller","13350483490","1499147251394726","https://www.facebook.com/ads/library/?id=1499147251394726","Active","Long-runner","68","2025-10-17","2026-10-07","356","Mid","92","138","410","INR","1","","","","","","","","","","VIDEO","","24","instagram","VIEW_INSTAGRAM_PROFILE","","","","Creator / UGC; Seasonal / festive","English","A little bit more, more, more, more, more, more, more, more, more, more, more, more, more, more, more, more, more, more, more, more, more, more, more, more, more, more, more, more, more, more, more, more, more, more, more, more, more, more, more, more, more, more, more, more, more, more, more, more, more, more, more, more, more, more, more, more, more, more, more, more, more, more, more, more, more, more, more, more, more, more, more, more, more, more, more, more, more, more, more, more, more, more, more, more, more, more, more, more, more, more, more, more, more, more, more, more, more, more, more, more, more, more, more, more, more, more, more, more, more, more, more, more, more, more, more, more, more, more, more, more, more, more, more, more, more, more, more, more, more, more, more, more, more, more, more, more, more, more, more, more, more, more, more, more, more, more, more, more, more, more, more, more, more, more, more, more, more, more, more, more, more, more, more, more, more, more, more, more, more, more, more, more, more, more, more, more, more, more, more, more, more, more, more, more, more, more, more, more, more, more, more, more, more, more, more, more, more, more, more, more, more, more, more, more, more, more, more, more, more, more, more, more, more, more, more, more, more, more, more, more, more","A little bit more, more, more, more, more, more, more, more, more, more, more, more, more, more, more, more, more, more, more, more, more, more, more, more, more, more, more, more, more, more, more, more, more, more, more, more, more, more, more, more, more, more, more, more, more, more, more, more, more, more, more, more, more, more, more, more, more, more, more, more, more, more, more, more, more, more, more, more, more, more, more, more, more, more, more, more, more, more, more, more, more, more, more, more, more, more, more, more, more, more, more, more, more, more, more, more, more, more, more, more, more, more, more, more, more, more, more, more, more, more, more, more, more, more, more, more, more, more, more, more, more, more, more, more, more, more, more, more, more, more, more, more, more, more, more, more, more, more, more, more, more, more, more, more, more, more, more, more, more, more, more, more, more, more, more, more, more, more, more, more, more, more, more, more, more, more, more, more, more, more, more, more, more, more, more, more, more, more, more, more, more, more, more, more, more, more, more, more, more, more, more, more, more, more, more, more, more, more, more, more, more, more, more, more, more, more, more, more, more, more, more, more, more, more, more, more, more, more, more, more, more","English","","","","","","","","Facebook / Instagram","instagram.com/pc_jeweller","","Embrace timeless elegance with a polki necklace, a masterpiece of indian craft, destined to become your treasured heirloom. Checkout more polki jewels @pc_jeweller Agency : @runwayfashionmanagement Production : @rfm_studio Photographer : @vanshvirmani Videograher : @psr_films Stylist : @ruhanee_m Make up : @makeupsonu_93 #PCJeweller #PCJewellerJewellery #Polki #Necklace #Earrings #Jewellery #BridalJewellery #WeddingJewellery #PolkiJewellery #OnlineShopping #Women #Fashion #Trends #JewelleryTrend","http://instagram.com/pc_jeweller","instagram.com","https://video-bom5-2.xx.fbcdn.net/o1/v/t2/f2/m412/AQNZh0yJlAC5EpJWew7C8ejZQzpvuvqgJks_nry0SOgOc1W6jhwGpf2_xbuZJOBsjnh_ogTptEhd8DPFUi8YOgk.mp4?_nc_cat=104&_nc_sid=ef5aa3&_nc_ht=video-bom5-2.xx.fbcdn.net&_nc_ohc=VwgvABTpKysQ7kNvwHdOut5&efg=eyJ2ZW5jb2RlX3RhZyI6Inhwdl9wcm9ncmVzc2l2ZS5WSV9VU0VDQVNFX1BST0RVQ1RfVFlQRS4uQzMuNzIwLmFzaWNfaHEyX2hkX3Byb2dyZXNzaXZlIiwieHB2X2Fzc2V0X2lkIjoxMzU1NDIyODcyOTAxNzI5LCJhc3NldF9hZ2VfZGF5cyI6MzQxLCJ2aV91c2VjYXNlX2lkIjoxMDY4MCwiZHVyYXRpb25fcyI6MjQsInVybGdlbl9zb3VyY2UiOiJ3d3cifQ%3D%3D&ccb=17-1&_nc_gid=9G8ebrZrrtv8eYZIHv7SHg&_nc_ss=7b289&_nc_zt=28&oh=00_AQO9Nhd5wYkf9WZGmgZhFIKGsHYnMCWxOPr_Ifj4Uh4jZQ&oe=6ACD02D6","IN","2026-10-08 07:23"
"PC Jeweller","13350483490","1233921781885459","https://www.facebook.com/ads/library/?id=1233921781885459","Active","Long-runner","68","2025-10-17","2026-10-07","356","Mid","92","138","410","INR","1","","","","","","","","","","VIDEO","","30","instagram","VIEW_INSTAGRAM_PROFILE","","","","Creator / UGC; Seasonal / festive","English","I'm a very old lady, I'm a very old lady","I'm a very old lady, I'm a very old lady I'm a very old lady, I'm a very old lady I'm a very old lady, I'm a very old lady I'm a very old lady, I'm a very old lady I'm a very old lady, I'm a very old lady I'm a very old lady, I'm a very old lady","English","","","","","","","","Facebook / Instagram","instagram.com/pc_jeweller","","For the woman who wears her heritage like a crown. PCJ Polki jewellery are designed for the modern muse with an old soul. Browse our exclusive collection @pc_jeweller Agency : @runwayfashionmanagement Production : @rfm_studio Photographer : vanshvirmani Videograher : @psr_films Stylist : @ruhanee_m Make up : @makeupsonu_93 Outfit : @kapdadoriofficial #PCJeweller #PCJewellerJewellery #Polki #Necklace #Earrings #Jewellery #BridalJewellery #WeddingJewellery #PolkiJewellery #OnlineShopping #Women #Fashion #Trends #JewelleryTrend","http://instagram.com/pc_jeweller","instagram.com","https://video-bom2-4.xx.fbcdn.net/o1/v/t2/f2/m560/AQOVarTNwrq0qvWnVpPIkHaRcBl_i6Yd8o5DUJ8ID4MwNvAaIxEQCbDlx1E0EaZwdOcoXXIu2G2ypn7fM3sjrWF0KCgLJMjep6U.mp4?_nc_cat=106&_nc_sid=ef5aa3&_nc_ht=video-bom2-4.xx.fbcdn.net&_nc_ohc=_FFz-o8kDvwQ7kNvwGjFfz7&efg=eyJ2ZW5jb2RlX3RhZyI6Inhwdl9wcm9ncmVzc2l2ZS5WSV9VU0VDQVNFX1BST0RVQ1RfVFlQRS4uQzMuNzIwLmFzaWNfaHEyX2hkX3Byb2dyZXNzaXZlIiwieHB2X2Fzc2V0X2lkIjoxMDI4MjEwNjM2MjA1NzY1LCJhc3NldF9hZ2VfZGF5cyI6MTU0LCJ2aV91c2VjYXNlX2lkIjoxMDY4MCwiZHVyYXRpb25fcyI6MjksInVybGdlbl9zb3VyY2UiOiJ3d3cifQ%3D%3D&ccb=17-1&_nc_gid=UcMmqxvmQlgupBnxo-uTOw&_nc_ss=7b289&_nc_zt=28&oh=00_AQP5SMYXz2IVHoJyZtait9ysqgV6gGR7gvPmKBWFzZkD6A&oe=6AC8FEA8","IN","2026-10-08 07:23"
"PC Jeweller","13350483490","1728757671148508","https://www.facebook.com/ads/library/?id=1728757671148508","Active","Long-runner","68","2025-10-17","2026-10-04","356","Mid","92","138","410","INR","1","","","","","","","","","","VIDEO","","31","instagram","VIEW_INSTAGRAM_PROFILE","","","","Premium / quality; Creator / UGC; Seasonal / festive","English","Music I'm not a man, I'm not a man, I'm not a man, I'm not a man, I'm not a man, I'm not a man, I'm not a man, I'm not a man, I'm not a man, I'm not a man, I'm not a man, I'm not a man, I'm not a man, I'm not a man, I'm not a man, I'm not a man, I'm not a man, I'm not a man, I'm not a man, I'm not a man, I'm not a man, I'm not a man, I'm not a man, I'm not a man, I'm not a man, I'm not a man, I'm not a man, I'm not a man, I'm not a man, I'm not a man, I'm not a man, I'm not a man, I'm not a man, I'm not a man, I'm not a man, I'm not a man, I'm not a man, I'm not a man, I'm not a man, I'm not a man, I'm not a man, I'm not a man, I'm not a man, I'm not a man, I'm not a man, I'm not a man, I'm not a man, I'm not a man, I'm not a man, I'm not a man, I'm not a man, I'm not a man, I'm not a man, I'm not a man, I'm not a man, I'm not a man, I'm not a man, I'm not a man, I'm not a man, I'm not a man, I'm not a man, I'm not a man, I'm not a man, I'm not a man, I'm not a man, I'm not a man, I'm not a man, I'm not a man, I'm not a man, I'm not a man, I'm not a man, I'm not a man, I'm not a man, I'm not a man,","Music I'm not a man, I'm not a man, I'm not a man, I'm not a man, I'm not a man, I'm not a man, I'm not a man, I'm not a man, I'm not a man, I'm not a man, I'm not a man, I'm not a man, I'm not a man, I'm not a man, I'm not a man, I'm not a man, I'm not a man, I'm not a man, I'm not a man, I'm not a man, I'm not a man, I'm not a man, I'm not a man, I'm not a man, I'm not a man, I'm not a man, I'm not a man, I'm not a man, I'm not a man, I'm not a man, I'm not a man, I'm not a man, I'm not a man, I'm not a man, I'm not a man, I'm not a man, I'm not a man, I'm not a man, I'm not a man, I'm not a man, I'm not a man, I'm not a man, I'm not a man, I'm not a man, I'm not a man, I'm not a man, I'm not a man, I'm not a man, I'm not a man, I'm not a man, I'm not a man, I'm not a man, I'm not a man, I'm not a man, I'm not a man, I'm not a man, I'm not a man, I'm not a man, I'm not a man, I'm not a man, I'm not a man, I'm not a man, I'm not a man, I'm not a man, I'm not a man, I'm not a man, I'm not a man, I'm not a man, I'm not a man, I'm not a man, I'm not a man, I'm not a man, I'm not a man, I'm not a man,","English","","","","","","","","Facebook / Instagram","instagram.com/pc_jeweller","","Experience the allure of traditional luxury with this exquisite Polki Set, where intricate details and premium craftsmanship evoke the essence of bygone era. DM us for more details @pc_jeweller Agency : @runwayfashionmanagement Production : @rfm_studio Photographer : @vanshvirmani Videograher : @psr_films Stylist : @ruhanee_m Make up : @makeupsonu_93 #PCJeweller #PCJewellerJewellery #Polki #Necklace #Earrings #Jewellery #BridalJewellery #WeddingJewellery #PolkiJewellery #OnlineShopping #Women #Fashion #Trends #JewelleryTrend","http://instagram.com/pc_jeweller","instagram.com","https://video-bom5-2.xx.fbcdn.net/o1/v/t2/f2/m412/AQMSjbLNcrm_iqpJsrG1SK1aE0HuUkwf9jfgU36-DM1N3peB5dx-ihgzVndTu_Lmk7TS6ehd5fbPtmiSHmhGOG-B.mp4?_nc_cat=102&_nc_sid=ef5aa3&_nc_ht=video-bom5-2.xx.fbcdn.net&_nc_ohc=QBu_PwC9t18Q7kNvwHKLzf3&efg=eyJ2ZW5jb2RlX3RhZyI6Inhwdl9wcm9ncmVzc2l2ZS5WSV9VU0VDQVNFX1BST0RVQ1RfVFlQRS4uQzMuNzIwLmFzaWNfaHEyX2hkX3Byb2dyZXNzaXZlIiwieHB2X2Fzc2V0X2lkIjo4MzQ2NzM1MTU5Mzk0NzcsImFzc2V0X2FnZV9kYXlzIjozMzksInZpX3VzZWNhc2VfaWQiOjEwNjgwLCJkdXJhdGlvbl9zIjozMCwidXJsZ2VuX3NvdXJjZSI6Ind3dyJ9&ccb=17-1&_nc_gid=KM9apxRsf_nkqma6mL7Hxw&_nc_ss=7b289&_nc_zt=28&oh=00_AQMYOboux3Alog8JFvMSOlRNTTL5m_gtaziKvGK6k3gEdA&oe=6ACD0913","IN","2026-10-08 07:23"
"PC Jeweller","13350483490","1491464478564102","https://www.facebook.com/ads/library/?id=1491464478564102","Active","Long-runner, Scaled ×2","74","2025-10-17","2026-10-07","356","Mid","130","195","579","INR","2","","","","","","","","","","VIDEO","","30","instagram","VIEW_INSTAGRAM_PROFILE","","","","Creator / UGC; Seasonal / festive","English","","","No speech (music only)","","","","","","","","Facebook / Instagram","instagram.com/pc_jeweller","","Turn heads with timeless elegance. This stunning polki set, adorned with intricate craftsmanship, perfectly complements the graceful danglers to create a flawless look. Let your style speak with our jewellery @pc_jeweller Agency : @runwayfashionmanagement Production : @rfm_studio Photographer : @vanshvirmani Videograher : @psr_films Stylist : @ruhanee_m Make up : @makeupsonu_93 #PCJeweller #PCJewellerJewellery #Diamond #Necklace #Earrings #Jewellery #BridalJewellery #WeddingJewellery #PolkiJewellery #OnlineShopping #Women #Fashion #Trends #JewelleryTrend","http://instagram.com/pc_jeweller","instagram.com","https://video-bom5-1.xx.fbcdn.net/o1/v/t2/f2/m366/AQNrXmRSuTL4YSQcvI-0-HpQ5cEEN1__KeHVO7BzoV1YvGaZw119xG7x8G_ZZncDWqXbIGsa3jQ63RnwZf4-BtX1OxjLQ3dRtjVxxkrH8r_Cwg.mp4?_nc_cat=110&_nc_sid=b66105&_nc_ht=video-bom5-1.xx.fbcdn.net&_nc_ohc=2zGiaUTHNLkQ7kNvwEOUntE&efg=eyJ2ZW5jb2RlX3RhZyI6Inhwdl9wcm9ncmVzc2l2ZS5WSV9VU0VDQVNFX1BST0RVQ1RfVFlQRS4uQzMuNzIwLmRhc2hfaDI2NC1iYXNpYy1nZW4yXzcyMHAiLCJ4cHZfYXNzZXRfaWQiOjkzMDQxODY0NTUxMzkyOSwiYXNzZXRfYWdlX2RheXMiOjYxNywidmlfdXNlY2FzZV9pZCI6MTAxMDEsImR1cmF0aW9uX3MiOjI5LCJ1cmxnZW5fc291cmNlIjoid3d3In0%3D&ccb=17-1&vs=7e46a0e1cde450ef&_nc_vs=HBksFQIYRWZiX2VwaGVtZXJhbC9FNTRCRjEyNUU3MDg1NjIyMjk3ODQ1ODlFMDE2RDQ5OV9tdF8xX3ZpZGVvX2Rhc2hpbml0Lm1wNBUAAsgBEgAVAhg6cGFzc3Rocm91Z2hfZXZlcnN0b3JlL0dNQThWUnpRSEJBODNxQUVBRDhKenlGZmNLQUNidjRHQUFBRhUCAsgBEgAoABgAGwKIB3VzZV9vaWwBMRJwcm9ncmVzc2l2ZV9yZWNpcGUBMRUAACaS292Nv42nAxUCKAJDMywXQD3dsi0OVgQYGWRhc2hfaDI2NC1iYXNpYy1nZW4yXzcyMHARAHUAZeqdAQA&_nc_gid=qXcVawRaZRPYq1FBJLgnRA&_nc_ss=7b289&_nc_zt=28&oh=00_AQOpnleL7_FUa2MO9sEhSz3_EbtCX8SOdrfPqZ0YVkWogw&oe=6ACD025E","IN","2026-10-08 07:23"
"Bailey Amsterdam","112412555186109","713263481036689","https://www.facebook.com/ads/library/?id=713263481036689","Active","Long-runner, Scaled ×2","82","2025-04-27","2026-10-07","529","Mid","130","195","579","INR","2","","","","","","","","","","VIDEO","","8","facebook, instagram, audience_network, messenger","SHOP_NOW","Buy 1 get 1","","","Social proof","English","I think I'm more than some time before in the different life","I think I'm more than some time before in the different life Or when I record a music video I think I was e","English","","","","","","","","Collection","bailey-amsterdam.com/collections/all","Buy 1 Get 1 Free | Bailey Jewellery","💧 Waterproof & Sweatproof ❌ No Tarnishing 🌍 Free Worldwide Shipping ⭐ Loved By 25.000+ Members Shop Now → https://bailey-amsterdam.com","https://bailey-amsterdam.com/collections/all","bailey-amsterdam.com","https://video-bom5-1.xx.fbcdn.net/o1/v/t2/f2/m366/AQNewtDtybyf81OnARdQMjqdEfy3IT8cpHfY00YWQoWDEUmxiGZaqoUD7fUA0m_gSuzmhNIUQod0HKatGCuga15rLnYCU_J_2eP9bSt6QUR0ZQ.mp4?_nc_cat=111&_nc_sid=b66105&_nc_ht=video-bom5-1.xx.fbcdn.net&_nc_ohc=s-vB425VycwQ7kNvwEQ9pjr&efg=eyJ2ZW5jb2RlX3RhZyI6Inhwdl9wcm9ncmVzc2l2ZS5WSV9VU0VDQVNFX1BST0RVQ1RfVFlQRS4uQzMuNzIwLmRhc2hfaDI2NC1iYXNpYy1nZW4yXzcyMHAiLCJ4cHZfYXNzZXRfaWQiOjMxMDQ5NjMwMTYzNDQyOTMsImFzc2V0X2FnZV9kYXlzIjo1MzMsInZpX3VzZWNhc2VfaWQiOjEwNzk5LCJkdXJhdGlvbl9zIjo4LCJ1cmxnZW5fc291cmNlIjoid3d3In0%3D&ccb=17-1&vs=5de0d45759b43317&_nc_vs=HBksFQIYRWZiX2VwaGVtZXJhbC9GQTRBREYyMTEyNUJCODMyNUUyQzAxRTg2OEVCQjRCOV9tdF8xX3ZpZGVvX2Rhc2hpbml0Lm1wNBUAAsgBEgAVAhg6cGFzc3Rocm91Z2hfZXZlcnN0b3JlL0dMRUFUQjNvdXRqMjBEb0VBTm55Wlp4dk5oRVJidjRHQUFBRhUCAsgBEgAoABgAGwKIB3VzZV9vaWwBMRJwcm9ncmVzc2l2ZV9yZWNpcGUBMRUAACbKi4qa0fyDCxUCKAJDMywXQCAzMzMzMzMYGWRhc2hfaDI2NC1iYXNpYy1nZW4yXzcyMHARAHUAZd6oAQA&_nc_gid=q7NUTgszYWQAXJCQAxyjww&_nc_ss=7b289&_nc_zt=28&oh=00_AQOZSdx3NQIwF-7Cr2G_eq5nJoWHDgbKHJjkTjMqBHFC9Q&oe=6ACD0B21","IN","2026-10-08 07:23"
"Bailey Amsterdam","112412555186109","647431264729142","https://www.facebook.com/ads/library/?id=647431264729142","Active","Long-runner","75","2025-03-31","2026-10-07","556","Mid","92","138","410","INR","1","","","","","","","","","","DCO","4","","facebook, instagram, audience_network, messenger","SHOP_NOW","","","","","English","","","","","","","","","","","Collection","bailey-amsterdam.com/collections/all","{{product.name}}","{{product.brand}}","https://bailey-amsterdam.com/collections/all","bailey-amsterdam.com","https://scontent-bom5-2.xx.fbcdn.net/v/t39.35426-6/487994522_1170710151095710_7684338769971877377_n.jpg?_nc_cat=100&ccb=1-7&_nc_sid=c53f8f&_nc_ohc=4SOro9S0U48Q7kNvwH7l2dj&_nc_oc=AdqmjUuvRRVuc0pbOGfdmElipGW1FnnmO2AOetog8ITtfbYhsoqi1vedMUU80UmdaDE&_nc_zt=14&_nc_ht=scontent-bom5-2.xx&_nc_gid=qnNobFOVX8i1xTVPXN34jA&_nc_ss=7b289&oh=00_AQNaZH0bU5n5zRcNDweSJ31ggbQeomnTl_a0do4z_yoNvw&oe=6ACCF2CB","IN","2026-10-08 07:23"
"Bailey Amsterdam","112412555186109","2551644268537174","https://www.facebook.com/ads/library/?id=2551644268537174","Active","Long-runner","75","2025-10-08","2026-10-07","365","Mid","92","138","410","INR","1","","","","","","","","","","VIDEO","","14","facebook, instagram, audience_network, messenger, threads","SHOP_NOW","Buy 1 get 1","","","Social proof","English","I'm sorry, I'm sorry, I'm sorry, I'm sorry, I'm sorry, I'm sorry, I'm sorry, I'm sorry, I'm sorry, I'm sorry, I'm sorry, I'm sorry, I'm sorry, I'm sorry, I'm sorry, I'm sorry, I'm sorry, I'm sorry, I'm sorry, I'm sorry, I'm sorry, I'm sorry, I'm sorry, I'm sorry, I'm sorry, I'm sorry, I'm sorry, I'm sorry, I'm sorry, I'm sorry, I'm sorry, I'm sorry, I'm sorry, I'm sorry, I'm sorry, I'm sorry, I'm sorry, I'm sorry, I'm sorry, I'm sorry, I'm sorry, I'm sorry, I'm sorry, I'm sorry, I'm sorry, I'm sorry, I'm sorry, I'm sorry, I'm sorry, I'm sorry, I'm sorry, I'm sorry, I'm sorry, I'm sorry, I'm sorry, I'm sorry, I'm sorry, I'm sorry, I'm sorry, I'm sorry, I'm sorry, I'm sorry, I'm sorry, I'm sorry, I'm sorry, I'm sorry, I'm sorry, I'm sorry, I'm sorry, I'm sorry, I'm sorry, I'm sorry, I'm sorry, I'm sorry, I'm sorry, I'm sorry, I'm sorry, I'm sorry, I'm sorry, I'm sorry, I'm sorry, I'm sorry, I'm sorry, I'm sorry, I'm sorry, I'm sorry, I'm sorry, I'm sorry, I'm sorry, I'm sorry, I'm sorry, I'm sorry, I'm sorry, I'm sorry, I'm sorry, I'm sorry, I'm sorry, I'm sorry, I'm sorry, I'm sorry, I'm sorry, I'm sorry, I'm sorry, I'm sorry, I'm sorry, I'm sorry, I'm sorry, I'm sorry, I'm sorry, I'm sorry, I'm sorry,","I'm sorry, I'm sorry, I'm sorry, I'm sorry, I'm sorry, I'm sorry, I'm sorry, I'm sorry, I'm sorry, I'm sorry, I'm sorry, I'm sorry, I'm sorry, I'm sorry, I'm sorry, I'm sorry, I'm sorry, I'm sorry, I'm sorry, I'm sorry, I'm sorry, I'm sorry, I'm sorry, I'm sorry, I'm sorry, I'm sorry, I'm sorry, I'm sorry, I'm sorry, I'm sorry, I'm sorry, I'm sorry, I'm sorry, I'm sorry, I'm sorry, I'm sorry, I'm sorry, I'm sorry, I'm sorry, I'm sorry, I'm sorry, I'm sorry, I'm sorry, I'm sorry, I'm sorry, I'm sorry, I'm sorry, I'm sorry, I'm sorry, I'm sorry, I'm sorry, I'm sorry, I'm sorry, I'm sorry, I'm sorry, I'm sorry, I'm sorry, I'm sorry, I'm sorry, I'm sorry, I'm sorry, I'm sorry, I'm sorry, I'm sorry, I'm sorry, I'm sorry, I'm sorry, I'm sorry, I'm sorry, I'm sorry, I'm sorry, I'm sorry, I'm sorry, I'm sorry, I'm sorry, I'm sorry, I'm sorry, I'm sorry, I'm sorry, I'm sorry, I'm sorry, I'm sorry, I'm sorry, I'm sorry, I'm sorry, I'm sorry, I'm sorry, I'm sorry, I'm sorry, I'm sorry, I'm sorry, I'm sorry, I'm sorry, I'm sorry, I'm sorry, I'm sorry, I'm sorry, I'm sorry, I'm sorry, I'm sorry, I'm sorry, I'm sorry, I'm sorry, I'm sorry, I'm sorry, I'm sorry, I'm sorry, I'm sorry, I'm sorry, I'm sorry, I'm sorry,","English","","","","","","","","Collection","bailey-amsterdam.com/collections/all","150,000+ WATERPROOF JEWELLERY PIECES SOLD","🎁 BUY 1 GET 1 FREE 💧 Waterproof & Sweatproof 🌍 Free Worldwide Shipping  ⭐ Loved By 34,000+ Members  Shop Now → https://bailey-amsterdam.com","https://bailey-amsterdam.com/collections/all","bailey-amsterdam.com","https://video-bom5-2.xx.fbcdn.net/o1/v/t2/f2/m366/AQNgIkCePaTghz7Sr3yivFLo6NSUSp23y7cFWM1LZ3VO9SkcjhgcrvC_dAcRZXTrGcMCuzkVuerh1x5LwVS2CCCuL0TluvX905D2TE9Fya39tQ.mp4?_nc_cat=100&_nc_sid=b66105&_nc_ht=video-bom5-2.xx.fbcdn.net&_nc_ohc=Q0htFRz4TZQQ7kNvwGHyNXQ&efg=eyJ2ZW5jb2RlX3RhZyI6Inhwdl9wcm9ncmVzc2l2ZS5WSV9VU0VDQVNFX1BST0RVQ1RfVFlQRS4uQzMuNzIwLmRhc2hfaDI2NC1iYXNpYy1nZW4yXzcyMHAiLCJ4cHZfYXNzZXRfaWQiOjE0ODA4ODA3NTk3ODgxNjYsImFzc2V0X2FnZV9kYXlzIjozNjQsInZpX3VzZWNhc2VfaWQiOjEwNzk5LCJkdXJhdGlvbl9zIjoxNCwidXJsZ2VuX3NvdXJjZSI6Ind3dyJ9&ccb=17-1&vs=6cad7d9910c4cf3c&_nc_vs=HBksFQIYRWZiX2VwaGVtZXJhbC8xOTRDMDQwQUJEMDg2MzQyMEM5RTNFRkUzNjgwN0U5RV9tdF8xX3ZpZGVvX2Rhc2hpbml0Lm1wNBUAAsgBEgAVAhhAZmJfcGVybWFuZW50LzBGNEM1RTdDN0QyMjkzMUJDQkJFMkNCRjQwQjBFRjkwX2F1ZGlvX2Rhc2hpbml0Lm1wNBUCAsgBEgAoABgAGwKIB3VzZV9vaWwBMRJwcm9ncmVzc2l2ZV9yZWNpcGUBMRUAACaMyqK6zbahBRUCKAJDMywXQCzMzMzMzM0YGWRhc2hfaDI2NC1iYXNpYy1nZW4yXzcyMHARAHUAZd6oAQA&_nc_gid=A5e1ogu9oqyBUMWxqjVZoQ&_nc_ss=7b289&_nc_zt=28&oh=00_AQPAktX89AbLxhfLH-Jh-TeTVVF9C6an7l2TniQ-l9nhyg&oe=6ACD2720","IN","2026-10-08 07:23"
"Bailey Amsterdam","112412555186109","1950453849018912","https://www.facebook.com/ads/library/?id=1950453849018912","Active","Long-runner","75","2025-11-01","2026-10-07","341","Mid","92","138","410","INR","1","","","","","","","","","","VIDEO","","14","facebook, instagram, audience_network, messenger","SHOP_NOW","","","","Social proof","English","","","No speech (music only)","","","","","","","","Collection","bailey-amsterdam.com/collections/all","Jewellery You Never Want To Take Off","Buy Any Jewellery, Get Another 1 Free. 💠💝 ☑️ Waterproof & Sweatproof ☑️ Lifetime Color Warranty ☑️ No Nickel or Lead (100% Safe!) ☑️ Hypoallergenic Shop yours → https://bailey-amsterdam.com","https://bailey-amsterdam.com/collections/all","bailey-amsterdam.com","https://video-bom5-2.xx.fbcdn.net/o1/v/t2/f2/m366/AQNgNTONSR87CA3fX05vevATWllnwFeXS38lTqS3NRfKc33S4mBjBSV_BP75SJIdT4d6nR_wIPGCBvDHRQPtge0mDbZouZ3H9KfviMgwpeKSNA.mp4?_nc_cat=100&_nc_sid=b66105&_nc_ht=video-bom5-2.xx.fbcdn.net&_nc_ohc=ygxYEm0YXVYQ7kNvwFOwsTw&efg=eyJ2ZW5jb2RlX3RhZyI6Inhwdl9wcm9ncmVzc2l2ZS5WSV9VU0VDQVNFX1BST0RVQ1RfVFlQRS4uQzMuNzIwLmRhc2hfaDI2NC1iYXNpYy1nZW4yXzcyMHAiLCJ4cHZfYXNzZXRfaWQiOjE5NzEzMjIzOTM0Mjg2MDcsImFzc2V0X2FnZV9kYXlzIjozNDAsInZpX3VzZWNhc2VfaWQiOjEwNzk5LCJkdXJhdGlvbl9zIjoxNCwidXJsZ2VuX3NvdXJjZSI6Ind3dyJ9&ccb=17-1&vs=859823bb3df8a1ef&_nc_vs=HBksFQIYRWZiX2VwaGVtZXJhbC8zRTRGQzRFNUM3MDM2ODRFQzVFMUE1RjAzNDQ0QzNCQl9tdF8xX3ZpZGVvX2Rhc2hpbml0Lm1wNBUAAsgBEgAVAhhAZmJfcGVybWFuZW50L0EzNERCNjdGQ0E5MjdENTdCODQ1QjI5MjdBOUI2MkIyX2F1ZGlvX2Rhc2hpbml0Lm1wNBUCAsgBEgAoABgAGwKIB3VzZV9vaWwBMRJwcm9ncmVzc2l2ZV9yZWNpcGUBMRUAACb-ifyviLqABxUCKAJDMywXQCxEGJN0vGoYGWRhc2hfaDI2NC1iYXNpYy1nZW4yXzcyMHARAHUAZd6oAQA&_nc_gid=9lFP5rdZabq3_B2UwKmvuQ&_nc_ss=7b289&_nc_zt=28&oh=00_AQNwcngjFuGITHjJRKTHqVFq10aF8jCmjjby2LMpXCY0IQ&oe=6ACCF668","IN","2026-10-08 07:23"
"Bailey Amsterdam","112412555186109","674629852322934","https://www.facebook.com/ads/library/?id=674629852322934","Inactive","Stopped, Scaled ×4","","2025-09-16","2026-10-02","381","","","","","INR","4","","","","","","","","","","VIDEO","","15","facebook, instagram, audience_network, messenger, threads","SHOP_NOW","Buy 1 get 1","","","","English","I tested this jewelry brand for you. They say it's waterproof. Let's see.","I tested this jewelry brand for you. They say it's waterproof. Let's see. I used soap which usually tarnishes jewelry. Still shining like new, glittering timeless, everyday proof, trusted by 30,000 plus customers.","English","","","","","","","","Collection","bailey-amsterdam.com/collections/all","Buy 1 Get 1 Free | Bailey Amsterdam","💦 The waterproof jewellery everyone is talking about, made for every occasion. Shop now → https://bailey-amsterdam.com","https://bailey-amsterdam.com/collections/all","bailey-amsterdam.com","https://video-bom5-2.xx.fbcdn.net/o1/v/t2/f2/m366/AQNMjtAoyq8DciLvdWavaKT1f0M0P0Mz443Qp9Ic_8XMzPB8ZF-6tmEhcno8lXtKRyWwdCZYvWvr679e4i2K4VESteUTwma2BQfsE__YUq_PhA.mp4?_nc_cat=102&_nc_sid=b66105&_nc_ht=video-bom5-2.xx.fbcdn.net&_nc_ohc=p8bVl8fewIUQ7kNvwG__rfq&efg=eyJ2ZW5jb2RlX3RhZyI6Inhwdl9wcm9ncmVzc2l2ZS5WSV9VU0VDQVNFX1BST0RVQ1RfVFlQRS4uQzMuNzIwLmRhc2hfaDI2NC1iYXNpYy1nZW4yXzcyMHAiLCJ4cHZfYXNzZXRfaWQiOjIzNTgzNTI0OTQ1NzkzNTcsImFzc2V0X2FnZV9kYXlzIjozODcsInZpX3VzZWNhc2VfaWQiOjEwNzk5LCJkdXJhdGlvbl9zIjoxNSwidXJsZ2VuX3NvdXJjZSI6Ind3dyJ9&ccb=17-1&vs=3cc240db0f777f4e&_nc_vs=HBksFQIYRWZiX2VwaGVtZXJhbC8zODREQTBFRUNCNDA3RjU1Q0RDN0Y5NEVFRTQwMjQ4NV9tdF8xX3ZpZGVvX2Rhc2hpbml0Lm1wNBUAAsgBEgAVAhhAZmJfcGVybWFuZW50L0MxNEU3RTRCMDZEOEJEQjkyNkNEQkE2QzM0OTY1MkJDX2F1ZGlvX2Rhc2hpbml0Lm1wNBUCAsgBEgAoABgAGwKIB3VzZV9vaWwBMRJwcm9ncmVzc2l2ZV9yZWNpcGUBMRUAACa6uo6rl7qwCBUCKAJDMywXQC4AAAAAAAAYGWRhc2hfaDI2NC1iYXNpYy1nZW4yXzcyMHARAHUAZd6oAQA&_nc_gid=9lFP5rdZabq3_B2UwKmvuQ&_nc_ss=7b289&_nc_zt=28&oh=00_AQNM81uIuqoiIMHHIkVvdfEmEvg-xddDIebyA_YVHHyoWQ&oe=6ACD21BE","IN","2026-10-08 07:23"
"Bailey Amsterdam","112412555186109","1318143699659076","https://www.facebook.com/ads/library/?id=1318143699659076","Active","Long-runner, Scaled ×3","86","2025-09-19","2026-10-07","384","High","160","239","709","INR","3","","","","","","","","","","VIDEO","","","facebook, instagram, audience_network, messenger","SHOP_NOW","Buy 1 get 1","","","","English","","","","","","","","","","","Collection","bailey-amsterdam.com/collections/all","Buy 1 Get 1 Free | Bailey Amsterdam","💦 The waterproof jewellery you never have to take off, made for every occasion. Shop now → https://bailey-amsterdam.com","https://bailey-amsterdam.com/collections/all","bailey-amsterdam.com","https://video-bom5-2.xx.fbcdn.net/o1/v/t2/f2/m366/AQOA9fCslWlCLcpFgN__hKSSFaLHJ0D7w1MtINODHzDs_aNzrW9UBlNR7qnB_Qm6sCUoJdc0tgZr9Mei8LUI_drbr718VsbA4JyMqVLOBPB_Cg.mp4?_nc_cat=100&_nc_sid=b66105&_nc_ht=video-bom5-2.xx.fbcdn.net&_nc_ohc=JPUjFp4yzusQ7kNvwFIHhn1&efg=eyJ2ZW5jb2RlX3RhZyI6Inhwdl9wcm9ncmVzc2l2ZS5WSV9VU0VDQVNFX1BST0RVQ1RfVFlQRS4uQzMuNzIwLmRhc2hfaDI2NC1iYXNpYy1nZW4yXzcyMHAiLCJ4cHZfYXNzZXRfaWQiOjE4MDk5NDMxODI5Njk4MDQsImFzc2V0X2FnZV9kYXlzIjozODcsInZpX3VzZWNhc2VfaWQiOjEwNzk5LCJkdXJhdGlvbl9zIjoxNCwidXJsZ2VuX3NvdXJjZSI6Ind3dyJ9&ccb=17-1&vs=e3f33d017650deef&_nc_vs=HBksFQIYRWZiX2VwaGVtZXJhbC8xODQ3REQ3QkMzRjZGNDQ1N0M4RDYwMjE4ODcxMkE5RF9tdF8xX3ZpZGVvX2Rhc2hpbml0Lm1wNBUAAsgBEgAVAhhAZmJfcGVybWFuZW50LzM1NEI2MkFDMzA2MDRFQzhCMzM3OTE3OEU0NTFERkE0X2F1ZGlvX2Rhc2hpbml0Lm1wNBUCAsgBEgAoABgAGwKIB3VzZV9vaWwBMRJwcm9ncmVzc2l2ZV9yZWNpcGUBMRUAACaYr-DHx4i3BhUCKAJDMywXQC3dsi0OVgQYGWRhc2hfaDI2NC1iYXNpYy1nZW4yXzcyMHARAHUAZd6oAQA&_nc_gid=qXcVawRaZRPYq1FBJLgnRA&_nc_ss=7b289&_nc_zt=28&oh=00_AQNEX3wPQSE2l1XzVB3gHScsEdOA7dXVmS60Wr-fFAoatA&oe=6ACCF924","IN","2026-10-08 07:23"
"Bailey Amsterdam","112412555186109","1527541498420282","https://www.facebook.com/ads/library/?id=1527541498420282","Active","Long-runner","75","2025-10-10","2026-10-07","363","Mid","92","138","410","INR","1","","","","","","","","","","VIDEO","","","facebook, instagram, audience_network, messenger, threads","SHOP_NOW","Buy 1 get 1","","","Social proof","English","","","","","","","","","","","Collection","bailey-amsterdam.com/collections/all","150,000+ WATERPROOF JEWELLERY PIECES SOLD","🎁 BUY 1 GET 1 FREE 💧 Waterproof & Sweatproof 🌍 Free Worldwide Shipping  ⭐ Loved By 34,000+ Members  Shop Now → https://bailey-amsterdam.com","https://bailey-amsterdam.com/collections/all","bailey-amsterdam.com","https://video-bom2-4.xx.fbcdn.net/o1/v/t2/f2/m366/AQPv1cq2-eVDTRW_I-TZKLWfZbrNUuK626F8-IYcVOcjZD-VMI9ZS3GR4JN8xLw548ZyLDCGZZvtjb1pmn7svCP4Q64A-5OZu7H5_04QgScgkw.mp4?_nc_cat=107&_nc_sid=b66105&_nc_ht=video-bom2-4.xx.fbcdn.net&_nc_ohc=wUXnlQBnxjcQ7kNvwEe7fH_&efg=eyJ2ZW5jb2RlX3RhZyI6Inhwdl9wcm9ncmVzc2l2ZS5WSV9VU0VDQVNFX1BST0RVQ1RfVFlQRS4uQzMuNzIwLmRhc2hfaDI2NC1iYXNpYy1nZW4yXzcyMHAiLCJ4cHZfYXNzZXRfaWQiOjQzNDI1MjUwNTI3MzcyNjQsImFzc2V0X2FnZV9kYXlzIjozNjQsInZpX3VzZWNhc2VfaWQiOjEwNzk5LCJkdXJhdGlvbl9zIjo3LCJ1cmxnZW5fc291cmNlIjoid3d3In0%3D&ccb=17-1&vs=770f274d1f87d4e0&_nc_vs=HBksFQIYRWZiX2VwaGVtZXJhbC85QTRCNUQzQTdDODhDRTA5RjZENzM1RDUyM0MzODNCN19tdF8xX3ZpZGVvX2Rhc2hpbml0Lm1wNBUAAsgBEgAVAhhAZmJfcGVybWFuZW50LzE3NDQwNjk5N0JBMEIzMjBFRUI0MDY4MzU5NzkxRjlGX2F1ZGlvX2Rhc2hpbml0Lm1wNBUCAsgBEgAoABgAGwKIB3VzZV9vaWwBMRJwcm9ncmVzc2l2ZV9yZWNpcGUBMRUAACbg25LznOC2DxUCKAJDMywXQB3dLxqfvncYGWRhc2hfaDI2NC1iYXNpYy1nZW4yXzcyMHARAHUAZd6oAQA&_nc_gid=hDwbxRMTzc-BZ2sYCeRpGQ&_nc_ss=7b289&_nc_zt=28&oh=00_AQO6ReOKQwkb4MAnRWRqCaEdlmJdt01rlFw2KcZJlvbw9w&oe=6ACD2711","IN","2026-10-08 07:23"
"Bailey Amsterdam","112412555186109","1.18108E+15","https://www.facebook.com/ads/library/?id=1181075827267700","Inactive","Stopped, Scaled ×4","","2025-10-25","2026-01-15","82","","","","","INR","4","","","","","","","","","","VIDEO","","","facebook, instagram, audience_network, messenger, threads","SHOP_NOW","Buy 1 get 1","","","Social proof","English","","","","","","","","","","","Collection","bailey-amsterdam.com/collections/rings","BUY 1 GET 1 FREE | Bailey Jewellery","💧 Waterproof & Sweatproof ❌ No Tarnishing 🌍 Free Worldwide Shipping ⭐ Loved By 35.000+ Members Shop Now → https://bailey-amsterdam.com","https://bailey-amsterdam.com/collections/rings","bailey-amsterdam.com","https://video-bom5-2.xx.fbcdn.net/o1/v/t2/f2/m366/AQMZZVLEqZO7wWA5umxwdrhY4fgsWPHA81Sl11SiTRyEUCYNOE3uwNN8jpxJIcCybBRaZWc0ymIQVeZKa4dk_meqMkhOhPvyamtGdslrsHdMkw.mp4?_nc_cat=100&_nc_sid=b66105&_nc_ht=video-bom5-2.xx.fbcdn.net&_nc_ohc=uc-QYYscilYQ7kNvwGEY2mM&efg=eyJ2ZW5jb2RlX3RhZyI6Inhwdl9wcm9ncmVzc2l2ZS5WSV9VU0VDQVNFX1BST0RVQ1RfVFlQRS4uQzMuNzIwLmRhc2hfaDI2NC1iYXNpYy1nZW4yXzcyMHAiLCJ4cHZfYXNzZXRfaWQiOjgzMDkyOTkyNjU1MDk3NywiYXNzZXRfYWdlX2RheXMiOjM0NywidmlfdXNlY2FzZV9pZCI6MTA3OTksImR1cmF0aW9uX3MiOjEwLCJ1cmxnZW5fc291cmNlIjoid3d3In0%3D&ccb=17-1&vs=ac559e87ccb07aac&_nc_vs=HBksFQIYRWZiX2VwaGVtZXJhbC8wNDQwQjU1NDY2NDgxRTIwQkI3MzFFQjNDNjU4RDE4MF9tdF8xX3ZpZGVvX2Rhc2hpbml0Lm1wNBUAAsgBEgAVAhhAZmJfcGVybWFuZW50LzY2NEEzMkE4NzdBMkU4Rjc3QTc3QURBNzcwMTA0NzgzX2F1ZGlvX2Rhc2hpbml0Lm1wNBUCAsgBEgAoABgAGwKIB3VzZV9vaWwBMRJwcm9ncmVzc2l2ZV9yZWNpcGUBMRUAACaC19exvu75AhUCKAJDMywXQCXul41P3zsYGWRhc2hfaDI2NC1iYXNpYy1nZW4yXzcyMHARAHUAZd6oAQA&_nc_gid=RElQT_PINjM6ASdSgm8Rnw&_nc_ss=7b289&_nc_zt=28&oh=00_AQNvRDnuPyEiIkRv7mOsJz4IQeodmMS6hDt3eLoVSPt1lQ&oe=6ACD2528","IN","2026-10-08 07:23"
"Bailey Amsterdam","112412555186109","810209595320285","https://www.facebook.com/ads/library/?id=810209595320285","Inactive","Stopped, Scaled ×2","","2025-10-27","2026-01-12","77","","","","","INR","2","","","","","","","","","","DCO","2","","facebook, instagram, audience_network, messenger, threads","SHOP_NOW","Buy 1 get 1","","","Social proof","English","","","","","","","","","","","Collection","bailey-amsterdam.com/collections/all","Bailey Jewellery | BUY 1 GET 1 FREE","🎁 BUY 1 GET 1 FREE 💧 Waterproof & Sweatproof 🌍 Free Worldwide Shipping ⭐ Trusted By 10.000+ Members Shop yours → https://bailey-amsterdam.com","https://bailey-amsterdam.com/collections/all","bailey-amsterdam.com","https://video-bom2-3.xx.fbcdn.net/o1/v/t2/f2/m366/AQNMxnvIOq4ccs7fqGL1sDH6WWcBGgQPhJg0MYn2_KAVSl19ItGVzu-xFTp4wU4W2_or4nkQjXvWtjeYvtv99DuPBI5XJgMoZSDCVHaOT85xsg.mp4?_nc_cat=101&_nc_sid=b66105&_nc_ht=video-bom2-3.xx.fbcdn.net&_nc_ohc=5SXBZ3MrqnwQ7kNvwEabTAB&efg=eyJ2ZW5jb2RlX3RhZyI6Inhwdl9wcm9ncmVzc2l2ZS5WSV9VU0VDQVNFX1BST0RVQ1RfVFlQRS4uQzMuNzIwLmRhc2hfaDI2NC1iYXNpYy1nZW4yXzcyMHAiLCJ4cHZfYXNzZXRfaWQiOjEyMDU2MjM1MTEyNDEyNDUsImFzc2V0X2FnZV9kYXlzIjo1MzEsInZpX3VzZWNhc2VfaWQiOjEwNzk5LCJkdXJhdGlvbl9zIjoxNSwidXJsZ2VuX3NvdXJjZSI6Ind3dyJ9&ccb=17-1&vs=f173932446ec1969&_nc_vs=HBksFQIYRWZiX2VwaGVtZXJhbC8zRTQ1RjhDQzY1OEU0NjFEN0VBMzM1N0Y5OTE2RTdBOV9tdF8xX3ZpZGVvX2Rhc2hpbml0Lm1wNBUAAsgBEgAVAhg6cGFzc3Rocm91Z2hfZXZlcnN0b3JlL0dJWG9UeDJwM005MUNrc0NBSlBqNDlsYmxvcHVidjRHQUFBRhUCAsgBEgAoABgAGwKIB3VzZV9vaWwBMRJwcm9ncmVzc2l2ZV9yZWNpcGUBMRUAACa6yPaRw6CkBBUCKAJDMywXQC4Q5WBBiTcYGWRhc2hfaDI2NC1iYXNpYy1nZW4yXzcyMHARAHUAZd6oAQA&_nc_gid=DF2l5jpKwRCOd9lzymso4Q&_nc_ss=7b289&_nc_zt=28&oh=00_AQN4S3qT2o3KIkHuDo61RLwK_8wTD5cQ72qnqlax8iSdmg&oe=6ACD1FC3","IN","2026-10-08 07:23"
"Gargi by P N Gadgil & Sons","108945648189858","1246166683878423","https://www.facebook.com/ads/library/?id=1246166683878423","Active","Long-runner","70","2025-07-01","2026-10-07","464","Mid","92","138","410","INR","1","","","","","","","","","","DCO","2","","facebook, instagram","","","","","","English","","","","","","","","","","","Homepage","gargi.shop","{{product.name}}","{{product.brand}}","http://gargi.shop/","gargi.shop","https://scontent-bom5-1.xx.fbcdn.net/v/t39.35426-6/480872120_972264784852460_6417692903990607421_n.jpg?_nc_cat=105&ccb=1-7&_nc_sid=c53f8f&_nc_ohc=gaoWShITBr0Q7kNvwFdmM_E&_nc_oc=AdptZ3QeCP7HjcvpL-6_RxgTp0_WGEoRPr0NBEiU8BPAejgdn5OaRmCFI2ZLETxuvE8&_nc_zt=14&_nc_ht=scontent-bom5-1.xx&_nc_gid=Q98p4d63K_teewdyeAMwLQ&_nc_ss=7b289&oh=00_AQO87qi4UWLtadPFwbXT3V-XvgZgqVI9zs3rxZq8jSKo3Q&oe=6ACCF26D","IN","2026-10-08 07:23"
"Gargi by P N Gadgil & Sons","108945648189858","1459115205257033","https://www.facebook.com/ads/library/?id=1459115205257033","Active","Long-runner","73","2025-07-01","2026-10-07","464","Mid","92","138","410","INR","1","","","","","","","","","","DCO","2","","facebook, instagram, messenger","LEARN_MORE","","","","","English","","","","","","","","","","","Other page","google.com/maps/place","{{product.name}}","{{product.brand}}","https://www.google.com/maps/place/Gargi+by+png+and+sons/@18.5143092,73.851814,15z/data=!4m6!3m5!1s0x3bc2c1d00f55bbe7:0xca7fbd4a6c5b8955!8m2!3d18.5143092!4d73.851814!16s%2Fg%2F11l28j_064?entry=ttu","google.com","https://scontent-bom5-2.xx.fbcdn.net/v/t39.35426-6/480493377_1781069832740886_4355418586017079446_n.jpg?_nc_cat=108&ccb=1-7&_nc_sid=c53f8f&_nc_ohc=FATy9QzZ7UUQ7kNvwFH7jlZ&_nc_oc=Adr7FyPH8V74rUDfz7fquNOE_n7vG275WrjfWFrXtP20NrlLHmEq4UsV9fGulC58gGg&_nc_zt=14&_nc_ht=scontent-bom5-2.xx&_nc_gid=Q98p4d63K_teewdyeAMwLQ&_nc_ss=7b289&oh=00_AQPW-zrSRfEF3j3ZPUCVS4YS-BN-B7xoKzscrBHABkpPlg&oe=6ACCFC93","IN","2026-10-08 07:23"
"Gargi by P N Gadgil & Sons","108945648189858","695907383253617","https://www.facebook.com/ads/library/?id=695907383253617","Active","Long-runner","70","2025-07-01","2026-10-07","464","Mid","92","138","410","INR","1","","","","","","","","","","DCO","2","","facebook, instagram","","","","","","English","","","","","","","","","","","Homepage","gargi.shop","{{product.name}}","{{product.brand}}","http://gargi.shop/","gargi.shop","https://scontent-bom2-4.xx.fbcdn.net/v/t39.35426-6/480550442_973863328182118_3246243758799348295_n.jpg?_nc_cat=106&ccb=1-7&_nc_sid=c53f8f&_nc_ohc=KLGcaPAqtUoQ7kNvwFxYD8N&_nc_oc=Adq7UoGjQ7v4MAFNF7fyJvH9xOwnAZ1_NG9VZSGLHqXdCCXey-NxjN6o6Ky2uT5fRWw&_nc_zt=14&_nc_ht=scontent-bom2-4.xx&_nc_gid=Q98p4d63K_teewdyeAMwLQ&_nc_ss=7b289&oh=00_AQPNr5zln6v16O4YYkwMLDyoV7clCf7Zcf5DxIFjyCpwcA&oe=6ACD2428","IN","2026-10-08 07:23"
"Gargi by P N Gadgil & Sons","108945648189858","1017214933820494","https://www.facebook.com/ads/library/?id=1017214933820494","Active","Long-runner","70","2025-07-01","2026-10-07","464","Mid","92","138","410","INR","1","","","","","","","","","","DCO","2","","facebook, instagram","LEARN_MORE","","","","Discount / offer","English","","","","","","","","","","","Other page","google.com/maps/place","{{product.name}}","{{product.brand}}","https://www.google.com/maps/place/Gargi+by+PNG+(Rashee+Retail)+Vashi+Showroom/@19.0715613,72.999748,2999m/data=!3m1!1e3!4m6!3m5!1s0x3be7c1ce24610e21:0xa543bde537875360!8m2!3d19.0715613!4d72.999748!16s%2Fg%2F11kjqtnfyp?entry=ttu&g_ep=EgoyMDI0MTEyNC4xIKXMDSoASAFQAw%3D%3D","google.com","https://scontent-bom5-1.xx.fbcdn.net/v/t39.35426-6/480673311_989029692555649_6427512778461255969_n.jpg?_nc_cat=109&ccb=1-7&_nc_sid=c53f8f&_nc_ohc=n5ebCjhFJRkQ7kNvwG8ry4r&_nc_oc=AdqxVPH8zsJKbW9WiO0o8HswG7gWeUR-FxQmxsXwhS4Y4NLWSfORYQ2IBJBc9XGMJGM&_nc_zt=14&_nc_ht=scontent-bom5-1.xx&_nc_gid=Q98p4d63K_teewdyeAMwLQ&_nc_ss=7b289&oh=00_AQNlAkIprfk_KnXBK3QynD9RvhSTq2ObPV1uy_rfvq8mgQ&oe=6ACD13FC","IN","2026-10-08 07:23"
"Gargi by P N Gadgil & Sons","108945648189858","692326173790276","https://www.facebook.com/ads/library/?id=692326173790276","Active","Long-runner","73","2025-07-01","2026-10-07","464","Mid","92","138","410","INR","1","","","","","","","","","","DCO","2","","facebook, instagram, messenger","LEARN_MORE","","","","New launch","English","","","","","","","","","","","Other page","google.com/maps/place","{{product.name}}","{{product.brand}}","https://www.google.com/maps/place/Gargi+by+PNG+FC+Road+PNGS+Gargi+Fashion+Jewellery+Ltd/@18.5197132,73.840985,15z/data=!4m6!3m5!1s0x3bc2bf99383d87d1:0xc41fdf0fb42e8d2d!8m2!3d18.5197132!4d73.840985!16s%2Fg%2F11kpqqw8bv?entry=ttu","google.com","https://scontent-bom5-2.xx.fbcdn.net/v/t39.35426-6/480590959_1578260212863323_3951070632720721376_n.jpg?_nc_cat=108&ccb=1-7&_nc_sid=c53f8f&_nc_ohc=4DJv60kg1dMQ7kNvwFXpoPR&_nc_oc=Adoly10pu7c5KghFFjU0bPfqBacMLzyG-0rtfVVNrGOgU4utEAS2CuipeTIJzVUV-jE&_nc_zt=14&_nc_ht=scontent-bom5-2.xx&_nc_gid=0mspf98KR1jLvoJcqSGrlA&_nc_ss=7b289&oh=00_AQPZNM4lb_QrlubhF0XQj9XEvc1fs1f9QqWlw-HKoLcl_Q&oe=6ACD093E","IN","2026-10-08 07:23"
"Gargi by P N Gadgil & Sons","108945648189858","4221738688072995","https://www.facebook.com/ads/library/?id=4221738688072995","Active","Long-runner","73","2025-07-01","2026-10-07","464","Mid","92","138","410","INR","1","","","","","","","","","","DCO","2","","facebook, instagram, messenger","","","","","","English","","","","","","","","","","","Homepage","gargi.shop","{{product.name}}","{{product.brand}}","http://gargi.shop/","gargi.shop","https://scontent-bom5-1.xx.fbcdn.net/v/t39.35426-6/480585870_824757349806156_1389529752553058669_n.jpg?_nc_cat=111&ccb=1-7&_nc_sid=c53f8f&_nc_ohc=AD6JRnuNjbgQ7kNvwEEc1w6&_nc_oc=AdqmV-gc7RnmKHaAXQgpYOQsE_RqZ1EKyIkqcIfE8br3O8-N3-KAzkFh8vEg7OSb3V0&_nc_zt=14&_nc_ht=scontent-bom5-1.xx&_nc_gid=yAY749RI-RDE45OlQQpstA&_nc_ss=7b289&oh=00_AQNrFrdOkNX9bPtpO6LgBdG4So9JoNeJ6lO0zmTuAq6ZbQ&oe=6ACD12C2","IN","2026-10-08 07:23"
"Jewellery  & Watches","205201866021040","1010233561280716","https://www.facebook.com/ads/library/?id=1010233561280716","Active","Long-runner, Scaled ×7","94","2025-07-07","2026-10-07","458","Mid","244","365","1084","INR","7","","","","","","","","","","DCO","3","111","facebook, instagram, audience_network, messenger","SHOP_NOW","","","","Discount / offer; Urgency / scarcity; Price anchor","English","For sure, what we are going to explain is 7th across bracelet, 200 in January, which is going to be very interesting on your neck.","For sure, what we are going to explain is 7th across bracelet, 200 in January, which is going to be very interesting on your neck. And most importantly, it is different from the other types of stones that you get. Which you can give a good look to, Along with that, you can feel good. And this is the certified on natural stones, certified on punch. Along with the certification, you will get the one that will be good on your neck. Along with that, you will have a good positive feeling. Along with that, it is going to be a good match. Which is not going to be easy to go out. And Sadhi, you will be able to see a positive feeling of the future. The next day, the gold archer is not going to leave the city. The next day, you will be able to see a positive look of the future. The next day, you will be able to see a positive look of the future. You will be able to see a positive look of the future. But, they will tell you that you will be able to see a positive look of the future. The next day, you will be able to see a positive look of the future. The next day, you will be able to see a positive look of the future. The next day, you will be able to see a positive look of the future. The next day, you will be able to see a positive look of the Musbothi. We have shown 5 crore of the system, but it is not broken. And you are showing this method. Who are the stones that you are looking for? The certified ones. That means you are giving something to the quality. So, you are showing this method of water from the bottom of your head. But, there is no good enough to get rid of the gold. You are looking for a warranty. So, just click on the right side of gold chain. If you want gold and wedding, you can buy a 40-day vehicle. So, just click on the number of gold coins you can get. And you can buy it in the 9th of November. You can buy it in 7th of August. But you will have a lot of money. But this is the kind of bracelet that you get in different ways. After you buy it, you can feel a lot. This is made by quality five, gold silver copper iron or ten. If you are a responsible person, then you are not a lot of good things. This is made by quality five people, Gold Silver Copper Arons, You can tell that if you are doing this, Your family is not going to be rich. You can take your own money on the Indian world. You can give your friends, relatives, brothers, friends or even your offer. You can give a certified product to your customers. You can give a good look to them. You can give a good look to them. After this, you can feel positive after you have come to this. And most importantly, what is the most special thing? People who are going to do your own thing, do your own thing.","English","","","","","","","","Product page","shopssmartly.com/products/7-chakras-bracelet-7cb1","{{product.name}}","{{product.brand}}","https://shopssmartly.com/products/7-chakras-bracelet-7cb1?c=77986","shopssmartly.com","https://video-bom5-1.xx.fbcdn.net/o1/v/t2/f2/m366/AQNahWFbYmi__CqzJxM0sVvcGa1e3p1-1-uCrIUALiCSzpmmdu5vgcBgj1mZ1Cx1bt14LSunb86Nw2gDXu-r6jNUUFYIQk0coBHkuRQ0cU2_Xg.mp4?_nc_cat=111&_nc_sid=b66105&_nc_ht=video-bom5-1.xx.fbcdn.net&_nc_ohc=og0JzSjhYzkQ7kNvwGSFmSy&efg=eyJ2ZW5jb2RlX3RhZyI6Inhwdl9wcm9ncmVzc2l2ZS5WSV9VU0VDQVNFX1BST0RVQ1RfVFlQRS4uQzMuNzIwLmRhc2hfaDI2NC1iYXNpYy1nZW4yXzcyMHAiLCJ4cHZfYXNzZXRfaWQiOjEwMDg1MDYxMzA5OTY1NjQsImFzc2V0X2FnZV9kYXlzIjo1MjMsInZpX3VzZWNhc2VfaWQiOjEwNzk5LCJkdXJhdGlvbl9zIjoxMTEsInVybGdlbl9zb3VyY2UiOiJ3d3cifQ%3D%3D&ccb=17-1&vs=fa54f19f1f111749&_nc_vs=HBksFQIYRWZiX2VwaGVtZXJhbC81RTQ3OTI0MThCQTM4NzA5NDhDN0E3RkY4MkQyRjZCOF9tdF8xX3ZpZGVvX2Rhc2hpbml0Lm1wNBUAAsgBEgAVAhg6cGFzc3Rocm91Z2hfZXZlcnN0b3JlL0dDemVTeDJvT2hHZVdDVUZBTDkwNVNSRmhxcDNidjRHQUFBRhUCAsgBEgAoABgAGwKIB3VzZV9vaWwBMRJwcm9ncmVzc2l2ZV9yZWNpcGUBMRUAACao9Yib5M7KAxUCKAJDMywXQFvR64UeuFIYGWRhc2hfaDI2NC1iYXNpYy1nZW4yXzcyMHARAHUAZd6oAQA&_nc_gid=a39b-AS-nytNb4yo9vYwog&_nc_ss=7b289&_nc_zt=28&oh=00_AQPHCYdSqiuBnfDL1ScdqOSWDFt1UIGWilf0i74TT0Ht6w&oe=6ACD1609","IN","2026-10-08 07:23"
"Jewellery  & Watches","205201866021040","4224962851156505","https://www.facebook.com/ads/library/?id=4224962851156505","Active","Long-runner, Scaled ×5","90","2025-08-21","2026-10-07","413","Mid","206","309","916","INR","5","","","","","","","","","","DCO","3","79","facebook, instagram, audience_network, messenger, threads","SHOP_NOW","","","","Discount / offer","English","7.Chacharam Bracelet This is not only a bracelet, but also a round one.","7.Chacharam Bracelet This is not only a bracelet, but also a round one. You can keep it in a more centered, calm and connected space. Whether you are working or working or working or working on a small mindfulness. This bracelet is perfect for you. For more information on cash and delivery, click on the button below. click on the button. This is the 7th Alagalak Pathar and the bell icon to get all the notifications. This is a different pattern and better quality material. This bracelet is as stylish as it is in the first place. When you feel that you are not focused on your own, you can make your thoughts perfect for your work. When these seven chakras are in balance, we can feel more calm and connected. You can wear this daily, when you are working, working or just mind-fooling. This is perfect for you. For those who are in the country, you can order cash on delivery. Click the button below. If you are looking for something meaningful for any special, then this is a very good, thoughtful gift. So don't waste time, now order it and start first. For more on the Kashon Delivery, click on the button below to order with Kashon Delivery.","English","COD available","","","","","","","Product page","shopssmartly.com/products/7-chakras-bracelet-7cb1","{{product.name}}","{{product.brand}}","https://shopssmartly.com/products/7-chakras-bracelet-7cb1?c=77983","shopssmartly.com","https://video-bom2-3.xx.fbcdn.net/o1/v/t2/f2/m366/AQPgu_RnnWXdJWymjKJfE8u82k7pB630CzZ2zYar0icw3D4e3Z3AUJnARwonSqe53wySkGGIByeI5QS16lgrBGwlyQB_CxXPnKs8Wx_ZjeRdHA.mp4?_nc_cat=101&_nc_sid=b66105&_nc_ht=video-bom2-3.xx.fbcdn.net&_nc_ohc=dO05DBh2idUQ7kNvwH-EoQ9&efg=eyJ2ZW5jb2RlX3RhZyI6Inhwdl9wcm9ncmVzc2l2ZS5WSV9VU0VDQVNFX1BST0RVQ1RfVFlQRS4uQzMuNzIwLmRhc2hfaDI2NC1iYXNpYy1nZW4yXzcyMHAiLCJ4cHZfYXNzZXRfaWQiOjE2MDg2Mjc1NTk4MDcyMTQsImFzc2V0X2FnZV9kYXlzIjo0NjAsInZpX3VzZWNhc2VfaWQiOjEwMTM5LCJkdXJhdGlvbl9zIjo3OSwidXJsZ2VuX3NvdXJjZSI6Ind3dyJ9&ccb=17-1&vs=ccdf77653db6b158&_nc_vs=HBksFQIYRWZiX2VwaGVtZXJhbC9DNTRBQzMyMzA5QjVGNTY0MTYyODg1Qzk1MUIyQzBCM19tdF8xX3ZpZGVvX2Rhc2hpbml0Lm1wNBUAAsgBEgAVAhg1ZmJfcGVybWFuZW50LzEyNTQ0ODM3MDk2NTI2OTBfMjUyMjQ1MzY1NjkxMDIwNDkyMC5tcDQVAgLIARIAKAAYABsCiAd1c2Vfb2lsATEScHJvZ3Jlc3NpdmVfcmVjaXBlATEVAAAm3OO5pLnC2wUVAigCQzMsF0BTwAAAAAAAGBlkYXNoX2gyNjQtYmFzaWMtZ2VuMl83MjBwEQB1AGW2ngEA&_nc_gid=GO7pK0k3dkDxY9uCI_hDjw&_nc_ss=7b289&_nc_zt=28&oh=00_AQOLOkoqdlfE-WWAums7CyFA1ZW8eGcfrFF1Nx3q9kdogg&oe=6ACCF97F","IN","2026-10-08 07:23"
"Opus Atelier","106939168817773","1292844985795765","https://www.facebook.com/ads/library/?id=1292844985795765","Active","Long-runner","70","2025-08-01","2026-09-29","433","Mid","92","138","410","INR","1","","","","","","","","","","VIDEO","","34","facebook, instagram","VIEW_INSTAGRAM_PROFILE","","","","Premium / quality; Creator / UGC; Seasonal / festive","English","Music Thank you.","Music Thank you.","English","","","","","","","","Facebook / Instagram","instagram.com/opusatelierofficial","","Violet lehenga is an ode to the majestic grace of the hues of a majestic peacock in moonlight, this lehenga channels the vivid splendor of the peacock in every thread. Designed to mesmerize, the ensemble unfolds in rich hues of teal, sapphire, emerald, and deep teal green-each shade echoing the iridescent plumage that has inspired poets and painters for centuries. For price enquiries or customisation requests please DM or WhatsApp us at +91 93184 00803 Jewellery courtesy : @diamondhouse.dh Team Credits @parvatimangal @kewalchholak @rajpreettsingh @anuradha.tewari.mua   @inesknani @symrn.cb @jesslinanayyar @grishaliliput @augustine.production [ opus atelier, bridal, couture, Indian wedding, lehenga, embroidery, craftsmanship, detailed work, gold, tulle dupatta, sequins, beads, crystals, contemporary, traditional, red, made in India, delicate, occasion wear, cut work, pearls, handmade, hand crafted, ivory ]","http://instagram.com/opusatelierofficial","instagram.com","https://video-bom5-2.xx.fbcdn.net/o1/v/t2/f2/m86/AQNwZXvMWY-5dnVA9OF4sSyy7nMJd7FNxMXk1KzGlwslthEppZw4LckkKW16NR2CisfEJ_AGQx-KsyGLCoK5y3ZPrv1-4ppHdTBC2co.mp4?_nc_cat=100&_nc_sid=b66105&_nc_ht=video-bom5-2.xx.fbcdn.net&_nc_ohc=-Jn4zq8YOfYQ7kNvwEPDMk2&efg=eyJ2ZW5jb2RlX3RhZyI6Inhwdl9wcm9ncmVzc2l2ZS5WSV9VU0VDQVNFX1BST0RVQ1RfVFlQRS4uQzMuNzIwLmRhc2hfYmFzZWxpbmVfMV92MSIsInhwdl9hc3NldF9pZCI6NzUyNTA5NjEzOTM5MTQ1LCJhc3NldF9hZ2VfZGF5cyI6NDM4LCJ2aV91c2VjYXNlX2lkIjoxMDA5OSwiZHVyYXRpb25fcyI6MzQsInVybGdlbl9zb3VyY2UiOiJ3d3cifQ%3D%3D&ccb=17-1&vs=2c84d9360b520c59&_nc_vs=HBksFQIYUmlnX3hwdl9yZWVsc19wZXJtYW5lbnRfc3JfcHJvZC8zNjQ5RjNCQzc4Qjc0MzVGMDNGMEQ2RTVGNTMzNUI5OV92aWRlb19kYXNoaW5pdC5tcDQVAALIARIAFQIYR2lnX3hwdl9yZWVsc19wZXJtYW5lbnRfc3JfcHJvZC80MTEzMDE0MjUyMzQ5NTIxXzQ3MjgxOTY5NDM0OTI2NzE5OTYubXA0FQICyAESACgAGAAbAogHdXNlX29pbAExEnByb2dyZXNzaXZlX3JlY2lwZQExFQAAJpLn1MPpmdYCFQIoAkMzLBdAQSU_fO2RaBgSZGFzaF9iYXNlbGluZV8xX3YxEQB1AGXmnQEA&_nc_gid=2NMaHKq0mwfpbw5gDx-acg&_nc_ss=7b289&_nc_zt=28&oh=00_AQN_o5m18R7HpA4aW0Fkuu4Y7BxCNcglJg66hg4EWnp-5g&oe=6AC907D9","IN","2026-10-08 07:23"
"Opus Atelier","106939168817773","4.30138E+15","https://www.facebook.com/ads/library/?id=4301379336762860","Active","Long-runner, Scaled ×2","77","2025-07-29","2026-09-28","436","Mid","130","195","579","INR","2","","","","","","","","","","IMAGE","","","facebook, instagram","VIEW_INSTAGRAM_PROFILE","","","","Premium / quality; Creator / UGC; Seasonal / festive","English","","","","","","","","","","","Facebook / Instagram","instagram.com/opusatelierofficial","instagram.com","A gilded garden woven in thread and soul — the Marigold lehenga is where tradition blossoms into timeless grandeur. Crafted for the modern bride with a heart rooted in heritage, the ensemble features an opulent canvas of marvel intricately embroidered with radiant gold zardozi florals, sequins, beads and hand work that catch light with every movement.  Delicate vines meander across the lehenga in symmetrical floral harmony, echoing the poetic rhythm of blooming marigolds, mogras, and jasmine buds — each motif brought to life with meticulous handwork. For price enquiries or customisation requests please DM or WhatsApp us at +91 93184 00803 Jewellery courtesy : @prichbykj  Team Credits @parvatimangal @kewalchholak @rajpreettsingh @anuradha.tewari.mua   @inesknani @synrn.cb @jesslinanayyar @grishaliliput @augustine.production @wing.mgmt  [ opus atelier, bridal, couture, Indian wedding, lehenga, embroidery, craftsmanship, detailed work, gold, tulle dupatta, sequins, beads, crystals, contemporary, traditional, red, made in India, delicate, occasion wear, cut work, pearls, handmade, hand crafted, ivory ]","http://instagram.com/opusatelierofficial","instagram.com","https://scontent-bom2-3.xx.fbcdn.net/v/t39.35426-6/524894038_9616060791830221_6632116214609410792_n.jpg?_nc_cat=101&ccb=1-7&_nc_sid=c53f8f&_nc_ohc=neOYhjoPhdkQ7kNvwG14mIL&_nc_oc=Adpkz_MXbrQ9rBHb87q5loR11hB-_dJ11TcmgiTibHjdS6pYVFg-KYcbg4RkMfLRiUo&_nc_zt=14&_nc_ht=scontent-bom2-3.xx&_nc_gid=2NMaHKq0mwfpbw5gDx-acg&_nc_ss=7b289&oh=00_AQMegd-CXhTletaaQuVHjGZlT_tf9VfVtL2AF-hjb0pFcw&oe=6ACD0477","IN","2026-10-08 07:23"
"Opus Atelier","106939168817773","1749487749068827","https://www.facebook.com/ads/library/?id=1749487749068827","Active","Long-runner, Scaled ×2","77","2025-08-01","2026-09-30","433","Mid","130","195","579","INR","2","","","","","","","","","","IMAGE","","","facebook, instagram","VIEW_INSTAGRAM_PROFILE","","","","Premium / quality; Creator / UGC; Seasonal / festive","English","","","","","","","","","","","Facebook / Instagram","instagram.com/opusatelierofficial","instagram.com","Crafted for the bride who dreams in soft hues and blossoms in stillness, the Camellia lehenga is an ode to blooming femininity and timeless craftsmanship. The ensemble captures the romance of a spring garden at dusk - tender, ethereal, and poetic.  Every petal, leaf, and tendril is placed with intention - creating a sense of movement, like flowers stirred by an evening breeze. Crystals glisten like dew drops scattered across the blooms, while tonal pearls and beads add dimensional elegance to the embroidery. For price enquiries or customisation requests please DM or WhatsApp us at +91 93184 00803 Jewellery courtesy : @prichbykj  Team Credits @parvatimangal @kewalchholak @rajpreettsingh @anuradha.tewari.mua   @inesknani @synrn.cb @jesslinanayyar @grishaliliput @augustine.production @wing.mgmt  [ opus atelier, bridal, couture, Indian wedding, lehenga, embroidery, craftsmanship, detailed work, gold, tulle dupatta, sequins, beads, crystals, contemporary, traditional, red, made in India, delicate, occasion wear, cut work, pearls, handmade, hand crafted, ivory ]","http://instagram.com/opusatelierofficial","instagram.com","https://scontent-bom5-1.xx.fbcdn.net/v/t39.35426-6/526572127_1102279338510387_2885497221016587911_n.jpg?_nc_cat=110&ccb=1-7&_nc_sid=c53f8f&_nc_ohc=F3Y5iXXMv70Q7kNvwFvb4PJ&_nc_oc=AdqL3xho0h1xkFv-ve4Hg9QgwmFx9THJA6Q9CmnWWDJ8BwnIAbSEL_coyQnYid78rXM&_nc_zt=14&_nc_ht=scontent-bom5-1.xx&_nc_gid=38Ece4EIU27pzJ46f8UWRw&_nc_ss=7b289&oh=00_AQMtGj0BQVr8hFwcvEIbiHc0DVjLcpXKy8YgZmsqM9PW6g&oe=6ACCEF09","IN","2026-10-08 07:23"
"Opus Atelier","106939168817773","1.46268E+15","https://www.facebook.com/ads/library/?id=1462683998192560","Active","Long-runner","70","2025-08-01","2026-09-28","433","Mid","92","138","410","INR","1","","","","","","","","","","IMAGE","","","facebook, instagram","VIEW_INSTAGRAM_PROFILE","","","","Premium / quality; Creator / UGC; Seasonal / festive","English","","","","","","","","","","","Facebook / Instagram","instagram.com/opusatelierofficial","instagram.com","Crafted for the bride who dreams in soft hues and blossoms in stillness, the Camellia lehenga is an ode to blooming femininity and timeless craftsmanship. The ensemble captures the romance of a spring garden at dusk - tender, ethereal, and poetic.  Every petal, leaf, and tendril is placed with intention - creating a sense of movement, like flowers stirred by an evening breeze. Crystals glisten like dew drops scattered across the blooms, while tonal pearls and beads add dimensional elegance to the embroidery. For price enquiries or customisation requests please DM or WhatsApp us at +91 93184 00803 Jewellery courtesy : @prichbykj  Team Credits @parvatimangal @kewalchholak @rajpreettsingh @anuradha.tewari.mua   @inesknani @synrn.cb @jesslinanayyar @grishaliliput @augustine.production @wing.mgmt  [ opus atelier, bridal, couture, Indian wedding, lehenga, embroidery, craftsmanship, detailed work, gold, tulle dupatta, sequins, beads, crystals, contemporary, traditional, red, made in India, delicate, occasion wear, cut work, pearls, handmade, hand crafted, ivory ]","http://instagram.com/opusatelierofficial","instagram.com","https://scontent-bom5-2.xx.fbcdn.net/v/t39.35426-6/526528934_595266116776717_4518468570253723374_n.jpg?_nc_cat=104&ccb=1-7&_nc_sid=c53f8f&_nc_ohc=9mGZ5zQ9ImQQ7kNvwEyXmMS&_nc_oc=Adoq06QGAvR4WPsCAg-yqAdHU50Zcp4jwhS97jNEl6wrP_AfjOzQkVYx3pqz_7aGe4A&_nc_zt=14&_nc_ht=scontent-bom5-2.xx&_nc_gid=38Ece4EIU27pzJ46f8UWRw&_nc_ss=7b289&oh=00_AQMzvF8dCbA0gi6U9OXzxcafxCK8WvEUIm6_D0G9sbbX8Q&oe=6ACCF28A","IN","2026-10-08 07:23"
"Jewelsmarscom","108836538341831","758432609927083","https://www.facebook.com/ads/library/?id=758432609927083","Active","Long-runner","75","2025-08-18","2026-10-07","416","Mid","92","138","410","INR","1","","","","","","","","","","VIDEO","","12","facebook, instagram, audience_network, messenger, threads","SHOP_NOW","Free shipping; COD available","449","","Urgency / scarcity; Social proof; Premium / quality; Convenience","English","Please subscribe to my channel","Please subscribe to my channel","English","","","","","","","","Collection","jewelsmars.com/collections/hand-jewellery","Pinteresty Hand Jewellery Starting ₹449.00","✨ Hand jewellery that looks straight out of Pinterest 💕 Premium, anti-tarnish & made to turn heads. Perfect for daily wear or that Instagram-worthy look 📸 📦 Free Shipping • COD • Easy Returns • Loved by 1M+ customers ⏳ Limited Stock – Shop your favs now!","https://jewelsmars.com/collections/hand-jewellery","jewelsmars.com","https://video-bom2-3.xx.fbcdn.net/o1/v/t2/f2/m366/AQNdZXQDTJsBbihARnWSWRVIE_ufiSBVtRRY9yXjoSMZqkr480y0KXMRavSpKAZaYV5hW2-MxN76B0BhFy-JtfeCfWrXiPdzF3aymoW_-xEHtw.mp4?_nc_cat=103&_nc_sid=b66105&_nc_ht=video-bom2-3.xx.fbcdn.net&_nc_ohc=88EoI_P0Wd0Q7kNvwH20xen&efg=eyJ2ZW5jb2RlX3RhZyI6Inhwdl9wcm9ncmVzc2l2ZS5WSV9VU0VDQVNFX1BST0RVQ1RfVFlQRS4uQzMuNzIwLmRhc2hfaDI2NC1iYXNpYy1nZW4yXzcyMHAiLCJ4cHZfYXNzZXRfaWQiOjE0MDI1OTY1Mjc0ODQ3NjQsImFzc2V0X2FnZV9kYXlzIjo0MTYsInZpX3VzZWNhc2VfaWQiOjEwNzk5LCJkdXJhdGlvbl9zIjoxMSwidXJsZ2VuX3NvdXJjZSI6Ind3dyJ9&ccb=17-1&vs=21db5e92f5ab7abc&_nc_vs=HBksFQIYRWZiX2VwaGVtZXJhbC9CMDQyRjNCNEVENzFBRUNENTdGQ0E0NDI3Q0Q5RTg5Rl9tdF8xX3ZpZGVvX2Rhc2hpbml0Lm1wNBUAAsgBEgAVAhhAZmJfcGVybWFuZW50LzVFNDA4NThDM0YwMDYyRDA4QTc3REEwNzBDMjg5NUFDX2F1ZGlvX2Rhc2hpbml0Lm1wNBUCAsgBEgAoABgAGwKIB3VzZV9vaWwBMRJwcm9ncmVzc2l2ZV9yZWNpcGUBMRUAACa4vcW87un9BBUCKAJDMywXQCcQ5WBBiTcYGWRhc2hfaDI2NC1iYXNpYy1nZW4yXzcyMHARAHUAZd6oAQA&_nc_gid=Q98p4d63K_teewdyeAMwLQ&_nc_ss=7b289&_nc_zt=28&oh=00_AQMcTDUCeA3P3nidk3AvFxtXlnKJQQbj4jFAz7-egqyVRw&oe=6ACD1A31","IN","2026-10-08 07:23"
"Jewelsmarscom","108836538341831","1726771488227076","https://www.facebook.com/ads/library/?id=1726771488227076","Active","Long-runner","75","2025-06-05","2026-10-07","490","Mid","92","138","410","INR","1","","","","","","","","","","VIDEO","","12","facebook, instagram, audience_network, messenger, threads","SHOP_NOW","Free shipping; Free gift; Sale","","","Discount / offer; Social proof; Gifting; Convenience; Seasonal / festive","English","And it goes right","And it goes right","English","","","","","","","","Collection","jewelsmars.com/collections/summer-sale","Summer Sale is live!!!","Prices so good that you don't fall for Fake offers ✨ 850,000+ community ✅ Trusted by 9 Lakh+ customers 🛒 Free shipping above Rs 599 🎁 Free jewellery organiser above Rs 1299","https://jewelsmars.com/collections/summer-sale","jewelsmars.com","https://video-bom2-3.xx.fbcdn.net/o1/v/t2/f2/m366/AQOhIVx2QbWPjiH6XIQwpsS2WzOMgfKxnWkk58vqokNQrC9UKq7EY1oO6Dyea72EijmKKqHxHqM_goQx1AXhNhD60dLPdwHCDj3RbZ7AnWDjXQ.mp4?_nc_cat=101&_nc_sid=b66105&_nc_ht=video-bom2-3.xx.fbcdn.net&_nc_ohc=-KNzXSnw-tsQ7kNvwEj6847&efg=eyJ2ZW5jb2RlX3RhZyI6Inhwdl9wcm9ncmVzc2l2ZS5WSV9VU0VDQVNFX1BST0RVQ1RfVFlQRS4uQzMuNzIwLmRhc2hfaDI2NC1iYXNpYy1nZW4yXzcyMHAiLCJ4cHZfYXNzZXRfaWQiOjY1MzkyMjg2MDc4NDAxMSwiYXNzZXRfYWdlX2RheXMiOjUzMCwidmlfdXNlY2FzZV9pZCI6MTA3OTksImR1cmF0aW9uX3MiOjEyLCJ1cmxnZW5fc291cmNlIjoid3d3In0%3D&ccb=17-1&vs=cb713bcc11f8cecb&_nc_vs=HBksFQIYRWZiX2VwaGVtZXJhbC84RjRBOTlGRkE2QTMyQjk4MUM2NzE5RDlBMDlGNDA4N19tdF8xX3ZpZGVvX2Rhc2hpbml0Lm1wNBUAAsgBEgAVAhg6cGFzc3Rocm91Z2hfZXZlcnN0b3JlL0dKMHpjeDM0OXNLTXI4WUdBTkdhV2t2SXh2QURidjRHQUFBRhUCAsgBEgAoABgAGwKIB3VzZV9vaWwBMRJwcm9ncmVzc2l2ZV9yZWNpcGUBMRUAACaW5p79qK-pAhUCKAJDMywXQCkAAAAAAAAYGWRhc2hfaDI2NC1iYXNpYy1nZW4yXzcyMHARAHUAZd6oAQA&_nc_gid=a39b-AS-nytNb4yo9vYwog&_nc_ss=7b289&_nc_zt=28&oh=00_AQOvi0afkxN0xHFIqHSvXx2HM7_Nb9kZqFwwzf9DhqDjug&oe=6ACCFD6B","IN","2026-10-08 07:23"
"Jewelsmarscom","108836538341831","3416331595171693","https://www.facebook.com/ads/library/?id=3416331595171693","Active","Long-runner","75","2025-10-24","2026-10-07","349","Mid","92","138","410","INR","1","","","","","","","","","","VIDEO","","10","facebook, instagram, audience_network, messenger, threads","SHOP_NOW","Free shipping; COD available","449","","Urgency / scarcity; Social proof; Premium / quality; Convenience","English","I'm gonna go get a heart attack I'm gonna cook you up in the morning","I'm gonna go get a heart attack I'm gonna cook you up in the morning Hey, hey, only you can't hide out the corner, remember with you out of that day","English","","","","","","","","Collection","jewelsmars.com/collections/hand-jewellery","Pinteresty Hand Jewellery Starting ₹449.00","✨ Hand jewellery that looks straight out of Pinterest 💕 Premium, anti-tarnish & made to turn heads. Perfect for daily wear or that Instagram-worthy look 📸 📦 Free Shipping • COD • Easy Returns • Loved by 1M+ customers ⏳ Limited Stock – Shop your favs now!","https://jewelsmars.com/collections/hand-jewellery","jewelsmars.com","https://video-bom5-2.xx.fbcdn.net/o1/v/t2/f2/m366/AQPvFrNJSbTg96LZ9zSaWRpHCTuHOLjkIwLfXIx6ex9zrX6gXFNmUmv7GXDbd_dyIhx7F4L-HVUY8qilFyF9BSTCjUMYq0nZyz_WEobTAE_veg.mp4?_nc_cat=108&_nc_sid=b66105&_nc_ht=video-bom5-2.xx.fbcdn.net&_nc_ohc=S9iP_6V3uQQQ7kNvwFrgVmJ&efg=eyJ2ZW5jb2RlX3RhZyI6Inhwdl9wcm9ncmVzc2l2ZS5WSV9VU0VDQVNFX1BST0RVQ1RfVFlQRS4uQzMuNzIwLmRhc2hfaDI2NC1iYXNpYy1nZW4yXzcyMHAiLCJ4cHZfYXNzZXRfaWQiOjQyNzE4Mjc5ODMwNTk4OTAsImFzc2V0X2FnZV9kYXlzIjozNDksInZpX3VzZWNhc2VfaWQiOjEwNzk5LCJkdXJhdGlvbl9zIjo5LCJ1cmxnZW5fc291cmNlIjoid3d3In0%3D&ccb=17-1&vs=4e131dd306d207ca&_nc_vs=HBksFQIYRWZiX2VwaGVtZXJhbC8yRDRDQTY1MDg1RkREMjZBOEIyOTY4QTlEQ0MxMUU4QV9tdF8xX3ZpZGVvX2Rhc2hpbml0Lm1wNBUAAsgBEgAVAhhAZmJfcGVybWFuZW50L0ZGNDBBOUE0OUU3NzIyNzQ0OUEyNjQ1QjU2MEZERDgxX2F1ZGlvX2Rhc2hpbml0Lm1wNBUCAsgBEgAoABgAGwKIB3VzZV9vaWwBMRJwcm9ncmVzc2l2ZV9yZWNpcGUBMRUAACbkrsbXjs2WDxUCKAJDMywXQCNEGJN0vGoYGWRhc2hfaDI2NC1iYXNpYy1nZW4yXzcyMHARAHUAZd6oAQA&_nc_gid=DZPIARQo_KEJwm6yMBXskQ&_nc_ss=7b289&_nc_zt=28&oh=00_AQP729WResDG2_zpUF6xTppQrg_eJzk6RErwc22PhsxDuw&oe=6ACD0084","IN","2026-10-08 07:23"
"Jewelsmarscom","108836538341831","787558807176650","https://www.facebook.com/ads/library/?id=787558807176650","Active","Long-runner, Scaled ×2","82","2025-06-05","2026-10-07","490","Mid","130","195","579","INR","2","","","","","","","","","","VIDEO","","9","facebook, instagram, audience_network, messenger, threads","SHOP_NOW","Free gift","","","Social proof; Gifting","English","Pretty girls don't do drama, less sweet one But it'll be depending on the day","Pretty girls don't do drama, less sweet one But it'll be depending on the day Pretty girls don't get enough of it But no one will defend And I'll never let it catch no shirt","English","","","","","","","","Collection","jewelsmars.com/collections/baddie-jewellery","Baddie Earrings You Need 🖤","🔥 Baddie Energy Only 🔥 ✨ Your jewellery  should match your vibe — bold, trendy & totally YOU. From statement hoops to Y2K glam, these pieces are built to turn heads. 💖 Loved by baddies, styled by thousands. Don’t wait — they’re selling out fast.","https://jewelsmars.com/collections/baddie-jewellery","jewelsmars.com","https://video-bom5-1.xx.fbcdn.net/o1/v/t2/f2/m366/AQPRgOWvyLUshGVvXP0Gx7bdWNKEpUAwLjlMReq4V315wFlSDbeHaTZ6JF09HVbZ8H6ejhiNO3-RTHaaYuzTy4Gp0uVMvOu25V_xhxTVwRsvaQ.mp4?_nc_cat=109&_nc_sid=b66105&_nc_ht=video-bom5-1.xx.fbcdn.net&_nc_ohc=FzDblZhChWIQ7kNvwEZJKwo&efg=eyJ2ZW5jb2RlX3RhZyI6Inhwdl9wcm9ncmVzc2l2ZS5WSV9VU0VDQVNFX1BST0RVQ1RfVFlQRS4uQzMuNzIwLmRhc2hfaDI2NC1iYXNpYy1nZW4yXzcyMHAiLCJ4cHZfYXNzZXRfaWQiOjEyNDI0MjkzODA2MjY1NDEsImFzc2V0X2FnZV9kYXlzIjo0ODksInZpX3VzZWNhc2VfaWQiOjEwNzk5LCJkdXJhdGlvbl9zIjo4LCJ1cmxnZW5fc291cmNlIjoid3d3In0%3D&ccb=17-1&vs=796f3768c70ca7d2&_nc_vs=HBksFQIYRWZiX2VwaGVtZXJhbC9GNjRGM0ZFREI5Q0ZDMkVFNTk4NTY4MEM3REExRDZCNF9tdF8xX3ZpZGVvX2Rhc2hpbml0Lm1wNBUAAsgBEgAVAhg6cGFzc3Rocm91Z2hfZXZlcnN0b3JlL0dQd0MteDFDNmZPSVhQQUVBTGh1WnhhMFJKVVFidjRHQUFBRhUCAsgBEgAoABgAGwKIB3VzZV9vaWwBMRJwcm9ncmVzc2l2ZV9yZWNpcGUBMRUAACbaoaCe9P60BBUCKAJDMywXQCEzMzMzMzMYGWRhc2hfaDI2NC1iYXNpYy1nZW4yXzcyMHARAHUAZd6oAQA&_nc_gid=UcMmqxvmQlgupBnxo-uTOw&_nc_ss=7b289&_nc_zt=28&oh=00_AQPTTob8lxl7QGXfTfoTcZT_myxj5j1o1llHEIgG19riEg&oe=6ACCF6F7","IN","2026-10-08 07:23"
"Glamorizee","352590217948964","1097416092040515","https://www.facebook.com/ads/library/?id=1097416092040515","Active","Long-runner","75","2025-09-02","2026-10-07","401","Mid","92","138","410","INR","1","","","","","","","","","","VIDEO","","29","facebook, instagram, audience_network, messenger","ORDER_NOW","COD available","","","Discount / offer; Urgency / scarcity; Gifting; Premium / quality; Price anchor; Convenience","English","The glamour is offered by the fans, smart, and the best of all the loot.","The glamour is offered by the fans, smart, and the best of all the loot. Now their journey has won the 99 rupees. They offer a lot of loot. But we focus on durability and quality. Also free cash on delivery and free shipping available.","English","Free shipping; COD available","","","","","","","Product page","glamorizee.com/products/white-flower-name-necklace","Name Jewellery only Rs 199/-","🔥 Price Dropped! Name Jewelry Now ONLY ₹199 + COD Available! 🔥 💎 Personalized Name Jewelry at an Unbelievable Price! 💎   ✔️ Now just **₹199** (Limited Time Offer!)   ✔️ **Cash on Delivery Available** – Pay when you receive!   ✔️ Perfect for yourself or as a thoughtful gift 🎁   ✔️ Premium quality & custom-made with love ❤️   📢 Hurry! Limited Stock Left! Order Now ⬇️","https://glamorizee.com/products/white-flower-name-necklace","glamorizee.com","https://video-bom5-2.xx.fbcdn.net/o1/v/t2/f2/m366/AQMxFp8dCOMGX1XRKGvyVeE64Jx2O9T20iTqJdePOIZ2w6aZ3n9BhZ5Sov4In-qWp9Me-JHamuH7WwFN-ttW3JgMa8rT56MwLouOmwdKlSU0pA.mp4?_nc_cat=102&_nc_sid=b66105&_nc_ht=video-bom5-2.xx.fbcdn.net&_nc_ohc=QL4AdvVRy54Q7kNvwHwWdfy&efg=eyJ2ZW5jb2RlX3RhZyI6Inhwdl9wcm9ncmVzc2l2ZS5WSV9VU0VDQVNFX1BST0RVQ1RfVFlQRS4uQzMuNzIwLmRhc2hfaDI2NC1iYXNpYy1nZW4yXzcyMHAiLCJ4cHZfYXNzZXRfaWQiOjEzNzU4Njc1NzcwOTc0MzUsImFzc2V0X2FnZV9kYXlzIjo1NjAsInZpX3VzZWNhc2VfaWQiOjEwNzk5LCJkdXJhdGlvbl9zIjoyOCwidXJsZ2VuX3NvdXJjZSI6Ind3dyJ9&ccb=17-1&vs=edc0152016bcd860&_nc_vs=HBksFQIYRWZiX2VwaGVtZXJhbC9GNDQwM0E4NEM5RjJFODk4RDY4RTc4MEZBNDFCMUE5Q19tdF8xX3ZpZGVvX2Rhc2hpbml0Lm1wNBUAAsgBEgAVAhg6cGFzc3Rocm91Z2hfZXZlcnN0b3JlL0dFTmM4UnphTWtoVFVQMEJBRXpVTXY1Y1ZpeFBidjRHQUFBRhUCAsgBEgAoABgAGwKIB3VzZV9vaWwBMRJwcm9ncmVzc2l2ZV9yZWNpcGUBMRUAACa284ajhNbxBBUCKAJDMywXQDzmZmZmZmYYGWRhc2hfaDI2NC1iYXNpYy1nZW4yXzcyMHARAHUAZd6oAQA&_nc_gid=Q98p4d63K_teewdyeAMwLQ&_nc_ss=7b289&_nc_zt=28&oh=00_AQPyexHRpAosxQ3njAHLJSkkestOSmvGYBcvNv0y2gKGqQ&oe=6ACD1C36","IN","2026-10-08 07:23"
"Glamorizee","352590217948964","1079166040832946","https://www.facebook.com/ads/library/?id=1079166040832946","Active","Long-runner","75","2025-07-04","2026-10-07","461","Mid","92","138","410","INR","1","","","","","","","","","","VIDEO","","27","facebook, instagram, audience_network, messenger","ORDER_NOW","COD available","","","Discount / offer; Urgency / scarcity; Gifting; Premium / quality; Price anchor; Convenience","English","I'm not a fan of you, I'm not a fan of you","I'm not a fan of you, I'm not a fan of you I'm not a fan of you, I'm not a fan of you I'm not a fan of you, I'm not a fan of you I'm not a fan of you, I'm not a fan of you I'm not a fan of you, I'm not a fan of you I'm not a fan of you, I'm not a fan of you I'm not a fan of you, I'm not a fan of you","English","","","","","","","","Product page","glamorizee.com/products/single-name-evil-eye-name-necklace","Name Jewellery only Rs 199/-","🔥 Price Dropped! Name Jewelry Now ONLY ₹199 + COD Available! 🔥 💎 Personalized Name Jewelry at an Unbelievable Price! 💎   ✔️ Now just **₹199** (Limited Time Offer!)   ✔️ **Cash on Delivery Available** – Pay when you receive!   ✔️ Perfect for yourself or as a thoughtful gift 🎁   ✔️ Premium quality & custom-made with love ❤️   📢 Hurry! Limited Stock Left! Order Now ⬇️","https://glamorizee.com/products/single-name-evil-eye-name-necklace","glamorizee.com","https://video-bom2-4.xx.fbcdn.net/o1/v/t2/f2/m366/AQMrpTyGTN1yohOqPUh4NnbxkA6del48i-Y257fiW9fCXfmdR01s7MkH0EFVOCS7xUAxEFoOlUEtpMTZDFQvuXnnaJBrvGdeFuRc72J2yyembQ.mp4?_nc_cat=107&_nc_sid=b66105&_nc_ht=video-bom2-4.xx.fbcdn.net&_nc_ohc=1pgI0wjopykQ7kNvwEKHNqu&efg=eyJ2ZW5jb2RlX3RhZyI6Inhwdl9wcm9ncmVzc2l2ZS5WSV9VU0VDQVNFX1BST0RVQ1RfVFlQRS4uQzMuNzIwLmRhc2hfaDI2NC1iYXNpYy1nZW4yXzcyMHAiLCJ4cHZfYXNzZXRfaWQiOjYzNzc0OTEzNTU1MjIzOSwiYXNzZXRfYWdlX2RheXMiOjU2MCwidmlfdXNlY2FzZV9pZCI6MTA3OTksImR1cmF0aW9uX3MiOjI3LCJ1cmxnZW5fc291cmNlIjoid3d3In0%3D&ccb=17-1&vs=60c65418cd697f07&_nc_vs=HBksFQIYRWZiX2VwaGVtZXJhbC80MzQ3QjMzQ0Y5RDc4RDlGNENEREY1MjlCQzk3MEVCMV9tdF8xX3ZpZGVvX2Rhc2hpbml0Lm1wNBUAAsgBEgAVAhg6cGFzc3Rocm91Z2hfZXZlcnN0b3JlL0dCZkpBaDJSWW5vMmNEWURBSmk2eFRsd2E5MTBidjRHQUFBRhUCAsgBEgAoABgAGwKIB3VzZV9vaWwBMRJwcm9ncmVzc2l2ZV9yZWNpcGUBMRUAACbeu_Gq8YGiAhUCKAJDMywXQDsiDEm6XjUYGWRhc2hfaDI2NC1iYXNpYy1nZW4yXzcyMHARAHUAZd6oAQA&_nc_gid=Q98p4d63K_teewdyeAMwLQ&_nc_ss=7b289&_nc_zt=28&oh=00_AQPpKvnAlEAN4tDb04lRZxDyX4KACNUqAoAXbjOvs2DQjw&oe=6ACD0D69","IN","2026-10-08 07:23"
"Glamorizee","352590217948964","1097333871855987","https://www.facebook.com/ads/library/?id=1097333871855987","Active","Long-runner","75","2025-06-27","2026-10-07","468","Mid","92","138","410","INR","1","","","","","","","","","","VIDEO","","28","facebook, instagram, audience_network, messenger","ORDER_NOW","Free shipping; COD available","","","Discount / offer; Urgency / scarcity; Gifting; Premium / quality; Price anchor; Convenience","English","I am coming from the heart that you have given me","I am coming from the heart that you have given me I am happy I am happy So, please come to me I am happy I am happy","English","","","","","","","","Product page","glamorizee.com/products/single-name-evil-eye-name-necklace","Name Jewellery ONLY @ ₹199","🔥 Price Dropped! Name Jewelry Now ONLY ₹199 + COD Available! 🔥 💎 Personalized Name Jewelry at an Unbelievable Price! 💎   ✔️ Now just **₹199** (Limited Time Offer!)   ✔️ **Cash on Delivery Available** – Pay when you receive!   ✔️ Perfect for yourself or as a thoughtful gift 🎁   ✔️ Premium quality & custom-made with love ❤️   📢 Hurry! Limited Stock Left! Order Now ⬇️","https://glamorizee.com/products/single-name-evil-eye-name-necklace","glamorizee.com","https://video-bom5-1.xx.fbcdn.net/o1/v/t2/f2/m366/AQP2H6VgYjIDdp6dKBHEEwMNCzLb-bq6Ya8yVBVdLxGL79Hn9ol9-FUlBKRBViDrzGgh1Mq9mzh23-G4Pse2KmHaWwHqZCy3ekLe_CqJUuinGg.mp4?_nc_cat=105&_nc_sid=b66105&_nc_ht=video-bom5-1.xx.fbcdn.net&_nc_ohc=GiwC4fj24zgQ7kNvwG6_nkT&efg=eyJ2ZW5jb2RlX3RhZyI6Inhwdl9wcm9ncmVzc2l2ZS5WSV9VU0VDQVNFX1BST0RVQ1RfVFlQRS4uQzMuNzIwLmRhc2hfaDI2NC1iYXNpYy1nZW4yXzcyMHAiLCJ4cHZfYXNzZXRfaWQiOjE2NDAwNDU2MzY2MjUzNzEsImFzc2V0X2FnZV9kYXlzIjo1NjYsInZpX3VzZWNhc2VfaWQiOjEwNzk5LCJkdXJhdGlvbl9zIjoyNywidXJsZ2VuX3NvdXJjZSI6Ind3dyJ9&ccb=17-1&vs=6fa7bf51721d431a&_nc_vs=HBksFQIYRWZiX2VwaGVtZXJhbC80MzQ2RTA3QTgyNDZDMDE4MjAwMjM5QjdBQzU3NEFBQl9tdF8xX3ZpZGVvX2Rhc2hpbml0Lm1wNBUAAsgBEgAVAhg6cGFzc3Rocm91Z2hfZXZlcnN0b3JlL0dHbFdfQnpEd3N6MGtUa0NBQ0lpZVBLeEFCa0JidjRHQUFBRhUCAsgBEgAoABgAGwKIB3VzZV9vaWwBMRJwcm9ncmVzc2l2ZV9yZWNpcGUBMRUAACa2j7GZnOfpBRUCKAJDMywXQDvmZmZmZmYYGWRhc2hfaDI2NC1iYXNpYy1nZW4yXzcyMHARAHUAZd6oAQA&_nc_gid=Q98p4d63K_teewdyeAMwLQ&_nc_ss=7b289&_nc_zt=28&oh=00_AQNk-XR1-mld4tNuUHJnHrONEGMVIl6aI1GAPuMAQ--3zQ&oe=6ACD10BB","IN","2026-10-08 07:23"
"Glamorizee","352590217948964","994237355566535","https://www.facebook.com/ads/library/?id=994237355566535","Active","Long-runner","70","2025-03-20","2026-10-07","567","Mid","92","138","410","INR","1","","","","","","","","","","VIDEO","","25","facebook, instagram","ORDER_NOW","Free shipping; COD available","","","Discount / offer; Urgency / scarcity; Gifting; Premium / quality; Price anchor; Convenience","English","The night is dark, so we have to leave this place","The night is dark, so we have to leave this place What is this place? In the name of God, we have to tell you","English","","","","","","","","Product page","glamorizee.com/products/single-name-evil-eye-name-necklace","Name Jewellery ONLY @ ₹199","🔥 Price Dropped! Name Jewelry Now ONLY ₹199 + COD Available! 🔥 💎 Personalized Name Jewelry at an Unbelievable Price! 💎   ✔️ Now just **₹199** (Limited Time Offer!)   ✔️ **Cash on Delivery Available** – Pay when you receive!   ✔️ Perfect for yourself or as a thoughtful gift 🎁   ✔️ Premium quality & custom-made with love ❤️   📢 Hurry! Limited Stock Left! Order Now ⬇️","https://glamorizee.com/products/single-name-evil-eye-name-necklace","glamorizee.com","https://video-bom5-1.xx.fbcdn.net/o1/v/t2/f2/m366/AQOxpIgGaQWT5uo5K50p3Ijve_cu1Qt3pJWbybC4BsUM6R9xdLLBlu_NkS7FQJix_tf0rFaxELXlv0Y-F5JuaGmz9rgkg5WByiIQNlzQpy54jw.mp4?_nc_cat=109&_nc_sid=b66105&_nc_ht=video-bom5-1.xx.fbcdn.net&_nc_ohc=lgeJuWvHpR0Q7kNvwG8RNXk&efg=eyJ2ZW5jb2RlX3RhZyI6Inhwdl9wcm9ncmVzc2l2ZS5WSV9VU0VDQVNFX1BST0RVQ1RfVFlQRS4uQzMuNzIwLmRhc2hfaDI2NC1iYXNpYy1nZW4yXzcyMHAiLCJ4cHZfYXNzZXRfaWQiOjU5NDA2MDk5MzY4MjEwOSwiYXNzZXRfYWdlX2RheXMiOjU2OCwidmlfdXNlY2FzZV9pZCI6MTA3OTksImR1cmF0aW9uX3MiOjI1LCJ1cmxnZW5fc291cmNlIjoid3d3In0%3D&ccb=17-1&vs=299b8ee3a3e2abc3&_nc_vs=HBksFQIYRWZiX2VwaGVtZXJhbC83NjQ2MDgwMzI5MjZFMDBERTg4RTE4Qjg1NjY2Q0M5Nl9tdF8xX3ZpZGVvX2Rhc2hpbml0Lm1wNBUAAsgBEgAVAhg6cGFzc3Rocm91Z2hfZXZlcnN0b3JlL0dDQUw2UnhZVElYeFQtb09BT2ZjX0pkUmpUZ25idjRHQUFBRhUCAsgBEgAoABgAGwKIB3VzZV9vaWwBMRJwcm9ncmVzc2l2ZV9yZWNpcGUBMRUAACb66oao85KOAhUCKAJDMywXQDkQ5WBBiTcYGWRhc2hfaDI2NC1iYXNpYy1nZW4yXzcyMHARAHUAZd6oAQA&_nc_gid=Q98p4d63K_teewdyeAMwLQ&_nc_ss=7b289&_nc_zt=28&oh=00_AQOUpmdVkcokQhx4lk5ZgrQxYrTg16mYT9_lUQeqT6tvdQ&oe=6ACCF27B","IN","2026-10-08 07:23"
"Anopchand Tilokchand Jewellers Pvt. Ltd","196615293689674","1132240287383795","https://www.facebook.com/ads/library/?id=1132240287383795","Active","Long-runner","73","2022-10-05","2026-10-07","1464","Mid","92","138","410","INR","1","","","","","","","","","","IMAGE","","","facebook, instagram, messenger","GET_DIRECTIONS","","","","New launch; Premium / quality","English","","","","","","","","","","","Facebook / Instagram","facebook.com/atjewels.in","Anopchand Tilokchand Jewellers Pvt. Ltd","Anopchand Tilokchand Jewellers Is now operating from new Premises ATPalace Kotwali Chowk, Sadar Bazaar Road Raipur. we would like to welcome you all to our biggest & Luxurious Showroom and experience the flow of positivity with pure love in form Jewellery","https://www.facebook.com/atjewels.in/","","https://scontent-bom5-2.xx.fbcdn.net/v/t39.35426-6/310920249_639877927654220_2794491442465671455_n.jpg?_nc_cat=100&ccb=1-7&_nc_sid=c53f8f&_nc_ohc=h848WZ3QDU4Q7kNvwH_ReF0&_nc_oc=AdqTvw10LLsdTklwe4YEVwqf5CoHu78C_DPO6YBB6ciaQZrJL8Sqi21Vw4FdSkZEYKE&_nc_zt=14&_nc_ht=scontent-bom5-2.xx&_nc_gid=Q98p4d63K_teewdyeAMwLQ&_nc_ss=7b289&oh=00_AQOVFcjZpAtt7dSBpTWU6WdjVNChC9DV2Uvv7wgy-c5xbw&oe=6ACD1C55","IN","2026-10-08 07:23"
"Anopchand Tilokchand Jewellers Pvt. Ltd","196615293689674","1531708953925297","https://www.facebook.com/ads/library/?id=1531708953925297","Active","Long-runner","73","2022-10-05","2026-10-07","1464","Mid","92","138","410","INR","1","","","","","","","","","","IMAGE","","","facebook, instagram, messenger","GET_DIRECTIONS","","","","New launch; Premium / quality","English","","","","","","","","","","","Facebook / Instagram","facebook.com/atjewels.in","Anopchand Tilokchand Jewellers Pvt. Ltd","Anopchand Tilokchand Jewellers Is now operating from new Premises ATPalace Kotwali Chowk, Sadar Bazaar Road Raipur. we would like to welcome you all to our biggest & Luxurious Showroom and experience the flow of positivity with pure love in form Jewellery","https://www.facebook.com/atjewels.in/","","https://scontent-bom2-4.xx.fbcdn.net/v/t39.35426-6/309498563_674104704048668_8462655060981714602_n.jpg?_nc_cat=107&ccb=1-7&_nc_sid=c53f8f&_nc_ohc=LU01Iq2GhRsQ7kNvwGdYQ7Y&_nc_oc=Adrj-HM4lQ7HZGm2A-p1MnFIgfGylYnr5XX34znAwXuKnQNmknmytc_-yCQDpNeEw-4&_nc_zt=14&_nc_ht=scontent-bom2-4.xx&_nc_gid=Q98p4d63K_teewdyeAMwLQ&_nc_ss=7b289&oh=00_AQNVyhijgswTQyTBhF26Q8yrp9E2HAz8NyDn-hrWoqxcZw&oe=6ACCFD56","IN","2026-10-08 07:23"
"Anopchand Tilokchand Jewellers Pvt. Ltd","196615293689674","8510526285697177","https://www.facebook.com/ads/library/?id=8510526285697177","Active","Long-runner","73","2024-10-29","2026-10-07","709","Mid","92","138","410","INR","1","","","","","","","","","","IMAGE","","","facebook, instagram, messenger","SIGN_UP","","","","Urgency / scarcity","English","","","","","","","","","","","Other page","rzp.io/l/atdiamondclub","Anopchand Tilokchand Jewellers Pvt. Ltd","book your seat today only only 40 left in the current group. first come first serve","https://rzp.io/l/ATDIAMONDCLUB","rzp.io","https://scontent-bom5-2.xx.fbcdn.net/v/t39.35426-6/464928822_1579486402996481_4554690620636642960_n.jpg?_nc_cat=102&ccb=1-7&_nc_sid=c53f8f&_nc_ohc=UzKP7q-CVb0Q7kNvwGn3tj_&_nc_oc=Adq199r6E_ULXwS9zTB0QX5tkWy3ufem4K--NdqR5ibQs6M4BlO446p4f7ob874VNj8&_nc_zt=14&_nc_ht=scontent-bom5-2.xx&_nc_gid=tUs3hCGPQV7aksJjy_wqpA&_nc_ss=7b289&oh=00_AQPVviXvj-ix48NLL_p1ZE82qkRQ6UKjRXVweIP4VETgBQ&oe=6ACCF11D","IN","2026-10-08 07:23"
"Anopchand Tilokchand Jewellers Pvt. Ltd","196615293689674","1076603777434592","https://www.facebook.com/ads/library/?id=1076603777434592","Active","Long-runner","73","2024-10-29","2026-10-07","709","Mid","92","138","410","INR","1","","","","","","","","","","IMAGE","","","facebook, instagram, messenger","SIGN_UP","","","","Urgency / scarcity","English","","","","","","","","","","","Other page","rzp.io/l/atdiamondclub","Anopchand Tilokchand Jewellers Pvt. Ltd","book your seat today only only 40 left in the current group. first come first serve","https://rzp.io/l/ATDIAMONDCLUB","rzp.io","https://scontent-bom2-3.xx.fbcdn.net/v/t39.35426-6/464806096_538424105477062_5305582894928430304_n.jpg?_nc_cat=103&ccb=1-7&_nc_sid=c53f8f&_nc_ohc=d4uGarCg9toQ7kNvwFrzcyW&_nc_oc=AdqAEsIfW4p2ZnG9RSboZTjfPrDRrm50gzt-ayWlz1nugimP67zXXM1VCNaTLwtn-ws&_nc_zt=14&_nc_ht=scontent-bom2-3.xx&_nc_gid=GwGzGR5QYJ9QK47fj0mihg&_nc_ss=7b289&oh=00_AQOr_YVlwATC4VOvxRV_arjW5uzBsnb8ntT69uSbtHZCTQ&oe=6ACCEF9E","IN","2026-10-08 07:23"
"Fedha by challani","192729220594529","780910467561440","https://www.facebook.com/ads/library/?id=780910467561440","Active","Long-runner","68","2024-12-21","2026-10-07","655","Mid","92","138","410","INR","1","","","","","","","","","","IMAGE","","","instagram","VIEW_INSTAGRAM_PROFILE","","","","Premium / quality; Seasonal / festive","English","","","","","","","","","","","Facebook / Instagram","instagram.com/fedha_by_challani","","Kundan: The jewel that bridges tradition and dreams. Video call Facility available along with  - Safe and Secure Shipping  - Wide range of collection in Each Category  - International shipping available  - Personalised designs can be crafted - DM to place your order now! Visit the store today to unveil an extraordinary assemblage of exclusive Silver Jewellery pieces  📍Selaiyur, Chennai  📍Mission street, Pondicherry  #silverjewellery #silver #jewellery #silverjewelry #sterlingsilver #jewelry #earrings #handmade #necklace #indianjewellery #goldjewellery #bridaljewellery #handmadejewellery #silverearrings #jewellerydesign #southindianjewellery #oxidisedjewellery #weddingjewellery #fashion #handmadejewelry #silverring #gold #silvernecklace #kundanjewellery #rings #silverrings #traditionaljewellery #templejewellery #ring #fashionjewellery","http://instagram.com/fedha_by_challani","instagram.com","https://scontent-bom2-3.xx.fbcdn.net/v/t39.35426-6/471230470_1330467711467683_7792874526388955448_n.jpg?_nc_cat=101&ccb=1-7&_nc_sid=c53f8f&_nc_ohc=2Om02AXjS2IQ7kNvwFjlRLh&_nc_oc=AdoqTKaEYrIH2vNqYtrdz5JE8Cs8qAzDJx4e8Jckj9_Bi6u6TzlnnsmtNo8U5PFQSbM&_nc_zt=14&_nc_ht=scontent-bom2-3.xx&_nc_gid=Q98p4d63K_teewdyeAMwLQ&_nc_ss=7b289&oh=00_AQOll_Z7lMHUDIT5WVuM5U-KJe2hyG7O5gYwTTWM9Vgn1Q&oe=6ACD1C41","IN","2026-10-08 07:23"
"Fedha by challani","192729220594529","1808014179729829","https://www.facebook.com/ads/library/?id=1808014179729829","Active","Long-runner","68","2024-10-19","2026-10-07","719","Mid","92","138","410","INR","1","","","","","","","","","","IMAGE","","","instagram","VIEW_INSTAGRAM_PROFILE","","","Festive season; Wedding season","Premium / quality; Seasonal / festive","English","","","","","","","","","","","Facebook / Instagram","instagram.com/fedha_by_challani","","Wear a piece of luxury, hold a world of meaning. Video call Facility available along with  - Safe and Secure Shipping  - Wide range of collection in Each Category  - International shipping available  - Personalised designs can be crafted - DM to place your order now! Visit the store today to unveil an extraordinary assemblage of exclusive Silver Jewellery pieces  📍Selaiyur, Chennai  📍Mission street, Pondicherry  #925silver #silverjewellery #premiumnagascollection #silverjewelry925 #silveristhenewgold #silvernecklace #festivejewellery #nagasjewellery #pellikuthuru #bridesofhyderabad #bridesofinstagram #bridesofcoimbatore #nagasjewellery #silver925 #kundannecklace #kundanjewellery #BridalElegance #SilverSparkle #WeddingSeasonGlam #92.5silver #silverjewelry #bridal #wedding #weddinginspiration #Jeweleryfashion #bride #southindianjewellery #southindianweddingjewellery","http://instagram.com/fedha_by_challani","instagram.com","https://scontent-bom2-4.xx.fbcdn.net/v/t39.35426-6/463395133_1964867680677803_7224610769477816413_n.jpg?_nc_cat=107&ccb=1-7&_nc_sid=c53f8f&_nc_ohc=dQPiBMqfdqQQ7kNvwF2WCjk&_nc_oc=Adq0GcdSwM30mKvRXYhUcf1PRkmzJJLUsI7yuFtwccfMviI7pHx-C9L6CZneA63CDlc&_nc_zt=14&_nc_ht=scontent-bom2-4.xx&_nc_gid=Q98p4d63K_teewdyeAMwLQ&_nc_ss=7b289&oh=00_AQM1i7Dw0UP-Kf27R6o08PGV3qbNIuwm865beAiYYTWilw&oe=6ACD01BF","IN","2026-10-08 07:23"
"Fedha by challani","192729220594529","1983162428834197","https://www.facebook.com/ads/library/?id=1983162428834197","Active","Long-runner","68","2024-09-26","2026-10-07","742","Mid","92","138","410","INR","1","","","","","","","","","","IMAGE","","","instagram","VIEW_INSTAGRAM_PROFILE","","","Festive season; Wedding season","Premium / quality; Seasonal / festive","English","","","","","","","","","","","Facebook / Instagram","instagram.com/fedha_by_challani","","Fall in love with our exquisite heart-shaped jewelry set! This stunning collection features a necklace, earrings, bangles, and a ring, all adorned with intricate floral designs and shimmering crystals. Perfect for a romantic evening or to add a touch of elegance to any outfit, this set is sure to make hearts flutter. Video call available along with  - Safe and Secure Shipping  - Wide range of collection in Each Category  - International shipping available  - Personalised designs can be crafted - DM to place your order now! Visit the store today to unveil an extraordinary assemblage of exclusive Silver Jewellery pieces  📍Selaiyur, Chennai  #925silver #silverjewellery #premiumnagascollection #silverjewelry925 #silveristhenewgold #silvernecklace #festivejewellery #nagasjewellery #pellikuthuru #bridesofhyderabad #bridesofinstagram #bridesofcoimbatore #nagasjewellery #silver925 #kundannecklace #kundanjewellery#BridalElegance #SilverSparkle #WeddingSeasonGlam","http://instagram.com/fedha_by_challani","instagram.com","https://scontent-bom5-1.xx.fbcdn.net/v/t39.35426-6/461337702_1695063674400925_5747046526124437658_n.jpg?_nc_cat=110&ccb=1-7&_nc_sid=c53f8f&_nc_ohc=E7UeyfDe71AQ7kNvwExtxlv&_nc_oc=Ado2zgjqSlBxldrADpoaKacWLGvAjROFlU8v8QOrKOZQnU8YnActUP0uksr3SiCvEk4&_nc_zt=14&_nc_ht=scontent-bom5-1.xx&_nc_gid=TNGKJ9xUnY8vM0Rip021Dg&_nc_ss=7b289&oh=00_AQOAAK5mOYdpSPkgTu5ThTFuxVH-UWd1Os23sLlk0TPw1Q&oe=6ACD0776","IN","2026-10-08 07:23"
"Fedha by challani","192729220594529","3469010293391293","https://www.facebook.com/ads/library/?id=3469010293391293","Active","Long-runner","68","2024-09-26","2026-10-07","742","Mid","92","138","410","INR","1","","","","","","","","","","IMAGE","","","instagram","VIEW_INSTAGRAM_PROFILE","","","Festive season; Wedding season","Premium / quality; Seasonal / festive","English","","","","","","","","","","","Facebook / Instagram","instagram.com/fedha_by_challani","","✨Embrace Divine Elegance: Adorn your neck with the regal grace of our Temple Necklace and Haram Collection. Elevate your style, inspire awe ✨🕊️ Video call available along with  - Safe and Secure Shipping  - Wide range of collection in Each Category  - International shipping available  - Personalised designs can be crafted - DM to place your order now! Visit the store today to unveil an extraordinary assemblage of exclusive Silver Jewellery pieces  📍Selaiyur, Chennai  📍Mission Street, Pondicherry  #925silver #silverjewellery #premiumnagascollection #silverjewelry925 #silveristhenewgold #silvernecklace #festivejewellery #nagasjewellery #pellikuthuru #bridesofhyderabad #bridesofinstagram #bridesofcoimbatore #nagasjewellery #silver925 #kundannecklace #kundanjewellery#BridalElegance #SilverSparkle #WeddingSeasonGlam","http://instagram.com/fedha_by_challani","instagram.com","https://scontent-bom5-2.xx.fbcdn.net/v/t39.35426-6/461334332_904141891626242_6547723348367833581_n.jpg?_nc_cat=108&ccb=1-7&_nc_sid=c53f8f&_nc_ohc=Ri8ukXs8qIEQ7kNvwGfz27K&_nc_oc=AdqgKpGkOp4PE50H0jscM5gbdZso4zlDI5aaB0huFKln7VSuP4cJ6tY-w3dfDMvTxhI&_nc_zt=14&_nc_ht=scontent-bom5-2.xx&_nc_gid=TNGKJ9xUnY8vM0Rip021Dg&_nc_ss=7b289&oh=00_AQPvVsnKA_DBh4G2Ea7XxZAqL6yjrT3xvEchwFR_yqzexw&oe=6ACCF747","IN","2026-10-08 07:23"
"Jewellery & Watches IB","178890405297394","23913409498294724","https://www.facebook.com/ads/library/?id=23913409498294724","Active","Long-runner, Scaled ×4","88","2025-06-03","2026-10-07","492","Mid","184","276","819","INR","4","","","","","","","","","","DCO","4","100","facebook, instagram, audience_network, messenger, threads","SHOP_NOW","","","","Discount / offer; Urgency / scarcity; Creator / UGC","English","Naptole has created a deal and done it a lot. I mean, this style is called in men's watch.","Naptole has created a deal and done it a lot. I mean, this style is called in men's watch. You can buy it now. This is my latest watch. I'm free. What? This is my latest watch. Are we free? Yes. And these two watches are called Naptole. I'm sure you'll find out that this is a very valuable watch. These two watches are free. You don't have to miss this watch. Absolutely. And this one is for the grab. You have to press this button. It's a very impressive watch. You can press them. You can stop the limit. In the beginning, there was no goal in turn. It's entirely best. This wash makes you feel clear. And this triple fold design is made in a pen. And this is very strong. And it's strong because of the tight and secure fit. And the most special thing is this gold knitting long lasting. This means that you can get shiny gold finish and then we'll get a tight secure fit. And most of the fun part is the gold rating long lasting. This means that you will get shiny gold finish in a long time without any further failure. And this is perfect for every occasion. Which is common or casual. The premium ladies watch is the one that is available. The billful premium is available. The Australian diamonds are designed by a car. The difference is available. The oval dial is designed. It is very slim and elegant. I think This is the overall design of this car. This is the slim and elegant design. This is the rose-painly design of this car. This is the special design of this car. This car is perfect. The old finish is so durable that you can make it as long as you want. This car is made as long as you want. This car is made as long as you want. This car is made as long as you want. This car is made as long as you want. This car is made as long as you want. with this. And what is the most special thing that you can find on the market? You won't get a golden ball draw, and you won't get a ball. You are giving it to him, it's a lot of free. So what is to do tomorrow? Just give the button, click the button, and when you make the new one, click the link of the video. Because the stocks are limited.","English","","","","","","","","Product page","hit2buy.com/products/mens-golden-watch-with-free-designer-ladies-watch-mlgw2","{{product.name}}","{{product.brand}}","https://hit2buy.com/products/mens-golden-watch-with-free-designer-ladies-watch-mlgw2?c=69081&n=01206367774","hit2buy.com","https://video-bom5-2.xx.fbcdn.net/o1/v/t2/f2/m412/AQMVg9JxI9BEQbkfuX6Avey5XPWtf3JNuumtH4OA48WtdbT2JrOBoZCyTNha5mraoH0n2X7bEIoqE4sKR0pAqrDv.mp4?_nc_cat=102&_nc_sid=ef5aa3&_nc_ht=video-bom5-2.xx.fbcdn.net&_nc_ohc=LuhFc3OzMtcQ7kNvwGd23Z0&efg=eyJ2ZW5jb2RlX3RhZyI6Inhwdl9wcm9ncmVzc2l2ZS5WSV9VU0VDQVNFX1BST0RVQ1RfVFlQRS4uQzMuNzIwLmFzaWNfaHEyX2hkX3Byb2dyZXNzaXZlIiwieHB2X2Fzc2V0X2lkIjoxMzY1NzYyODI4OTI3NTk3LCJhc3NldF9hZ2VfZGF5cyI6MjI3LCJ2aV91c2VjYXNlX2lkIjoxMDY4MCwiZHVyYXRpb25fcyI6MTAwLCJ1cmxnZW5fc291cmNlIjoid3d3In0%3D&ccb=17-1&_nc_gid=Q98p4d63K_teewdyeAMwLQ&_nc_ss=7b289&_nc_zt=28&oh=00_AQPleLZFXxphJsK2jELPT_Bf3q_11Xkl8y_954vizGbmNQ&oe=6ACD1D87","IN","2026-10-08 07:23"
"Jewellery & Watches IB","178890405297394","1253222536215591","https://www.facebook.com/ads/library/?id=1253222536215591","Active","Long-runner, Scaled ×4","88","2025-06-02","2026-10-07","493","Mid","184","276","819","INR","4","","","","","","","","","","VIDEO","","117","facebook, instagram, audience_network, messenger, threads","SHOP_NOW","","","","Discount / offer; Urgency / scarcity; Gifting; Premium / quality; Creator / UGC; Seasonal / festive","English","4th Soni, you can see the men's golden watch.","4th Soni, you can see the men's golden watch. And the 3rd designer, ladies watch, will also be here. First of all, let's talk about this golden watch, where you get round dials. And see, this is a small box, there is a triple fold box. You can adjust it according to your size. And with this, you can see the car you are seeing. You can see the car is completely female. The car is in the frame, but you can see the stylish golden color shine is in it. The car is so beautiful. What are the cars you want to show their quality? Look at this. How did you get stuck here? The car's color is not black. But they will talk about the car. It's able to eat. But, they are not going to be able to eat. They are not going to be able to eat. Look, this is the quality of the bread. Look, you see the water is coming out. Look, you see the water is coming out. Look, you see the water is coming out. Look, you see the water is coming out. Look, you see the water is coming out. Look, you see the water is coming out. Look, you see the water is coming out. Look, you see the water is coming out. Look, you see the water is cominging. Look at the five people. Look at this. Look at this. Look at this. Look at this. Look at this. Look at this. Look at this. Look at this. Look at this. Look at this. Look at this. Look at this. Look at this. Look at this. Look at this. Look at this. Look at this. Look at this. Look at this. Look at this. Look at this. Look at this. Look at this. If you want to go to the water, go to the water. Let's go to the water. I also put water in the water. Okay, fine. Let's talk about the two water bottles. These two water bottles are put in the water. But what is the water bottle for you? The phone is booked. There is a free room with men's gold watch. Ladies and designers watch. That is, there is a pool for girls girls, there is a shop for the boys. What is this combo? If you want to give any information, then give a couple a gift. Just one gift, you will find out how you can give them. I will tell you. You can do this. Call, order, and come.","English","","","","","","","","Product page","hit2buy.com/products/mens-golden-watch-with-free-designer-ladies-watch-mlgw2","Offer! Offer! Offer!","🕰️ Get your dream watch with our limited time offer! Men's Golden Watch + Free Designer Ladies Watch @499/-ONLY","https://hit2buy.com/products/mens-golden-watch-with-free-designer-ladies-watch-mlgw2?c=69081&n=01206367774","hit2buy.com","https://video-bom2-3.xx.fbcdn.net/o1/v/t2/f2/m412/AQOUirvc9zMx3-TMJ2P-ImyVOHrAoT13rYATpu-4vLGZQmwAHiRT8Y9FqNDs-BxQs_oLY6qJdK9db8IL0r7COQ0.mp4?_nc_cat=103&_nc_sid=ef5aa3&_nc_ht=video-bom2-3.xx.fbcdn.net&_nc_ohc=ZL3NQqcEDMUQ7kNvwHoan9m&efg=eyJ2ZW5jb2RlX3RhZyI6Inhwdl9wcm9ncmVzc2l2ZS5WSV9VU0VDQVNFX1BST0RVQ1RfVFlQRS4uQzMuNzIwLmFzaWNfaHEyX2hkX3Byb2dyZXNzaXZlIiwieHB2X2Fzc2V0X2lkIjoxODc4NDU1NDc5NzUzOTMwLCJhc3NldF9hZ2VfZGF5cyI6MzQxLCJ2aV91c2VjYXNlX2lkIjoxMDY4MCwiZHVyYXRpb25fcyI6MTE3LCJ1cmxnZW5fc291cmNlIjoid3d3In0%3D&ccb=17-1&_nc_gid=P4ALoiFZ3Wvv8BAh_gtyyw&_nc_ss=7b289&_nc_zt=28&oh=00_AQPZHA1VHIQJ05tL-YUM1C50WDo5OdNnhU2tDGubUaj24A&oe=6ACCF62F","IN","2026-10-08 07:23"
"Meera Jewels Pvt Ltd","","3967728606803596","https://www.facebook.com/ads/library/?id=3967728606803596","Active","Long-runner","70","2025-04-14","2026-10-07","542","Mid","92","138","410","INR","1","","","","","","","","","","VIDEO","","31","facebook, instagram","VIEW_INSTAGRAM_PROFILE","","","Wedding season","Premium / quality; Seasonal / festive","English","And I don't know what's going on in my life","And I don't know what's going on in my life I'm just a bit tired of my life I'm just a bit tired of my life I'm just a bit tired of my life And I don't know what's going on in my life I'm just a bit tired of my life I don't care, I don't care Pyaaray, Pyaaray, Pyaaray, Pyaaray, Pyaaray, Pyaaray, Pyaaray, Pyaaray, Pyaaray, Pyaaray, Pyaaray, Pyaaray, Pyaaray, Pyaaray, Pyaaray, Pyaaray, Pyaaray, Pyaaray, Pyaaray, Pyaaray, Pyaaray, Pyaaray, Pyaaray, Pyaaray, Pyaaray, Pyaaray, Pyaaray, Pyaaray, Pyaaray, Pyaaray, Pyaaray, Pyaaray, Pyaaray, Pyaaray, Pyaaray, Pyaaray, Pyaaray, Pyaaray, Pyaaray, Pyaaray, Pyaaray, Pyaaray, Pyaaray, Pyaaray, Pyaaray, Pyaaray, Pyaaray, Pyaaray, Pyaaray, Pyaaray, Pyaaray, Pyaaray, Pyaaray, Pyaaray, Pyaaray, Pyaaray, Pyaaray, Pyaaray, Pyaaray, Pyaaray, Pyaaray, Pyaaray, Pyaaray, Pyaaray, Pyaaray, Pyaaray, Pyaaray, Pyaaray, Pyaaray, Pyaaray, Pyaaray, Pyaaray, Pyaaray, Pyaaray, Pyaaray, Pyaar, Pyaaray, Pyaaray, Pyaaray, Pyaar, Pyaaray, Pyaaray, Pyaaray, Pyaaray, Pyaaray, Pyaaray, Pyaaray, Pyaaray, Pyaaray, P","Hinglish","","","","","","","","Facebook / Instagram","instagram.com/meera_jewels_","","👑 𝐌𝐞𝐞𝐫𝐚 𝐉𝐞𝐰𝐞𝐥𝐬 - 𝐖𝐡𝐞𝐫𝐞 𝐓𝐫𝐚𝐝𝐢𝐭𝐢𝐨𝐧𝐬 𝐒𝐡𝐢𝐧𝐞 𝐁𝐫𝐢𝐠𝐡𝐭! ✨ Step into a world of timeless elegance with our 𝐇𝐞𝐫𝐢𝐭𝐚𝐠𝐞 𝐁𝐫𝐢𝐝𝐚𝐥 𝐂𝐨𝐥𝐥𝐞𝐜𝐭𝐢𝐨𝐧 💫 Crafted for the queen in you 👰, every piece reflects grace, culture, and royal charm 🌸💍 💎 From majestic necklaces to regal bangles, adorn your special day with the sparkle of heritage and love 💖 Because every bride deserves jewelry that tells a story of tradition and beauty 🕊️✨ 📍 Visit us at: 𝐓𝐰𝐢𝐧 𝐒𝐭𝐚𝐫, 𝐍𝐫. 𝐍𝐚𝐧𝐚 𝐌𝐚𝐯𝐚 𝐂𝐢𝐫𝐜𝐥𝐞, 𝟏𝟓𝟎 𝐅𝐞𝐞𝐭 𝐑𝐢𝐧𝐠 𝐑𝐨𝐚𝐝, 𝐑𝐚𝐣𝐤𝐨𝐭 📌 📞 For more info: +𝟗𝟏 𝟗𝟗𝟎𝟗𝟎 𝟑𝟗𝟎𝟑𝟑 . . {BridalJewelleryTrend, HeritageVibes, RajkotBride, MeeraBridalLook, RoyalWeddingStyle, JewelleryGoals2025} . #MeeraJewels #HeritageBridalCollection #IndianBride #BridalShopping #JewelleryLove #WeddingSeason #TraditionalJewellery #RajkotJewellers #BrideToBe 💫👰💎","http://instagram.com/meera_jewels_","instagram.com","https://video-bom2-4.xx.fbcdn.net/o1/v/t2/f2/m412/AQNm2qSPnt1d4J9CvserEc5ykGJEZyfiNraL3HsLzyUAESQrOJYbxN7T3-K_0sQGRWdr9R3WgJs8pb8S1008Lai3.mp4?_nc_cat=107&_nc_sid=ef5aa3&_nc_ht=video-bom2-4.xx.fbcdn.net&_nc_ohc=iRkMXU8MIhcQ7kNvwER1b07&efg=eyJ2ZW5jb2RlX3RhZyI6Inhwdl9wcm9ncmVzc2l2ZS5WSV9VU0VDQVNFX1BST0RVQ1RfVFlQRS4uQzMuNzIwLmFzaWNfaHEyX2hkX3Byb2dyZXNzaXZlIiwieHB2X2Fzc2V0X2lkIjoxNDU1NjM1NDI2MTU0MDQwLCJhc3NldF9hZ2VfZGF5cyI6MjQzLCJ2aV91c2VjYXNlX2lkIjoxMDY4MCwiZHVyYXRpb25fcyI6MzEsInVybGdlbl9zb3VyY2UiOiJ3d3cifQ%3D%3D&ccb=17-1&_nc_gid=Q98p4d63K_teewdyeAMwLQ&_nc_ss=7b289&_nc_zt=28&oh=00_AQP3b7supvM7tvyzY93PYpUzq0Noy5QLAU8ZazacZm3U2A&oe=6ACD0E8C","IN","2026-10-08 07:23"
"Meera Jewels Pvt Ltd","","1135314398453645","https://www.facebook.com/ads/library/?id=1135314398453645","Active","Long-runner","70","2025-08-25","2026-10-07","409","Mid","92","138","410","INR","1","","","","","","","","","","VIDEO","","19","facebook, instagram","VIEW_INSTAGRAM_PROFILE","","","Wedding season","Premium / quality; Seasonal / festive","English","I'm done for the year. Oh, Johnny, I'm done for the year.","I'm done for the year. Oh, Johnny, I'm done for the year. Oh, Johnny, I'm done for the year. Oh, Johnny, I'm done for the year. Oh, Johnny, I'm done for the year. Oh, Johnny, I'm done for the year. Oh, Johnny, I'm done for the year. Oh, Johnny, I'm done for the year. Oh, Johnny, I'm done for the year. Oh, Johnny, I'm done for the year. Oh, Johnny, I'm done for the year. Oh, Johnny, I'm done for the year. Oh, Johnny, I'm done for the year. Oh, Johnny, I'm done for the year. Oh, Johnny, I'm done for the year. Oh, Johnny, I'm done for the year. you","English","","","","","","","","Facebook / Instagram","instagram.com/meera_jewels_","","💍 𝐍𝐨𝐭 𝐣𝐮𝐬𝐭 𝐣𝐞𝐰𝐞𝐥𝐥𝐞𝐫𝐲, 𝐛𝐮𝐭 𝐡𝐞𝐢𝐫𝐥𝐨𝐨𝐦𝐬 𝐢𝐧 𝐭𝐡𝐞 𝐦𝐚𝐤𝐢𝐧𝐠... Every bride is a queen on her wedding day — and at Meera Jewels, we make sure she shines like royalty. 👑 Our Royal Parampara collection captures the grandeur of tradition, the finesse of craftsmanship, and the dreams of every modern bride. ✨ From timeless polki to majestic temple work, each creation is designed to leave a legacy. Because when tradition meets design — magic happens. 📍 Visit Meera Jewels, Twin Star, Nr. Nana Mava Circle, Rajkot 📞 +91 99090 39033 . . #RoyalParampara #MeeraJewels #BridalElegance #RajkotJewellers #WeddingSeason #JewelleryWithSoul #TimelessCharm #IndianBrideMagic #CraftedWithLove #TraditionInStyle","http://instagram.com/meera_jewels_","instagram.com","https://video-bom5-1.xx.fbcdn.net/o1/v/t2/f2/m86/AQOBgsRBk0fVxRB5towZgfSqRnvddBva0sFWX_TLHn0-GdBn21t-QiwcSSUd_F0Vs43fOdarl0ntbWgoZXH-ev0k14z3Y4Rl7MfMVW8.mp4?_nc_cat=110&_nc_sid=b66105&_nc_ht=video-bom5-1.xx.fbcdn.net&_nc_ohc=6ruQR0i5foMQ7kNvwHb820z&efg=eyJ2ZW5jb2RlX3RhZyI6Inhwdl9wcm9ncmVzc2l2ZS5WSV9VU0VDQVNFX1BST0RVQ1RfVFlQRS4uQzMuNzIwLmRhc2hfYmFzZWxpbmVfMV92MSIsInhwdl9hc3NldF9pZCI6MjI5MDE1NTk2ODA5NzcwOSwiYXNzZXRfYWdlX2RheXMiOjQxNCwidmlfdXNlY2FzZV9pZCI6MTAwOTksImR1cmF0aW9uX3MiOjE5LCJ1cmxnZW5fc291cmNlIjoid3d3In0%3D&ccb=17-1&vs=484fdae43ab51dee&_nc_vs=HBksFQIYUmlnX3hwdl9yZWVsc19wZXJtYW5lbnRfc3JfcHJvZC9DMTQyQ0VEMDZFQThEMkI2QzJDMzk2MjA4OTcxRTNCM192aWRlb19kYXNoaW5pdC5tcDQVAALIARIAFQIYRmlnX3hwdl9yZWVsc19wZXJtYW5lbnRfc3JfcHJvZC83NDQxMzA3ODg0NzI3MzRfNTgzMDE2NDM0MzMxNTQ0OTg1OS5tcDQVAgLIARIAKAAYABsCiAd1c2Vfb2lsATEScHJvZ3Jlc3NpdmVfcmVjaXBlATEVAAAm2rarz8-4kQgVAigCQzMsF0AzbtkWhysCGBJkYXNoX2Jhc2VsaW5lXzFfdjERAHUAZeadAQA&_nc_gid=A5e1ogu9oqyBUMWxqjVZoQ&_nc_ss=7b289&_nc_zt=28&oh=00_AQMBRYZ0g16jIGWQtdNeB_-1Kc8sCF1I162QOfLNLTQP4A&oe=6AC8FD6F","IN","2026-10-08 07:23"
"Meera Jewels Pvt Ltd","","786918483710077","https://www.facebook.com/ads/library/?id=786918483710077","Active","Long-runner","70","2025-09-03","2026-10-07","400","Mid","92","138","410","INR","1","","","","","","","","","","VIDEO","","","facebook, instagram","VIEW_INSTAGRAM_PROFILE","","","","Premium / quality","English","","","","","","","","","","","Facebook / Instagram","instagram.com/meera_jewels_","","✨ 𝐓𝐡𝐞 𝐒𝐩𝐚𝐫𝐤𝐥𝐞 𝐨𝐟 𝐑𝐨𝐲𝐚𝐥𝐭𝐲, 𝐓𝐡𝐞 𝐄𝐬𝐬𝐞𝐧𝐜𝐞 𝐨𝐟 𝐄𝐥𝐞𝐠𝐚𝐧𝐜𝐞 ✨ Every jewel tells a story, and every sparkle reflects timeless grace. 💍💫 Crafted for those who believe in luxury, designed for those who carry royalty in their soul. 👑 When beauty meets brilliance, you don’t just wear jewellery – you wear a legacy. ✨ . . #RoyalElegance #TheSparkleOfRoyalty #TimelessLuxury #HeritageJewels #PreciousCraft #LuxuryLifestyle #JewelsOfIndia #RoyalCharm #EternalShine #LuxuryStatement #EleganceInEveryDetail #TraditionMeetsModern #LuxuryAddict #RegalShine #PreciousElegance #JewelleryOfDreams #LuxuryFashion #LuxuryJewelleryLovers #ExclusiveElegance #DivineSparkle #RoyalHeritage #LuxuryDesigns #TimelessGrace #SparkleForever #ElegancePersonified #JewelleryGoals #LuxuryWorld #CrownYourself #RoyalLifestyle #ShineLikeRoyalty","http://instagram.com/meera_jewels_","instagram.com","https://video-bom5-2.xx.fbcdn.net/o1/v/t2/f2/m366/AQOFVplcKcovy9lrNDfiNcOFfvtJtFtMj7S-eMz86OIhQCGw8QJIvUdAslrl1tA82oEZ8moD6U5HUBvwjIxKb95r8dqcOHu7jais7aojGZJm0Q.mp4?_nc_cat=100&_nc_sid=b66105&_nc_ht=video-bom5-2.xx.fbcdn.net&_nc_ohc=nvlam6GZIeAQ7kNvwHzoDZG&efg=eyJ2ZW5jb2RlX3RhZyI6Inhwdl9wcm9ncmVzc2l2ZS5WSV9VU0VDQVNFX1BST0RVQ1RfVFlQRS4uQzMuNzIwLmRhc2hfaDI2NC1iYXNpYy1nZW4yXzcyMHAiLCJ4cHZfYXNzZXRfaWQiOjc3NTExMzI4NDkxMDg4NSwiYXNzZXRfYWdlX2RheXMiOjQwNCwidmlfdXNlY2FzZV9pZCI6MTAwOTksImR1cmF0aW9uX3MiOjI3LCJ1cmxnZW5fc291cmNlIjoid3d3In0%3D&ccb=17-1&vs=1b6ea3349e4a4875&_nc_vs=HBksFQIYRWZiX2VwaGVtZXJhbC8wODQzQjMwQUUyQTU2RTEyMEM5QjgyRjA4MjYxNEY4QV9tdF8xX3ZpZGVvX2Rhc2hpbml0Lm1wNBUAAsgBEgAVAhhGaWdfeHB2X3JlZWxzX3Blcm1hbmVudF9zcl9wcm9kLzYyMTc4MzI0MDk5OTMyNl80MDYwMzY2MzcyNTk0NTE5NTkyLm1wNBUCAsgBEgAoABgAGwKIB3VzZV9vaWwBMRJwcm9ncmVzc2l2ZV9yZWNpcGUBMRUAACbK_I-AxL3gAhUCKAJDMywXQDuZmZmZmZoYGWRhc2hfaDI2NC1iYXNpYy1nZW4yXzcyMHARAHUAZeadAQA&_nc_gid=K80sFbRoBefPts8vdOLzyg&_nc_ss=7b289&_nc_zt=28&oh=00_AQOAw0gpSP4Fdpj8Hwtq3zFW9kJv7qI7z3Or_i2FegwqIg&oe=6ACCF78C","IN","2026-10-08 07:23"
"Meera Jewels Pvt Ltd","","1.27395E+15","https://www.facebook.com/ads/library/?id=1273950114181480","Active","Long-runner","70","2025-08-25","2026-10-07","409","Mid","92","138","410","INR","1","","","","","","","","","","VIDEO","","","facebook, instagram","VIEW_INSTAGRAM_PROFILE","","","","Premium / quality","English","","","","","","","","","","","Facebook / Instagram","instagram.com/meera_jewels_","","✨ 𝐓𝐡𝐞 𝐒𝐩𝐚𝐫𝐤𝐥𝐞 𝐨𝐟 𝐑𝐨𝐲𝐚𝐥𝐭𝐲 ✨ Not just jewellery, but a legacy of grace, elegance, and timeless beauty. 💎👑 Each masterpiece is crafted with precision, carrying the essence of tradition and the charm of modern design. 🌟 Because true royalty is not worn—it’s lived, it’s felt, and it shines in every detail. 💫 👑 Be Royal. Be Elegant. Be You. 👑 . . #TheSparkleOfRoyalty #RoyalElegance #TimelessBeauty #JewelleryOfIndia #LuxuryLifestyle #RoyalCharm #BeRoyalBeYou #ElegantLiving #PreciousMoments #LuxuryDefined #CrownYourself #JewelleryAddict #LuxuryJewels #RoyalParampara #JewelleryOfGrace #HeritageJewellery #RoyaltyInEveryDetail #ShineWithRoyalty #LuxuryLove #StyleWithGrace #ModernRoyalty #JewelleryObsession #ElegantCharm #TimelessDesigns #LuxuryFashion #RoyalVibesOnly #SparkleWithPride #JewelleryGoals #RoyalLegacy #BeRoyal","http://instagram.com/meera_jewels_","instagram.com","https://video-bom5-1.xx.fbcdn.net/o1/v/t2/f2/m86/AQOeX1zTOvO5dK1KXzorq9NQW5zKWD0yD313LEDMo6SuWaZRym0ND7PPvRH1LlWnnS_wM3JPWJRYHykKQygUTO4Q8X1sYmku-D4LfmM.mp4?_nc_cat=110&_nc_sid=b66105&_nc_ht=video-bom5-1.xx.fbcdn.net&_nc_ohc=cxoT9b0yUXAQ7kNvwEHPiK7&efg=eyJ2ZW5jb2RlX3RhZyI6Inhwdl9wcm9ncmVzc2l2ZS5WSV9VU0VDQVNFX1BST0RVQ1RfVFlQRS4uQzMuNzIwLmRhc2hfYmFzZWxpbmVfMV92MSIsInhwdl9hc3NldF9pZCI6MTA3MDg3ODg3NTIzMjM1MSwiYXNzZXRfYWdlX2RheXMiOjQwOCwidmlfdXNlY2FzZV9pZCI6MTAwOTksImR1cmF0aW9uX3MiOjM0LCJ1cmxnZW5fc291cmNlIjoid3d3In0%3D&ccb=17-1&vs=71c86d1ef795687b&_nc_vs=HBksFQIYUmlnX3hwdl9yZWVsc19wZXJtYW5lbnRfc3JfcHJvZC8yMzQwODA1MzJGN0QyQzNCNTIyQTFDQTg1OENFMTE5OF92aWRlb19kYXNoaW5pdC5tcDQVAALIARIAFQIYRmlnX3hwdl9yZWVsc19wZXJtYW5lbnRfc3JfcHJvZC83MzkwMDE4NzU2MDU4NTJfNzk2Mzc0Nzg0NDM4MzQ0NDUyNS5tcDQVAgLIARIAKAAYABsCiAd1c2Vfb2lsATEScHJvZ3Jlc3NpdmVfcmVjaXBlATEVAAAmvqGlr6395gMVAigCQzMsF0BBbtkWhysCGBJkYXNoX2Jhc2VsaW5lXzFfdjERAHUAZeadAQA&_nc_gid=BHsobHr2eoO9oqV2po7Z9A&_nc_ss=7b289&_nc_zt=28&oh=00_AQMObVJ7Mv00WuE3HwKxofwG78Sv3T_C38Q4jgqNucWHwA&oe=6AC9080F","IN","2026-10-08 07:23"
"Taahira Jewellery","381286471745802","1369124831276957","https://www.facebook.com/ads/library/?id=1369124831276957","Active","Long-runner, Scaled ×2","79","2025-10-07","2026-01-17","366","Mid","130","195","579","INR","2","","","","","","","","","","VIDEO","","22","facebook, instagram, threads","SHOP_NOW","","","","Social proof; Premium / quality","English","I'm gonna play some kind of things","I'm gonna play some kind of things I'm gonna play some things I'm gonna play some kind of things I'm gonna play some kind of things I'm gonna play some kind of things I'm gonna have to You'll see what I'm saying Maybe you'll see what I'm saying","English","","","","","","","","Collection","taahirajewellery.com/collections/necklace","18kt gold-plated collection","Luxury on a budget!  Get the same elegant look as solid gold jewelry, but at a fraction of the cost with our 18kt gold-plated pieces. Affordable luxury has never looked so good! Shop Now →","https://taahirajewellery.com/collections/necklace","taahirajewellery.com","https://video-bom5-2.xx.fbcdn.net/o1/v/t2/f2/m366/AQPyUK15cbNAvuhNelGkN8XITmeAKQV0y6aE6tlM04UoObVLgcaPJPU82rzVP7kxBHAK_M13p_Yp-1fReTXlE4tKK5n_J7VxP4iE8s0YngIWJg.mp4?_nc_cat=108&_nc_sid=b66105&_nc_ht=video-bom5-2.xx.fbcdn.net&_nc_ohc=TcZyFiBzTZgQ7kNvwErfxTv&efg=eyJ2ZW5jb2RlX3RhZyI6Inhwdl9wcm9ncmVzc2l2ZS5WSV9VU0VDQVNFX1BST0RVQ1RfVFlQRS4uQzMuNzIwLmRhc2hfaDI2NC1iYXNpYy1nZW4yXzcyMHAiLCJ4cHZfYXNzZXRfaWQiOjE2ODE1ODA1MDI0NjQ0MTIsImFzc2V0X2FnZV9kYXlzIjo1NjUsInZpX3VzZWNhc2VfaWQiOjEwNzk5LCJkdXJhdGlvbl9zIjoyMiwidXJsZ2VuX3NvdXJjZSI6Ind3dyJ9&ccb=17-1&vs=56228ed88d4b8c56&_nc_vs=HBksFQIYRWZiX2VwaGVtZXJhbC9EMTQ0RUI4N0FGMTJFOENCQ0I5NTVEQzg0RTQ4QkE4OV9tdF8xX3ZpZGVvX2Rhc2hpbml0Lm1wNBUAAsgBEgAVAhg6cGFzc3Rocm91Z2hfZXZlcnN0b3JlL0dQRjA1aHlCU0xqczFTQUVBRFg4S3hKV2FrMTZidjRHQUFBRhUCAsgBEgAoABgAGwKIB3VzZV9vaWwBMRJwcm9ncmVzc2l2ZV9yZWNpcGUBMRUAACa43pWI79j8BRUCKAJDMywXQDZMzMzMzM0YGWRhc2hfaDI2NC1iYXNpYy1nZW4yXzcyMHARAHUAZd6oAQA&_nc_gid=HQ_j9aqtwCyqUVo9y88N8g&_nc_ss=7b289&_nc_zt=28&oh=00_AQNXxpQBWYBhIdt7meSINHIzvykKqvFPigXJWP9a4T3woQ&oe=6ACD2058","IN","2026-10-08 07:23"
"Taahira Jewellery","381286471745802","1449791892921061","https://www.facebook.com/ads/library/?id=1449791892921061","Active","Long-runner, Scaled ×2","79","2025-10-07","2026-01-17","366","Mid","130","195","579","INR","2","","","","","","","","","","VIDEO","","23","facebook, instagram, threads","SHOP_NOW","","","","Premium / quality","English","","","No speech (music only)","","","","","","","","Collection","taahirajewellery.com/collections/buy-3-2999","","“Subtle? Never heard of her. Taahira stacks only.” www.taahirajewellery.com  #TaahiraJewellery #StackItUp #EverydayLuxury #ArmCandy #WristGameStrong #BraceletStack #MinimalDrip #ModernMuse #ChicAndEffortless #StyleMadeSimple","https://taahirajewellery.com/collections/buy-3-2999","taahirajewellery.com","https://video-bom2-4.xx.fbcdn.net/o1/v/t2/f2/m86/AQN0Y2N4O0kM0B-iO-o0IX49o7EeiLOY2VlnrZPXG0mBP-7vtQglE5shyA6YE462BiHmbN9YS9v7nS9pf691AsIaCbKGDS2g19nyU6w.mp4?_nc_cat=107&_nc_sid=b66105&_nc_ht=video-bom2-4.xx.fbcdn.net&_nc_ohc=YmlLCrdfoRoQ7kNvwEmnimm&efg=eyJ2ZW5jb2RlX3RhZyI6Inhwdl9wcm9ncmVzc2l2ZS5WSV9VU0VDQVNFX1BST0RVQ1RfVFlQRS4uQzMuNzIwLmRhc2hfYmFzZWxpbmVfMV92MSIsInhwdl9hc3NldF9pZCI6MTUzMjUwNjk0ODExNzQwNiwiYXNzZXRfYWdlX2RheXMiOjM4NywidmlfdXNlY2FzZV9pZCI6MTAwOTksImR1cmF0aW9uX3MiOjIzLCJ1cmxnZW5fc291cmNlIjoid3d3In0%3D&ccb=17-1&vs=5591f5c652ebd3d6&_nc_vs=HBksFQIYUmlnX3hwdl9yZWVsc19wZXJtYW5lbnRfc3JfcHJvZC82MzRDMjlDNkJCNjRFODVGN0NFMTgwQzhBNzFCRjE4NV92aWRlb19kYXNoaW5pdC5tcDQVAALIARIAFQIYR2lnX3hwdl9yZWVsc19wZXJtYW5lbnRfc3JfcHJvZC8xMjc5ODg3NTIzNDI1NjE3XzY4NDUxMzcwOTMxODI0MDU0MDkubXA0FQICyAESACgAGAAbAogHdXNlX29pbAExEnByb2dyZXNzaXZlX3JlY2lwZQExFQAAJryOkcTS87gFFQIoAkMzLBdANwhysCDEnBgSZGFzaF9iYXNlbGluZV8xX3YxEQB1AGXmnQEA&_nc_gid=MlQHNW6w3977D4UFo-H_Dg&_nc_ss=7b289&_nc_zt=28&oh=00_AQN1P1d67kyrz60v347UOPJzu2gJhpmbt8WZ_fU7grBhWw&oe=6AC900C0","IN","2026-10-08 07:23"
"Taahira Jewellery","381286471745802","817390267657110","https://www.facebook.com/ads/library/?id=817390267657110","Active","Long-runner, Creator collab","78","2025-10-29","2026-01-17","344","Mid","92","138","410","INR","1","","","","","","","","noorztouch","noorafterall","VIDEO","","","facebook, instagram, threads","SHOP_NOW","","","","Creator / UGC","English","","","","","","","","","","","Collection","taahirajewellery.com/collections/best-sellers","","You need a jewellery glow up with @taahirajewelry ✨✨","https://taahirajewellery.com/collections/best-sellers","taahirajewellery.com","https://video-bom5-1.xx.fbcdn.net/o1/v/t2/f2/m367/AQML3vu8Zxi0qprLgqRqkTXWGTdrLnkm88NdoA75H3BjNJeGF0FMt9G0DHzLP1zxRQZfqkzCzc4LIeL8hIzMCPfuZtd1JYbnT5Se98w.mp4?_nc_cat=109&_nc_sid=b66105&_nc_ht=video-bom5-1.xx.fbcdn.net&_nc_ohc=494c1onVXi0Q7kNvwE1eXkB&efg=eyJ2ZW5jb2RlX3RhZyI6Inhwdl9wcm9ncmVzc2l2ZS5WSV9VU0VDQVNFX1BST0RVQ1RfVFlQRS4uQzMuNzIwLmRhc2hfYmFzZWxpbmVfMV92MSIsInhwdl9hc3NldF9pZCI6NDA2NjczODUyMDIzNzY4MywiYXNzZXRfYWdlX2RheXMiOjQ2MywidmlfdXNlY2FzZV9pZCI6MTAwOTksImR1cmF0aW9uX3MiOjMwLCJ1cmxnZW5fc291cmNlIjoid3d3In0%3D&ccb=17-1&vs=e85b532f02582d68&_nc_vs=HBksFQIYQGlnX2VwaGVtZXJhbC9BMTQ2QjhFNkQwQTJFQUU4RTdDOUE4NTk1ODYxNDk4N192aWRlb19kYXNoaW5pdC5tcDQVAALIARIAFQIYR2lnX3hwdl9yZWVsc19wZXJtYW5lbnRfc3JfcHJvZC8xMjU4NTI4NTk1Nzk4ODU0XzI0NzIxOTU4MDkyNjkyNzE0ODUubXA0FQICyAESACgAGAAbAogHdXNlX29pbAExEnByb2dyZXNzaXZlX3JlY2lwZQExFQAAJuaZpY6rq7kOFQIoAkMzLBdAPghysCDEnBgSZGFzaF9iYXNlbGluZV8xX3YxEQB1AGXmnQEA&_nc_gid=xY0_DLAjkJuTniAxOh0eYw&_nc_ss=7b289&_nc_zt=28&oh=00_AQOXxwWnMWNODNWd8m1coU0zBZEhaxhqunikkMPieVsURw&oe=6ACCFB4E","IN","2026-10-08 07:23"
"Ajahara Packaging Pvt Ltd","107951171684842","1100290404904324","https://www.facebook.com/ads/library/?id=1100290404904324","Active","Long-runner","73","2025-08-18","2026-10-07","416","Mid","92","138","410","INR","1","","","","","","","","","","CAROUSEL","3","","facebook, instagram, audience_network","GET_QUOTE","","","","","Hinglish","","","","","","","","","","","Facebook / Instagram","fb.me","Ajahara Packaging Pvt Ltd","Jo Dikhta Hai Woh Biktaa Hai.... Displays & Packaging have become a most important & vital part in your sales circle.. An visually appealing displays entices your customers & gives your clientele a ""WOW"" experience.. The Beautiful Jewellery Merchandising along with the mesmerising masterpieces of fine Jewellery catches the attention of your potential customers & makes them try the jewellery, check it out  & eventually purchase them. In today's arena, A beautiful, organised Jewellery Display & Merchandising is very very very important... Get the best of Jewellery Displays & Merchandising from one of your most loved Jewellery Packaging & Display Brand of India; Ajahara Packaging OPC Pvt Ltd Get the free consultation from us by just replying ""CONTACT US"" & our team will get back to you.. Call/Whatsapp us on +91 9321177663 to know more. An Exclusive Offering by Ajahara Packaging OPC Pvt Ltd","http://fb.me/","fb.me","https://scontent-bom5-1.xx.fbcdn.net/v/t39.35426-6/476466796_637945988732865_2744997814144517702_n.jpg?_nc_cat=110&ccb=1-7&_nc_sid=c53f8f&_nc_ohc=wtNX4chqXYcQ7kNvwEmQ06q&_nc_oc=Adr2fTWgXggcglLb_EFHQJ-RIgO7UfYUC3-usIaXbdQDNIigxQ4Ri9GFARUuAEezsI4&_nc_zt=14&_nc_ht=scontent-bom5-1.xx&_nc_gid=HQ_j9aqtwCyqUVo9y88N8g&_nc_ss=7b289&oh=00_AQMpN1_d_LpjTutyXxdJ74mDm5UjX0jQSBJbTUj4wawcJA&oe=6ACCFFBC","IN","2026-10-08 07:23"
"Ajahara Packaging Pvt Ltd","107951171684842","1670770767156087","https://www.facebook.com/ads/library/?id=1670770767156087","Active","Long-runner","73","2025-02-09","2026-10-07","605","Mid","92","138","410","INR","1","","","","","","","","","","CAROUSEL","3","","facebook, instagram, audience_network","GET_QUOTE","","","","","Hinglish","","","","","","","","","","","Facebook / Instagram","fb.me","Ajahara Packaging Pvt Ltd","Jo Dikhta Hai Woh Biktaa Hai.... Displays & Packaging have become a most important & vital part in your sales circle.. An visually appealing displays entices your customers & gives your clientele a ""WOW"" experience.. The Beautiful Jewellery Merchandising along with the mesmerising masterpieces of fine Jewellery catches the attention of your potential customers & makes them try the jewellery, check it out  & eventually purchase them. In today's arena, A beautiful, organised Jewellery Display & Merchandising is very very very important... Get the best of Jewellery Displays & Merchandising from one of your most loved Jewellery Packaging & Display Brand of India; Ajahara Packaging OPC Pvt Ltd Get the free consultation from us by just replying ""CONTACT US"" & our team will get back to you.. Call/Whatsapp us on +91 9321177663 to know more. An Exclusive Offering by Ajahara Packaging OPC Pvt Ltd","http://fb.me/","fb.me","https://scontent-bom5-1.xx.fbcdn.net/v/t39.35426-6/476466796_637945988732865_2744997814144517702_n.jpg?_nc_cat=110&ccb=1-7&_nc_sid=c53f8f&_nc_ohc=wtNX4chqXYcQ7kNvwEmQ06q&_nc_oc=Adr2fTWgXggcglLb_EFHQJ-RIgO7UfYUC3-usIaXbdQDNIigxQ4Ri9GFARUuAEezsI4&_nc_zt=14&_nc_ht=scontent-bom5-1.xx&_nc_gid=CVZvRQq_0oOSIW1iHdytDw&_nc_ss=7b289&oh=00_AQMTsl9_s5MiMxDSzj9gnvC_w8Zl_tN6ReOCYTIgKzCreQ&oe=6ACCFFBC","IN","2026-10-08 07:23"
"Ajahara Packaging Pvt Ltd","107951171684842","517595977012171","https://www.facebook.com/ads/library/?id=517595977012171","Active","Long-runner","73","2023-03-26","2026-10-07","1292","Mid","92","138","410","INR","1","","","","","","","","","","IMAGE","","","facebook, instagram, audience_network","GET_OFFER","","","","Discount / offer; Premium / quality; Price anchor","English","","","","","","","","","","","Facebook / Instagram","fb.me","Heavy Duty Super Glossy Premium Bags","Presenting The Best Of Jewellery Bags- Heavy Duty Super Glossy Premium Bags  brought to you by Ajahara Packaging OPC  Pvt Ltd ✅ Super Strong 💪 Heavy Duty Bags ✅ 20 kgs Weight Carrying Capacity ✅ Ideal for client making bulk purchases ✅ Printing as sharp n crisp as Page 3 Magazine Cover ✅ Four Sided Box For Perfect Packaging of Products ✅ Bags With Double Zip The bags you could not afford to miss, the best of bags at the best of pricing Standard Sizes: 12*10*4 Rs.125 Only Rs.99 14*12*5 Rs.145 Only Rs.110 16*14*6 Rs.175 Only Rs.125 Call/Whatsapp us on +91 9321177663 to know more An Exclusive Offering by AJAHARA PACKAGING OPC Pvt Ltd","http://fb.me/","fb.me","https://scontent-bom5-1.xx.fbcdn.net/v/t39.35426-6/338025144_1545556652640135_8200585809049111852_n.jpg?_nc_cat=109&ccb=1-7&_nc_sid=c53f8f&_nc_ohc=vRkVOeFFY8EQ7kNvwHdpsgV&_nc_oc=Adrb5sObsexCj90iAgeHIFpE0WYlvVl9DZ7WFqnCg4IPxbShYoN5QrXSdLIi3zcVOno&_nc_zt=14&_nc_ht=scontent-bom5-1.xx&_nc_gid=UcMmqxvmQlgupBnxo-uTOw&_nc_ss=7b289&oh=00_AQPf6ZAFnNQQ2Q50v8_KNXh20yqoFuGZszpYtlEQA6xO_g&oe=6ACD07D8","IN","2026-10-08 07:23"
"GRT Jewellers","152403158122022","756500314103772","https://www.facebook.com/ads/library/?id=756500314103772","Active","Long-runner","70","2025-10-26","2026-10-07","347","Mid","92","138","410","INR","1","","","","","","","","","","DCO","2","","facebook, instagram","SHOP_NOW","20% off","","Festive season","Discount / offer; Seasonal / festive","English","","","","","","","","","","","Other page","grtjewels.com/jewellery/gold-jewellery","{{product.name}}","{{product.brand}}","https://www.grtjewels.com/jewellery/gold-jewellery/gold-earrings.html","grtjewels.com","https://scontent-bom5-1.xx.fbcdn.net/v/t39.35426-6/571122636_820011957106453_3942410560803862203_n.jpg?_nc_cat=110&ccb=1-7&_nc_sid=c53f8f&_nc_ohc=9XxgFyJSsdsQ7kNvwGm10Z8&_nc_oc=Adr7iHxGSK7Q7GUtfvi8hK2lGxUpwrBMSM8_ShpX6x9j1gWqa53roiXXSK4gbzAY2jw&_nc_zt=14&_nc_ht=scontent-bom5-1.xx&_nc_gid=Q98p4d63K_teewdyeAMwLQ&_nc_ss=7b289&oh=00_AQOCrU32KWzeNPw7kWKisMytBA0Zi8VzfUZN_o3yIEno8Q&oe=6ACD211F","IN","2026-10-08 07:23"
"GRT Jewellers","152403158122022","823950823826573","https://www.facebook.com/ads/library/?id=823950823826573","Active","Long-runner, Scaled ×2","77","2025-10-26","2026-10-07","347","Mid","130","195","579","INR","2","","","","","","","","","","DCO","2","","facebook, instagram","SHOP_NOW","20% off","","","Discount / offer","English","","","","","","","","","","","Other page","grtjewels.com/jewellery/gold-jewellery","{{product.name}}","{{product.brand}}","https://www.grtjewels.com/jewellery/gold-jewellery/gold-earrings.html?utm_source=FBInsta&utm_medium=ms-cpc-FB&utm_campaign=MS_GRM_CPC","grtjewels.com","https://scontent-bom5-2.xx.fbcdn.net/v/t39.35426-6/571802739_1447257373005123_7303325850359163242_n.jpg?_nc_cat=108&ccb=1-7&_nc_sid=c53f8f&_nc_ohc=dBryZ_hODH0Q7kNvwEIz8vA&_nc_oc=AdrefJ9TSx3hG-G4Nah9KltGa_sWvtl5dUl8XIz7-kpOw9fti_ork937GyQlaJpjN-M&_nc_zt=14&_nc_ht=scontent-bom5-2.xx&_nc_gid=0mspf98KR1jLvoJcqSGrlA&_nc_ss=7b289&oh=00_AQP31m1yKPUWYjillzxuA0uUVxzmv8MifaiOPZt6f5YMJA&oe=6ACCF0F7","IN","2026-10-08 07:23"
"Nitiraj Engineers Ltd.","414239505443874","1327375101649566","https://www.facebook.com/ads/library/?id=1327375101649566","Active","Long-runner, Scaled ×2","79","2025-04-14","2026-10-07","542","Mid","130","195","579","INR","2","","","","","","","","","","CAROUSEL","5","","facebook, instagram, audience_network","GET_QUOTE","","","","Discount / offer; Social proof; Premium / quality","English","","","","","","","","","","","Facebook / Instagram","fb.me","Nitiraj Engineers Ltd.","PHOENIX Electronic Weighing Scales - best for your business. India's trusted brand of weighing scales. Choose from a wide range of products suitable for your requirement. Ideal for use in shops, industries, hospitals, schools, jewelers and many more places. Made in India! Contact on 9325309664 or visit https://www.nitiraj.net/Contact-us","http://fb.me/","fb.me","https://scontent-bom5-1.xx.fbcdn.net/v/t39.35426-6/440855636_1630865057741687_4133052424784405089_n.jpg?_nc_cat=109&ccb=1-7&_nc_sid=c53f8f&_nc_ohc=Ktg4Bnsd8BIQ7kNvwEUTHMv&_nc_oc=Adqk7WKELeaUydTU21PCtx3l41VD3qLOy0KqrH2LzUqxyqa3G5o3F7_AblIXdA3fafQ&_nc_zt=14&_nc_ht=scontent-bom5-1.xx&_nc_gid=GO7pK0k3dkDxY9uCI_hDjw&_nc_ss=7b289&oh=00_AQOGlxrSrNzU3K0rUKvO0Ntr-nrF0lolgIX7uUZeMKN0Lg&oe=6ACD07CA","IN","2026-10-08 07:23"
"Nitiraj Engineers Ltd.","414239505443874","1379182759935882","https://www.facebook.com/ads/library/?id=1379182759935882","Active","Long-runner","73","2025-04-14","2026-10-07","542","Mid","92","138","410","INR","1","","","","","","","","","","CAROUSEL","5","","facebook, instagram, audience_network","GET_QUOTE","","","","Discount / offer; Social proof; Premium / quality","English","","","","","","","","","","","Facebook / Instagram","fb.me","Nitiraj Engineers Ltd.","PHOENIX Electronic Weighing Scales - best for your business. India's trusted brand of weighing scales. Choose from a wide range of products suitable for your requirement. Ideal for use in shops, industries, hospitals, schools, jewelers and many more places. Made in India! Contact on 9325309664 or visit https://www.nitiraj.net/Contact-us","http://fb.me/","fb.me","https://scontent-bom5-2.xx.fbcdn.net/v/t39.35426-6/447418026_994848858651001_3886259611655397418_n.jpg?_nc_cat=108&ccb=1-7&_nc_sid=c53f8f&_nc_ohc=ERgCQLc8Xd0Q7kNvwGZ3ZZ4&_nc_oc=AdokAnEyNR9zPmS5Usbmw-a952k5WDC0P-LwSiVp8PgtfqFVpEIVBKXvOhdqkIRkgtQ&_nc_zt=14&_nc_ht=scontent-bom5-2.xx&_nc_gid=GO7pK0k3dkDxY9uCI_hDjw&_nc_ss=7b289&oh=00_AQN8ajCqwu53tIaKBO-cGQZ6je0nQ5uyMQimRdAJouK55w&oe=6ACD21BC","IN","2026-10-08 07:23"
"J K Diamonds Institute of Gems & Jewelry","141659362526469","591788157128381","https://www.facebook.com/ads/library/?id=591788157128381","Active","Long-runner","68","2025-01-12","2026-10-07","633","Mid","92","138","410","INR","1","","","","","","","","","","VIDEO","","81","instagram","LEARN_MORE","","","","","English","If you are a diamond or a jewelry business owner, this is super relevant for you.","If you are a diamond or a jewelry business owner, this is super relevant for you. Gone are those days when you would run your business in the most traditional way, running from department to department, purchase to sales, accounting to inventory, managing your team to manage your own personal finances, and only being dependent on mouth publicity for promoting your business. Kirtnavalu, Khaavevalu, the modern way of running a jewelry business is vastly different with structured product knowledge to be able to make the purchases at the right price, having proper systems and processes in place for each department such that all operations run smoothly even without you. You need to be more dependent on brand value instead of just face value. To introduce myself, I am Namanajmeera from JK Diamond Institute of Jameson Joolery. We have a history of more than 35 years in Jameson Joolery education and have coached thousands of Joolery and Diamond Brand owners like Mukti Gold, B. Angeloz, J. Apple Joolies, P.O. Platinum, Shilpa Joolies, Puclean Sons and so many more. If you are somebody in this space, a free masterclass will add a lot of value to help you either start or even run a jewelry business. Just click on the link and watch it now.","English","","","","","","","","Homepage","jkdiamondsinstitute.com","","India’s only On-demand Webinar offering YOU Practical Business Advice in the Gems & Jewelry space.","https://jkdiamondsinstitute.com/?utm_source=meta&utm_medium=cpc&utm_campaign=JK-VideoViews&utm_term=JK-VideoViews1&utm_content=JK-VideoViews1_e","jkdiamondsinstitute.com","https://video-bom5-1.xx.fbcdn.net/o1/v/t2/f2/m560/AQOo54c6R1kV0_YoFn8u6l07hVUswhH1ezlD4iur0w9pRKNmhW_zFGv5Bu-2ClH5r5isNLPJK9NZjSBvtfHzcRFv5KjJrtQsp3k.mp4?_nc_cat=105&_nc_sid=ef5aa3&_nc_ht=video-bom5-1.xx.fbcdn.net&_nc_ohc=b15gsrA6Aa8Q7kNvwHt0YPm&efg=eyJ2ZW5jb2RlX3RhZyI6Inhwdl9wcm9ncmVzc2l2ZS5WSV9VU0VDQVNFX1BST0RVQ1RfVFlQRS4uQzMuNzIwLmFzaWNfaHEyX2hkX3Byb2dyZXNzaXZlIiwieHB2X2Fzc2V0X2lkIjoxMjkxNTAyNTczMTQyMTAxLCJhc3NldF9hZ2VfZGF5cyI6MTUzLCJ2aV91c2VjYXNlX2lkIjoxMDY4MCwiZHVyYXRpb25fcyI6ODEsInVybGdlbl9zb3VyY2UiOiJ3d3cifQ%3D%3D&ccb=17-1&_nc_gid=TNGKJ9xUnY8vM0Rip021Dg&_nc_ss=7b289&_nc_zt=28&oh=00_AQN485vPv-byanGQXWVoNhIUXZ82ykiI_hk4MfoKJG-wlw&oe=6AC9113D","IN","2026-10-08 07:23"
"J K Diamonds Institute of Gems & Jewelry","141659362526469","28061705010141166","https://www.facebook.com/ads/library/?id=28061705010141166","Active","Long-runner","68","2025-01-12","2026-10-07","633","Mid","92","138","410","INR","1","","","","","","","","","","VIDEO","","83","instagram","LEARN_MORE","","","","","English","Are you a diamond or a jewelry business owner looking to ensure that your buying stocks","Are you a diamond or a jewelry business owner looking to ensure that your buying stocks at the right price, increasing your margins and scaling your business, then you are mere. You cannot run your business in old fashion ways. Your purchasing product knowledge and innovative marketing need to be ongoing continuously to ensure that you are scaling. Take the case of Pradwal from Varanasi, currently in Surat. He was a complete fresher with no Julie Pagram. But he had this desire to start something of his own. After doing his Diamond Program and J.K.E., where we coached him about product and market knowledge as well as valuations of Diamond and Julie. He then set up his own Julie brand called Artisaj Wells to cater to the retail customers. He grew his production from 0 to 150 unique time and jewelry designs per month and has gained a customer base of more than 600 customers across India and the Middle East, which proves that there are no geographical boundaries for growth. This is just one example out of thousands of success stories from Jacob Adams Institute. If this one relates to you then I would like to invite you to a free masterclass where you will create a bloated to improve your existing business or even start a new one. Click on the link below and meet me inside.","English","","","","","","","","Homepage","jkdiamondsinstitute.com","","India’s only On-demand Webinar offering YOU Practical Business Advice in the Gems & Jewelry space.","https://jkdiamondsinstitute.com/?utm_source=meta&utm_medium=cpc&utm_campaign=JK-VideoViews&utm_term=JK-VideoViews1&utm_content=JK-VideoViews1_d","jkdiamondsinstitute.com","https://video-bom5-2.xx.fbcdn.net/o1/v/t2/f2/m366/AQP7kFkDySoBsgJganJ6T_heuxXBGtq_VL6sOoZvt53PoFGBxLZKlEN4HWH5XP1fcv2p9zZ040-R6TOsLMKvRMBRtzMk3oRBoqrSKmo64Wri7Q.mp4?_nc_cat=102&_nc_sid=b66105&_nc_ht=video-bom5-2.xx.fbcdn.net&_nc_ohc=jUIJj8I9VvUQ7kNvwHEe7CB&efg=eyJ2ZW5jb2RlX3RhZyI6Inhwdl9wcm9ncmVzc2l2ZS5WSV9VU0VDQVNFX1BST0RVQ1RfVFlQRS4uQzMuNzIwLmRhc2hfaDI2NC1iYXNpYy1nZW4yXzcyMHAiLCJ4cHZfYXNzZXRfaWQiOjkzMjc2NzA1NTM2MDkxNywiYXNzZXRfYWdlX2RheXMiOjcyMywidmlfdXNlY2FzZV9pZCI6MTA3OTksImR1cmF0aW9uX3MiOjgyLCJ1cmxnZW5fc291cmNlIjoid3d3In0%3D&ccb=17-1&vs=1f9dece8e471bc0b&_nc_vs=HBksFQIYRWZiX2VwaGVtZXJhbC82NTRDNzNCNEZEMUFFODJBNTVCQkY0RUFENTRCQzBBM19tdF8xX3ZpZGVvX2Rhc2hpbml0Lm1wNBUAAsgBEgAVAhg6cGFzc3Rocm91Z2hfZXZlcnN0b3JlL0dNcVhsaHZzeUpwWWhQVUdBSFpKMHZCcDdQWUJidjRHQUFBRhUCAsgBEgAoABgAGwKIB3VzZV9vaWwBMRJwcm9ncmVzc2l2ZV9yZWNpcGUBMRUAACaqzvGPmJaoAxUCKAJDMywXQFS7tkWhysEYGWRhc2hfaDI2NC1iYXNpYy1nZW4yXzcyMHARAHUAZd6oAQA&_nc_gid=a39b-AS-nytNb4yo9vYwog&_nc_ss=7b289&_nc_zt=28&oh=00_AQM4P9OoPHbWq7AmTM5q6qIoOKP7bf5kbOGEIS9fxNQ7rw&oe=6ACD0E2A","IN","2026-10-08 07:23"
"Label Swish","119558348589998","24140702292188754","https://www.facebook.com/ads/library/?id=24140702292188754","Active","Long-runner","75","2025-06-04","2026-10-07","491","Mid","92","138","410","INR","1","","","","","","","","","","IMAGE","","","facebook, instagram, messenger, threads","ORDER_NOW","COD available","","","Social proof; New launch; Convenience; Seasonal / festive","English","","","","","","","","","","","Collection","labelswish.com/collections/cheri-collection","NEW COLLECTION","Upgrade Your Wardrobe with CHÉRI COLLECTION!  Shop our latest collection, a stunning choice for the season’s glamour and the arrival of 2024. ⭐ Free domestic shipping ⭐ COD Available","https://labelswish.com/collections/cheri-collection","labelswish.com","https://scontent-bom5-2.xx.fbcdn.net/v/t39.35426-6/503835207_683829111198751_5827585858632360946_n.jpg?_nc_cat=100&ccb=1-7&_nc_sid=c53f8f&_nc_ohc=BWaSyOZ98qIQ7kNvwGza4Le&_nc_oc=AdoPn2Oe4OM_aenSocj8p5ePQBPScNnAawH2tXjEHi0SVrgHwVAU5W-g_w62-fnD1bY&_nc_zt=14&_nc_ht=scontent-bom5-2.xx&_nc_gid=9G8ebrZrrtv8eYZIHv7SHg&_nc_ss=7b289&oh=00_AQOh9frvh5BIZ4zeU7f1ujtClz5SPhlDDFa9ZZUB0dDV_A&oe=6ACD19DB","IN","2026-10-08 07:23"
"Label Swish","119558348589998","709727248751495","https://www.facebook.com/ads/library/?id=709727248751495","Active","Long-runner","75","2025-09-07","2026-10-07","396","Mid","92","138","410","INR","1","","","","","","","","","","IMAGE","","","facebook, instagram, audience_network, messenger, threads","ORDER_NOW","COD available","","","Social proof; New launch; Convenience; Seasonal / festive","English","","","","","","","","","","","Collection","labelswish.com/collections/soft-serving","NEW COLLECTION","Shop our latest collection - SOFT SERVING ,   A stunning choice for the season’s glamour and the arrival of 2025. ⭐ Free domestic shipping ⭐ COD Available","https://labelswish.com/collections/soft-serving","labelswish.com","https://scontent-bom2-4.xx.fbcdn.net/v/t39.35426-6/500073024_1149063296989047_5048253827834376929_n.jpg?_nc_cat=107&ccb=1-7&_nc_sid=c53f8f&_nc_ohc=g2f78g1fORYQ7kNvwHY1Ptc&_nc_oc=AdqxDqZhYBIowndPtUXWHyPDk358WKsLZxd2aB8fr97xG_q0v7vf-IjZJAZcOiFn2-A&_nc_zt=14&_nc_ht=scontent-bom2-4.xx&_nc_gid=CVZvRQq_0oOSIW1iHdytDw&_nc_ss=7b289&oh=00_AQPPdrzzoEawzzzfB8gmv_7S9vicbTIWcsfxiwRiddiV3A&oe=6ACD2476","IN","2026-10-08 07:23"
"Swapna Jewellery","410417556058157","1721907145879576","https://www.facebook.com/ads/library/?id=1721907145879576","Active","Long-runner","75","2025-07-09","2026-10-07","456","Mid","92","138","410","INR","1","","","","","","","","","","DCO","2","","facebook, instagram, audience_network, messenger","WHATSAPP_MESSAGE","","","","","Mixed (English + Malayalam)","","","","","","","","","","","WhatsApp","api.whatsapp.com/send","{{product.name}}","{{product.brand}}","https://api.whatsapp.com/send","api.whatsapp.com","https://scontent-bom5-2.xx.fbcdn.net/v/t39.35426-6/517022306_1056559869471304_774719646246722767_n.jpg?_nc_cat=108&ccb=1-7&_nc_sid=c53f8f&_nc_ohc=-i99dED01m8Q7kNvwGhxwhB&_nc_oc=AdpzjF9KlNYG1B5LUs2xLL8ryh7N2tahEEhln0kn1lKMHHOhzmhIWDqwcQ5brvxv-Ws&_nc_zt=14&_nc_ht=scontent-bom5-2.xx&_nc_gid=MlQHNW6w3977D4UFo-H_Dg&_nc_ss=7b289&oh=00_AQOPf97ofXgfGcRRYffRH-LZi67UX9kqBSsELeYf6BlTtw&oe=6ACD15F7","IN","2026-10-08 07:23"
"Swapna Jewellery","410417556058157","9838062089629092","https://www.facebook.com/ads/library/?id=9838062089629092","Active","Long-runner","75","2025-08-11","2026-10-07","423","Mid","92","138","410","INR","1","","","","","","","","","","VIDEO","","14","facebook, instagram, audience_network, messenger","WHATSAPP_MESSAGE","","","","","Mixed (English + Malayalam)","The first thing that we need to do is to get a new job.","The first thing that we need to do is to get a new job. It's a new job. If you want to get a new job, you can get a new job. If you want to get a new job, you can get a new job. Now, let's get started. All the best service in Kerala.","English","","","","","","","","WhatsApp","api.whatsapp.com/send","കുറഞ്ഞ സമയത്തിൽ","പണയസ്വർണം ? CALL 9995075728","https://api.whatsapp.com/send","api.whatsapp.com","https://video-bom5-1.xx.fbcdn.net/o1/v/t2/f2/m366/AQPZP550YP-xx_IZRFNWg8InA5qtUTf4enVN_IRQuBxhltO7lMQlq7VAdWfjFev9pkbsB-XlQhxIay7o-9M-G7MrWrevTA3GZBqCaoRvIX5UKg.mp4?_nc_cat=110&_nc_sid=b66105&_nc_ht=video-bom5-1.xx.fbcdn.net&_nc_ohc=9uq7gJIpXCUQ7kNvwHM2LCQ&efg=eyJ2ZW5jb2RlX3RhZyI6Inhwdl9wcm9ncmVzc2l2ZS5WSV9VU0VDQVNFX1BST0RVQ1RfVFlQRS4uQzMuNDc2LmRhc2hfaDI2NC1iYXNpYy1nZW4yXzcyMHAiLCJ4cHZfYXNzZXRfaWQiOjE1NDQwMTk3NTMyMzY2OTUsImFzc2V0X2FnZV9kYXlzIjo0MjgsInZpX3VzZWNhc2VfaWQiOjEwNzk5LCJkdXJhdGlvbl9zIjoxNCwidXJsZ2VuX3NvdXJjZSI6Ind3dyJ9&ccb=17-1&vs=d6af619b9bb8ad7d&_nc_vs=HBksFQIYRWZiX2VwaGVtZXJhbC9BQTRDRkNDODFENTA0QkYxRjc2RUQ1Qjk4NUVDODk4Ql9tdF8xX3ZpZGVvX2Rhc2hpbml0Lm1wNBUAAsgBEgAVAhhAZmJfcGVybWFuZW50L0ZDNDA2RjU0MzVDODYzODUzQTlBNEZFQzg2NzM5QkIyX2F1ZGlvX2Rhc2hpbml0Lm1wNBUCAsgBEgAoABgAGwKIB3VzZV9vaWwBMRJwcm9ncmVzc2l2ZV9yZWNpcGUBMRUAACau49fO45G-BRUCKAJDMywXQCxQ5WBBiTcYGWRhc2hfaDI2NC1iYXNpYy1nZW4yXzcyMHARAHUAZd6oAQA&_nc_gid=2ISBOagTjaUQvCNsku8_VQ&_nc_ss=7b289&_nc_zt=28&oh=00_AQN0jEzyeRVEh6eZe-Y_c2pB1mxJlGHil_rtkuNfAArCXQ&oe=6ACD274A","IN","2026-10-08 07:23"
"B.k Jewellery & B.k Silver Jewellery","392578147278800","1331325267993192","https://www.facebook.com/ads/library/?id=1331325267993192","Active","Long-runner","73","2025-10-22","2026-10-07","351","Mid","92","138","410","INR","1","","","","","","","","","","IMAGE","","","facebook, instagram, messenger","MESSAGE_PAGE","","","","Discount / offer","Mixed (English + Bengali)","","","","","","","","","","","No link","","","***ভাই ফোটা উপলক্ষে আমাদের সোনা ও রুপোর গহনার ওপর making charge এ বিশেষ Discount অফার চলছে.... অফারের সুবিধা পেতে আজই আসুন আমাদের ২টি শোরুমে***.... নমস্কার 🙏","","","https://scontent-bom5-2.xx.fbcdn.net/v/t39.35426-6/569047122_632250883175588_2567015089382261989_n.jpg?_nc_cat=100&ccb=1-7&_nc_sid=c53f8f&_nc_ohc=4J4x5ovWXV4Q7kNvwHUIHma&_nc_oc=Adq1M2GD3b_u2GCDoqNi7OtOxIJU9De_RfaKi3Vqo1frqPK47ScFZL_LuM50t5AhdP4&_nc_zt=14&_nc_ht=scontent-bom5-2.xx&_nc_gid=cAuuk2ycBWwiWDo0jenMAw&_nc_ss=7b289&oh=00_AQPYXLOKfdtamisi8a8He7_2rAxNTsWTcgr2AxLhFJxXGw&oe=6ACD1ED0","IN","2026-10-08 07:23"
"B.k Jewellery & B.k Silver Jewellery","392578147278800","2066584007412278","https://www.facebook.com/ads/library/?id=2066584007412278","Active","Long-runner","73","2025-10-22","2026-10-07","351","Mid","92","138","410","INR","1","","","","","","","","","","IMAGE","","","facebook, instagram, messenger","MESSAGE_PAGE","","","","Discount / offer","Mixed (English + Bengali)","","","","","","","","","","","No link","","","***ভাই ফোটা উপলক্ষে আমাদের সোনা ও রুপোর গহনার ওপর making charge এ বিশেষ Discount অফার চলছে.... অফারের সুবিধা পেতে আজই আসুন আমাদের ২টি শোরুমে***.... নমস্কার 🙏 (অফারটি শুধুমাত্র আজকের জন্য)","","","https://scontent-bom5-1.xx.fbcdn.net/v/t39.35426-6/571023626_1587042915594204_5773840266252512394_n.jpg?_nc_cat=111&ccb=1-7&_nc_sid=c53f8f&_nc_ohc=gmKt3zKs1dEQ7kNvwFtvKwI&_nc_oc=AdqlO7dhjziPYBbMEcLqw2QP-YIcsK4ON_wyAFo9y_JXazs_xVUcRN8FvlBa9qUdMt4&_nc_zt=14&_nc_ht=scontent-bom5-1.xx&_nc_gid=57oIPnH0rrjfgsvUEzn3oQ&_nc_ss=7b289&oh=00_AQP7w7f9b3G_TLcmjbkxmpJqBod_P9uexlglHIgxCLNcpw&oe=6ACD1920","IN","2026-10-08 07:23"
"Jewellery & Watches MOS","211966281995382","625646337176874","https://www.facebook.com/ads/library/?id=625646337176874","Active","Long-runner, Scaled ×3","86","2025-05-09","2026-10-06","517","Mid","160","239","709","INR","3","","","","","","","","","","DCO","2","120","facebook, instagram, audience_network, messenger","SHOP_NOW","","","","Discount / offer","English","Welcome to another Golden Watch combo.","Welcome to another Golden Watch combo. When you watch Golden Watch, you will see a couple of watches. One is the Angle-Kannag Golden Watch. Another is the Designer Golden Watch Mutriloom. This is the Angle-Kannag Golden Watch. But the Ladies would watch Golden Watch as a designer. The second is the in the random watchroom. There are two options for each of them. There is one best-tank gifting option. There are two options for each of them. There are two options for each of them. There are two options for each of them. There are two options for each of them. There are two options for each of them. There are two options for each of them. There are two options for each of them. There are two options for each of them. There are two options for each of them. There are two options for each of them. There are two options for each of them. There are two options for each of them., peace, peace, peace, peace, peace, peace, peace, peace, peace, peace, peace, peace, peace, peace, peace, peace, peace, peace, peace, peace, peace, peace, peace, peace, peace, peace, peace, peace, peace, peace, peace, peace, peace, peace, peace, peace, peace, peace, peace, peace, peace, peace, peace, peace, peace, peace, peace, peace, peace, peace, peace, peace, peace, peace, peace, peace, peace, peace, peace, peace, peace, peace, peace, peace, peace, peace, peace, peace, peace, peace, peace, peace, peace, peace, peace, peace, peace, peace, peace, peace, peace, peace, peace, peace, peace, peace, peace, peace, peace, peace, peace, peace, peace, peace, peace, peace, peace, peace, peace, peace, peace, peace, peace, peace, peace, peace, peace, peace, peace, peace, peace, peace, peace, peace, peace, peace, peace, peace, peace, peace, peace, peace, peace, peace, peace, peace, peace, peace, peace, peace, peace, peace, peace, peace, peace, peace, peace, peace, peace, peace, peace, peace, peace, peace, peace, peace, peace, peace, peace, peace, peace, peace, peace, peace, peace, peace, peace, peace, peace, peace, peace, peace, peace, peace, peace, peace, peace, peace, peace, peace, peace, peace, peace, peace, peace, peace, peace, peace, peace, peace, peace, peace, peace, peace, peace, peace, peace, peace, peace, peace, peace, peace, peace, peace, peace, peace, peace, peace, peace, peace, peace, peace, peace, peace, peace, peace, peace, peace, peace, peace, peace, peace, peace, peace, peace, peace the future, you will see the details of the watch. You will see the details of the watch. You will see the details of the watch. You will see the details of the watch. You will see the details of the watch. You will see the details of the watch. You will see the details of the watch. You will see the details of the watch. You will see the details of the watch. You will see the details of the watch. You will see the details of the watch. You will see the details of the watch gold and gold in the rest of the video. The extra added date feature will be the date time. The date time will be the date time of the day. The date time of the day will be the date time of the day. The date time of the day will be the date time of the day. The date time of the day will be the date time of the day. The date time of the day will be the date time of the day. The date time of the day will be the date time of the day. The date time of the day will be the date a coil, or a reception, all the outfits, matches, all the occasions are set. If you wait for another time, you will be able to see a couple of other videos, and if you don't have a designer watch, just click on the button.","English","","","","","","","","Product page","webdeals4u.com/products/mens-golden-watch-with-free-designer-ladies-watch-mlgw2","{{product.name}}","{{product.brand}}","https://webdeals4u.com/products/mens-golden-watch-with-free-designer-ladies-watch-mlgw2?c=58154&n=04226692250","webdeals4u.com","https://video-bom5-2.xx.fbcdn.net/o1/v/t2/f2/m412/AQNtCIH--QkLm04BjaA8sJJmsM3DKws6Dh0tXsL9_ISt4ONS6JiPLHezGjMR1lDSLFqxYBsmhb9Ya_Zv1MT6gDs.mp4?_nc_cat=102&_nc_sid=ef5aa3&_nc_ht=video-bom5-2.xx.fbcdn.net&_nc_ohc=GeLD0Aq0Q1cQ7kNvwFXLDjl&efg=eyJ2ZW5jb2RlX3RhZyI6Inhwdl9wcm9ncmVzc2l2ZS5WSV9VU0VDQVNFX1BST0RVQ1RfVFlQRS4uQzMuNzIwLmFzaWNfaHEyX2hkX3Byb2dyZXNzaXZlIiwieHB2X2Fzc2V0X2lkIjoxOTMyMjgwMTg0Mzg1OTIyLCJhc3NldF9hZ2VfZGF5cyI6MjgzLCJ2aV91c2VjYXNlX2lkIjoxMDY4MCwiZHVyYXRpb25fcyI6MTIwLCJ1cmxnZW5fc291cmNlIjoid3d3In0%3D&ccb=17-1&_nc_gid=fDhth7olAxT-FovKY3fWTg&_nc_ss=7b289&_nc_zt=28&oh=00_AQO8OKjajDWXSooX687LuIJCa55NJfkr9TeJQfyjNhb3MQ&oe=6ACCFC24","IN","2026-10-08 07:23"
"Jewellery & Watches","211550098698167","2.11147E+15","https://www.facebook.com/ads/library/?id=2111468509316570","Active","Long-runner, Scaled ×2","82","2025-05-10","2026-09-08","516","Mid","130","195","579","INR","2","","","","","","","","","","VIDEO","","120","facebook, instagram, audience_network, messenger","SHOP_NOW","","499","","Gifting; Premium / quality; Seasonal / festive","Mixed (English + Hindi / Marathi (Devanagari))","I'm going to give you a gift. I'm going to give you a gift.","I'm going to give you a gift. I'm going to give you a gift. I'm going to give you a gift. I'm going to give you a gift. I'm going to give you a gold medal. I'm going to give you a gold medal. I'm going to give you a gold medal. I'm going to give you a gold medal. I'm going to give you a gold medal. I'm going to give you a gold medal. I'm going to give you a gold medal. I'm going to give you a gold medal. I'm going to give you a gold medal. I'm going to a great person. I know you are a great person. I know you are a great person. I know you are a great person. I know you are a great person. I know you are a great person. I know you are a great person. I know you are a great person. I know you are a great person. I know you are a great person. I know you are a great person. I know you are a great person. I know you are a great person. But the water is not going to get any food, we are not going to get any food. But, we are not going to get any food, we are not going to get any food. We are not going to get any food, we are not going to get any food. But, we are not going to get any food, we are not going to get any food. And, in this way, I will tell you, we are not going to get any food. We are not going to get any food, we are not going to get any food. We are not going to get any food, we are not going to get any food. We are not going to get any food, we are not going to get any food. We are not going to get any food, we are not going to get any food. We are not going to get any food, we are not going to get any food. The child is dead. The most important thing is that you can get a free ticket to the US. You can get a free ticket to the US. You can get a free ticket to the US. You can get a free ticket to the US. You can get a free ticket to the US. You can get a free ticket to the US. You can get a free ticket to the US. You can get a free ticket to the US. You can get a free ticket to the US. You can get a free ticket to the US. You can get a free ticket to the US. I'm not going to person. I'm not a good person. I'm not a good person. I'm not a good person. I'm not a good person. I'm not a good person. I'm not a good person. I'm not a good person. I'm not a good person. I'm not a good person. I'm not a good person. I'm not a good person. I'm not a good person. I'm not a good person. So, I'm I'll see you in the next video.","English","","","","","","","","Product page","offers2buy.com/products/mens-golden-watch-with-free-designer-ladies-watch-mlgw2","पुरुषांसाठी स्वर्ण वॉच, महिलांसाठी फ्री!","₹499 मध्ये पुरुषांसाठी खास स्वर्ण वॉच आणि महिलांसाठी मोफत डिझाइनर वॉच. व्हायरल ऑफर, आत्ता ऑर्डर करा!","https://offers2buy.com/products/mens-golden-watch-with-free-designer-ladies-watch-mlgw2?c=56367&n=01206367559","offers2buy.com","https://video-bom5-2.xx.fbcdn.net/o1/v/t2/f2/m412/AQPBVokyNV6o2wGSVBM_IOC11liV_PYYAVeAFWsISIURK74eubT-g5PABfX4gtjCBeRq0OEEzVeqCwhToGSmluOC.mp4?_nc_cat=104&_nc_sid=ef5aa3&_nc_ht=video-bom5-2.xx.fbcdn.net&_nc_ohc=fBbnzlDBBFkQ7kNvwHQN_kJ&efg=eyJ2ZW5jb2RlX3RhZyI6Inhwdl9wcm9ncmVzc2l2ZS5WSV9VU0VDQVNFX1BST0RVQ1RfVFlQRS4uQzMuNzE2LmFzaWNfaHEyX2hkX3Byb2dyZXNzaXZlIiwieHB2X2Fzc2V0X2lkIjoxMjI1Nzg3NDQ2Mzc2ODM1LCJhc3NldF9hZ2VfZGF5cyI6MjE2LCJ2aV91c2VjYXNlX2lkIjoxMDY4MCwiZHVyYXRpb25fcyI6MTIwLCJ1cmxnZW5fc291cmNlIjoid3d3In0%3D&ccb=17-1&_nc_gid=q7NUTgszYWQAXJCQAxyjww&_nc_ss=7b289&_nc_zt=28&oh=00_AQOT06G-MExKsZm5jg3Zzqj89oAu2UOnYdnTV0rjLxKDrQ&oe=6ACCF579","IN","2026-10-08 07:23"
"Thenmozhi Designs","224184098512959","1.24666E+15","https://www.facebook.com/ads/library/?id=1246658773492900","Active","Long-runner, Scaled ×2","82","2025-05-14","2026-10-07","512","Mid","130","195","579","INR","2","","","","","","","","","","VIDEO","","","facebook, instagram, audience_network, messenger","SHOP_NOW","","","","New launch; Creator / UGC","English","","","","","","","","","","","Collection","thenmozhidesigns.com/collections/all-salwars","","Comment ‘Link’ below and we’ll send you the direct website link!  Comfort meets elegance — discover our new cotton salwar collection, made for everyday grace Shop @ www.thenmozhidesigns.com Earrings @kanakathara_jewellery  #EffortlessElegance #salwar #CottonSuits #EthnicChic #OfficeWear #IndianEthnicWear #KurtaSets #ComfortableFashion #EverydayEthnic #StitchedWithLove #salwarsuits #salwarkameez #indianethnicwear #kurta #kurti #indianfashion","https://thenmozhidesigns.com/collections/all-salwars?filter.v.availability=1","thenmozhidesigns.com","https://video-bom2-3.xx.fbcdn.net/v/t42.1790-2/494100453_1246658806826230_2263311555255026723_n.?_nc_cat=103&ccb=1-7&_nc_sid=c53f8f&_nc_ohc=z9sjeDr_OOwQ7kNvwF-8isE&_nc_oc=AdpOr3lRXX1Zn_Q01bFKdXpSFqim8BurzzIX4YNRPDFXdI7t7u2L6Skk44bRlEkptjY&_nc_zt=28&_nc_ht=video-bom2-3.xx&_nc_gid=RElQT_PINjM6ASdSgm8Rnw&_nc_ss=7b289&oh=00_AQNoDeLveZUFnb5GgTOYRqHpsGIiMx97jPIQ30YY-E4ZIg&oe=6ACD1EB4","IN","2026-10-08 07:23"
"Primrose Jewellery","252968085362713","1242845806739482","https://www.facebook.com/ads/library/?id=1242845806739482","Active","Long-runner, Scaled ×2","74","2024-09-25","2026-10-07","743","Mid","130","195","579","INR","2","","","","","","","","","","VIDEO","","","instagram","SHOP_NOW","","","","","Unknown","","","","","","","","","","","Other page","prim-rose.com/earrings","","","https://www.prim-rose.com/earrings","www.prim-rose.com","https://video-bom5-2.xx.fbcdn.net/o1/v/t2/f2/m412/AQNRM8L_aAehh6-OrfuNGl6liNjLFvliLMFX3OvBi3zkncfq4WGR6lHlyEp-B7WTr9SdftTWtDJInghb0HDgw2w.mp4?_nc_cat=108&_nc_sid=ef5aa3&_nc_ht=video-bom5-2.xx.fbcdn.net&_nc_ohc=Veit1EptTOUQ7kNvwECdkNE&efg=eyJ2ZW5jb2RlX3RhZyI6Inhwdl9wcm9ncmVzc2l2ZS5WSV9VU0VDQVNFX1BST0RVQ1RfVFlQRS4uQzMuNzIwLmFzaWNfaHEyX2hkX3Byb2dyZXNzaXZlIiwieHB2X2Fzc2V0X2lkIjoyMTUxOTMwMDY1NTcyNjkwLCJhc3NldF9hZ2VfZGF5cyI6MTg0LCJ2aV91c2VjYXNlX2lkIjoxMDY4MCwiZHVyYXRpb25fcyI6OCwidXJsZ2VuX3NvdXJjZSI6Ind3dyJ9&ccb=17-1&_nc_gid=QP1QW-IjamFU-I1smpqapg&_nc_ss=7b289&_nc_zt=28&oh=00_AQPfhGrdeYFI0_6d9rWlcugF0MeYFDsLCNMTHp_LlvimXw&oe=6ACD2A96","IN","2026-10-08 07:23"
"Sreenivasa Fashion Jewellery","101166874651165","803831848681035","https://www.facebook.com/ads/library/?id=803831848681035","Active","Long-runner","70","2025-08-06","2026-10-07","428","Mid","92","138","410","INR","1","","","","","","","","","","VIDEO","","88","instagram, audience_network","","","","","","Mixed (English + Malayalam)","Our next official, Hyderabad, Pulseini, Panchaloha, Abernalli,","Our next official, Hyderabad, Pulseini, Panchaloha, Abernalli, will explore the stories. The reason why I came here is because of the rule of the Emeralds, because of the American Diamond designs, the blue sapphire, cubic circle, and the black jewelry, the necklaces, and the stonel, and the bagels, and the body collections. This is the earrings of the stonel. It's a gold plated ornament. There are a lot of different kinds of vehicles, vehicles and other vehicles. There are also various vehicles, vehicles and other earrings. There are also various vehicles and other vehicles. There are also various vehicles and other vehicles. There are also various vehicles and other vehicles. There are also various vehicles and other vehicles. There are also various vehicles and other vehicles. There are also various vehicles and other vehicles. There are also various vehicles and other vehicles. There are also various vehicles and other vehicles. There are also various vehicles and other vehicles. There are also various vehicles and other vehicles. There are also various vehicles and other vehicles. There are also various vehicles and other vehicles. There are also various vehicles and other vehicles. There are also various vehicles and other vehicles. There are also various vehicles and other vehicles. There are also various vehicles and other vehicles. There are also various vehicles and other vehicles. There are also various vehicles and other vehicles. There are also various vehicles and other vehicles. There are also various vehicles and other vehicles. There are also various vehicles and other vehicles. There are also various vehicles and other vehicles. There are also range of options for men's and ladies. There are many options for men's and ladies. There are many options for men's and ladies. There are many strong sides. There are many options for men's and ladies. There are many options for men's and ladies. There are many options for men's and ladies. There are many options for men's and ladies. There are many options for men's and ladies. There are many options for men's and ladies. There are many options for men's and ladies. There are many options for men's and ladies. There are many options for men's and ladies. There are many options for men's and ladies. There are many options for men's and ladies. There are many options for men's and ladies. There are many options for men's and ladies. plan it up. I've been used to it. Our 3rd floor is called the original Hyderabad It's called the top floor, The top floor is called the Palatayas, Palatayas, Shae, And the other floor is called the Avayla, And the other floor is called the Onments, You can't go to the top floor, You can't go to the top floor, You can't go to the online shopping, You can't go to the cash on delivery, But you can't go to the top floor, The top floor is called the Central Mall, The ground floor is called the Street Massage, Thank you.","English","COD available","","","","","","","No link","","","Orginal hydrabadi pearls 💎നമ്മുടെ തൃശൂർ😍","","","https://video-bom5-2.xx.fbcdn.net/o1/v/t2/f2/m412/AQNd-YzoDP1ZRf89b7fK_kjnVB3jkpu8kLx1skoRKbtKye2C1oP3iJVJJyIg9Ra3C2VcyHzfklz-hCsNko4lpZv9.mp4?_nc_cat=104&_nc_sid=ef5aa3&_nc_ht=video-bom5-2.xx.fbcdn.net&_nc_ohc=O0coiYrPvCoQ7kNvwEUH4jF&efg=eyJ2ZW5jb2RlX3RhZyI6Inhwdl9wcm9ncmVzc2l2ZS5WSV9VU0VDQVNFX1BST0RVQ1RfVFlQRS4uQzMuNzIwLmFzaWNfaHEyX2hkX3Byb2dyZXNzaXZlIiwieHB2X2Fzc2V0X2lkIjo5NzkzNDI5MDc3ODM3MDEsImFzc2V0X2FnZV9kYXlzIjoxNzcsInZpX3VzZWNhc2VfaWQiOjEwNjgwLCJkdXJhdGlvbl9zIjo4NywidXJsZ2VuX3NvdXJjZSI6Ind3dyJ9&ccb=17-1&_nc_gid=Q98p4d63K_teewdyeAMwLQ&_nc_ss=7b289&_nc_zt=28&oh=00_AQMeB4VEf7S29ysHJPDL1ZrQJp4hYd5i43eHdN1ZWEV1PQ&oe=6ACD1C29","IN","2026-10-08 07:23"
"ARNAV-Jewellery from the Heart","121385384591948","721524667410608","https://www.facebook.com/ads/library/?id=721524667410608","Active","Long-runner","75","2025-07-21","2026-10-06","444","Mid","92","138","410","INR","1","","","","","","","","","","TEXT","","","facebook, instagram, audience_network, threads","INSTAGRAM_MESSAGE","","","","","English","","","","","","","","","","","Facebook / Instagram","instagram.com","Chat With Us","","https://www.instagram.com/","instagram.com","","IN","2026-10-08 07:23"
"ARNAV-Jewellery from the Heart","121385384591948","4078608725739203","https://www.facebook.com/ads/library/?id=4078608725739203","Inactive","Stopped","","2025-10-08","2025-10-15","7","","","","","INR","1","","","","","","","","","","VIDEO","","","facebook, instagram","WHATSAPP_MESSAGE","","","","","Unknown","","","","","","","","","","","WhatsApp","api.whatsapp.com/send","","","https://api.whatsapp.com/send","api.whatsapp.com","https://video-bom5-1.xx.fbcdn.net/o1/v/t2/f2/m412/AQPPTJH-KHDG-lBZCICOdcrUfynFOuzGNhwP3006yU1snrNbluDukYbadO5XfXLOUrJ3HvT9SiBY5lHl_eB6Evxhp17sVOJsR0eHO9rO1Q.mp4?_nc_cat=105&_nc_sid=ef5aa3&_nc_ht=video-bom5-1.xx.fbcdn.net&_nc_ohc=vjixqrdJopMQ7kNvwFL-RAO&efg=eyJ2ZW5jb2RlX3RhZyI6Inhwdl9wcm9ncmVzc2l2ZS5WSV9VU0VDQVNFX1BST0RVQ1RfVFlQRS4uQzMuMzYwLnN2ZV9zZCIsInhwdl9hc3NldF9pZCI6MTE0NzA1MTYwNjc2NTQ5NCwiYXNzZXRfYWdlX2RheXMiOjM2NCwidmlfdXNlY2FzZV9pZCI6MTAxMDEsImR1cmF0aW9uX3MiOjI3LCJ1cmxnZW5fc291cmNlIjoid3d3In0%3D&ccb=17-1&_nc_gid=aPbJMJY3fJP_2Oy0kr1J-g&_nc_ss=7b289&_nc_zt=28&oh=00_AQOHEeXuzzz6LhtjhlHuuSw84k5GfyoJh8P0-T4I0RJvbw&oe=6ACCFC61","IN","2026-10-08 07:23"
"The Silver Mall Subhash Jewellers Chandigarh","217211861486244","699418212996952","https://www.facebook.com/ads/library/?id=699418212996952","Active","Long-runner","75","2025-07-01","2026-10-07","464","Mid","92","138","410","INR","1","","","","","","","","","","DCO","5","51","facebook, instagram, audience_network, messenger","SHOP_NOW","","","","Discount / offer","English","Excuse me, ma'am. I am very glad to be on this necklace.","Excuse me, ma'am. I am very glad to be on this necklace. Thank you so much. This necklace is from the car. This necklace is from the car. The car is from the car. Where is it from? This is from the car. This is from the car. This is from the car. This is from the car. This is from the car. This is from the car. This is from the car. This is from the car. This is from the car. This is from the car. This is from the car. This is from the car. This is from the car. This is from the car. This is from the car. This is not secret. This is the most expensive 20% off-date. It's very affordable. For all products, making charges is just for you. Today, you should go to the jewellery. If you like this necklace, then it's all the righty. Or else, you'll get the smile. Okay, ma'am. I'll go to the jewellery. Okay. Music","English","20% off","","","","","","","Other page","fb.com/messenger_doc","{{product.name}}","{{product.brand}}","https://fb.com/messenger_doc/","fb.com","https://video-bom5-2.xx.fbcdn.net/o1/v/t2/f2/m560/AQN-qGxDGkJYlQh7TWGYEBXe9KWCO-MnP9HOwTmUo-TNkIRQAvM4PxOKOW4eABy5qH2j02DwkA4E6dhssEqa-7P1l7CIm2eX18E.mp4?_nc_cat=104&_nc_sid=ef5aa3&_nc_ht=video-bom5-2.xx.fbcdn.net&_nc_ohc=-WUJbGSn7owQ7kNvwF7hq-n&efg=eyJ2ZW5jb2RlX3RhZyI6Inhwdl9wcm9ncmVzc2l2ZS5WSV9VU0VDQVNFX1BST0RVQ1RfVFlQRS4uQzMuMTA4MC5hc2ljX2hxMl9oZF9wcm9ncmVzc2l2ZSIsInhwdl9hc3NldF9pZCI6OTA3OTAzMTE4OTUxNDI5LCJhc3NldF9hZ2VfZGF5cyI6MTU2LCJ2aV91c2VjYXNlX2lkIjoxMDY4MCwiZHVyYXRpb25fcyI6NTEsInVybGdlbl9zb3VyY2UiOiJ3d3cifQ%3D%3D&ccb=17-1&_nc_gid=2NMaHKq0mwfpbw5gDx-acg&_nc_ss=7b289&_nc_zt=28&oh=00_AQPpYvvOIhCiWskyHnCYiwjJwtydlc-XsuBvSA8dmH0iNQ&oe=6AC91CFE","IN","2026-10-08 07:23"
"Makeupbykavya","173070740053810","985603693541623","https://www.facebook.com/ads/library/?id=985603693541623","Active","Long-runner","70","2025-03-22","2026-10-07","565","Mid","92","138","410","INR","1","","","","","","","","","","VIDEO","","23","facebook, instagram","VIEW_INSTAGRAM_PROFILE","","","","Seasonal / festive","English","","","No speech (music only)","","","","","","","","Facebook / Instagram","instagram.com/makeupbykavya","","When makeup, hair, jewellery and couture align to create a magical wedding look 🫶🏻","http://instagram.com/makeupbykavya","instagram.com","https://video-bom5-2.xx.fbcdn.net/o1/v/t2/f2/m412/AQM-QC1gKx88gQKIIpQWeEjXTyqqB7AhG9EoBRtFjkQZDGN0E0V7ZEp0eiiECDFrX7RIZyBisN7hfwmArw8owWy3.mp4?_nc_cat=100&_nc_sid=ef5aa3&_nc_ht=video-bom5-2.xx.fbcdn.net&_nc_ohc=-sasoKE-bbMQ7kNvwFjkOyw&efg=eyJ2ZW5jb2RlX3RhZyI6Inhwdl9wcm9ncmVzc2l2ZS5WSV9VU0VDQVNFX1BST0RVQ1RfVFlQRS4uQzMuNzIwLmFzaWNfaHEyX2hkX3Byb2dyZXNzaXZlIiwieHB2X2Fzc2V0X2lkIjoxODEyODE0NjA2MDU4NzQ1LCJhc3NldF9hZ2VfZGF5cyI6MTk1LCJ2aV91c2VjYXNlX2lkIjoxMDY4MCwiZHVyYXRpb25fcyI6MjIsInVybGdlbl9zb3VyY2UiOiJ3d3cifQ%3D%3D&ccb=17-1&_nc_gid=TNGKJ9xUnY8vM0Rip021Dg&_nc_ss=7b289&_nc_zt=28&oh=00_AQM0CDANF2E3EK0BquuVLooiEdKsWSACw0mcOZSXUXfuNQ&oe=6ACD1D09","IN","2026-10-08 07:23"
"JDsolitaire Jewelleryy LLP","706574669205956","694130719782279","https://www.facebook.com/ads/library/?id=694130719782279","Active","Long-runner","70","2025-10-11","2026-10-07","362","Mid","92","138","410","INR","1","","","","","","","","","","VIDEO","","106","facebook, instagram","VIEW_INSTAGRAM_PROFILE","","","","Benefit / claim","English","Sofa, there are some relationships that we always think about for a certain day","Sofa, there are some relationships that we always think about for a certain day But after a certain moment of experience, there is only a few things That is the only thing that can be said to us Maybe there is a time Welcome. Welcome Sir, please sit Thanks Sir, do you think there is a special place for some guests? Yes, it is bigger than that So, I am taking the food But I want something like this Which I never thought of One minute Sir Look Sir One new collection of premium designs. This earrings look so beautiful. I mean, these earrings are made for that And of course, we have a designer, lightweight jewelry specialist IGI certified diamond, 2.5% appreciation and diamond and BIS holmagul with it, like your relationship real, male and female This one Okay sir For a special person, there is only one gift, one memory, one feeling, one relationship, This one. Okay sir.","English","","","","","","","","Facebook / Instagram","instagram.com/gold_jewellery_by_jds","","Because the right piece of jewellery makes her eyes light up forever. Browse lightweight diamond jewellery at competitive rates, only at JD Solitaire Jewellery. . 💎 30 days 100%  money back guarantee (T&C) 💎 2.5% guaranteed yearly appreciation on your diamonds purchased from JD Solitaire 💎 100% IGI-certified diamond jewellery 💎 Free replacement of diamonds under 0.05 CTS / Free care & cleaning . Join 45,000+ customers and be matched with the perfect jewellery for your preferences to a tee. With over 3 decades of experience, JD Solitaire Jewelleryy is the proud family jeweller for clients in Delhi and beyond. . Your purchase will be guided by a professional gemologist and jewellery consultants, to ensure you find the perfect piece for your preferences. . Looking forward to serving you very soon. 𝐇𝐚𝐫 𝐊𝐡𝐮𝐬𝐡𝐢 𝐊𝐢 𝐂𝐡𝐚𝐦𝐚𝐤! 💎","http://instagram.com/gold_jewellery_by_jds","instagram.com","https://video-bom5-1.xx.fbcdn.net/o1/v/t2/f2/m366/AQMI-yXCkEU3qdIudj_XOprNOZWgFtGwYPpaAT6RPWv5iwakoWZFAGM312ZPUAESQs1EV3QUoq6htjVGYJ020ehf3JtMprBgH2a6tIe5jtLeRQ.mp4?_nc_cat=110&_nc_sid=b66105&_nc_ht=video-bom5-1.xx.fbcdn.net&_nc_ohc=76Uz9R9mKx4Q7kNvwEMxeZl&efg=eyJ2ZW5jb2RlX3RhZyI6Inhwdl9wcm9ncmVzc2l2ZS5WSV9VU0VDQVNFX1BST0RVQ1RfVFlQRS4uQzMuMTI4MC5kYXNoX2gyNjQtYmFzaWMtZ2VuMl83MjBwIiwieHB2X2Fzc2V0X2lkIjo4MzY0NDE1OTU2MjQ3MjEsImFzc2V0X2FnZV9kYXlzIjozNjEsInZpX3VzZWNhc2VfaWQiOjEwNzk5LCJkdXJhdGlvbl9zIjoxMDUsInVybGdlbl9zb3VyY2UiOiJ3d3cifQ%3D%3D&ccb=17-1&vs=1bfb4c0211f52fcc&_nc_vs=HBksFQIYRWZiX2VwaGVtZXJhbC8yRDRCNEFBODU3OUI5RTVBOUI5QjEyQjJDOEJEOUQ4NF9tdF8xX3ZpZGVvX2Rhc2hpbml0Lm1wNBUAAsgBEgAVAhhAZmJfcGVybWFuZW50Lzk1NDYwRDk0OTk2QzY3QjI5MDk0Njg5OTdGRDg0MjgzX2F1ZGlvX2Rhc2hpbml0Lm1wNBUCAsgBEgAoABgAGwKIB3VzZV9vaWwBMRJwcm9ncmVzc2l2ZV9yZWNpcGUBMRUAACai9PXCp6_8AhUCKAJDMywXQFp9cKPXCj0YGWRhc2hfaDI2NC1iYXNpYy1nZW4yXzcyMHARAHUAZd6oAQA&_nc_gid=38Ece4EIU27pzJ46f8UWRw&_nc_ss=7b289&_nc_zt=28&oh=00_AQPhRuxannUV9Cy3HVIwq8opBQ7JmrFyzcuqz4yJO67tSg&oe=6ACD109A","IN","2026-10-08 07:23"
"Sonchafa","310928179095698","994309828989871","https://www.facebook.com/ads/library/?id=994309828989871","Active","Long-runner","75","2025-03-14","2026-10-07","573","Mid","92","138","410","INR","1","","","","","","","","","","VIDEO","","26","facebook, instagram, audience_network, messenger","WHATSAPP_MESSAGE","","","","","English","","","No speech (music only)","","","","","","","","WhatsApp","api.whatsapp.com/send","Traditional Maharashtrian jewellery for everyday use","Rajasi Necklace Set","https://api.whatsapp.com/send","api.whatsapp.com","https://video-bom2-4.xx.fbcdn.net/o1/v/t2/f2/m412/AQMpS314l82XE0enxu0yFVZrIIz1HVRJEvvW82dFwjaMw2J8kZQFWBmfzxAKQiQgXyB5IHR5cvFseRWOqf8Ernbg.mp4?_nc_cat=107&_nc_sid=ef5aa3&_nc_ht=video-bom2-4.xx.fbcdn.net&_nc_ohc=VAVuW_Dj6GYQ7kNvwHt_1Cq&efg=eyJ2ZW5jb2RlX3RhZyI6Inhwdl9wcm9ncmVzc2l2ZS5WSV9VU0VDQVNFX1BST0RVQ1RfVFlQRS4uQzMuNzIwLmFzaWNfaHEyX2hkX3Byb2dyZXNzaXZlIiwieHB2X2Fzc2V0X2lkIjoxMzcxNTYwNjQxMjg4ODQ0LCJhc3NldF9hZ2VfZGF5cyI6MzE0LCJ2aV91c2VjYXNlX2lkIjoxMDY4MCwiZHVyYXRpb25fcyI6MjYsInVybGdlbl9zb3VyY2UiOiJ3d3cifQ%3D%3D&ccb=17-1&_nc_gid=38Ece4EIU27pzJ46f8UWRw&_nc_ss=7b289&_nc_zt=28&oh=00_AQNM0dceFUEbzTf38QAXOePrcDTYaUvaBBEEBpmlZ3BhYQ&oe=6ACD19CC","IN","2026-10-08 07:23"
"Tattoos 1960","845063232181839","1701033573955662","https://www.facebook.com/ads/library/?id=1701033573955662","Active","Long-runner","68","2025-03-18","2026-10-07","569","Mid","92","138","410","INR","1","","","","","","","","","","IMAGE","","","instagram","VIEW_INSTAGRAM_PROFILE","","","","Discount / offer; Gifting","English","","","","","","","","","","","Facebook / Instagram","instagram.com/tattoos1960","","A birthday signifies your beginning and the joy of life. Every human on earth has been given a chance to fulfil their own unique mission. A birthday is an important and momentous occasion not to be understated. In our eyes, there is no occasion like a birthday. It is remarkable for the world to have an individual of great potential to have arrived in it. we want to make it remarkable for us by gifting you something that will last forever. We want to gift a tattoo that will mark a significant thought in this lifetime. you can also gift your loved ones such an amazing gift, that will last forever and we will pay half of this gift with all our heart and soul. Terms & Conditions : • Prior appointment is a must. • Two legal birthdate proofs are required. For eg. Pan, Aadhar, Passport. • Tattoos must be done on the birthday. If done in the birthday week, the discount will be reduced to 30%. • Discount is not transferable or sellable. • The discounted cost does not go below the basic cost. Get Complimentary Jewelry as a gift. Terms & Conditions : This offer is valid only under the birthday offer. Get free jewellery of your choice for up to 200rs. A client will receive a gift within one month in case of unavailability. All the T&Cs of the “Tattoos1960s Birthday Offer” is applicable. A client can choose jewellery only from the available stock.  The offer is currently active only in Pune studios.","http://instagram.com/tattoos1960","instagram.com","https://scontent-bom2-4.xx.fbcdn.net/v/t39.35426-6/484950439_1040204824598360_1563636899600705307_n.jpg?_nc_cat=106&ccb=1-7&_nc_sid=c53f8f&_nc_ohc=2twbjN_8cCkQ7kNvwHLsHf_&_nc_oc=AdrrJxdxfWpu7Hk3fEeAh9wnCt9qXDY4bUwIOqqlEvPvmoulwZDVAZQ7g-D5bEQfRyE&_nc_zt=14&_nc_ht=scontent-bom2-4.xx&_nc_gid=tUs3hCGPQV7aksJjy_wqpA&_nc_ss=7b289&oh=00_AQPGJZ2DZX12XJ6GviLePzgJzWTprvqcNeBaS2s0bri2wg&oe=6ACD21F6","IN","2026-10-08 07:23"
"LDS Jewellers","187506931274768","511289201671855","https://www.facebook.com/ads/library/?id=511289201671855","Active","Long-runner","68","2024-09-30","2026-08-14","738","Mid","92","138","410","INR","1","","","","","","","","","","VIDEO","","11","instagram","VIEW_INSTAGRAM_PROFILE","","","Raksha Bandhan","Gifting; Premium / quality","English","I just killed her, she's my heart I'm stuck in the light","I just killed her, she's my heart I'm stuck in the light I'm stuck in the light I'm stuck in the light I'm stuck in the light","English","","","","","","","","Facebook / Instagram","instagram.com/ldsjewellers","","Gearing up for Raksha Bandhan ! If you haven’t found the perfect present yet, we’ve got you covered! 🩶🤍🤎 [gifts, luxury gifting, Raksha Bandhan, brother sister, fine jewellery, fine jewels, best in town, the jewellers who care.]","http://instagram.com/ldsjewellers","instagram.com","https://video-bom5-1.xx.fbcdn.net/o1/v/t2/f2/m412/AQNTlIKGziYwBWKFkbhVv1l01YjRnjSxP1RjAaEcC9YWwKlIQxrwtRiZEQP9dX62ss8YTDjTStrQs0vL4LqBHtQt.mp4?_nc_cat=109&_nc_sid=ef5aa3&_nc_ht=video-bom5-1.xx.fbcdn.net&_nc_ohc=6p8mdqay3YkQ7kNvwF-sGdy&efg=eyJ2ZW5jb2RlX3RhZyI6Inhwdl9wcm9ncmVzc2l2ZS5WSV9VU0VDQVNFX1BST0RVQ1RfVFlQRS4uQzMuNzIwLmFzaWNfaHEyX2hkX3Byb2dyZXNzaXZlIiwieHB2X2Fzc2V0X2lkIjoxNDA1MzY3MDYxMzA2NzUyLCJhc3NldF9hZ2VfZGF5cyI6MzI0LCJ2aV91c2VjYXNlX2lkIjoxMDY4MCwiZHVyYXRpb25fcyI6MTEsInVybGdlbl9zb3VyY2UiOiJ3d3cifQ%3D%3D&ccb=17-1&_nc_gid=SvSEM1z3uGLy3JXeZGGGMg&_nc_ss=7b289&_nc_zt=28&oh=00_AQPBmvO7O3jwI8P6pVsKuWC9h8hJytijOsQY-GPx0nvNzg&oe=6ACCF74A","IN","2026-10-08 07:23"
"Nilis jewellery","291557364516658","854206940214157","https://www.facebook.com/ads/library/?id=854206940214157","Active","Long-runner","68","2024-10-20","2026-10-07","718","Mid","92","138","410","INR","1","","","","","","","","","","IMAGE","","","facebook","LIKE_PAGE","","","","Problem → solution","English","","","","","","","","","","","Facebook / Instagram","facebook.com/291557364516658","Nilis jewellery","One stop destination for costume jewellery solutions.","https://www.facebook.com/291557364516658","facebook.com","https://scontent-bom2-3.xx.fbcdn.net/v/t39.35426-6/463038004_571689535298523_777263798934479244_n.jpg?_nc_cat=101&ccb=1-7&_nc_sid=c53f8f&_nc_ohc=Gc0NKVm8vZYQ7kNvwEtY6Op&_nc_oc=Adoucsliw-Rw2CT-x6pbc_rx4YHeQT_mDqadb5buaMbb0AmWhbr4KBdzNnVig8p955Q&_nc_zt=14&_nc_ht=scontent-bom2-3.xx&_nc_gid=SvSEM1z3uGLy3JXeZGGGMg&_nc_ss=7b289&oh=00_AQODMeY2U2kHeojW_JY49vkGrzw2DTAi8RdhgAGccl9b9g&oe=6ACCFB0A","IN","2026-10-08 07:23"
"Pari Artificial jewellery","581189965079543","1.37916E+15","https://www.facebook.com/ads/library/?id=1379164983292530","Active","Long-runner","70","2025-06-09","2026-10-07","486","Mid","92","138","410","INR","1","","","","","","","","","","VIDEO","","55","facebook, instagram","VIEW_INSTAGRAM_PROFILE","","","","Social proof; Seasonal / festive","Hinglish","This is a full customer, we will talk to him on Instagram and Instagram.","This is a full customer, we will talk to him on Instagram and Instagram. We have come from Punjab, we have come to use their ID. So, what was the price like? The price is not that high. And the price is that high. And the review is very good. If you are calling this video, then you can find a very short video call. It's very interesting. Yes, it's very interesting. If you are interested in my shop, then you can find my shop on my website. Of course, you can find a video call on VIP shop. If you want to find a video call, then you can find a COD available. If you are interested in a video call, then you can find a PAN for you. Then you can find a PAN for you. When you have a PAN, then you can find a PAN. I will go and find a video call. I will go and find a video call. Very good going to take the vehicle. The company is success. Very good shop, you will definitely visit the police for the price. Thank you. Thank you. You both will get a gift from the shop. Thank you.","English","COD available","","","","","","","Facebook / Instagram","instagram.com/pari_artificial_jewllery_6054","","🙌 Amritsar Punjab Customer Review 🙌 “Main Amritsar se aayi hoon aur Pari Artificial Jewellery ka collection dekh ke dil khush ho gaya! Har bride ke liye yahan kuch khaas hai.” 💫💍 📍 Location: Sadar Bazaar, Main Market, Shop No. 6055 🛍️ Opposite VIP Shop 📞 Contact: 8178856819 – Manish Vij 🎉 Aap bhi aaye apni wedding ke liye shopping karne! ✨ Visit Today – Pari Artificial Jewellery ✨ #BridalJewellery #AmritsarToDelhi #PariJewels #SadarBazaarShopping #BrideToBe #ArtificialJewellery #WeddingShopping","http://instagram.com/pari_artificial_jewllery_6054","instagram.com","https://video-bom5-1.xx.fbcdn.net/o1/v/t2/f2/m412/AQN0h_mbT9TlUmG3cC9OF6uC8oIsA5W1gsgh9hGPl6TSZeybalQfkRe_8bI1fVfqaNM7628hoH4hMttpoPOKmDi_.mp4?_nc_cat=110&_nc_sid=ef5aa3&_nc_ht=video-bom5-1.xx.fbcdn.net&_nc_ohc=ruhNjirewGoQ7kNvwE1mePx&efg=eyJ2ZW5jb2RlX3RhZyI6Inhwdl9wcm9ncmVzc2l2ZS5WSV9VU0VDQVNFX1BST0RVQ1RfVFlQRS4uQzMuNzIwLmFzaWNfaHEyX2hkX3Byb2dyZXNzaXZlIiwieHB2X2Fzc2V0X2lkIjoxNDQwNDYyNzk2OTE1MzgwLCJhc3NldF9hZ2VfZGF5cyI6MjEzLCJ2aV91c2VjYXNlX2lkIjoxMDY4MCwiZHVyYXRpb25fcyI6NTQsInVybGdlbl9zb3VyY2UiOiJ3d3cifQ%3D%3D&ccb=17-1&_nc_gid=DSOQdcZrPFeAuBpjirVUhA&_nc_ss=7b289&_nc_zt=28&oh=00_AQMjBTLlCNcxOJGJbWjs9QjeiViGxhPz_npOVIfVTilAMw&oe=6ACD0A07","IN","2026-10-08 07:23"
"Jagdamba Pearls","261786053831994","1506611783874976","https://www.facebook.com/ads/library/?id=1506611783874976","Active","Long-runner","68","2025-11-01","2026-10-07","341","Mid","92","138","410","INR","1","","","","","","","","","","VIDEO","","48","instagram","VIEW_INSTAGRAM_PROFILE","","","","Premium / quality","English","Hi, I'm Lina Vaughan and I come to the Jatambhapur's shop here in Hyderabad after a very long time.","Hi, I'm Lina Vaughan and I come to the Jatambhapur's shop here in Hyderabad after a very long time. This is something that my father bought from the Jatambhapur's 40 years back and I'm still wearing it very proudly. Today I'm here back to Vaughan, the same kind of quality for my daughter. And they have a beautiful correction. So today I'm buying some quarrel, some different kinds of words and beautiful, beautiful, beautiful fresh water words from Jatnava. Thank you so much, Jatnava. You're my family girl, Jatnava.","English","","","","","","","","Facebook / Instagram","instagram.com/_u/jagdambapearls","","✨️True elegance is more than beauty — it’s a legacy.✨️ At Jagdamba Pearls, every creation is crafted to be cherished not just in the moment, but for decades to come.  From the shimmer of each pearl to the care in every detail, our jewellery is made to be passed on, to carry your love, your memories, and your pride into the future.  🛍 Discover your timeless treasure today → www.jpearls.com #JagdambaPearls #PearlJewelry #pearls #foreverjewels #timelessbeauty #100yearslegacy #authenticpearls #SriJagdambaPearls #hyderabad #banglore #india #","https://www.instagram.com/_u/jagdambapearls","www.instagram.com","https://video-bom5-2.xx.fbcdn.net/o1/v/t2/f2/m86/AQMGjRYicXUgTb9W2ZWZl6HL2dAtkoRbGRFpAWmkhzWuRPqfYRskKuMLf0fq68cC1khv1FWeP18aDr0aQBLHf3hD2-2qyX_Sqj-sBlE.mp4?_nc_cat=104&_nc_sid=b66105&_nc_ht=video-bom5-2.xx.fbcdn.net&_nc_ohc=YbPI9eHS5GIQ7kNvwGH8set&efg=eyJ2ZW5jb2RlX3RhZyI6Inhwdl9wcm9ncmVzc2l2ZS5WSV9VU0VDQVNFX1BST0RVQ1RfVFlQRS4uQzMuMzYwLmRhc2hfYmFzZWxpbmVfM192MSIsInhwdl9hc3NldF9pZCI6MTUwMzgxMzAxMDgwMTMzNywiYXNzZXRfYWdlX2RheXMiOjQyMCwidmlfdXNlY2FzZV9pZCI6MTAwOTksImR1cmF0aW9uX3MiOjQ3LCJ1cmxnZW5fc291cmNlIjoid3d3In0%3D&ccb=17-1&vs=28820837c70a7937&_nc_vs=HBksFQIYUmlnX3hwdl9yZWVsc19wZXJtYW5lbnRfc3JfcHJvZC9ENTRFQUUyMTcyM0ZFNkQxQjNGMjUyNzEzOEZBMjdCQl92aWRlb19kYXNoaW5pdC5tcDQVAALIARIAFQIYR2lnX3hwdl9yZWVsc19wZXJtYW5lbnRfc3JfcHJvZC8xMjc3MDExNzk2NjY2MTc2XzI5OTA4MTM0MTE0MTE3MTUwOTYubXA0FQICyAESACgAGAAbAogHdXNlX29pbAExEnByb2dyZXNzaXZlX3JlY2lwZQExFQAAJvKKioW47asFFQIoAkMzLBdAR7ul41P3zxgSZGFzaF9iYXNlbGluZV8zX3YxEQB1AGXmnQEA&_nc_gid=J6WmKuKnc1dsLfMVVGgRKA&_nc_ss=7b289&_nc_zt=28&oh=00_AQO4SlMkOK-Ch2VLfpQ4gdH0mVSPpOaWkDdzLwpRBjkJDA&oe=6AC91DAD","IN","2026-10-08 07:23"
"OLEYA GOLD","109788948100656","1374997043614867","https://www.facebook.com/ads/library/?id=1374997043614867","Active","Long-runner","75","2025-06-30","2026-10-07","465","Mid","92","138","410","INR","1","","","","","","","","","","CAROUSEL","3","11","facebook, instagram, audience_network, messenger","WHATSAPP_MESSAGE","","","","","Mixed (English + Malayalam)","I'm gonna go to the bathroom and get some rest.","I'm gonna go to the bathroom and get some rest.","English","","","","","","","","WhatsApp","api.whatsapp.com/send","OLEYA GOLD","സ്വർണ്ണത്തിന്റെ റേറ്റ് 60000/- കടന്നില്ലേ... ഇനി സ്വർണം വാങ്ങി അണിയാനൊക്കെ സാദാരണക്കാരായ നമുക്ക് അത്ര ഈസി ആണോ... അപ്പൊ എന്ത് ചെയ്യും... പരിഹാരമില്ലേ...?  ഉണ്ടല്ലോ.. ""OLEYA GOLD"" ന്റെ ISO CERTIFIED ആഭരങ്ങൾ സ്വർണം പോലെ തന്നെ ക്വാളിറ്റിയും ലുക്കും ഉള്ളവയാണ്... ഒർജിനൽ ഗോൾഡിൽ കളർ ചെയ്യുന്നതിനാൽ സ്വർണ്ണത്തിന്റെ അതേ ഭംഗിയും കിട്ടും.  ആര് കണ്ടാലും സ്വർണമല്ലെന്നു പറയുകയും ഇല്ല. ആയിരക്കണക്കിന് ഡിസൈനുകളിൽ നിന്നു നിങ്ങളുടെ ജോഡിയെ കണ്ടെത്തുകയെ വേണ്ടു... കൂടുതൽ അറിയാൻ ഞങ്ങളുടെ WhatsApp നമ്പറിൽ ബന്ധപ്പെടുക...","https://api.whatsapp.com/send","api.whatsapp.com","https://video-bom5-2.xx.fbcdn.net/o1/v/t2/f2/m366/AQPkuc2Vji4IuyiHrz4Tj6QDO9MfdSugUSs6sLmr2i6XUoaomPblGR0K_45OtnOYFyGnm02D-7n0ReAArX6o64AiPUNHAt-FpXFAKGzy36Na2A.mp4?_nc_cat=108&_nc_sid=b66105&_nc_ht=video-bom5-2.xx.fbcdn.net&_nc_ohc=krEBjFd48VEQ7kNvwGFBqav&efg=eyJ2ZW5jb2RlX3RhZyI6Inhwdl9wcm9ncmVzc2l2ZS5WSV9VU0VDQVNFX1BST0RVQ1RfVFlQRS4uQzMuNDc2LmRhc2hfaDI2NC1iYXNpYy1nZW4yXzcyMHAiLCJ4cHZfYXNzZXRfaWQiOjM5NjU1MjI3NDAzNjQ5MjgsImFzc2V0X2FnZV9kYXlzIjo2MTcsInZpX3VzZWNhc2VfaWQiOjEwNzk5LCJkdXJhdGlvbl9zIjoxMSwidXJsZ2VuX3NvdXJjZSI6Ind3dyJ9&ccb=17-1&vs=7ea16edb12e63458&_nc_vs=HBksFQIYRWZiX2VwaGVtZXJhbC9EQTQxMzZBQ0Q3Njg1QTZFNEQ3RUMzQUVCMEM2RTg4RV9tdF8xX3ZpZGVvX2Rhc2hpbml0Lm1wNBUAAsgBEgAVAhg6cGFzc3Rocm91Z2hfZXZlcnN0b3JlL0dDMjJUaHpEY3VLQ0hTd0NBR0hEV2JOcm9Tc2didjRHQUFBRhUCAsgBEgAoABgAGwKIB3VzZV9vaWwBMRJwcm9ncmVzc2l2ZV9yZWNpcGUBMRUAACaAms7k5qeLDhUCKAJDMywXQCZ3S8an754YGWRhc2hfaDI2NC1iYXNpYy1nZW4yXzcyMHARAHUAZd6oAQA&_nc_gid=GO7pK0k3dkDxY9uCI_hDjw&_nc_ss=7b289&_nc_zt=28&oh=00_AQN9JhAXzDXLMm2neAXIUzSJSJZ-hDzOpW4SeRWfmF0oow&oe=6ACD1724","IN","2026-10-08 07:23"
"Adwitiya Collection","","3246780462130464","https://www.facebook.com/ads/library/?id=3246780462130464","Active","Long-runner","73","2024-06-28","2026-10-07","832","Mid","92","138","410","INR","1","","","","","","","","","","CAROUSEL","4","","facebook, instagram, messenger","SHOP_NOW","","","","","English","","","","","","","","","","","Homepage","adwitiyacollection.com","Adwitiya Collection","","http://www.adwitiyacollection.com/","adwitiyacollection.com","https://scontent-bom5-2.xx.fbcdn.net/v/t39.35426-6/448989281_485983347262768_6463578236705815437_n.jpg?_nc_cat=108&ccb=1-7&_nc_sid=c53f8f&_nc_ohc=lszPHAXfT4sQ7kNvwFFSntt&_nc_oc=Adof2449eP6KGVSN1rU2BHpd4814NDWeiQoZspCYkos2FAAmdkZv1gCqasa-SZDI5gA&_nc_zt=14&_nc_ht=scontent-bom5-2.xx&_nc_gid=GO7pK0k3dkDxY9uCI_hDjw&_nc_ss=7b289&oh=00_AQNlL-d56MwY-4eyLJ2kz2PQNbyO_ZrRyen4mGkLN0duOA&oe=6ACD0452","IN","2026-10-08 07:23"
"Urbanscape Properties","","1228561225116851","https://www.facebook.com/ads/library/?id=1228561225116851","Active","Long-runner","68","2025-07-03","2026-10-07","462","Mid","92","138","410","INR","1","","","","","","","","","","VIDEO","","95","facebook","LIKE_PAGE","","","","Social proof","English","For a woman, gold is very precious just like her home.","For a woman, gold is very precious just like her home. So we wanted to be in both those worlds. We wanted to make a difference to the woman in both those areas. I suppose somebody wants to be a pilot., somebody wants to pick up a bedroom, or just probably pick up a window, because they are going to pick up a bedroom. So I am going to say everybody stays different, even budget also is like different. But it is a budget friendly, because we have a two bedroom also. We have three bedroom rooms, but the same time, we have the... I mean, I'm not sure if that is at all. I don't know if you can call it luxurious. It's beautifully planned. Quality is top notch. We say it's luxurious but it's affordable. It looks beautifully luxurious but it's affordable. That is how we want it. But being my pearl, we want every candle light to be able to buy our jewelry. Same thing we want, a pearl capes also to be positioned like that. Same time we turned this over for a couple of years. One more way we are launched in Afro-Moz. It's called Leix-Head. So whatever they give you to they keep flipping through their aspiration. There is a tackling called Bhima initiative. Four of them kids.","English","","","","","","","","No link","","","Urbanscape Properties brings you thoughtfully designed homes in Trivandrum — from the trusted legacy of Bhima, known for generations of excellence and integrity.","","","https://video-bom5-1.xx.fbcdn.net/o1/v/t2/f2/m366/AQM_TlBnLtUsMZrGvl_2dW32i6NS7jZo8kAmgKYgPA_RnRj4t_Db8l8qq_btMBu_h5wk19GNKqKENy6Fok-0jd3OIS2nRA-pnr9smyhexjcgYg.mp4?_nc_cat=109&_nc_sid=b66105&_nc_ht=video-bom5-1.xx.fbcdn.net&_nc_ohc=qYvMqJD0N80Q7kNvwFM3xz8&efg=eyJ2ZW5jb2RlX3RhZyI6Inhwdl9wcm9ncmVzc2l2ZS5WSV9VU0VDQVNFX1BST0RVQ1RfVFlQRS4uQzMuNzIwLmRhc2hfaDI2NC1iYXNpYy1nZW4yXzcyMHAiLCJ4cHZfYXNzZXRfaWQiOjcxNzg0MzU1NDMzMTE4MCwiYXNzZXRfYWdlX2RheXMiOjQ2MSwidmlfdXNlY2FzZV9pZCI6MTA3OTksImR1cmF0aW9uX3MiOjk0LCJ1cmxnZW5fc291cmNlIjoid3d3In0%3D&ccb=17-1&vs=4aee8147763e7bb5&_nc_vs=HBksFQIYRWZiX2VwaGVtZXJhbC81MTQ5MTRCMUJFNjRCMEU3RjRBM0JEOUMzNTY0NzhBRF9tdF8xX3ZpZGVvX2Rhc2hpbml0Lm1wNBUAAsgBEgAVAhg6cGFzc3Rocm91Z2hfZXZlcnN0b3JlL0dNa0p1aDdiTTdUa1hnTUVBQk0yUnNTMmhXZ3pidjRHQUFBRhUCAsgBEgAoABgAGwKIB3VzZV9vaWwBMRJwcm9ncmVzc2l2ZV9yZWNpcGUBMRUAACbYqPug_7fGAhUCKAJDMywXQFej52yLQ5YYGWRhc2hfaDI2NC1iYXNpYy1nZW4yXzcyMHARAHUAZd6oAQA&_nc_gid=0mspf98KR1jLvoJcqSGrlA&_nc_ss=7b289&_nc_zt=28&oh=00_AQOzk4o-m2zd3dgGd6Cv1TDGR8Oe8S1Pl3dpYgvKAONTFg&oe=6ACCF157","IN","2026-10-08 07:23"
"Arty Crafty by Shikha Mehta","259684910878897","488536377653734","https://www.facebook.com/ads/library/?id=488536377653734","Active","Long-runner","75","2025-02-21","2026-10-07","593","Mid","92","138","410","INR","1","","","","","","","","","","VIDEO","","46","facebook, instagram, audience_network, messenger","WHATSAPP_MESSAGE","","","","Gifting","English","Very Season Aayu is here. You remember the other one,","Very Season Aayu is here. You remember the other one, made with Arti Kravati. Here, you can make your own day in your own practice. You can make beautiful, unique items, preserve anything. What else can I say if you deserve to be preserved? What else can you make with this? You can make your full jewelry with this. You can make a full gift, you can make a You canT-Zo-Cart-E-Frave. You can make your own photo, photo with commercial games, lakhs. So, this is the next step. Today, we will see a new version of your budget. Your budget-friendly amount will be used for every customization.","English","","","","","","","","WhatsApp","api.whatsapp.com/send","","✨ Handmade with Love – Unique Resin Creations!✨  Looking for customized resin art? 💖 At ArtyCrafty, we create: 🎨 Shahi Chithi, Varmala & Kalireh Frames 💍✨  🖼️ Beautiful Resin Frames for special occasions ✨  🕯️ Decorative Resin Art Pieces  for your home 🏠  🎁 Unique Gifts & Keepsakes for loved ones 🎀 📞 Order Now: +91 93165 01323 📩 DM us to customize your design! #ArtyCrafty #ResinArt #CustomizedGifts #VarmalaFrame #KalirehFrame #ResinFrames #HandmadeWithLove #PersonalizedGifts #homedecor","https://api.whatsapp.com/send","api.whatsapp.com","https://video-bom2-3.xx.fbcdn.net/o1/v/t2/f2/m366/AQMHzOduW_flILR1Up2yh6Y319ELetCARA8x-UukvHtnO1y275fMiU5g0mrYXmnEC3Ix3rFui5UneQLotzxeEC6K2mRIAc05DA1Z1IWtLZJtxg.mp4?_nc_cat=101&_nc_sid=b66105&_nc_ht=video-bom2-3.xx.fbcdn.net&_nc_ohc=lThMqxO1ULcQ7kNvwE5W5Ye&efg=eyJ2ZW5jb2RlX3RhZyI6Inhwdl9wcm9ncmVzc2l2ZS5WSV9VU0VDQVNFX1BST0RVQ1RfVFlQRS4uQzMuNzIwLmRhc2hfaDI2NC1iYXNpYy1nZW4yXzcyMHAiLCJ4cHZfYXNzZXRfaWQiOjExNTgwOTcxNjkyODYxODUsImFzc2V0X2FnZV9kYXlzIjo1OTMsInZpX3VzZWNhc2VfaWQiOjEwMTAxLCJkdXJhdGlvbl9zIjo0NiwidXJsZ2VuX3NvdXJjZSI6Ind3dyJ9&ccb=17-1&vs=689b63ab7efeaa4f&_nc_vs=HBksFQIYRWZiX2VwaGVtZXJhbC9DOTRDM0JBMjJFRTJDNzg4Njc3QzBDMEY5MDlGNjI5Nl9tdF8xX3ZpZGVvX2Rhc2hpbml0Lm1wNBUAAsgBEgAVAhg6cGFzc3Rocm91Z2hfZXZlcnN0b3JlL0dBQ3BvaHlabU5mRUpvOEZBSkRQb3lUbXRkMFpidjRHQUFBRhUCAsgBEgAoABgAGwKIB3VzZV9vaWwBMRJwcm9ncmVzc2l2ZV9yZWNpcGUBMRUAACbSkKCmkNKOBBUCKAJDMywXQEcu2RaHKwIYGWRhc2hfaDI2NC1iYXNpYy1nZW4yXzcyMHARAHUAZeqdAQA&_nc_gid=0mspf98KR1jLvoJcqSGrlA&_nc_ss=7b289&_nc_zt=28&_nc_enc=QWWdxfRLD_XarJtu1A4RRjtXnrjQsTRGUwdMtikPEz5QNVrnvoYRRjKbD2n0Jy1xjYKcKD-PXe3044sGXY3qWbafo7rnQsKF6RJ0pwCvC7QkH8PdPSZgyKzVrM4&oh=00_AQPax0Ae5cBrZ_aG3Gii63xJTknK3sjs_xcWEow52sVCyg&oe=6ACD01C3","IN","2026-10-08 07:23"
"MELO Studio","413073081896893","960600529336651","https://www.facebook.com/ads/library/?id=960600529336651","Active","Long-runner","70","2025-05-27","2026-10-07","499","Mid","92","138","410","INR","1","","","","","","","","","","MULTI_VIDEOS","","50","facebook, instagram","VIEW_INSTAGRAM_PROFILE","","","","","English","I remember watching my mother and my grandmother getting ready.","I remember watching my mother and my grandmother getting ready. The quiet ritual of adorning themselves with jewelry that had so much history. But nowadays everything is fast, beat fashion or trends. So I wanted to create something slower, something more intentional. Shringar meant so much more Mac than. Even today I wear those heirloom pieces. They still sparkle and hold so many stories. Over the years I started styling my own version of that and recently so many of you have asked where did I get them from. That's how Shringar by Meiro was born. I wanted to create a stackable collection that lets you style your story one piece at a time. This is our ode to the women who came before us and the women that we are becoming. Bye.","English","","","","","","","","Facebook / Instagram","instagram.com/melostudio.in","","Shringar is more than adornment—it’s the art of celebrating every curve, every spark, every story you carry. Jewellery isn’t just metal and stones; it’s the poetry you wear.","http://instagram.com/melostudio.in","instagram.com","https://video-bom5-2.xx.fbcdn.net/o1/v/t2/f2/m366/AQNGAsydLzyhKi_wOybfMlISDhOthMtaR6JilmicmLggVuM2wjIvjn9muztgUCPt0bcAm3kp89gmYP2tKPMBmkUfYXLPIBr4aIlxb-_KNJVmYw.mp4?_nc_cat=108&_nc_sid=b66105&_nc_ht=video-bom5-2.xx.fbcdn.net&_nc_ohc=Tz_s2JuM5w8Q7kNvwHP6E-4&efg=eyJ2ZW5jb2RlX3RhZyI6Inhwdl9wcm9ncmVzc2l2ZS5WSV9VU0VDQVNFX1BST0RVQ1RfVFlQRS4uQzMuNzIwLmRhc2hfaDI2NC1iYXNpYy1nZW4yXzcyMHAiLCJ4cHZfYXNzZXRfaWQiOjEyMTAwMzIwNzM5MTQyODksImFzc2V0X2FnZV9kYXlzIjo0OTgsInZpX3VzZWNhc2VfaWQiOjEwNzk5LCJkdXJhdGlvbl9zIjo0OSwidXJsZ2VuX3NvdXJjZSI6Ind3dyJ9&ccb=17-1&vs=d74f3669a9e8209c&_nc_vs=HBksFQIYRWZiX2VwaGVtZXJhbC8wQzQ2QjFEMzE3NkU1NjI4NTE2RDhFNUY0QUY2QzVBMV9tdF8xX3ZpZGVvX2Rhc2hpbml0Lm1wNBUAAsgBEgAVAhg6cGFzc3Rocm91Z2hfZXZlcnN0b3JlL0dEQ3Y0eDEwV3NoM2kyOENBT05BUzllQ0tfZ05idjRHQUFBRhUCAsgBEgAoABgAGwKIB3VzZV9vaWwBMRJwcm9ncmVzc2l2ZV9yZWNpcGUBMRUAACbi3vW-kaGmBBUCKAJDMywXQEjiDEm6XjUYGWRhc2hfaDI2NC1iYXNpYy1nZW4yXzcyMHARAHUAZd6oAQA&_nc_gid=yAY749RI-RDE45OlQQpstA&_nc_ss=7b289&_nc_zt=28&oh=00_AQMpH_dErVcuV7xOcefhl-TOHgFoEA4XxT4jYh0XhVKkNw&oe=6ACCF5FC","IN","2026-10-08 07:23"
"New Ideas Fashions / Bridal Jewellery For Rent","114352982446752","646431188261138","https://www.facebook.com/ads/library/?id=646431188261138","Active","Long-runner","70","2025-09-29","2026-10-07","374","Mid","92","138","410","INR","1","","","","","","","","","","VIDEO","","14","facebook, instagram","VIEW_INSTAGRAM_PROFILE","","","","Creator / UGC","Mixed (English + Tamil)","","","No speech (music only)","","","","","","","","Facebook / Instagram","instagram.com/new_ideas_fashions","","இனிய தீபாவளி நல்வாழ்த்துக்கள் BRIDAL JEWELLERY FOR RENT * FOR BOOKING PLEASE WHATSAAP TO Chennai: 916 5 888 555 Erode: 789 11 88 999 Hyderabad: 91119 39996 JEWELLERY: @new_ideas_fashions  @newideas_erode  @newideasfashionstnagar  @newideas_hyderabad  MAKEUP - @profile_makeover  HAIR- @monisha_hair_mua  OUTFIT- @tweety_threads  Photography - @sano_visuals","http://instagram.com/new_ideas_fashions","instagram.com","https://video-bom2-4.xx.fbcdn.net/o1/v/t2/f2/m367/AQNqJspFMzTbd7ZQxtJH-SrubXHZazrGi9mREfWOR-_yoNVGqu5iKVK6JLbF2BngL6MqZMQ6WHT86LAVvcqiYZdBopkdiZcWovc6y5U.mp4?_nc_cat=106&_nc_sid=b66105&_nc_ht=video-bom2-4.xx.fbcdn.net&_nc_ohc=_0sPqc06qIUQ7kNvwGCMIhG&efg=eyJ2ZW5jb2RlX3RhZyI6Inhwdl9wcm9ncmVzc2l2ZS5WSV9VU0VDQVNFX1BST0RVQ1RfVFlQRS4uQzMuNzIwLmRhc2hfYmFzZWxpbmVfMV92MSIsInhwdl9hc3NldF9pZCI6MjA1MTI0NTQzODY2MDI4NiwiYXNzZXRfYWdlX2RheXMiOjcwNywidmlfdXNlY2FzZV9pZCI6MTAwOTksImR1cmF0aW9uX3MiOjE0LCJ1cmxnZW5fc291cmNlIjoid3d3In0%3D&ccb=17-1&vs=64a71162c3ad64fd&_nc_vs=HBksFQIYQGlnX2VwaGVtZXJhbC84OTRCNjZFQjQwOTVCQ0MzRDI2Q0FFMzY3RkMxMEY5Ml92aWRlb19kYXNoaW5pdC5tcDQVAALIARIAFQIYRmlnX3hwdl9yZWVsc19wZXJtYW5lbnRfc3JfcHJvZC80ODEyMjI5NjQ5NjExMDRfNTU4MDY2Mzg3MzE3ODg2NTk2Ni5tcDQVAgLIARIAKAAYABsCiAd1c2Vfb2lsATEScHJvZ3Jlc3NpdmVfcmVjaXBlATEVAAAm_Lq_u5nmpAcVAigCQzMsF0Asd0vGp--eGBJkYXNoX2Jhc2VsaW5lXzFfdjERAHUAZeadAQA&_nc_gid=f4DxSNEyUVWhwXciy90_Yw&_nc_ss=7b289&_nc_zt=28&oh=00_AQOcSeC-ygW4-16v34lrRPuslXsgLoI00Aa9Cdv8RxvdtA&oe=6ACD1ACB","IN","2026-10-08 07:23"
"Mozaati","107090254106829","820675006153538","https://www.facebook.com/ads/library/?id=820675006153538","Active","Long-runner","75","2024-05-21","2026-10-07","870","Mid","92","138","410","INR","1","","","","","","","","","","DPA","6","","facebook, instagram, audience_network, messenger","SHOP_NOW","Free shipping","","","Convenience","English","","","","","","","","","","","Homepage","mozaati.com","{{product.current_price strip_zeros}} | {{product.name}}","Shop graceful, elegant and one-of-a-kind pieces. Jewellery set in 18kt gold plating, encrusted with quality grade cubic zirconia, synthetic stones and pearls or high kundan crystals. Free shipping across India.","https://www.mozaati.com/","mozaati.com","https://scontent-bom5-1.xx.fbcdn.net/v/t39.35426-6/358124935_163651256723597_7140038396262474679_n.jpg?_nc_cat=105&ccb=1-7&_nc_sid=c53f8f&_nc_ohc=fyT-TvAyDSwQ7kNvwE5g8Ia&_nc_oc=AdrFXxPZS50Ja8g1BNdpIMhQupaNnjQUYkgLr51rJ8yCGHNJDySqkgnrT8RjILKt4bU&_nc_zt=14&_nc_ht=scontent-bom5-1.xx&_nc_gid=GwGzGR5QYJ9QK47fj0mihg&_nc_ss=7b289&oh=00_AQO9EdRyb4nU82zRhmkg4O_Sdz_ftlujNcfiSMoWAX0i-w&oe=6ACCF41B","IN","2026-10-08 07:23"
"Brishni - Jewellery","666760246824221","387356063905658","https://www.facebook.com/ads/library/?id=387356063905658","Active","Long-runner","68","2024-03-07","2026-10-07","944","Mid","92","138","410","INR","1","","","","","","","","","","VIDEO","","38","instagram","VIEW_INSTAGRAM_PROFILE","","","","Discount / offer","English","I'm going to use the same color as the other one. I'm going to use the same color as the other one.","I'm going to use the same color as the other one. I'm going to use the same color as the other one. I'm going to use the same color as the other one. I'm going to use the same color as the other one. I'm going to use the same color as the other one. I'm going to use the same color as the other one. I'm going to use the same color as the other one. I'm going to use the same color as the other one. I'm going to use the same color as the other one. I'm going to use the same color as the other one. I'm going to use the same color as the other one. I'm going to use the same color as the other one. I'm going to use the same color as the other one. I'm going to use the same color as the other one. I'm going to get a new video. So","English","","","","","","","","Facebook / Instagram","instagram.com/brishnijewellery","","Empower yourself this Women's Day! 🌸 Enjoy a 5% discount as a token of appreciation for all the amazing women out there! (from March 8th to 10th). Celebrate your strength, beauty, and resilience with us. Happy Women's Day! 💪🌸 #womensday #exclusivediscounts #empowerment","http://instagram.com/brishnijewellery","instagram.com","https://video-bom5-1.xx.fbcdn.net/o1/v/t2/f2/m412/AQNhrGAMsgj2JQ3f2ra-v9v18WZc74id9SxKNdEO-fOt4bKZWyp548AEkC9AxbbYd3mJiImmO3mJTESXSlEdweac.mp4?_nc_cat=109&_nc_sid=ef5aa3&_nc_ht=video-bom5-1.xx.fbcdn.net&_nc_ohc=ZAliJDHS1msQ7kNvwHnc8fW&efg=eyJ2ZW5jb2RlX3RhZyI6Inhwdl9wcm9ncmVzc2l2ZS5WSV9VU0VDQVNFX1BST0RVQ1RfVFlQRS4uQzMuNzIwLmFzaWNfaHEyX2hkX3Byb2dyZXNzaXZlIiwieHB2X2Fzc2V0X2lkIjoxMjI0NzQxNjM1OTkyNDc1LCJhc3NldF9hZ2VfZGF5cyI6MjMxLCJ2aV91c2VjYXNlX2lkIjoxMDY4MCwiZHVyYXRpb25fcyI6MzgsInVybGdlbl9zb3VyY2UiOiJ3d3cifQ%3D%3D&ccb=17-1&_nc_gid=P4ALoiFZ3Wvv8BAh_gtyyw&_nc_ss=7b289&_nc_zt=28&oh=00_AQPy694E-lNusOMeLQYIZFO3ukz3WCOx-PY6b89gaxSuRg&oe=6ACCFE26","IN","2026-10-08 07:23"
"Saakshi Jewellery","184291124775435","1121400066619294","https://www.facebook.com/ads/library/?id=1121400066619294","Active","Long-runner","70","2025-09-09","2026-10-07","394","Mid","92","138","410","INR","1","","","","","","","","","","VIDEO","","35","facebook, instagram","VIEW_INSTAGRAM_PROFILE","","","","New launch","English","Music Thanks for watching!","Music Thanks for watching!","English","","","","","","","","Facebook / Instagram","instagram.com/saakshijewellery.official","","✨ Layers of brilliance, strung together in timeless artistry. Every stone speaks, every strand shines — because true beauty is never one-dimensional.✨ South City Mall  [New Arrivals, Stunning new designs, Enchanting new collection, Gant-Bandhan Collection, Noor-E-Shaadi Kundan Sets, Gant-Bandhan Collection]  #FineJewelry #SaakshiJewellery #JewelryLovers #KundanSet #KundanJewellery","http://instagram.com/saakshijewellery.official","instagram.com","https://video-bom5-2.xx.fbcdn.net/o1/v/t2/f2/m86/AQNh7GCAoGJOhP1w7WWuGbefbHiYPaXX2yQLLnty-JUP_4fONunnGzt_R-oeo1UOeh7mFOxZ3IaGXEY0G2SpIQN5KMMwMfopFTpnGas.mp4?_nc_cat=100&_nc_sid=b66105&_nc_ht=video-bom5-2.xx.fbcdn.net&_nc_ohc=1wVxS23ZDFcQ7kNvwFYgb_q&efg=eyJ2ZW5jb2RlX3RhZyI6Inhwdl9wcm9ncmVzc2l2ZS5WSV9VU0VDQVNFX1BST0RVQ1RfVFlQRS4uQzMuMzYwLmRhc2hfYmFzZWxpbmVfM192MSIsInhwdl9hc3NldF9pZCI6MTQzNTM2NDI5NDQyNDU4MiwiYXNzZXRfYWdlX2RheXMiOjM5OSwidmlfdXNlY2FzZV9pZCI6MTAwOTksImR1cmF0aW9uX3MiOjM0LCJ1cmxnZW5fc291cmNlIjoid3d3In0%3D&ccb=17-1&vs=4d18fb16cdcefbeb&_nc_vs=HBksFQIYUmlnX3hwdl9yZWVsc19wZXJtYW5lbnRfc3JfcHJvZC9CMjQ3NEMzRkNDRjE5RUZENDkzRDM1RjlDNkE1MjA4MV92aWRlb19kYXNoaW5pdC5tcDQVAALIARIAFQIYR2lnX3hwdl9yZWVsc19wZXJtYW5lbnRfc3JfcHJvZC8xOTM5NzgzODEwMTkzOTk4Xzg0Mzc4MDYxODIxNzU1NjY3OTgubXA0FQICyAESACgAGAAbAogHdXNlX29pbAExEnByb2dyZXNzaXZlX3JlY2lwZQExFQAAJozgo66Z3YwFFQIoAkMzLBdAQWZmZmZmZhgSZGFzaF9iYXNlbGluZV8zX3YxEQB1AGXmnQEA&_nc_gid=P4ALoiFZ3Wvv8BAh_gtyyw&_nc_ss=7b289&_nc_zt=28&oh=00_AQNOCYJCy6T-iv5qUBY8VV5MxR2tZcLEDEpEM_lXIUZkpg&oe=6AC90A25","IN","2026-10-08 07:23"
"jodhajewels","","989778013094431","https://www.facebook.com/ads/library/?id=989778013094431","Active","Long-runner","70","2025-03-09","2026-10-07","577","Mid","92","138","410","INR","1","","","","","","","","","","VIDEO","","16","facebook, instagram","VIEW_INSTAGRAM_PROFILE","","","","Premium / quality","English","This is the way to go, my dear","This is the way to go, my dear You are my love I'm going to go to you","English","","","","","","","","Facebook / Instagram","instagram.com/jodha.jewels","","Delicate, timeless, and beautifully crafted Pure Silver  Anklets that add the perfect touch to every look. 💫✨   Shop here: https://jodhajewels.com/ [jewellery, silver jewellery, pure silver, party wear jewellery, oxidised jewellery, best jewellery, anklets in silver, silver panjeb, pure silver payal, silver anklets, oxidised pajeb , silver payal] #jodhajewels #Jewellery #Silverjewellery #Oxidisedjewellery #silveranklets #silvepayal","http://instagram.com/jodha.jewels","instagram.com","https://video-bom5-2.xx.fbcdn.net/o1/v/t2/f2/m560/AQM-Ysap56KOq3DWa4I1iakGUr6XDDwJ1s4Ryv3pAC7rJuRdgIoJyZSXiq_JDuABg4pbjI8Lvbn9rCPGJXrYhrIO7kgj5TOAGU0.mp4?_nc_cat=104&_nc_sid=ef5aa3&_nc_ht=video-bom5-2.xx.fbcdn.net&_nc_ohc=L1WPbKJjlS0Q7kNvwHeB7kY&efg=eyJ2ZW5jb2RlX3RhZyI6Inhwdl9wcm9ncmVzc2l2ZS5WSV9VU0VDQVNFX1BST0RVQ1RfVFlQRS4uQzMuNzIwLmFzaWNfaHEyX2hkX3Byb2dyZXNzaXZlIiwieHB2X2Fzc2V0X2lkIjoyNDM2NTM2MjQwMTMwODY1LCJhc3NldF9hZ2VfZGF5cyI6MTY0LCJ2aV91c2VjYXNlX2lkIjoxMDY4MCwiZHVyYXRpb25fcyI6MTYsInVybGdlbl9zb3VyY2UiOiJ3d3cifQ%3D%3D&ccb=17-1&_nc_gid=fDhth7olAxT-FovKY3fWTg&_nc_ss=7b289&_nc_zt=28&oh=00_AQPmibTZn2U9vSWVxVSKV4_LiJNMsDIwXQljwhNw4_eU1A&oe=6AC90B56","IN","2026-10-08 07:23"
"Helen Jewelry Shop","","1338519154308566","https://www.facebook.com/ads/library/?id=1338519154308566","Active","Long-runner","75","2025-10-14","2026-10-07","359","Mid","92","138","410","INR","1","","","","","","","","","","VIDEO","","33","facebook, instagram, audience_network, messenger","VIEW_INSTAGRAM_PROFILE","","","","Seasonal / festive","English","Music Thank you.","Music Thank you.","English","","","","","","","","Facebook / Instagram","instagram.com/helenjewelryshop","","Hi everyone! ✨ Come visit our branch at 927 Ongpin Street in Sta. Cruz, Manila, right in the heart of Chinatown and Binondo! We're open Mondays to Saturdays from 10:30 AM to 5:30 PM. Explore our wide collection of beautiful gold and diamond jewelry, including stunning wedding and engagement rings, and so much more! We're dedicated to offering the best quality we can at the most reasonable prices, while upholding honesty and transparency in everything we do. We're always happy to help you find the perfect piece to cherish. #helenjewelryshop #jewellery #jewelry #gold #diamonds #weddingring #engagementring #GIA #Ongpin #Manila #binondo","http://instagram.com/helenjewelryshop","instagram.com","https://video-bom2-3.xx.fbcdn.net/o1/v/t2/f2/m412/AQOfmFYKJuz4GGFDQ5BdvAud5bnt8eaQ8FEO_5HRMnlFW8HcZc_LDBE0fSAE7fJtgHiW1JnFz6nbEY_yOVq66VzW.mp4?_nc_cat=103&_nc_sid=ef5aa3&_nc_ht=video-bom2-3.xx.fbcdn.net&_nc_ohc=y5HWvupnu-oQ7kNvwHi_bZ5&efg=eyJ2ZW5jb2RlX3RhZyI6Inhwdl9wcm9ncmVzc2l2ZS5WSV9VU0VDQVNFX1BST0RVQ1RfVFlQRS4uQzMuNzIwLmFzaWNfaHEyX2hkX3Byb2dyZXNzaXZlIiwieHB2X2Fzc2V0X2lkIjoxNDc1Nzc5NjkwOTQwMzcxLCJhc3NldF9hZ2VfZGF5cyI6MTkwLCJ2aV91c2VjYXNlX2lkIjoxMDY4MCwiZHVyYXRpb25fcyI6MzIsInVybGdlbl9zb3VyY2UiOiJ3d3cifQ%3D%3D&ccb=17-1&_nc_gid=DZPIARQo_KEJwm6yMBXskQ&_nc_ss=7b289&_nc_zt=28&oh=00_AQMBejq4gct8RTIDS6EEzy8foVJ_g9Wx8fovyma2YQeU_A&oe=6ACD2050","IN","2026-10-08 07:23"
"Sonal Fashion Jewelery","","892190235339225","https://www.facebook.com/ads/library/?id=892190235339225","Active","Long-runner","75","2024-10-14","2026-10-02","724","Mid","92","138","410","INR","1","","","","","","","","","","IMAGE","","","facebook, instagram, audience_network, messenger","SHOP_NOW","Free shipping; COD available","","","Premium / quality; Convenience","English","","","","","","","","","","","Homepage","sonalfashion.com","Buy Indian Jewelry For Every Occasions - Sonal Fashion Jewellery","Unique Design Rose Gold Bangles to shop for this Jewelry visit : www.sonalfashion.com To check more designs and shop products, please visit our website and search the product code: SKU: 1U787 Premium Quality, Free Shipping*, COD Available* for further help and inquiries DM us, and we will be glad to help you. you can also contact us: at +91-9782038520 and don't forget to save our collection in your saved items for shop further. #sonalfashion #sonalfashionjewelry #antiquejewelery #jewerly #necklaces #rosegoldbangles #kada #antiquekada #mattefinishkada #bangles #rosegoldbangles #jeweleryaccessory #fashion #chennaijewelery #bangles #banglescollection #bangleset #bangleslove #bangleslover #banglesofinstagram  #bridaljewelry #templejewel #designerjewerly #antiquejewelrybox #immitationjewellery #immitationjewels #indianjewellery #southindianjewels #southindianjewelry","https://www.sonalfashion.com/","sonalfashion.com","https://scontent-bom2-4.xx.fbcdn.net/v/t39.35426-6/332640614_754405212545363_5682757515453963734_n.jpg?_nc_cat=107&ccb=1-7&_nc_sid=c53f8f&_nc_ohc=S-TZlaRAMdkQ7kNvwGndw3l&_nc_oc=Adpct2SRSNdF71gZJ84Y2ez922V9UDiiu5PBdR7Gzg6oTcYLGbQr9xz2CDpfvRjKs_s&_nc_zt=14&_nc_ht=scontent-bom2-4.xx&_nc_gid=DZPIARQo_KEJwm6yMBXskQ&_nc_ss=7b289&oh=00_AQPWoEJEyRx-qeAyRLRfNgPI4azWBOpDwIAredHBeiDtcA&oe=6ACD099A","IN","2026-10-08 07:23"
"Archi Gold","232046868223188","1192859792062322","https://www.facebook.com/ads/library/?id=1192859792062322","Active","Long-runner","75","2025-05-11","2026-10-07","515","Mid","92","138","410","INR","1","","","","","","","","","","VIDEO","","62","facebook, instagram, audience_network, messenger","WHATSAPP_MESSAGE","","","","Discount / offer","English","What is your name? I am a math teacher. I want to learn something.","What is your name? I am a math teacher. I want to learn something. I want to learn something. Sir, I want to learn something. I want to learn something. Yes, I want to learn something. I want to learn something. I want to learn something. I want to learn something. I want to learn something. I want to learn something. I want to learn something. I want to learn something. I want to learn something. I want to learn something. I want to learn something. I want to learn something. I want to learn something. I want to learn something. I want to learn something. I want to learn something. I want to learn something. I want to learn something. I want to learn something. I want to learn something. I want to learn something. I want to learn something. that is the problem. In the year 2000, the temple jewelry, the jewelry set, the standard of the jewelry, the jewelry set, the jewelry, the jewelry, the jewelry, the jewelry, the jewelry, the jewelry, the jewelry, the jewelry, the jewelry, the jewelry, the jewelry, the jewelry, the jewelry, the jewelry, the jewelry, the jewelry, the jewelry, the jewelry, the jewelry, the jewelry, the jewelry, the jewelry, the jewelry, the jewelry, the jewelry, the jewelry, the jewelry, the jewelry, the jewelry, the jewelry, the jewelry, the jewelry, the jewelry, the jewelry, the jewelry, the jewelry, the jewelry, the jewelry, the jewelry, the jewelry, the jewelry, the jewelry, the jewelry, the jewelry, the jewelry, the jewelry, the jewelry, the jewelry, the jewelry, the jewelry, the jewelry, the jewelry, the jewelry, the jewelry, the jewelry, the jewelry, the jewelry, the jewelry, the jewelry, the jewelry, the jewelry, the jewelry, the jewelry, the jewelry, the jewelry, the jewelry, the jewelry, the jewelry, the jewelry, the jewelry, the jewelry, the jewelry, the jewelry, the jewelry, the jewelry, the jewelry, the jewelry, the jewelry, the jewelry, the jewelry, the jewelry, the jewelry, the jewelry, the jewelry, the jewelry, the jewelry, the jewelry, the jewelry, the jewelry, the jewelry, the jewelry, the jewelry, the jewelry, the jewelry, the jewelry, the jewelry, the jewelry, the jewelry, the jewelry, the jewelry, the jewelry, the jewelry, the jewelry, the jewelry, the jewelry, the jewelry, the jewelry, the jewelry, the jewelry, the that's what he said about it. and I'll tell you about the next 3 videos.","English","","","","","","","","No link","","1gram Jewelry offer","#1gramjewellery #WomensDay2025 #CelebrateWomen #StrongerTogether #traditionaljewellery #archigold #elegantearrings #goldjewellery #stylishlook #kothrudshopping","","","https://video-bom5-2.xx.fbcdn.net/o1/v/t2/f2/m412/AQNx3--8JyaSRAUubHXSq4FhMsOmqviAuGeijcr3sYDZkPvbwlomYUNe9E7QyLFoULBewhW3AMB0QZk16xNNpw.mp4?_nc_cat=104&_nc_sid=ef5aa3&_nc_ht=video-bom5-2.xx.fbcdn.net&_nc_ohc=jrIWk7GIqo0Q7kNvwFT6Sk3&efg=eyJ2ZW5jb2RlX3RhZyI6Inhwdl9wcm9ncmVzc2l2ZS5WSV9VU0VDQVNFX1BST0RVQ1RfVFlQRS4uQzMuNzIwLmFzaWNfaHEyX2hkX3Byb2dyZXNzaXZlIiwieHB2X2Fzc2V0X2lkIjo3NDQwMDQwNzE4MzUzMTAsImFzc2V0X2FnZV9kYXlzIjoyMzgsInZpX3VzZWNhc2VfaWQiOjEwNjgwLCJkdXJhdGlvbl9zIjo2MSwidXJsZ2VuX3NvdXJjZSI6Ind3dyJ9&ccb=17-1&_nc_gid=FQox2d7wkcv6ngm2nF90Ug&_nc_ss=7b289&_nc_zt=28&oh=00_AQMLQE_ZShmumzD4Gix-ISfXhYBvROt52bf_nd90d2gcaQ&oe=6ACD1DCC","IN","2026-10-08 07:23"
"Girl Treasures Bridal Rental & Fashion Jewellery","107565821552228","4235349556740391","https://www.facebook.com/ads/library/?id=4235349556740391","Active","Long-runner","75","2025-10-06","2026-10-07","367","Mid","92","138","410","INR","1","","","","","","","","","","VIDEO","","77","facebook, instagram, audience_network, messenger","WHATSAPP_MESSAGE","Sale","","","Social proof; New launch; Creator / UGC","English","Premium bridal jewelry is a affordable price. There are no more to it.","Premium bridal jewelry is a affordable price. There are no more to it. 3 wedding shoes and trial makeup are very affordable. Go at your treasures, necklace, heart, necklace, long chain, earrings, rings. There are a variety of different kinds of jewelry. They are the costumant outfits. You can book the wedding and trial makeup for free. There are only designs that are affordable. If you don't have that, call your video. We are making new wedding shoots and trial makeup. We are making free of it. We are making unique designs. We are making free makeup and free of it. If you don't have that, you can call your video and shop easily. We are making a new makeup artist's conceptual shoots, birthday parties, baby shower, reception, engagement, ad shoots, movie shoots. We are making all the locations for 12th of June. We are making free consultations for your outfits. We are making 2 types of legs July. You can check out the updates and the updates of the updates. You can check out the updates and the updates of the updates. You can check out the updates and the updates of the updates. In the 2-world reviews, 4.9 ratings are available. Their jewelry collection price starts from Rs. 2000. For bookings and orders, If you have a screen, call or not. If you have a girl, dress, jewelry, If you have a girl, dress, jewelry, If you have a girl, dress, jewelry, If you have a girl, dress, jewelry, If you have a girl, dress, jewelry, If you have a girl, dress, jewelry, So, you can go to Google and click on the available in the front. If you are interested in this video, please share it with your friends.","English","","","","","","","","WhatsApp","api.whatsapp.com/send","","Check out our latest Jewel collections ❤️‍🔥🤩 Jewellery @girltreasures_gt  ✅Video shopping available ✅Unique range of jewels  ✅Lowest price guarantee ✅Mix and match jewellery based on your needs ✅Minimal deposit ✅Free doorstep delivery & Pickup ✅Flexible days ✅4.9/5⭐⭐⭐⭐⭐ For more details call/WhatsApp 9150830111 Kolathur, Chennai 600099 We are open from 10 to 9.30 Website: https://www.girltreasuresbridal.com Instagram: instagram.com/girltreasures_gt Facebook: facebook.com/girltreasuresjewellery Youtube: youtube.com/@girltreasures Twitter: twitter.com/gtjewellery #happycustomers #beautiful #muhurthamjewellery #templejewellerycollection #bridelooksbeautiful #chennaijewellery #kolathurjewelry #girltreasures","https://api.whatsapp.com/send","api.whatsapp.com","https://video-bom5-1.xx.fbcdn.net/o1/v/t2/f2/m86/AQM2iLhPQrIXOsAia_1E3aP8AJI7mwLXFR9Dfo3d-7JJDMlnSoHocdj4Iw7kEcZrryw7IffoEAEvCf_Pmlt_dnrg-nBmLTGMS5blQU4.mp4?_nc_cat=110&_nc_sid=b66105&_nc_ht=video-bom5-1.xx.fbcdn.net&_nc_ohc=V_b8SIW2J0YQ7kNvwHJ1QTx&efg=eyJ2ZW5jb2RlX3RhZyI6Inhwdl9wcm9ncmVzc2l2ZS5WSV9VU0VDQVNFX1BST0RVQ1RfVFlQRS4uQzMuNzIwLmRhc2hfYmFzZWxpbmVfMV92MSIsInhwdl9hc3NldF9pZCI6NjU3OTM1NjgwMzcxMzE4LCJhc3NldF9hZ2VfZGF5cyI6MzY4LCJ2aV91c2VjYXNlX2lkIjoxMDA5OSwiZHVyYXRpb25fcyI6NzYsInVybGdlbl9zb3VyY2UiOiJ3d3cifQ%3D%3D&ccb=17-1&vs=b1c2ea1416d6efb7&_nc_vs=HBksFQIYUmlnX3hwdl9yZWVsc19wZXJtYW5lbnRfc3JfcHJvZC81NjQzODVCM0Y1MDMyMTJGQjU0MDRGRDg3NzgxQTE5OF92aWRlb19kYXNoaW5pdC5tcDQVAALIARIAFQIYR2lnX3hwdl9yZWVsc19wZXJtYW5lbnRfc3JfcHJvZC8xMzI3NzEwODMyMTI2MjQ4XzQ0NzQzMzE2Njc3OTIxNTMwMjYubXA0FQICyAESACgAGAAbAogHdXNlX29pbAExEnByb2dyZXNzaXZlX3JlY2lwZQExFQAAJuzpm-jymKsCFQIoAkMzLBdAUzPXCj1wpBgSZGFzaF9iYXNlbGluZV8xX3YxEQB1AGXmnQEA&_nc_gid=PC-AVBj1dC1lGLAHSp0ZLA&_nc_ss=7b289&_nc_zt=28&oh=00_AQNJ6gXjwCvuPHMYtOpqzGULiie07_nksfsqqicmZ0h5WA&oe=6AC905BB","IN","2026-10-08 07:23"
"Chosen By Tejpal","500537593146008","1386588945670309","https://www.facebook.com/ads/library/?id=1386588945670309","Active","Long-runner","68","2025-03-28","2026-10-07","559","Mid","92","138","410","INR","1","","","","","","","","","","IMAGE","","","instagram","INSTAGRAM_MESSAGE","","","Festive season; Valentine's Day","Gifting; Premium / quality; Seasonal / festive","English","","","","","","","","","","","Facebook / Instagram","instagram.com","","L’AMOUR - a collection designed with love and chosen for you. Drape yourself in the delicate brilliance of our exquisite diamond and rubies ensemble. A symphony of sparkle, perfect for celebrating the season of love 💕 Visit us at our Luxury Jewellery Lounge to discover these exclusive pieces or connect with our ‘Chosen Concierge to curate your collection. Contact in the bio. #chosenbytejpalranka #rankalegacy #forthechosenone #luxuryjewellery #finejewellery #diamondjewellery #chosenforyou #indiancraftsmanship #emeraldearrings #gifting #emeralds #diamondsareforever #diamonds #jewellerylounge #bridaljewellery #indianbride #bigfatindianwedding #bridetobe #poeticopulence #ruby #timeless #heirloom #festivejewellery #newcollection #writteninthestars #valentines #valentinesday #valentinesgift","https://www.instagram.com/","Opens Instagram","https://scontent-bom5-1.xx.fbcdn.net/v/t39.35426-6/481258083_614073034749738_5987095407707222199_n.jpg?_nc_cat=110&ccb=1-7&_nc_sid=c53f8f&_nc_ohc=b_E3enNKSMkQ7kNvwFlUOvv&_nc_oc=Ado5-xyvIJhtbhLxx8o2t-vDxKmX9GxqA28O2xm42JB10MRC9X-LBl6MTpQzGnVFSdo&_nc_zt=14&_nc_ht=scontent-bom5-1.xx&_nc_gid=gwKHqePRh3H8F1bhs-hcjA&_nc_ss=7b289&oh=00_AQNnJGCR5AcfhbxeSp5oKlWuljFUb8U1qjwunHhMJCBJwA&oe=6ACD2682","IN","2026-10-08 07:23"
"MySmartBazaar","150056748714547","725326170312144","https://www.facebook.com/ads/library/?id=725326170312144","Active","Long-runner","73","2025-07-28","2026-10-07","437","Mid","92","138","410","INR","1","","","","","","","","","","IMAGE","","","facebook, instagram, audience_network","SIGN_UP","","","","Social proof; New launch","English","","","","","","","","","","","Facebook / Instagram","fb.me","Start Your Fashion Jewellery Business with MySmartBazaar!","💎 Want to start your own fashion jewellery business? Whether you’re planning to open a shop, run exhibitions, or start an online store, we’ve got you covered! Source top-quality, trending fashion jewellery directly from MySmartBazaar — at unbeatable wholesale prices. 🔥 Low investment – High profit 🚚 Reliable supply  📦 Latest designs updated monthly Start your journey today with zero hassle and a trusted supplier by your side!","http://fb.me/","fb.me","https://scontent-bom2-4.xx.fbcdn.net/v/t39.35426-6/505978904_4173281192993279_2503894951394610378_n.jpg?_nc_cat=106&ccb=1-7&_nc_sid=c53f8f&_nc_ohc=gAe6bsOtE4wQ7kNvwEWfkGz&_nc_oc=AdrPohds6aUbL0_0tiQxuUok0YiZ64lo26wiJxvj8I81MTKaV0GLxzDz9ondU0ptK4A&_nc_zt=14&_nc_ht=scontent-bom2-4.xx&_nc_gid=LcuL_3Ka9KRVSmsMX6RMdA&_nc_ss=7b289&oh=00_AQNbQk45uJ2Yf8rN-z2WEP9_90x9lCCJrUb9TcPzAb2vNg&oe=6ACD1562","IN","2026-10-08 07:23"
"Makeup by Iram","705652139294472","586544424392121","https://www.facebook.com/ads/library/?id=586544424392121","Active","Long-runner","75","2025-08-11","2026-10-07","423","Mid","92","138","410","INR","1","","","","","","","","","","CAROUSEL","4","","facebook, instagram, audience_network, messenger","MESSAGE_PAGE","","","","Creator / UGC; Seasonal / festive","Mixed (English + Hindi / Marathi (Devanagari))","","","","","","","","","","","No link","","Makeup by Iram","Presenting  the timeless elegance of this radiant look!✨✨✨ Mua : @makeupby_iram1  Hair : @hairdesignsbydeepika  Jwellery @ adorn beautiful @jahnvi_jewellery  Captured : @settlemania  Muse @himani.pokar_  Outfit : @ranisbridalhub ( @rimpleandharpreet ) Location : @cocktailsanddreams_indore  #trending #bride#makeup #glam #wedding #beauty # indore# makeup artist #","","","https://scontent-bom5-1.xx.fbcdn.net/v/t39.35426-6/515516830_1096859302303389_7712169145684271783_n.jpg?_nc_cat=111&ccb=1-7&_nc_sid=c53f8f&_nc_ohc=I65JIla7gCEQ7kNvwFJ8qQs&_nc_oc=AdpwBSJ1vq8lU7D0i4zPEijF-og5loOfJpA6RWBAKFYGCx35IxWcmzwebVsLC7TdlQQ&_nc_zt=14&_nc_ht=scontent-bom5-1.xx&_nc_gid=A5e1ogu9oqyBUMWxqjVZoQ&_nc_ss=7b289&oh=00_AQPTFBer7c6cXN-TJLa7jDkelZ3YZlj9Fw-dyQQ9j-8mwQ&oe=6ACD0A01","IN","2026-10-08 07:23"
"Foxford Jewellery","111114705643340","287390000593851","https://www.facebook.com/ads/library/?id=287390000593851","Active","Long-runner","73","2023-08-22","2026-10-07","1143","Mid","92","138","410","INR","1","","","","","","","","","","IMAGE","","","facebook, instagram, messenger","SHOP_NOW","","","","","English","","","","","","","","","","","Other page","etsy.com/ie/shop","Foxford Jewellery","Sterling Silver and Rose Gold Celtic Claddagh Ring","https://www.etsy.com/ie/shop/foxfordjewellery","etsy.com","https://scontent-bom5-2.xx.fbcdn.net/v/t39.35426-6/369643599_1013549709843448_2083430605548768349_n.jpg?_nc_cat=104&ccb=1-7&_nc_sid=c53f8f&_nc_ohc=Ppda-RUlkb0Q7kNvwHXF2vB&_nc_oc=AdpZQN_3XZBk_JJs2TBKxyr6j7aSzE57xRaWZc2FFRFu6xFYuF6oy3GY8L2U22O5Vmk&_nc_zt=14&_nc_ht=scontent-bom5-2.xx&_nc_gid=A5e1ogu9oqyBUMWxqjVZoQ&_nc_ss=7b289&oh=00_AQPIFt-2X0vsRl5vEzrKt6PpoSToKtHv8E0e9dUyUUlqTA&oe=6ACD004C","IN","2026-10-08 07:23"
"Revolutionary techniques","649468291585682","1300383234942762","https://www.facebook.com/ads/library/?id=1300383234942762","Active","Long-runner","73","2025-08-07","2026-10-07","427","Mid","92","138","410","INR","1","","","","","","","","","","CAROUSEL","6","","facebook, instagram, audience_network","GET_QUOTE","","","","Discount / offer; Gifting; Problem → solution; Premium / quality","English","","","","","","","","","","","Facebook / Instagram","fb.me","Revolutionary techniques","🚀 We Are Revolutionizing Rigid Box Production! 🚀 Are you in the packaging industry-dealing in gift boxes, sweet boxes, jewellery boxes, or shoe boxes? Join the future of packaging with our cutting-edge rigid box making machinery! We specialize in: ✅ V-Grooving Machines ✅ Corner Taping Machines ✅ Semi Automatic Case Maker Hardcover Pressing Machine ✅ Gluing Machines ✅ Rigid Box semi automatic ( Former) ✅ Semi-Automatic Rigid Box Making Machines Designed for speed, precision, and durability—perfect for taking your packaging to the next level. Let’s build beautiful boxes together! 📞 DM us for a live demo or inquiry! #RigidBoxMachine #PackagingIndustry #GiftBoxPackaging #SweetBoxMachinery #JewelleryBox #ShoeBoxPackaging #BoxMakingMachine #VMachine #CornerTaping #BoxGluing #MakeInIndia #PackagingSolutions #PrintPack #RigidBoxRevolution#Corrugatedpaperfoldingbox #Packagingmachinery #Pizzaboxproduction #Foodpackaging #Cardboardfoldingboxmanufacturing #Sustainablepackaging #Manufacturingsolutions #Shoebox #Pharmaceuticalbox #Threedimensionalfoldingboxmachine #Instructionmanualbox #Underwearbox","http://fb.me/","fb.me","https://scontent-bom5-2.xx.fbcdn.net/v/t39.35426-6/529441619_776550764904177_510940681964150361_n.jpg?_nc_cat=100&ccb=1-7&_nc_sid=c53f8f&_nc_ohc=f135XK2ccYEQ7kNvwGUtgUu&_nc_oc=Adq1XVlXuCe0fYJO_N41yHWVAn2jXwAdoYjOEMAH4D1ripSojaqk96q4pSKioYgxyT8&_nc_zt=14&_nc_ht=scontent-bom5-2.xx&_nc_gid=cAuuk2ycBWwiWDo0jenMAw&_nc_ss=7b289&oh=00_AQNNeljwNsEYdV2p4eQc-LBz8nxQU2PsSPq9XNBMLKKUBw&oe=6ACD1FE0","IN","2026-10-08 07:23"
"Ρουσόπουλος κοσμήματα - Rousopoulos jewellery","52193235599","285846617892216","https://www.facebook.com/ads/library/?id=285846617892216","Active","Long-runner","68","2024-03-29","2026-10-07","923","Mid","92","138","410","INR","1","","","","","","","","","","IMAGE","","","instagram","VIEW_INSTAGRAM_PROFILE","","","","","Unknown","","","","","","","","","","","Facebook / Instagram","instagram.com/rousopoulos_jewellery","","","http://instagram.com/rousopoulos_jewellery","instagram.com","https://scontent-bom5-2.xx.fbcdn.net/v/t39.35426-6/434556758_816264807199791_9004385183029772063_n.jpg?_nc_cat=100&ccb=1-7&_nc_sid=c53f8f&_nc_ohc=a6mcb9jj1z8Q7kNvwHtXMy5&_nc_oc=Adq7_36IP6SkbfTDDtGmaA99qRVrnhecNZs5FHghOMhvOALu69h1AqE0l6XbokaQYm0&_nc_zt=14&_nc_ht=scontent-bom5-2.xx&_nc_gid=sxzC0BKgmNoFF3UhuY9m0A&_nc_ss=7b289&oh=00_AQMD_nfV_RvXU4a1_4t2wNzsj8MGZ_8Xwvg0KzZg4DAZwg&oe=6ACCFDEB","IN","2026-10-08 07:23"
"Gemownaire","350074558194802","1325188915590843","https://www.facebook.com/ads/library/?id=1325188915590843","Active","Long-runner","75","2025-10-29","2026-10-07","344","Mid","92","138","410","INR","1","","","","","","","","","","VIDEO","","30","facebook, instagram, messenger, whatsapp","WHATSAPP_MESSAGE","","","","Premium / quality","English","Diamond Jewelry in Dalarambok costly in the mindset of Thurothiki Portranger and I","Diamond Jewelry in Dalarambok costly in the mindset of Thurothiki Portranger and I for currently market let, lab-run diamonds have come, lab-run diamonds and natural diamonds they are both identical and when you buy your diamond jewelry from Jamon Air we offer you 80% buyback, 100% exchange all our jewelries are haul marked and certified. Our store is located just next to Stella Marys College in Cathedral Road. Comment Jam to avail the launching offer.","English","","","","","","","","WhatsApp","api.whatsapp.com/send","","Who said diamonds have to be costly? At Gemownaire, luxury now fits every budget. Visit us at our Cathedral Road, Chennai showroom.  Contact: +91 99406 99687 Address:  22A, Cathedral Road, Ground Floor, Shop No. 5, Prince Arcade Building, Gopalapuram, Chennai 600086","https://api.whatsapp.com/send","api.whatsapp.com","https://video-bom5-1.xx.fbcdn.net/o1/v/t2/f2/m86/AQO-yOoWaFUFENG5S4Impl6MhiujsiKZHiT3CPr3nZ9ambjX5keOt7bVKjHA9KbWoajf71wwU3Jn367_qquxpX4xBgGTIZgCARCUOvw.mp4?_nc_cat=110&_nc_sid=b66105&_nc_ht=video-bom5-1.xx.fbcdn.net&_nc_ohc=25uIBrr7wCIQ7kNvwENLjKf&efg=eyJ2ZW5jb2RlX3RhZyI6Inhwdl9wcm9ncmVzc2l2ZS5WSV9VU0VDQVNFX1BST0RVQ1RfVFlQRS4uQzMuNzIwLmRhc2hfYmFzZWxpbmVfMV92MSIsInhwdl9hc3NldF9pZCI6MTEwOTg5NDk5MTE3MDE5NSwiYXNzZXRfYWdlX2RheXMiOjM1NiwidmlfdXNlY2FzZV9pZCI6MTAwOTksImR1cmF0aW9uX3MiOjI5LCJ1cmxnZW5fc291cmNlIjoid3d3In0%3D&ccb=17-1&vs=15c387a567ea1281&_nc_vs=HBksFQIYUmlnX3hwdl9yZWVsc19wZXJtYW5lbnRfc3JfcHJvZC80RjQxMkI3OEIzQzQ0MkJGQzQxMDVFRDE0OTA3QzVBMl92aWRlb19kYXNoaW5pdC5tcDQVAALIARIAFQIYRmlnX3hwdl9yZWVsc19wZXJtYW5lbnRfc3JfcHJvZC84Mzg5Mjg4MTUyMzMzMzJfNzgzNjc3OTAwOTAzNjE4NjQwNC5tcDQVAgLIARIAKAAYABsCiAd1c2Vfb2lsATEScHJvZ3Jlc3NpdmVfcmVjaXBlATEVAAAmpqr-irLc-AMVAigCQzMsF0A9y8an752yGBJkYXNoX2Jhc2VsaW5lXzFfdjERAHUAZeadAQA&_nc_gid=sxzC0BKgmNoFF3UhuY9m0A&_nc_ss=7b289&_nc_zt=28&oh=00_AQMXEH6nkNWtmzV5g-cTQJGSEwFIxoGQH5cswmQUS3m5SQ&oe=6AC91177","IN","2026-10-08 07:23"
"Free Spirit Shop","","475165470689164","https://www.facebook.com/ads/library/?id=475165470689164","Active","Long-runner","70","2022-08-09","2026-02-27","1521","Mid","92","138","410","INR","1","","","","","","","","","","IMAGE","","","facebook, instagram","SHOP_NOW","Up to 50% off","50","","Discount / offer; Social proof; Creator / UGC","English","","","","","","","","","","","Collection","free-spirit-shop.com/collections/apple-watch-bands","✨ Customers love them! Save up to 50% OFF Today!","⭐⭐⭐⭐⭐ "" This unique strap turns a great functional watch into a stunning piece of boho jewellery that is both beautiful and functional. I love it ❤️"" - Yvonne ❤️ Spice up your smartwatch with our stunning watch band designs. Available for Apple, Samsung, Fitbit, Garmin and more! Grab yours here ➡️ https://free-spirit-shop.com/collections/apple-watch-bands","https://free-spirit-shop.com/collections/apple-watch-bands","free-spirit-shop.com","https://scontent-bom2-4.xx.fbcdn.net/v/t39.35426-6/297061205_381364290799028_3202993735995673302_n.jpg?_nc_cat=107&ccb=1-7&_nc_sid=c53f8f&_nc_ohc=uXl1MZbySpgQ7kNvwFz6YaI&_nc_oc=AdpEHIYpBUL2djc0u1PbE3lOMg_rCK_eqvNSSaWg11Qj6cC8GqcpG-IQv7uEugJbqiA&_nc_zt=14&_nc_ht=scontent-bom2-4.xx&_nc_gid=kcRgeoloiy8SS-KgliXO_w&_nc_ss=7b289&oh=00_AQMXHBhzd5CCZI5urSIF_SLDN0z9K4Cb5_Mf6C8L8p_d0w&oe=6ACD1542","IN","2026-10-08 07:23"
"Ekoders Software","","1126180409685393","https://www.facebook.com/ads/library/?id=1126180409685393","Active","Long-runner","73","2025-11-01","2026-10-07","341","Mid","92","138","410","INR","1","","","","","","","","","","VIDEO","","","facebook, instagram, audience_network","GET_OFFER","","","","Discount / offer; Problem → solution","Mixed (English + Tamil)","","","","","","","","","","","Facebook / Instagram","fb.me","நகை கடை உரிமையாளர்களே!!!💎","நகை கடை உரிமையாளர்களே!!!💎 இதோ உங்களுக்கான அதிரடி சலுகை எங்களின் Jewellery Software ₹11,999 மட்டுமே!!!💸💸💸 எங்கள் Jewellery Software-ன் தனிப்பட்ட சிறப்புகள்: 💻 Simple Bill & Estimate Printing 💻 Tag Entry with Barcode Label Printing 💻 HUID Stock Sales & Stock Reports 💻 Old Gold/Silver Purchase from Customer 💻 Dealer Metal Balance & Issues 💻 Chit/Scheme Instalment Entry 💻 Customer Verification 💻 Daily accounts closing 💻 Daily expenses, GPay, Paytm and other payment collections எங்கள் நிறுவனத்தின் சிறப்புகள்: 💯 24/7 சேவை உதவி  💯 குறைந்த விலை  💯 நிறைந்த அம்சங்கள்  💯 எளிய பயன்பாடு  தொடர்புக்கு:  +91 96559 30161 மேலதிக விவரங்களுக்கு: https://ekoders.in/jewellery-management-software/?utm_term=jwl_ad_12k #retailsoftwaresolutions #jewelleryaccountingsoftware #jewelleryerpsoftware #retailbillingsoftware #retailpossoftware #retailstoresoftware #softwareretail #jewellerycastingsoftware #jewelleryretail #jewellerysoftware #retailerjewellerysoftware #pointofsalesoftware #inventorymanagementsoftware #silverjewellerysoftware #retailjewellery #gstsoftware #inventorysoftware #retailsoftware #retailmanagement #retailsolutions #possoftware #billingsoftware #inventorymanagement #medicalbilling #billing #loyaltyprogram #retailshop #pointofsale #pos","http://fb.me/","fb.me","https://video-bom2-3.xx.fbcdn.net/o1/v/t2/f2/m366/AQNfiF7N-nUE8l5npRrhWeOOuPkmOf3TrC9uJ8v9ueXwdsFydjPCvA4aDCxnJYJNOoCfEqI0uk4L5wQptoDedNRRpdQvP3lyOmZYFSpZhTD5eg.mp4?_nc_cat=101&_nc_sid=b66105&_nc_ht=video-bom2-3.xx.fbcdn.net&_nc_ohc=o3FIlDbjL5IQ7kNvwH9WPOD&efg=eyJ2ZW5jb2RlX3RhZyI6Inhwdl9wcm9ncmVzc2l2ZS5WSV9VU0VDQVNFX1BST0RVQ1RfVFlQRS4uQzMuNzIwLmRhc2hfaDI2NC1iYXNpYy1nZW4yXzcyMHAiLCJ4cHZfYXNzZXRfaWQiOjE0OTUwNTI0MDE3MDA3MjcsImFzc2V0X2FnZV9kYXlzIjozNDEsInZpX3VzZWNhc2VfaWQiOjEwNzk5LCJkdXJhdGlvbl9zIjozOSwidXJsZ2VuX3NvdXJjZSI6Ind3dyJ9&ccb=17-1&vs=40447907d34655c5&_nc_vs=HBksFQIYRWZiX2VwaGVtZXJhbC9BRTQ0MjRCRDE3MThBNDU0NjI3MTlCRDcxMkM4QzM4RF9tdF8xX3ZpZGVvX2Rhc2hpbml0Lm1wNBUAAsgBEgAVAhhAZmJfcGVybWFuZW50LzU2NEQ0RjBENzk5RkRDNzAzQkI1ODg3MDU0OTFBMzk1X2F1ZGlvX2Rhc2hpbml0Lm1wNBUCAsgBEgAoABgAGwKIB3VzZV9vaWwBMRJwcm9ncmVzc2l2ZV9yZWNpcGUBMRUAACbuvZe1wO-nBRUCKAJDMywXQEPzMzMzMzMYGWRhc2hfaDI2NC1iYXNpYy1nZW4yXzcyMHARAHUAZd6oAQA&_nc_gid=k4oP8kR5gdq48XHh-LRWqw&_nc_ss=7b289&_nc_zt=28&oh=00_AQOdIS1AD_jlnvDJsT1-PLSE3-8haR866iEc5DxfAbKOlQ&oe=6ACD2873","IN","2026-10-08 07:23"
"Rk.jewellery.moga1","242834565570547","1.72888E+15","https://www.facebook.com/ads/library/?id=1728882777774330","Active","Long-runner","70","2025-10-11","2026-10-07","362","Mid","92","138","410","INR","1","","","","","","","","","","VIDEO","","","facebook, instagram","VIEW_INSTAGRAM_PROFILE","","","","","Unknown","","","","","","","","","","","Facebook / Instagram","instagram.com/rk.jewellery.moga1","","","http://instagram.com/rk.jewellery.moga1","instagram.com","https://video-bom5-2.xx.fbcdn.net/o1/v/t2/f2/m86/AQOCL5nvHHwr0M50MBNW3IN6IQYxUpnKxRIR8LFCUYI1q64ukcWL9cdRDE7CYoFzgQzOEBmCvT0ln2reLwHTtWAam2zyFpRmjQkdiEk.mp4?_nc_cat=108&_nc_sid=b66105&_nc_ht=video-bom5-2.xx.fbcdn.net&_nc_ohc=YeDlt2dCUnMQ7kNvwHt1aAA&efg=eyJ2ZW5jb2RlX3RhZyI6Inhwdl9wcm9ncmVzc2l2ZS5WSV9VU0VDQVNFX1BST0RVQ1RfVFlQRS4uQzMuMzYwLmRhc2hfYmFzZWxpbmVfM192MSIsInhwdl9hc3NldF9pZCI6MzMyODYzMDg1Mzk3MjM3OSwiYXNzZXRfYWdlX2RheXMiOjM2MSwidmlfdXNlY2FzZV9pZCI6MTAwOTksImR1cmF0aW9uX3MiOjExLCJ1cmxnZW5fc291cmNlIjoid3d3In0%3D&ccb=17-1&vs=1622f84fd84a5faf&_nc_vs=HBksFQIYUmlnX3hwdl9yZWVsc19wZXJtYW5lbnRfc3JfcHJvZC85QjQ4RUNDMEJDQkYzNUYzQTlBMzNDNEQyODFEMEVBMl92aWRlb19kYXNoaW5pdC5tcDQVAALIARIAFQIYR2lnX3hwdl9yZWVsc19wZXJtYW5lbnRfc3JfcHJvZC8xNjg5OTE5MTc1NDk1NzE2XzMwMzA0NTE1MDkyNDAxMzgwNTgubXA0FQICyAESACgAGAAbAogHdXNlX29pbAExEnByb2dyZXNzaXZlX3JlY2lwZQExFQAAJrbGnbro1-kLFQIoAkMzLBdAJpmZmZmZmhgSZGFzaF9iYXNlbGluZV8zX3YxEQB1AGXmnQEA&_nc_gid=hDwbxRMTzc-BZ2sYCeRpGQ&_nc_ss=7b289&_nc_zt=28&oh=00_AQNXs-FZbEdK8EkYESSOR5Nhgat1WXjlvMscrZO9Q9itUQ&oe=6AC933C1","IN","2026-10-08 07:23"
"Shree Gurukrupa Jewellers","983153485210294","1360794895751001","https://www.facebook.com/ads/library/?id=1360794895751001","Active","Long-runner","70","2025-10-11","2026-10-07","362","Mid","92","138","410","INR","1","","","","","","","","","","IMAGE","","","facebook, instagram","VIEW_INSTAGRAM_PROFILE","","","","","Mixed (English + Hindi / Marathi (Devanagari))","","","","","","","","","","","Facebook / Instagram","instagram.com/p_ram_od_05","instagram.com","916HUID हॉलमार्क के गहनों पर ३०%  तक की छूट 31/18/25","http://instagram.com/p_ram_od_05","instagram.com","https://scontent-bom2-4.xx.fbcdn.net/v/t39.35426-6/559692921_2130459397782901_1560879357917014638_n.jpg?_nc_cat=107&ccb=1-7&_nc_sid=c53f8f&_nc_ohc=gsodh7wcT3YQ7kNvwFfTRdC&_nc_oc=Adq3By_wO79FUtkyD-wLKF6BldcIMCQ7PFi_zQVdciL0RW64QWWSWfpTbAcOzdvOvrI&_nc_zt=14&_nc_ht=scontent-bom2-4.xx&_nc_gid=hDwbxRMTzc-BZ2sYCeRpGQ&_nc_ss=7b289&oh=00_AQP0ZZSvNbshOtVylbV06jUtRqZsqH2gjbh8cLWqgu5v1Q&oe=6ACD2907","IN","2026-10-08 07:23"
"Jewellery & Watches MM1","222190640970359","23993861543636419","https://www.facebook.com/ads/library/?id=23993861543636419","Active","Long-runner","75","2025-07-09","2026-10-07","456","Mid","92","138","410","INR","1","","","","","","","","","","DCO","2","","facebook, instagram, audience_network, messenger, threads","SHOP_NOW","","","","Creator / UGC","English","","","","","","","","","","","Product page","quickdispatch247.com/products/2-golden-chain-bracelet-diamond-ring-free-digital-watch-2gcbrw12","{{product.name}}","{{product.brand}}","http://quickdispatch247.com/products/2-golden-chain-bracelet-diamond-ring-free-digital-watch-2gcbrw12?c=77882","quickdispatch247.com","https://video-bom2-3.xx.fbcdn.net/o1/v/t2/f2/m366/AQMGi0eE6AjiWS_-1JPxKiMKNqDgpncpPED_PXguStnepYGWH2avkkaUVZFX5NqB66F_lRjR5Cq9nplc7XTucD9T0xniRcUTJB8enHsoPZlEng.mp4?_nc_cat=103&_nc_sid=b66105&_nc_ht=video-bom2-3.xx.fbcdn.net&_nc_ohc=IvLjsiFXODgQ7kNvwEYVFvK&efg=eyJ2ZW5jb2RlX3RhZyI6Inhwdl9wcm9ncmVzc2l2ZS5WSV9VU0VDQVNFX1BST0RVQ1RfVFlQRS4uQzMuNzIwLmRhc2hfaDI2NC1iYXNpYy1nZW4yXzcyMHAiLCJ4cHZfYXNzZXRfaWQiOjE3NDY0NzU1MDYyNDY0ODEsImFzc2V0X2FnZV9kYXlzIjo1MjMsInZpX3VzZWNhc2VfaWQiOjEwNzk5LCJkdXJhdGlvbl9zIjoxMTQsInVybGdlbl9zb3VyY2UiOiJ3d3cifQ%3D%3D&ccb=17-1&vs=391966849e5ca15b&_nc_vs=HBksFQIYRWZiX2VwaGVtZXJhbC9FOTREODI4QzNGREI1RDFDRkIwNDQ2RTgwQzZENUFBMl9tdF8xX3ZpZGVvX2Rhc2hpbml0Lm1wNBUAAsgBEgAVAhg6cGFzc3Rocm91Z2hfZXZlcnN0b3JlL0dHLVpTeDNMc3gzcFRXVUVBTEZkRzBOMnREOFhidjRHQUFBRhUCAsgBEgAoABgAGwKIB3VzZV9vaWwBMRJwcm9ncmVzc2l2ZV9yZWNpcGUBMRUAACaijcXCoJqaBhUCKAJDMywXQFy1wo9cKPYYGWRhc2hfaDI2NC1iYXNpYy1nZW4yXzcyMHARAHUAZd6oAQA&_nc_gid=K80sFbRoBefPts8vdOLzyg&_nc_ss=7b289&_nc_zt=28&oh=00_AQNfp9Xt_7qhqSXJp_7O92lkUnW2sO1T2SMyvqzGn6-X7w&oe=6ACD0471","IN","2026-10-08 07:23"
"Radhika","109718920920598","852589827082602","https://www.facebook.com/ads/library/?id=852589827082602","Active","Long-runner","68","2024-10-09","2026-06-27","729","Mid","92","138","410","INR","1","","","","","","","","","","IMAGE","","","instagram","VIEW_INSTAGRAM_PROFILE","","","","Seasonal / festive","English","","","","","","","","","","","Facebook / Instagram","instagram.com/radhika_jewels_","","“Where elegance meets tradition. ✨ Discover the exquisite craftsmanship at Radhika Jewellers. Your perfect piece awaits! 💖 #RadhikaJewellers” Visit our showroom :-Near Manek Chowk, M.G. Road Porbandar Get more details :- +91 87993 29660 #jewellery #jewellerydesign #gold #ornaments #weddingvibes #gujrat #jewellerydesign #jewellerylover","http://instagram.com/radhika_jewels_","instagram.com","https://scontent-bom5-2.xx.fbcdn.net/v/t39.35426-6/462431682_1832369710504140_8893446330676016189_n.jpg?_nc_cat=102&ccb=1-7&_nc_sid=c53f8f&_nc_ohc=xAvS7aj8MkEQ7kNvwFOCyIy&_nc_oc=Adoz0sZd9DBFXGjiOOYUmgy8nquWiSLrGYyKqw0x9bGmvVsA_whL5XKz8432zErSPdM&_nc_zt=14&_nc_ht=scontent-bom5-2.xx&_nc_gid=RElQT_PINjM6ASdSgm8Rnw&_nc_ss=7b289&oh=00_AQPLQVqzAkb-zHQsv2ZIGk11fMGjr0c5-o_qy4EJZKAhEw&oe=6ACD05C4","IN","2026-10-08 07:23"
"justreal_deal","103693808107129","1128691589445583","https://www.facebook.com/ads/library/?id=1128691589445583","Active","Long-runner","75","2025-09-28","2026-10-07","375","Mid","92","138","410","INR","1","","","","","","","","","","VIDEO","","","facebook, instagram, audience_network, messenger","SHOP_NOW","","","","Urgency / scarcity; Price anchor","English","","","","","","","","","","","Collection","justrealdeal.com/collections/hot-sale","Trendy Jewelry – Only ₹99!","💍 Trending Styles. Pocket-Friendly Prices. Only ₹99","https://justrealdeal.com/collections/hot-sale","justrealdeal.com","https://video-bom5-1.xx.fbcdn.net/o1/v/t2/f2/m366/AQNbX-oQkQ8A0QAEp9wob_ReeH7nME03jj4eaqNaMB2_jgFF5tgnPYNw7SwDfs28Kc8gw6-6G750lyh_atxlFFQEGPMHe9UaylShOAlv3OdNrA.mp4?_nc_cat=111&_nc_sid=b66105&_nc_ht=video-bom5-1.xx.fbcdn.net&_nc_ohc=73Bo62LKS3oQ7kNvwFCMvsk&efg=eyJ2ZW5jb2RlX3RhZyI6Inhwdl9wcm9ncmVzc2l2ZS5WSV9VU0VDQVNFX1BST0RVQ1RfVFlQRS4uQzMuNzIwLmRhc2hfaDI2NC1iYXNpYy1nZW4yXzcyMHAiLCJ4cHZfYXNzZXRfaWQiOjc5MjY1ODM5NjYyMTgyMiwiYXNzZXRfYWdlX2RheXMiOjQyMCwidmlfdXNlY2FzZV9pZCI6MTA3OTksImR1cmF0aW9uX3MiOjI5LCJ1cmxnZW5fc291cmNlIjoid3d3In0%3D&ccb=17-1&vs=74bdef3e09103fff&_nc_vs=HBksFQIYRWZiX2VwaGVtZXJhbC9EMzQ2QUI1NUFCQzc3RkNCM0E4NEU4MDg3NjcxRTNCM19tdF8xX3ZpZGVvX2Rhc2hpbml0Lm1wNBUAAsgBEgAVAhhAZmJfcGVybWFuZW50LzNENDcyNkUyRkFDMzFGQzYxM0RDMUY3Q0EzQTI1NTg2X2F1ZGlvX2Rhc2hpbml0Lm1wNBUCAsgBEgAoABgAGwKIB3VzZV9vaWwBMRJwcm9ncmVzc2l2ZV9yZWNpcGUBMRUAACb8r8Wi5broAhUCKAJDMywXQD2Q5WBBiTcYGWRhc2hfaDI2NC1iYXNpYy1nZW4yXzcyMHARAHUAZd6oAQA&_nc_gid=ARFHcQW21dSW-6unnm2Z3w&_nc_ss=7b289&_nc_zt=28&oh=00_AQODoIAluqZchLbOhOAtCtNw5P69ExQgDp4NFs8XwFbq-Q&oe=6ACD23B5","IN","2026-10-08 07:23"
"shreebalajijewellersjnp","103070999459425","8501597886604826","https://www.facebook.com/ads/library/?id=8501597886604826","Active","Long-runner","68","2024-10-18","2026-10-07","720","Mid","92","138","410","INR","1","","","","","","","","","","VIDEO","","","instagram","VIEW_INSTAGRAM_PROFILE","","","","Discount / offer; Social proof; Premium / quality","English","","","","","","","","","","","Facebook / Instagram","instagram.com/shreebalajijewellersjnp","","“Experience the epitome of luxury at our exquisite jewellery showroom Shree Bala ji Jewellers. From dazzling diamonds to timeless pearls, we offer a curated selection of the finest pieces that will elevate your style and captivate your heart. Visit us today and discover the perfect adornment to express your unique elegance.” - 📍jogyiyapur kachahari road Jaunpur  📞 9452771812,9721959995 - - - - - - - - #jewellery #jewelry #fashion #earrings #handmadejewelry #bracelet #jewelryaddict #rings #diamond #diamonds #lucknow #indianjewellery #jaunpur #up #jewelrydesign #bridaljewellery #design #beautiful #bangles #uttarpradesh #exploretheworld","http://instagram.com/shreebalajijewellersjnp","instagram.com","https://video-bom5-1.xx.fbcdn.net/o1/v/t2/f2/m412/AQMsitMFCBdbqLASJ7Hu1Y1u_BavazT9GjY6UDuJe1OXZ-iV6o-RKST23YOUF4iPh1y--7jhYaggXJyPzdVF_Qs.mp4?_nc_cat=109&_nc_sid=ef5aa3&_nc_ht=video-bom5-1.xx.fbcdn.net&_nc_ohc=UUXzXvSAejcQ7kNvwHGHz7I&efg=eyJ2ZW5jb2RlX3RhZyI6Inhwdl9wcm9ncmVzc2l2ZS5WSV9VU0VDQVNFX1BST0RVQ1RfVFlQRS4uQzMuNzIwLmFzaWNfaHEyX2hkX3Byb2dyZXNzaXZlIiwieHB2X2Fzc2V0X2lkIjoxMzkzMTYwMTQ5MjU2NTM0LCJhc3NldF9hZ2VfZGF5cyI6MjU1LCJ2aV91c2VjYXNlX2lkIjoxMDY4MCwiZHVyYXRpb25fcyI6NDYsInVybGdlbl9zb3VyY2UiOiJ3d3cifQ%3D%3D&ccb=17-1&_nc_gid=w1f5ztsA2Av-VwdFXyccBQ&_nc_ss=7b289&_nc_zt=28&oh=00_AQPbE_JXHSOxhLPYl_aQ9XFNYE8xBroj9bDK1uM1hgAbFg&oe=6ACD25D1","IN","2026-10-08 07:23"
"Freemen Jewellery & Accessories for Men","112260223734312","482370734208512","https://www.facebook.com/ads/library/?id=482370734208512","Inactive","Stopped","","2024-06-20","2026-10-05","837","","","","","INR","1","","","","","","","","","","DPA","6","","facebook, instagram, audience_network, messenger","ORDER_NOW","COD available","","","Discount / offer; Social proof; New launch; Convenience","English","","","","","","","","","","","Homepage","freemen.in","{{product.name}}","Get 10% Instant Discount✔✔ Latest Design 1 Gram Gold Plated Jewellery Chain, Bracelets, Rings, Rudraksha Mala. ⭐⭐⭐⭐⭐ Rated Store. 📢 Cash On Delivery Available 💵 Get 10% Instant Discount On Online Payment ✔ All India Delivery 👌 Quality Products 💖 Good Packaging 📢 Visit Now - https://www.freemen.in","https://freemen.in/","freemen.in","https://scontent-bom5-2.xx.fbcdn.net/v/t39.35426-6/448546780_490626653426293_1013123881390444043_n.jpg?_nc_cat=108&ccb=1-7&_nc_sid=c53f8f&_nc_ohc=j0sLBpW_Nx8Q7kNvwFwAgcQ&_nc_oc=AdqUmHq2H7U9W72caTSBmHiMwP5u6FIAgMqQ9-Iedy1FuSeewu4FY3KfChdEKSGsIH0&_nc_zt=14&_nc_ht=scontent-bom5-2.xx&_nc_gid=Q98p4d63K_teewdyeAMwLQ&_nc_ss=7b289&oh=00_AQM7xkv1wmc_CewyBWc5NxwH5E9FfDII3JneP8kbc2AJRw&oe=6ACD019E","IN","2026-10-08 07:23"
"Sunny Diamonds","212638295436625","700724444717332","https://www.facebook.com/ads/library/?id=700724444717332","Inactive","Stopped, Scaled ×2","","2023-09-18","2026-01-26","861","","","","","INR","2","","","","","","","","","","CAROUSEL","6","","facebook, instagram, audience_network, messenger","SHOP_NOW","Free shipping; COD available","","","Discount / offer; Social proof; Premium / quality; Benefit / claim; Convenience","English","","","","","","","","","","","Other page","sunnydiamonds.com/trending","Sunny Diamonds","Experience Diamond Luxury at Your Fingertips! Shop now at Sunny Diamonds' online store and enjoy PAN India cash-on-delivery. Unveil the beauty of our flawless diamonds, trusted certification, and elite craftsmanship. Elevate your style today! Click to shop ✅Flawless Diamonds, Guaranteed ✅Trustworthy Diamond Certification ✅BIS Hallmark for Quality ✅Elite Diamond Craftsmanship ✅Certified Brilliance","https://sunnydiamonds.com/trending","https://sunnydiamonds.com/trending","https://scontent-bom2-4.xx.fbcdn.net/v/t39.35426-6/380701839_2050313005321194_2895538298846999981_n.jpg?_nc_cat=107&ccb=1-7&_nc_sid=c53f8f&_nc_ohc=cXgEm6zpClcQ7kNvwESXNjE&_nc_oc=AdqaVZXQgLfsaATsybt_V03xZATdRLjFVdE_3GFeSi84N_e87yC6HumWQDmWOZB0SDA&_nc_zt=14&_nc_ht=scontent-bom2-4.xx&_nc_gid=Q98p4d63K_teewdyeAMwLQ&_nc_ss=7b289&oh=00_AQPpJy-SxYm3jGssSahgybRQkcDw0_LJsG8VTKeNplhizQ&oe=6ACD21B9","IN","2026-10-08 07:23"
"Sunny Diamonds","212638295436625","1445446479345721","https://www.facebook.com/ads/library/?id=1445446479345721","Inactive","Stopped","","2023-10-03","2026-01-26","846","","","","","INR","1","","","","","","","","","","DPA","6","","facebook, instagram, audience_network, messenger","SHOP_NOW","","","","","English","","","","","","","","","","","Other page","sunnydiamonds.com/trending","{{product.name}} {{product.price strip_zeros}}","Unlock Brilliance at Sunny Diamonds' Online Store! Explore Dazzling Diamond Jewellery, Hassle-Free Returns, and PAN India Cash-on-Delivery. Shop with Confidence Now! ✅Trustworthy Diamond Certification  ✅BIS Hallmark for Quality ✅Elite Diamond Craftsmanship  ✅Certified Brilliance  ✅Brand Assured Quality","https://sunnydiamonds.com/trending","https://sunnydiamonds.com/trending","https://scontent-bom2-4.xx.fbcdn.net/v/t39.35426-6/386162623_688063973255941_9120181808938673419_n.jpg?_nc_cat=106&ccb=1-7&_nc_sid=c53f8f&_nc_ohc=kMBFzqraGZgQ7kNvwGeVve4&_nc_oc=AdrctyrLnQ2rCkosUqkV_yE4zYE7WaWoCX6ZWn0x0qC063jNHmqPOVEAytKh9ZQvVbM&_nc_zt=14&_nc_ht=scontent-bom2-4.xx&_nc_gid=Q98p4d63K_teewdyeAMwLQ&_nc_ss=7b289&oh=00_AQNgnvvKSr3vKT3XqGFXIDwRXkVyqgCgb-s3KCcCcE-v_A&oe=6ACCFE0C","IN","2026-10-08 07:23"
"Sunny Diamonds","212638295436625","183599744769733","https://www.facebook.com/ads/library/?id=183599744769733","Inactive","Stopped","","2023-10-03","2026-01-26","846","","","","","INR","1","","","","","","","","","","DPA","6","","facebook, instagram, audience_network, messenger","SHOP_NOW","","","","Benefit / claim","English","","","","","","","","","","","Other page","sunnydiamonds.com/trending","{{product.name}} {{product.price strip_zeros}}","Discover Timeless Elegance at Sunny Diamonds' Online Store! Shop Internally Flawless Diamonds, Enjoy 15 Days Return Policy, and Trustworthy Certification. Start Shopping Today! ✅Certified Brilliance  ✅Quality Assured Diamonds  ✅IF Diamonds, Unmatched  ✅Flawless Diamonds Guaranteed  ✅Certified Diamond Jewellery","https://sunnydiamonds.com/trending","https://sunnydiamonds.com/trending","https://scontent-bom5-2.xx.fbcdn.net/v/t39.35426-6/386346911_336247455521518_2147471201455929798_n.jpg?_nc_cat=102&ccb=1-7&_nc_sid=c53f8f&_nc_ohc=lm1ZLXHnkwEQ7kNvwG3KW6d&_nc_oc=AdoL4RFvTeizhOqnAnFUqfdroVznGX4dadEmrXtk5ROwlFHUVLOEldtAw8Ec0mtJNds&_nc_zt=14&_nc_ht=scontent-bom5-2.xx&_nc_gid=Q98p4d63K_teewdyeAMwLQ&_nc_ss=7b289&oh=00_AQPwmhmknlOETna_yOpMRyHPhaS5Lbu9Pn06EKf4hSb1Gw&oe=6ACD2530","IN","2026-10-08 07:23"
"Sunny Diamonds","212638295436625","2708404805964123","https://www.facebook.com/ads/library/?id=2708404805964123","Inactive","Stopped, Scaled ×2","","2023-09-18","2026-01-26","861","","","","","INR","2","","","","","","","","","","CAROUSEL","6","","facebook, instagram, audience_network, messenger","SHOP_NOW","Free shipping; COD available","","","Discount / offer; Premium / quality; Benefit / claim; Convenience","English","","","","","","","","","","","Other page","sunnydiamonds.com/trending","Sunny Diamonds","Experience the convenience of PAN India cash-on-delivery while shopping for stunning diamond jewellery at Sunny Diamonds' online store. Discover exclusive designs and enjoy free shipping across India.  ✅Flawless Diamonds, Guaranteed ✅Trustworthy Diamond Certification ✅BIS Hallmark for Quality ✅Elite Diamond Craftsmanship ✅Certified Brilliance","https://sunnydiamonds.com/trending","https://sunnydiamonds.com/trending","https://scontent-bom2-4.xx.fbcdn.net/v/t39.35426-6/380372664_997588731481490_3905933625753969729_n.jpg?_nc_cat=106&ccb=1-7&_nc_sid=c53f8f&_nc_ohc=Kfw3CGnmn7MQ7kNvwFmD9Ag&_nc_oc=AdrH6XAw8Oi-7MstdyswKyHFzj4NYMaKz6F284SyiJ2P_aFzN1HtADH6a2MeTW8fmXo&_nc_zt=14&_nc_ht=scontent-bom2-4.xx&_nc_gid=2NMaHKq0mwfpbw5gDx-acg&_nc_ss=7b289&oh=00_AQMePUbMCdSrb-KgKc4RTYcFBdx3nlXZEOYi9R1S1qMixA&oe=6ACCFDDE","IN","2026-10-08 07:23"
"Sabyasachi","172689552749420","2290875894715321","https://www.facebook.com/ads/library/?id=2290875894715321","Inactive","Stopped","","2025-10-25","2025-11-04","10","","","","","INR","1","","","","","","","","","","CAROUSEL","10","","instagram","VIEW_INSTAGRAM_PROFILE","","","","Creator / UGC","English","","","","","","","","","","","Facebook / Instagram","instagram.com/_u/sabyasachiofficial","","We are pleased to announce the opening of the Sabyasachi Bengaluru boutique featuring clothing, jewellery and accessories.   The Leela Palace, Collonnade - Ground Floor Unit No. A4, Bengaluru, Karnataka 560008   Open now!       @sunhilsippy #Sabyasachi #TheWorldOfSabyasachi #SabyasachiJewellery #SabyasachiAccessories #SabyasachiBengaluru","https://www.instagram.com/_u/sabyasachiofficial","instagram.com","https://scontent-bom2-3.xx.fbcdn.net/v/t39.35426-6/571311968_1499774457963328_737793440454329848_n.jpg?_nc_cat=101&ccb=1-7&_nc_sid=c53f8f&_nc_ohc=cY98PqjogpgQ7kNvwHe3e89&_nc_oc=AdppBmlnTHbIyJq1Qz--Oz2VHS90wurWwVL6_7_ewA14e5_ggCGvYbJtI2lawQ8zlzU&_nc_zt=14&_nc_ht=scontent-bom2-3.xx&_nc_gid=Q98p4d63K_teewdyeAMwLQ&_nc_ss=7b289&oh=00_AQOb4GILEfZ2DhTZQZxgFhtBoGMUctJWERyUpHouQS0zZQ&oe=6ACCFD9D","IN","2026-10-08 07:23"
"Sabyasachi","172689552749420","4114445252127579","https://www.facebook.com/ads/library/?id=4114445252127579","Inactive","Stopped","","2025-10-25","2025-11-04","10","","","","","INR","1","","","","","","","","","","CAROUSEL","10","","instagram","VIEW_INSTAGRAM_PROFILE","","","","Creator / UGC","English","","","","","","","","","","","Facebook / Instagram","instagram.com/_u/sabyasachiofficial","","We are pleased to announce the opening of the Sabyasachi Bengaluru boutique featuring clothing, jewellery and accessories.   The Leela Palace, Collonnade - Ground Floor Unit No. A4, Bengaluru, Karnataka 560008   Open now!       @sunhilsippy #Sabyasachi #TheWorldOfSabyasachi #SabyasachiJewellery #SabyasachiAccessories #SabyasachiBengaluru","https://www.instagram.com/_u/sabyasachiofficial","instagram.com","https://scontent-bom5-1.xx.fbcdn.net/v/t39.35426-6/569046878_819430770575034_4044112265743563775_n.jpg?_nc_cat=109&ccb=1-7&_nc_sid=c53f8f&_nc_ohc=30bNym2uBcgQ7kNvwH3OtYw&_nc_oc=AdpEnJTGNV03_M8xIbwRcrcVwu7ggW7FygLfBe0TrTCXSKgWljOKJRsHphNZ9OUYW_k&_nc_zt=14&_nc_ht=scontent-bom5-1.xx&_nc_gid=Q98p4d63K_teewdyeAMwLQ&_nc_ss=7b289&oh=00_AQNBvgWD29bpRUJe1ovzNkPNonxskz7wQDTa1C61wE2ogw&oe=6ACD1B04","IN","2026-10-08 07:23"
"Sabyasachi","172689552749420","1506024967203003","https://www.facebook.com/ads/library/?id=1506024967203003","Inactive","Stopped","","2025-10-05","2025-10-17","12","","","","","INR","1","","","","","","","","","","CAROUSEL","7","","instagram","VIEW_INSTAGRAM_PROFILE","","","","Premium / quality; Creator / UGC","English","","","","","","","","","","","Facebook / Instagram","instagram.com/_u/sabyasachiofficial","","Julia Roberts in earrings and necklace by Sabyasachi High Jewellery at the premier of After The Hunt in Los Angeles.  Statement earrings from Sabyasachi High Jewellery crafted in 18k gold with apatite, tsavorite and brilliant cut EF VVS VS diamonds. Paired with a statement necklace crafted in 18k gold with sapphire, tourmalines, thulite, labradorite and brilliant cut EF VVS VS diamonds.        @juliaroberts @gettyimages @stevegranitzphotography @jcolivera @asussmanphoto @elizabethstewart1 @margosiegelpr @genevieveherr @sergenormant #Sabyasachi #TheWorldOfSabyasachi #SabyasachiJewellery #JuliaRoberts","https://www.instagram.com/_u/sabyasachiofficial","instagram.com","https://scontent-bom5-2.xx.fbcdn.net/v/t39.35426-6/558799027_1491343955250396_5488212518049797549_n.jpg?_nc_cat=102&ccb=1-7&_nc_sid=c53f8f&_nc_ohc=sgC3YQJrnXMQ7kNvwF-kTS3&_nc_oc=AdqtcABYyoSRgpsK5ERwFSKLi9m717NDN77KkDshcUGSeq37SRAZPQfJ6TOTp2BXQg8&_nc_zt=14&_nc_ht=scontent-bom5-2.xx&_nc_gid=Q98p4d63K_teewdyeAMwLQ&_nc_ss=7b289&oh=00_AQNhZK9QnJQ_h8RVwDNz74whfVQdIcqypVEUEjJ8Z1wVvA&oe=6ACCFCC2","IN","2026-10-08 07:23"
"Sabyasachi","172689552749420","1181724973847376","https://www.facebook.com/ads/library/?id=1181724973847376","Inactive","Stopped","","2025-10-25","2025-11-04","10","","","","","INR","1","","","","","","","","","","VIDEO","","52","instagram","VIEW_INSTAGRAM_PROFILE","","","","Creator / UGC","English","music Thank you. you","music Thank you. you","English","","","","","","","","Facebook / Instagram","instagram.com/_u/sabyasachiofficial","","We are pleased to announce the opening of the Sabyasachi Bengaluru boutique featuring clothing, jewellery and accessories.   The Leela Palace, Collonnade - Ground Floor Unit No. A4, Bengaluru, Karnataka 560008   Open now!       @sunhilsippy #Sabyasachi #TheWorldOfSabyasachi #SabyasachiJewellery #SabyasachiAccessories #SabyasachiBengaluru","https://www.instagram.com/_u/sabyasachiofficial","www.instagram.com","https://video-bom5-2.xx.fbcdn.net/o1/v/t2/f2/m86/AQMjhn6gQPgtuv09nChreFX5K9spdPqfeE8Gg32Dz1UMghVuLs0-vFOtY3xBenixwDrt3C73rYTknHTMbnbSieIrAycWkPfWDpohox4.mp4?_nc_cat=100&_nc_sid=b66105&_nc_ht=video-bom5-2.xx.fbcdn.net&_nc_ohc=Snyc1oPfydsQ7kNvwHf-UIv&efg=eyJ2ZW5jb2RlX3RhZyI6Inhwdl9wcm9ncmVzc2l2ZS5WSV9VU0VDQVNFX1BST0RVQ1RfVFlQRS4uQzMuNzIwLmRhc2hfYmFzZWxpbmVfMV92MSIsInhwdl9hc3NldF9pZCI6MTM3NzYxNTc5NzM0NjE4NSwiYXNzZXRfYWdlX2RheXMiOjM0OCwidmlfdXNlY2FzZV9pZCI6MTAwOTksImR1cmF0aW9uX3MiOjUyLCJ1cmxnZW5fc291cmNlIjoid3d3In0%3D&ccb=17-1&vs=ed33401b3c4d2589&_nc_vs=HBksFQIYUmlnX3hwdl9yZWVsc19wZXJtYW5lbnRfc3JfcHJvZC9CNjRCNjEwNTQ4MEQwMDgwRkNEMzc2MEJERDFBM0Q5RF92aWRlb19kYXNoaW5pdC5tcDQVAALIARIAFQIYSGlnX3hwdl9yZWVsc19wZXJtYW5lbnRfc3JfcHJvZC8yNDk5ODg5MTEzOTczODQ5MF8xMzg4OTYzNTE2NzE0NjEyNzYxLm1wNBUCAsgBEgAoABgAGwKIB3VzZV9vaWwBMRJwcm9ncmVzc2l2ZV9yZWNpcGUBMRUAACaS_ubD5bvyBBUCKAJDMywXQEoAAAAAAAAYEmRhc2hfYmFzZWxpbmVfMV92MREAdQBl5p0BAA&_nc_gid=Q98p4d63K_teewdyeAMwLQ&_nc_ss=7b289&_nc_zt=28&oh=00_AQPMfxOl4txMUpdCjpcdiNlwGIr5qgLDLLVXY_nO8gQ2qA&oe=6AC913BD","IN","2026-10-08 07:23"
"Sabyasachi","172689552749420","2095432337863941","https://www.facebook.com/ads/library/?id=2095432337863941","Inactive","Stopped","","2025-10-18","2025-10-27","9","","","","","INR","1","","","","","","","","","","CAROUSEL","10","13","instagram","VIEW_INSTAGRAM_PROFILE","","","","New launch; Creator / UGC; Seasonal / festive","English","","","No speech (music only)","","","","","","","","Facebook / Instagram","instagram.com/_u/sabyasachiofficial","","THE NEW INDIA THE MODERN INTER-CULTURAL WEDDING DRESS CODE   In an age of noise, Sabyasachi chooses silence, intention over conformity, and substance over spectacle. This is not bridal wear for performance. It’s a refusal to conform. It ignores trends and refutes that tradition must be loud to be appreciated. Lehengas, rich with craft, are paired with quiet dupattas so the embroidery can breathe. The styling is spare; jewellery edited; every detail essential. She chooses with discernment and wears heritage as presence, not performance. In the New India, maximalism and minimalism meet like memory and intention. A balance. A tightrope above the stereotypical. As brides declare for themselves who they are; when they seek truth over validation, they become a catalyst for change. As Sabyasachi has always said: “For heritage to be relevant, it must be dynamic.”       @thebadlydrawnboy @sandhyashekar @miteshrajani @ananikani @mishra_debojyoti #Sabyasachi #TheWorldOfSabyasachi #SabyasachiJewellery #SabyasachiAccessories #BridesOfSabyasachi #SabyasachiBride","https://www.instagram.com/_u/sabyasachiofficial","instagram.com","https://scontent-bom2-3.xx.fbcdn.net/v/t39.35426-6/562368402_830623009541410_3652446338479936733_n.jpg?_nc_cat=103&ccb=1-7&_nc_sid=c53f8f&_nc_ohc=xcozmR2y_24Q7kNvwGLUn7Y&_nc_oc=Adqjt3xSkyilgNnnm51j8ZTrA2HLmGoF3ZBrrqYXxFq2QKVGpdWVHvk8DUPv68K5i9M&_nc_zt=14&_nc_ht=scontent-bom2-3.xx&_nc_gid=2NMaHKq0mwfpbw5gDx-acg&_nc_ss=7b289&oh=00_AQMYTslIrmaTBikO-PHCCfB8FrU5KInqsbi-R90R0OEUjA&oe=6ACD05C6","IN","2026-10-08 07:23"
"Sabyasachi","172689552749420","1095056219381647","https://www.facebook.com/ads/library/?id=1095056219381647","Inactive","Stopped","","2025-09-27","2025-10-08","11","","","","","INR","1","","","","","","","","","","CAROUSEL","5","","instagram","VIEW_INSTAGRAM_PROFILE","","","","New launch; Premium / quality; Creator / UGC; Seasonal / festive","English","","","","","","","","","","","Facebook / Instagram","instagram.com/_u/sabyasachiofficial","","Julia Roberts in earrings by Sabyasachi High Jewellery at the 63rd New York Film Festival.    Statement earrings from Sabyasachi High Jewellery crafted in 18k gold with aquamarine and EF VVS VS diamonds.        @juliaroberts @thenyff @gettyimages @photographickris @elizabethstewart1 @genevieveherr @sergenormant @jordan_grossman #Sabyasachi #TheWorldOfSabyasachi #SabyasachiJewellery #JuliaRoberts #NYFF63","https://www.instagram.com/_u/sabyasachiofficial","instagram.com","https://scontent-bom2-3.xx.fbcdn.net/v/t39.35426-6/555111033_967351022235282_5007632969648997228_n.jpg?_nc_cat=103&ccb=1-7&_nc_sid=c53f8f&_nc_ohc=RGBIJWpVVtwQ7kNvwE_W6MK&_nc_oc=Adr8sFgQm8_34l8WqO7biGgJ2OzSWj4E1-jIjt21XVyZkq57mAbJhCecizsdrem-sgM&_nc_zt=14&_nc_ht=scontent-bom2-3.xx&_nc_gid=2NMaHKq0mwfpbw5gDx-acg&_nc_ss=7b289&oh=00_AQMtMZAngYxGW61uEoJQP6WhiOr-w9ltxsj2P75UCtTrRg&oe=6ACD1B8F","IN","2026-10-08 07:23"
"Sabyasachi","172689552749420","799889666080876","https://www.facebook.com/ads/library/?id=799889666080876","Inactive","Stopped","","2025-09-29","2025-10-10","11","","","","","INR","1","","","","","","","","","","CAROUSEL","10","13","instagram","VIEW_INSTAGRAM_PROFILE","","","","New launch; Creator / UGC; Seasonal / festive","English","","","No speech (music only)","","","","","","","","Facebook / Instagram","instagram.com/_u/sabyasachiofficial","","THE NEW WORLD THE MODERN MULTICULTURAL WEDDING DRESS CODE   In love, everything becomes ancestral. This collection is about heritage in motion.   As more Indian men and women find love across continents, cultures, and genders, I find myself drawn to the quiet transformations taking place inside weddings. Cross-cultural unions are entering Indian tradition with humility.   “The New World” is my response to this moment: a bridal collection that leans into traditional silhouettes but is stripped of excess. The jewellery is edited, deliberate. The fabrics are still opulent, but the styling is more nuanced. The dupattas are lighter, sometimes even translucent. There is a dignity in their weightlessness.   This is not a dilution of culture; it is refinement. For these couples, their choices speak of initiation, not appropriation, presence over performance. Occidental preference to edit has found harmony with the oriental instinct to ornament. This is India; not inherited but chosen, which is the most modern act of all.       @tarunvishwaofficial @sandhyashekar @miteshrajani @svetagoingmad @mishra_debojyoti #Sabyasachi #TheWorldOfSabyasachi #SabyasachiJewellery #SabyasachiAccessories #BridesOfSabyasachi #SabyasachiBride","https://www.instagram.com/_u/sabyasachiofficial","instagram.com","https://scontent-bom2-4.xx.fbcdn.net/v/t39.35426-6/556145852_1240509061166337_8861187847686146279_n.jpg?_nc_cat=106&ccb=1-7&_nc_sid=c53f8f&_nc_ohc=p5JyAcRpJ80Q7kNvwFvZsTY&_nc_oc=Adp85p1NMwSbGNPAFCr5LPeBxjbFgiLumqOTWJbHPMJhRknW8oNgDaD0LSX42mi18Ho&_nc_zt=14&_nc_ht=scontent-bom2-4.xx&_nc_gid=2NMaHKq0mwfpbw5gDx-acg&_nc_ss=7b289&oh=00_AQOfclwqkRBPNss1uqQ804h8GZBSGKeodMMoARMdEM_VbQ&oe=6ACD1D3B","IN","2026-10-08 07:23"
"Sabyasachi","172689552749420","2.83838E+15","https://www.facebook.com/ads/library/?id=2838382803030590","Inactive","Stopped","","2025-10-11","2025-10-22","11","","","","","INR","1","","","","","","","","","","CAROUSEL","10","13","instagram","VIEW_INSTAGRAM_PROFILE","","","","New launch; Creator / UGC; Seasonal / festive","English","","","No speech (music only)","","","","","","","","Facebook / Instagram","instagram.com/_u/sabyasachiofficial","","THE NEW INDIA THE MODERN INTER-CULTURAL WEDDING DRESS CODE   In an age of noise, Sabyasachi chooses silence, intention over conformity, and substance over spectacle. This is not bridal wear for performance. It’s a refusal to conform. It ignores trends and refutes that tradition must be loud to be appreciated. Lehengas, rich with craft, are paired with quiet dupattas so the embroidery can breathe. The styling is spare; jewellery edited; every detail essential. She chooses with discernment and wears heritage as presence, not performance. In the New India, maximalism and minimalism meet like memory and intention. A balance. A tightrope above the stereotypical. As brides declare for themselves who they are; when they seek truth over validation, they become a catalyst for change. As Sabyasachi has always said: “For heritage to be relevant, it must be dynamic.”       @thebadlydrawnboy @sandhyashekar @miteshrajani @reachnushkie @mahiekasharma @mishra_debojyoti #Sabyasachi #TheWorldOfSabyasachi #SabyasachiJewellery #SabyasachiAccessories #BridesOfSabyasachi #SabyasachiBride","https://www.instagram.com/_u/sabyasachiofficial","instagram.com","https://scontent-bom5-1.xx.fbcdn.net/v/t39.35426-6/559261406_734400222990136_3294392584521970863_n.jpg?_nc_cat=111&ccb=1-7&_nc_sid=c53f8f&_nc_ohc=XiXU_LBNq5kQ7kNvwHhyAF5&_nc_oc=Ado7oQKoJIJ2_8nVZg638RSvFudMm2li8dlgdWB6MZfhJE7JwVO68dPn8_vt2SPBnS8&_nc_zt=14&_nc_ht=scontent-bom5-1.xx&_nc_gid=TNGKJ9xUnY8vM0Rip021Dg&_nc_ss=7b289&oh=00_AQNSprm6vEUSMF0laO-o_blNOQAz4NvjgXmCceeQ_4OOdg&oe=6ACD23ED","IN","2026-10-08 07:23"
"Sabyasachi","172689552749420","1344273980391968","https://www.facebook.com/ads/library/?id=1344273980391968","Inactive","Stopped","","2025-10-03","2025-10-14","11","","","","","INR","1","","","","","","","","","","CAROUSEL","10","13","instagram","VIEW_INSTAGRAM_PROFILE","","","","New launch; Creator / UGC; Seasonal / festive","English","","","No speech (music only)","","","","","","","","Facebook / Instagram","instagram.com/_u/sabyasachiofficial","","THE NEW WORLD  THE MODERN MULTICULTURAL WEDDING DRESS CODE   In love, everything becomes ancestral. This collection is about heritage in motion.   As more Indian men and women find love across continents, cultures, and genders, I find myself drawn to the quiet transformations taking place inside weddings. Cross-cultural unions are entering Indian tradition with humility.   “The New World” is my response to this moment: a bridal collection that leans into traditional silhouettes but is stripped of excess. The jewellery is edited, deliberate. The fabrics are still opulent, but the styling is more nuanced. The dupattas are lighter, sometimes even translucent. There is a dignity in their weightlessness.   This is not a dilution of culture; it is refinement. For these couples, their choices speak of initiation, not appropriation, presence over performance. Occidental preference to edit has found harmony with the oriental instinct to ornament. This is India; not inherited but chosen, which is the most modern act of all.       @thebadlydrawnboy @sandhyashekar @miteshrajani @talitabuenopugliese @morgenthalfrederics @mishra_debojyoti #Sabyasachi #TheWorldOfSabyasachi #SabyasachiJewellery #SabyasachiAccessories #BridesOfSabyasachi #SabyasachiBride #SabyasachiXMorgenthalFrederics","https://www.instagram.com/_u/sabyasachiofficial","instagram.com","https://scontent-bom2-3.xx.fbcdn.net/v/t39.35426-6/556059124_4168481223409493_5516831644600832832_n.jpg?_nc_cat=103&ccb=1-7&_nc_sid=c53f8f&_nc_ohc=LSPUrZo67sAQ7kNvwG6EuRZ&_nc_oc=Adqa7_Jt75XPtfRkT17EPsMcbzWYchOKINULcGGbIFXolw4fTcK7pfzcQXIF0wqy9io&_nc_zt=14&_nc_ht=scontent-bom2-3.xx&_nc_gid=TNGKJ9xUnY8vM0Rip021Dg&_nc_ss=7b289&oh=00_AQP_uw4Z75Sw2Gdr5wd0D3MGpUIWk0oTAkKsNpXlyWn4yQ&oe=6ACD077E","IN","2026-10-08 07:23"
"Sabyasachi","172689552749420","1323892509534044","https://www.facebook.com/ads/library/?id=1323892509534044","Inactive","Stopped","","2025-10-01","2025-10-11","10","","","","","INR","1","","","","","","","","","","CAROUSEL","10","13","instagram","VIEW_INSTAGRAM_PROFILE","","","","New launch; Creator / UGC; Seasonal / festive","English","","","No speech (music only)","","","","","","","","Facebook / Instagram","instagram.com/_u/sabyasachiofficial","","THE NEW WORLD THE MODERN MULTICULTURAL WEDDING DRESS CODE   In love, everything becomes ancestral. This collection is about heritage in motion.   As more Indian men and women find love across continents, cultures, and genders, I find myself drawn to the quiet transformations taking place inside weddings. Cross-cultural unions are entering Indian tradition with humility.   “The New World” is my response to this moment: a bridal collection that leans into traditional silhouettes but is stripped of excess. The jewellery is edited, deliberate. The fabrics are still opulent, but the styling is more nuanced. The dupattas are lighter, sometimes even translucent. There is a dignity in their weightlessness.   This is not a dilution of culture; it is refinement. For these couples, their choices speak of initiation, not appropriation, presence over performance. Occidental preference to edit has found harmony with the oriental instinct to ornament. This is India; not inherited but chosen, which is the most modern act of all.       @thebadlydrawnboy @sandhyashekar @miteshrajani @talitabuenopugliese @mishra_debojyoti #Sabyasachi #TheWorldOfSabyasachi #SabyasachiJewellery #SabyasachiAccessories #BridesOfSabyasachi #SabyasachiBride","https://www.instagram.com/_u/sabyasachiofficial","instagram.com","https://scontent-bom5-1.xx.fbcdn.net/v/t39.35426-6/558187939_1709747539741930_2941487690196441355_n.jpg?_nc_cat=109&ccb=1-7&_nc_sid=c53f8f&_nc_ohc=zfmCPjGRB4YQ7kNvwGDQHTe&_nc_oc=AdooZONjWTNn4r4pN5NIj9FIj2DM7SFvzwgNSTzFOoKC6-Qss0w8WeMpFtD0AjrxQ3o&_nc_zt=14&_nc_ht=scontent-bom5-1.xx&_nc_gid=TNGKJ9xUnY8vM0Rip021Dg&_nc_ss=7b289&oh=00_AQMAH-N76weq3snpRygkOn5vpy-oc1SEer7SEr0AO7OjZg&oe=6ACD2484","IN","2026-10-08 07:23"
"Sabyasachi","172689552749420","1490212215620951","https://www.facebook.com/ads/library/?id=1490212215620951","Inactive","Stopped","","2025-10-19","2025-10-27","8","","","","","INR","1","","","","","","","","","","CAROUSEL","10","13","instagram","VIEW_INSTAGRAM_PROFILE","","","","New launch; Creator / UGC; Seasonal / festive","English","","","No speech (music only)","","","","","","","","Facebook / Instagram","instagram.com/_u/sabyasachiofficial","","THE NEW INDIA THE MODERN INTER-CULTURAL WEDDING DRESS CODE   In an age of noise, Sabyasachi chooses silence, intention over conformity, and substance over spectacle. This is not bridal wear for performance. It’s a refusal to conform. It ignores trends and refutes that tradition must be loud to be appreciated. Lehengas, rich with craft, are paired with quiet dupattas so the embroidery can breathe. The styling is spare; jewellery edited; every detail essential. She chooses with discernment and wears heritage as presence, not performance. In the New India, maximalism and minimalism meet like memory and intention. A balance. A tightrope above the stereotypical. As brides declare for themselves who they are; when they seek truth over validation, they become a catalyst for change. As Sabyasachi has always said: “For heritage to be relevant, it must be dynamic.”       @thebadlydrawnboy @sandhyashekar @miteshrajani @ananikani @mishra_debojyoti #Sabyasachi #TheWorldOfSabyasachi #SabyasachiJewellery #SabyasachiAccessories #BridesOfSabyasachi #SabyasachiBride","https://www.instagram.com/_u/sabyasachiofficial","instagram.com","https://scontent-bom2-4.xx.fbcdn.net/v/t39.35426-6/565372871_842634788435059_3551946234330856090_n.jpg?_nc_cat=106&ccb=1-7&_nc_sid=c53f8f&_nc_ohc=21njQkkri2sQ7kNvwF7U2XJ&_nc_oc=AdpryEsE8bR1XUYwxSjUjzaV5dZvhhX45A7oojxwzmCw9DQ3ow_nNN6ByDsnYoqr09I&_nc_zt=14&_nc_ht=scontent-bom2-4.xx&_nc_gid=TNGKJ9xUnY8vM0Rip021Dg&_nc_ss=7b289&oh=00_AQM535t1-Bcix0vnGNpX5v8dD3zUVxSPouL0cbCz1JNyyA&oe=6ACD07C3","IN","2026-10-08 07:23"
"Sabyasachi","172689552749420","1128700439428481","https://www.facebook.com/ads/library/?id=1128700439428481","Inactive","Stopped","","2025-10-27","2025-11-07","11","","","","","INR","1","","","","","","","","","","CAROUSEL","10","13","instagram","VIEW_INSTAGRAM_PROFILE","","","","New launch; Creator / UGC; Seasonal / festive","English","","","No speech (music only)","","","","","","","","Facebook / Instagram","instagram.com/_u/sabyasachiofficial","","THE NEW INDIA Winter 2025-26       @thebadlydrawnboy @sandhyashekar @miteshrajani @kirandeep_chahal @mishra_debojyoti #Sabyasachi #TheWorldOfSabyasachi #SabyasachiJewellery #SabyasachiAccessories #BridesOfSabyasachi #SabyasachiBride","https://www.instagram.com/_u/sabyasachiofficial","instagram.com","https://scontent-bom2-3.xx.fbcdn.net/v/t39.35426-6/571424063_1202598861922979_7527131842807667773_n.jpg?_nc_cat=101&ccb=1-7&_nc_sid=c53f8f&_nc_ohc=SQTkkkL1lZEQ7kNvwGX1cat&_nc_oc=AdrYTL0KxVzHB8ISEVwvYGGvFWDD8OdYI2DMhzP1OiwEY9zbObQ2zzR6BFLRLEm_awA&_nc_zt=14&_nc_ht=scontent-bom2-3.xx&_nc_gid=38Ece4EIU27pzJ46f8UWRw&_nc_ss=7b289&oh=00_AQPx-OIfRgIxOA4D3cC0RBdzuPvrvpGWk4lZcSRWGgKjHg&oe=6ACD0B4C","IN","2026-10-08 07:23"
"Sabyasachi","172689552749420","787095584184191","https://www.facebook.com/ads/library/?id=787095584184191","Inactive","Stopped","","2025-09-29","2025-10-10","11","","","","","INR","1","","","","","","","","","","CAROUSEL","7","13","instagram","VIEW_INSTAGRAM_PROFILE","","","","New launch; Creator / UGC; Seasonal / festive","English","","","No speech (music only)","","","","","","","","Facebook / Instagram","instagram.com/_u/sabyasachiofficial","","THE NEW WORLD THE MODERN MULTICULTURAL WEDDING DRESS CODE   In love, everything becomes ancestral. This collection is about heritage in motion.   As more Indian men and women find love across continents, cultures, and genders, I find myself drawn to the quiet transformations taking place inside weddings. Cross-cultural unions are entering Indian tradition with humility.   “The New World” is my response to this moment: a bridal collection that leans into traditional silhouettes but is stripped of excess. The jewellery is edited, deliberate. The fabrics are still opulent, but the styling is more nuanced. The dupattas are lighter, sometimes even translucent. There is a dignity in their weightlessness.   This is not a dilution of culture; it is refinement. For these couples, their choices speak of initiation, not appropriation, presence over performance. Occidental preference to edit has found harmony with the oriental instinct to ornament. This is India; not inherited but chosen, which is the most modern act of all.       @tarunvishwaofficial @sandhyashekar @miteshrajani @ananikani @mishra_debojyoti #Sabyasachi #TheWorldOfSabyasachi #SabyasachiJewellery #SabyasachiAccessories #BridesOfSabyasachi #SabyasachiBride","https://www.instagram.com/_u/sabyasachiofficial","instagram.com","https://scontent-bom5-2.xx.fbcdn.net/v/t39.35426-6/557735928_1440215503725717_7891170395791401325_n.jpg?_nc_cat=104&ccb=1-7&_nc_sid=c53f8f&_nc_ohc=JfDuFbOZRrYQ7kNvwF-vHlb&_nc_oc=Ado6RbjWDPt95L3Lo70AcBPAweY99tpMvE0qABpeJVjFcurVnAmi5y_yOlj1QRRy38o&_nc_zt=14&_nc_ht=scontent-bom5-2.xx&_nc_gid=tUs3hCGPQV7aksJjy_wqpA&_nc_ss=7b289&oh=00_AQNe2Vt9DJFzfPH8wOAfq6pX1HcHfowBnwj-M7nyyJeW5A&oe=6ACD23B5","IN","2026-10-08 07:23"
"Sabyasachi","172689552749420","1124609396501022","https://www.facebook.com/ads/library/?id=1124609396501022","Inactive","Stopped","","2025-10-13","2025-10-24","11","","","","","INR","1","","","","","","","","","","CAROUSEL","10","13","instagram","VIEW_INSTAGRAM_PROFILE","","","","New launch; Creator / UGC; Seasonal / festive","English","","","No speech (music only)","","","","","","","","Facebook / Instagram","instagram.com/_u/sabyasachiofficial","","THE NEW INDIA THE MODERN INTER-CULTURAL WEDDING DRESS CODE   In an age of noise, Sabyasachi chooses silence, intention over conformity, and substance over spectacle.   This is not bridal wear for performance. It’s a refusal to conform. It ignores trends and refutes that tradition must be loud to be appreciated.   Lehengas, rich with craft, are paired with quiet dupattas so the embroidery can breathe. The styling is spare; jewellery edited; every detail essential. She chooses with discernment and wears heritage as presence, not performance.   In the New India, maximalism and minimalism meet like memory and intention. A balance. A tightrope above the stereotypical. As brides declare for themselves who they are; when they seek truth over validation, they become a catalyst for change. As Sabyasachi has always said: “For heritage to be relevant, it must be dynamic.”       @thebadlydrawnboy @sandhyashekar @miteshrajani @mahiekasharma @mishra_debojyoti #Sabyasachi #TheWorldOfSabyasachi #SabyasachiJewellery #SabyasachiAccessories #BridesOfSabyasachi #SabyasachiBride","https://www.instagram.com/_u/sabyasachiofficial","instagram.com","https://scontent-bom2-4.xx.fbcdn.net/v/t39.35426-6/565159500_1556482405359400_756697771430456489_n.jpg?_nc_cat=106&ccb=1-7&_nc_sid=c53f8f&_nc_ohc=tJRpTf0dvGoQ7kNvwE2aSM1&_nc_oc=AdrTGTeA9HzZ7icMB-4b-hRxa4nO_wCq5I6gcxEv7pR3IEZ1UiP4fZ0DbqSIx2dSOxg&_nc_zt=14&_nc_ht=scontent-bom2-4.xx&_nc_gid=tUs3hCGPQV7aksJjy_wqpA&_nc_ss=7b289&oh=00_AQNAvfQ8g1cJ-9B8qxKrq1aT5HudfBImSWxyIDfOVTunnw&oe=6ACCFD32","IN","2026-10-08 07:23"
"Sabyasachi","172689552749420","1.30571E+15","https://www.facebook.com/ads/library/?id=1305707521253910","Inactive","Stopped","","2025-10-13","2025-10-24","11","","","","","INR","1","","","","","","","","","","CAROUSEL","10","13","instagram","VIEW_INSTAGRAM_PROFILE","","","","New launch; Creator / UGC; Seasonal / festive","English","","","No speech (music only)","","","","","","","","Facebook / Instagram","instagram.com/_u/sabyasachiofficial","","THE NEW INDIA THE MODERN INTER-CULTURAL WEDDING DRESS CODE   In an age of noise, Sabyasachi chooses silence, intention over conformity, and substance over spectacle.   This is not bridal wear for performance. It’s a refusal to conform. It ignores trends and refutes that tradition must be loud to be appreciated.   Lehengas, rich with craft, are paired with quiet dupattas so the embroidery can breathe. The styling is spare; jewellery edited; every detail essential. She chooses with discernment and wears heritage as presence, not performance.   In the New India, maximalism and minimalism meet like memory and intention. A balance. A tightrope above the stereotypical. As brides declare for themselves who they are; when they seek truth over validation, they become a catalyst for change. As Sabyasachi has always said: “For heritage to be relevant, it must be dynamic.”       @thebadlydrawnboy @sandhyashekar @miteshrajani @talitabuenopugliese @mahiekasharma @mishra_debojyoti #Sabyasachi #TheWorldOfSabyasachi #SabyasachiJewellery #SabyasachiAccessories #BridesOfSabyasachi #SabyasachiBride","https://www.instagram.com/_u/sabyasachiofficial","instagram.com","https://scontent-bom5-1.xx.fbcdn.net/v/t39.35426-6/559582117_1747543699284050_6642930792396090328_n.jpg?_nc_cat=105&ccb=1-7&_nc_sid=c53f8f&_nc_ohc=e1w-DLsZH1AQ7kNvwHMcC-i&_nc_oc=Adpzs0epzCYOPxfF9C2HgL0HEf6YCfiCaOm6XrAod7MvcuDCggxdkFMXgL3ABqhbIzs&_nc_zt=14&_nc_ht=scontent-bom5-1.xx&_nc_gid=SvSEM1z3uGLy3JXeZGGGMg&_nc_ss=7b289&oh=00_AQPNnNgLw7e8jTjfjPy0z1nobhij5tEglqcywZuIOV4PiA&oe=6ACD1695","IN","2026-10-08 07:23"
"Sabyasachi","172689552749420","1467717344299934","https://www.facebook.com/ads/library/?id=1467717344299934","Inactive","Stopped","","2025-11-01","2025-11-08","7","","","","","INR","1","","","","","","","","","","CAROUSEL","10","","facebook, instagram, audience_network, messenger, threads","CONTACT_US","","","","","English","","","","","","","","","","","Landing / content page","sabyasachi.com/pages/stores","Sabyasachi","Available across all Sabyasachi flagships.","https://sabyasachi.com/pages/stores","sabyasachi.com","https://scontent-bom5-2.xx.fbcdn.net/v/t39.35426-6/574526405_804896695670714_7603364960848257599_n.jpg?_nc_cat=108&ccb=1-7&_nc_sid=c53f8f&_nc_ohc=Zi4oP7F00NQQ7kNvwEtiNGY&_nc_oc=AdppRt1_LRKvL8JzUOlzDF8KWJoXYJC6xEb0E1nZThLXepKfwoxD7WPQJaIviwcZRms&_nc_zt=14&_nc_ht=scontent-bom5-2.xx&_nc_gid=SvSEM1z3uGLy3JXeZGGGMg&_nc_ss=7b289&oh=00_AQO9WOCYYpREDFjFXIVk7fgtBOgweAINeNOQtp7HPnWTnA&oe=6ACD1CAA","IN","2026-10-08 07:23"
"Sabyasachi","172689552749420","1495763698371938","https://www.facebook.com/ads/library/?id=1495763698371938","Inactive","Stopped","","2025-10-27","2025-11-06","10","","","","","INR","1","","","","","","","","","","CAROUSEL","10","13","instagram","VIEW_INSTAGRAM_PROFILE","","","","New launch; Creator / UGC; Seasonal / festive","English","","","No speech (music only)","","","","","","","","Facebook / Instagram","instagram.com/_u/sabyasachiofficial","","THE NEW INDIA Winter 2025-26       @thebadlydrawnboy @sandhyashekar @miteshrajani @ananikani @mishra_debojyoti  #Sabyasachi #TheWorldOfSabyasachi #SabyasachiJewellery #SabyasachiAccessories #BridesOfSabyasachi #SabyasachiBride","https://www.instagram.com/_u/sabyasachiofficial","instagram.com","https://scontent-bom2-4.xx.fbcdn.net/v/t39.35426-6/571025375_1868663880667400_7201119368863869721_n.jpg?_nc_cat=107&ccb=1-7&_nc_sid=c53f8f&_nc_ohc=GMC1yN2EM7wQ7kNvwFpvoLf&_nc_oc=Adq3-cAKc7MbFj6bzVi5MnkxQ3mMQ8PA2kTtwvhcjRjRJWc4CScLQojCBajJWIHkuJs&_nc_zt=14&_nc_ht=scontent-bom2-4.xx&_nc_gid=SvSEM1z3uGLy3JXeZGGGMg&_nc_ss=7b289&oh=00_AQM0NdRvJpxSYxep6CO4rRIzdsHXreCtC-n5DuQ8V1TaYQ&oe=6ACD1043","IN","2026-10-08 07:23"
"Sabyasachi","172689552749420","2374850836263912","https://www.facebook.com/ads/library/?id=2374850836263912","Inactive","Stopped","","2025-10-28","2025-11-08","11","","","","","INR","1","","","","","","","","","","CAROUSEL","10","13","instagram","VIEW_INSTAGRAM_PROFILE","","","","New launch; Creator / UGC; Seasonal / festive","English","","","No speech (music only)","","","","","","","","Facebook / Instagram","instagram.com/_u/sabyasachiofficial","","THE NEW INDIA Winter 2025-26       @thebadlydrawnboy @sandhyashekar @miteshrajani @ananikani @mishra_debojyoti  #Sabyasachi #TheWorldOfSabyasachi #SabyasachiJewellery #SabyasachiAccessories #BridesOfSabyasachi #SabyasachiBride","https://www.instagram.com/_u/sabyasachiofficial","instagram.com","https://scontent-bom2-4.xx.fbcdn.net/v/t39.35426-6/571251038_1499563011257792_2348032521465238329_n.jpg?_nc_cat=106&ccb=1-7&_nc_sid=c53f8f&_nc_ohc=w40a2d80RjoQ7kNvwEzAjau&_nc_oc=Ado1vq4Fc7FgbDw5JqFt7oGsC-2Q6xKVyvGIMRNuYqVi-O0n_7hq3tG8UElx38iH1p0&_nc_zt=14&_nc_ht=scontent-bom2-4.xx&_nc_gid=a39b-AS-nytNb4yo9vYwog&_nc_ss=7b289&oh=00_AQMA9jgqsWmzTKSKH2MSY5fb8eRAje9u-BjqHWCmWwD17g&oe=6ACCFEE3","IN","2026-10-08 07:23"
"Sabyasachi","172689552749420","25323172110677719","https://www.facebook.com/ads/library/?id=25323172110677719","Inactive","Stopped","","2025-10-27","2025-11-07","11","","","","","INR","1","","","","","","","","","","CAROUSEL","10","8","instagram","VIEW_INSTAGRAM_PROFILE","","","","New launch; Creator / UGC; Seasonal / festive","English","","","No speech (music only)","","","","","","","","Facebook / Instagram","instagram.com/_u/sabyasachiofficial","","THE NEW INDIA Winter 2025-26       @thebadlydrawnboy @sandhyashekar @miteshrajani @kirandeep_chahal @ananikani @mishra_debojyoti #Sabyasachi #TheWorldOfSabyasachi #SabyasachiJewellery #SabyasachiAccessories #BridesOfSabyasachi #SabyasachiBride","https://www.instagram.com/_u/sabyasachiofficial","instagram.com","https://scontent-bom2-3.xx.fbcdn.net/v/t39.35426-6/571202633_1720467471952618_8224985820789513755_n.jpg?_nc_cat=103&ccb=1-7&_nc_sid=c53f8f&_nc_ohc=gXbJF-6JddYQ7kNvwEhBVdy&_nc_oc=Adp0XrHdEC8Q2sivUiSxXPODhv4JBXISua39f_35QvAd9tkRXpdkNjwu_By0jgrgqqI&_nc_zt=14&_nc_ht=scontent-bom2-3.xx&_nc_gid=a39b-AS-nytNb4yo9vYwog&_nc_ss=7b289&oh=00_AQPR7rxy8XnpW0qs36OlAiVz9nkfn--d3MF9U1eVp7pkew&oe=6ACD0AE3","IN","2026-10-08 07:23"
"Sabyasachi","172689552749420","836980392216253","https://www.facebook.com/ads/library/?id=836980392216253","Inactive","Stopped","","2025-10-31","2025-11-11","11","","","","","INR","1","","","","","","","","","","CAROUSEL","10","8","instagram","VIEW_INSTAGRAM_PROFILE","","","","New launch; Creator / UGC; Seasonal / festive","English","","","No speech (music only)","","","","","","","","Facebook / Instagram","instagram.com/_u/sabyasachiofficial","","THE NEW INDIA Winter 2025-26       @thebadlydrawnboy @sandhyashekar @miteshrajani @mahiekasharma @ananikani @morgenthalfrederics @mishra_debojyoti  #Sabyasachi #TheWorldOfSabyasachi #SabyasachiJewellery #SabyasachiAccessories #BridesOfSabyasachi #SabyasachiBride #SabyasachiXMorgenthalFrederics","https://www.instagram.com/_u/sabyasachiofficial","instagram.com","https://scontent-bom2-4.xx.fbcdn.net/v/t39.35426-6/572460875_1162778291946106_1123879651302474492_n.jpg?_nc_cat=106&ccb=1-7&_nc_sid=c53f8f&_nc_ohc=ZNhW-Zp2ChAQ7kNvwFE1nAA&_nc_oc=AdqtNbVT95XBrwGXyvgPl6PfNsxail1OFte176ZRLIsxrOqmkjjiLUqqW5O9VTelMAM&_nc_zt=14&_nc_ht=scontent-bom2-4.xx&_nc_gid=a39b-AS-nytNb4yo9vYwog&_nc_ss=7b289&oh=00_AQP9pZQ_Lw3fcu4KHqZydl4l0FQDE0NeA_Qr_Q99BwlyYw&oe=6ACD0AF5","IN","2026-10-08 07:23"
"Sabyasachi","172689552749420","24823544603968311","https://www.facebook.com/ads/library/?id=24823544603968311","Inactive","Stopped","","2025-10-28","2025-11-08","11","","","","","INR","1","","","","","","","","","","CAROUSEL","10","13","instagram","VIEW_INSTAGRAM_PROFILE","","","","New launch; Creator / UGC; Seasonal / festive","English","","","No speech (music only)","","","","","","","","Facebook / Instagram","instagram.com/_u/sabyasachiofficial","","THE NEW INDIA Winter 2025-26       @thebadlydrawnboy @sandhyashekar @miteshrajani @mahiekasharma @mishra_debojyoti @morgenthalfrederics -0#Sabyasachi #TheWorldOfSabyasachi #SabyasachiJewellery #SabyasachiAccessories #BridesOfSabyasachi #SabyasachiBride #SabyasachiXMorgenthalFrederics","https://www.instagram.com/_u/sabyasachiofficial","instagram.com","https://scontent-bom5-1.xx.fbcdn.net/v/t39.35426-6/573452720_808505625229042_5387602306168576532_n.jpg?_nc_cat=111&ccb=1-7&_nc_sid=c53f8f&_nc_ohc=Idzk1_dZ0q8Q7kNvwGKxE0T&_nc_oc=AdpT6WJPYFz86-DqfhXwZbPTDRZ65Tw8MOBVfygqrf10A7oBGXwHkBswkr15j7vIsxU&_nc_zt=14&_nc_ht=scontent-bom5-1.xx&_nc_gid=GO7pK0k3dkDxY9uCI_hDjw&_nc_ss=7b289&oh=00_AQPfEcbbBjLRwJIR8psAAR75N2AfgGevNcE5DyyWF5wz0Q&oe=6ACD023E","IN","2026-10-08 07:23"
"HKJC Entertainment","151109168248047","866478865709697","https://www.facebook.com/ads/library/?id=866478865709697","Inactive","Stopped, Scaled ×2, Creator collab","","2025-10-30","2025-11-09","10","","","","","INR","2","","","","","","","","Now United","","VIDEO","","10","instagram","VIEW_INSTAGRAM_PROFILE","","","","Creator / UGC","English","","","No speech (music only)","","","","","","","","Facebook / Instagram","instagram.com/hkjcentertainment","","GIDDY UP IS OUT NOW!🐴 This is one of our favorite songs ever and we couldn’t be more excited to share it with you! Have you guys posted your #GiddyUpDanceChallenge yet? 👀 Choreo by @nickyandersen  Style by @ambrosiothe3rd  Jewellery by @annoushkajewellery Knuckle collection #GiddyUpNowUnited #NowUnitedWithYou #HKJCEntertainment","http://instagram.com/hkjcentertainment","instagram.com","https://video-bom5-1.xx.fbcdn.net/o1/v/t2/f2/m86/AQPji642_RLRw4KDXZq2u35WY3dgSq8wcF6vzEVlfZQrf3oyoPG5WuFRkADocZVq02HzpoaKsNHjv69tSr27PB3P3ODfNgOSZVtV450.mp4?_nc_cat=110&_nc_sid=b66105&_nc_ht=video-bom5-1.xx.fbcdn.net&_nc_ohc=hsSwJs6kseAQ7kNvwHCWpis&efg=eyJ2ZW5jb2RlX3RhZyI6Inhwdl9wcm9ncmVzc2l2ZS5WSV9VU0VDQVNFX1BST0RVQ1RfVFlQRS4uQzMuNzIwLmRhc2hfYmFzZWxpbmVfMV92MSIsInhwdl9hc3NldF9pZCI6ODE4NjgyOTI0MjczOTI5LCJhc3NldF9hZ2VfZGF5cyI6MzQyLCJ2aV91c2VjYXNlX2lkIjoxMDA5OSwiZHVyYXRpb25fcyI6OSwidXJsZ2VuX3NvdXJjZSI6Ind3dyJ9&ccb=17-1&vs=429d2f3bad137a83&_nc_vs=HBksFQIYUmlnX3hwdl9yZWVsc19wZXJtYW5lbnRfc3JfcHJvZC82RjREOEE0RTE0NzUyRTRENjdBRTg4MDIwQkE0RDA5Rl92aWRlb19kYXNoaW5pdC5tcDQVAALIARIAFQIYRmlnX3hwdl9yZWVsc19wZXJtYW5lbnRfc3JfcHJvZC8yOTA2OTgxOTk2MTQyMjI5XzIyNjk5MDU0MTE5MzY0MjQxOC5tcDQVAgLIARIAKAAYABsCiAd1c2Vfb2lsATEScHJvZ3Jlc3NpdmVfcmVjaXBlATEVAAAmksSUjs-l9AIVAigCQzMsF0AjcKPXCj1xGBJkYXNoX2Jhc2VsaW5lXzFfdjERAHUAZeadAQA&_nc_gid=Q98p4d63K_teewdyeAMwLQ&_nc_ss=7b289&_nc_zt=28&oh=00_AQM8Uu2vHvrM39af1w2BeT8ZQcgZcYIlzvYog5LuP1_ppg&oe=6AC91A7B","IN","2026-10-08 07:23"
"Chintemani Jewellery","","330147422971538","https://www.facebook.com/ads/library/?id=330147422971538","Inactive","Stopped","","2023-10-15","2026-03-20","887","","","","","INR","1","","","","","","","","","","VIDEO","","9","instagram","VIEW_INSTAGRAM_PROFILE","","","","","Hinglish","","","No speech (music only)","","","","","","","","Facebook / Instagram","instagram.com/chintemani","","Altın Harfli Chintemani.. . . . . . . . . . . . . #hediye #babalargünühediyesi #düğünhediyesi #pırlantalıharf #harflibileklik #kadınhediye #erkekhediyeleri #kişiyeözelhediye #kişiyeözeltasarım #gecemavisibileklik #eşimehediye #erkekileklik #saatyanıbileklik #erkekaksesuar #çelikbileklik #unisexhediye #sevgiliyehediye #yıldönümühediyesi #doğumgünühediyesi #erkekhediyeleri","http://instagram.com/chintemani","instagram.com","https://video-bom5-2.xx.fbcdn.net/o1/v/t2/f2/m412/AQP7f92VYvgVNFH6yyePCbsS4ZCzDPXgq-9mGbzZd88-qUCo-pt6JiBnLbyWwFqRI9yOqKdgsvQY91PvgogZJG1W.mp4?_nc_cat=102&_nc_sid=ef5aa3&_nc_ht=video-bom5-2.xx.fbcdn.net&_nc_ohc=h_Wot9r9XY8Q7kNvwFpEChV&efg=eyJ2ZW5jb2RlX3RhZyI6Inhwdl9wcm9ncmVzc2l2ZS5WSV9VU0VDQVNFX1BST0RVQ1RfVFlQRS4uQzMuNzIwLmFzaWNfaHEyX2hkX3Byb2dyZXNzaXZlIiwieHB2X2Fzc2V0X2lkIjoxODUxMDMwNzY1ODI3Mjc3LCJhc3NldF9hZ2VfZGF5cyI6NDY0LCJ2aV91c2VjYXNlX2lkIjoxMDY4MCwiZHVyYXRpb25fcyI6OCwidXJsZ2VuX3NvdXJjZSI6Ind3dyJ9&ccb=17-1&_nc_gid=Q98p4d63K_teewdyeAMwLQ&_nc_ss=7b289&_nc_zt=28&oh=00_AQOjkxcqplac4P2ZIpLq3QA4KzBaoK1e2ssgqgRw8dF3vQ&oe=6ACD08AB","IN","2026-10-08 07:23"
"British Vogue","104958196201736","793036603538295","https://www.facebook.com/ads/library/?id=793036603538295","Inactive","Stopped","","2025-09-23","2025-10-21","28","","","","","INR","1","","","","","","","","","","DCO","4","","facebook, instagram, messenger","SHOP_NOW","","","","","English","","","","","","","","","","","Other page","vogue.co.uk/gallery/vogue-retail-jewellery","{{product.name}}","{{product.brand}}","https://www.vogue.co.uk/gallery/vogue-retail-jewellery?utm_source=Facebook&utm_medium=Facebook_Traffic&utm_campaign=Vogue_Retail_Jewellery_September_2025","vogue.co.uk","https://scontent-bom2-3.xx.fbcdn.net/v/t39.35426-6/548208009_1063704675625684_5648729051302324979_n.jpg?_nc_cat=103&ccb=1-7&_nc_sid=c53f8f&_nc_ohc=sYaFtZ9kpBsQ7kNvwFfK-Gl&_nc_oc=Adq7dbbuXL0fFgvL7rO6wpbR04DOmOiamY-tRRQ9Db4ppwe_JsIRM9uDp_yXrKeQZKo&_nc_zt=14&_nc_ht=scontent-bom2-3.xx&_nc_gid=Q98p4d63K_teewdyeAMwLQ&_nc_ss=7b289&oh=00_AQNf1fAZhWvR2gEVWipa1XwW3gdp7CVvP2V9ZJiwgdOw4g&oe=6ACD2300","IN","2026-10-08 07:23"
"The House of Aqua","103088739200506","1349174236937232","https://www.facebook.com/ads/library/?id=1349174236937232","Inactive","Stopped","","2025-10-25","2025-12-17","53","","","","","INR","1","","","","","","","","","","IMAGE","","","facebook, instagram, audience_network, threads","SHOP_NOW","","","Festive season","Seasonal / festive","English","","","","","","","","","","","Product page","thehouseofaqua.com/collections/necklaces-and-sets","Meherban (Dark Green Layered Onyx Set)","A deep forest green palette meets stately elegance in the Meherban layered onyx set. Channeling royal grace and modern grandeur, this piece is made for intimate ceremonies, festive moments, or a queen’s everyday confidence. Available exclusively on www.thehouseofaqua.com #TheHouseofAqua #PavitraDesigns #BridalGoals #IndianWedding #jewellery #jewelry #jewellerygram #jewellerydesign #jewelleryaddict #jewellerylover #kundanjewellery #indianjewellery #indianjewelleryusa #indianjewelleryonline #indianjewelleryaustralia #indianjewelleryuk #indianjewellerydesigns #indianjewelleryhongkong #indianjewellerysingapore #indianjewelleryuae #indianjewellerydubai #bridaljewellery #bridaljewelleryset #bridaljewellerydesigns #bridaljewelleryuk #bridaljewelleryusa #bridaljewelleryusa #bridaljewelleryhouston #bridaljewellerysingapore","https://www.thehouseofaqua.com/collections/necklaces-and-sets/products/layered-onyx-and-pearl-set-dark-green","thehouseofaqua.com","https://scontent-bom5-1.xx.fbcdn.net/v/t39.35426-6/571231956_1209474541008747_1454082878556765144_n.jpg?_nc_cat=111&ccb=1-7&_nc_sid=c53f8f&_nc_ohc=Jwfdny6IePYQ7kNvwF226T5&_nc_oc=AdpPfmo3bYylsa7s4jzEKjXqWbykoFAWJWh3SfAdzbAMrhEM0ogpNRxwYpDhsYtFSnk&_nc_zt=14&_nc_ht=scontent-bom5-1.xx&_nc_gid=2NMaHKq0mwfpbw5gDx-acg&_nc_ss=7b289&oh=00_AQPN9Fp_CBQa7grGNvxXYMh7c5vxXwZva3t3Ot-cutm3eg&oe=6ACD08AB","IN","2026-10-08 07:23"
"The House of Aqua","103088739200506","1459125335358851","https://www.facebook.com/ads/library/?id=1459125335358851","Inactive","Stopped","","2025-09-11","2026-01-07","118","","","","","INR","1","","","","","","","","","","VIDEO","","4","facebook, instagram, audience_network, messenger, threads","SHOP_NOW","","","","Premium / quality; Seasonal / festive","English","","","No speech (music only)","","","","","","","","Collection","thehouseofaqua.com/collections/necklaces-and-sets","","An ode to regal grandeur—Ratnaavali Haar unites the brilliance of moissanite polkis, the deep green allure of emeralds, the fiery charm of rubies, and the eternal sparkle of diamonds. A statement necklace crafted from luminous emerald-green hydro beads, each strand flows with graceful symmetry, finished with fine detailing in a gold-plated alloy. Capturing the quiet majesty of royal court jewellery, it is designed for those who seek heritage with a touch of contemporary elegance, transforming every occasion into a moment of splendour. Available exclusively on www.thehouseofaqua.com #TheHouseofAqua #PavitraDesigns #BridalGoals #IndianWedding #jewellery #jewelry #jewellerygram #jewellerydesign #jewelleryaddict #jewellerylover #kundanjewellery #indianjewellery #indianjewelleryusa #indianjewelleryonline #indianjewelleryaustralia #indianjewelleryuk #indianjewellerydesigns #indianjewelleryhongkong #indianjewellerysingapore #indianjewelleryuae #indianjewellerydubai #bridaljewellery #bridaljewelleryset #bridaljewellerydesigns #bridaljewelleryuk #bridaljewelleryusa #bridaljewelleryusa #bridaljewelleryhouston #bridaljewellerysingapore","https://www.thehouseofaqua.com/collections/necklaces-and-sets","www.thehouseofaqua.com","https://video-bom5-1.xx.fbcdn.net/o1/v/t2/f2/m86/AQMlql_K5Vqxdutp_TIOBf-Uu6xkJnkLONLJ9FT08IsolxKiUXu4XsxOCQMkMg7OrGe0SD6Zin1n96ifSe6QdenHQ0HYJ0yNhLRf3PU.mp4?_nc_cat=110&_nc_sid=b66105&_nc_ht=video-bom5-1.xx.fbcdn.net&_nc_ohc=oQgJUiIZzFcQ7kNvwEpfY4S&efg=eyJ2ZW5jb2RlX3RhZyI6Inhwdl9wcm9ncmVzc2l2ZS5WSV9VU0VDQVNFX1BST0RVQ1RfVFlQRS4uQzMuMzYwLmRhc2hfYmFzZWxpbmVfM192MSIsInhwdl9hc3NldF9pZCI6MTgwNjU3NTcxNjYxMjIyNiwiYXNzZXRfYWdlX2RheXMiOjM5MiwidmlfdXNlY2FzZV9pZCI6MTAwOTksImR1cmF0aW9uX3MiOjMsInVybGdlbl9zb3VyY2UiOiJ3d3cifQ%3D%3D&ccb=17-1&vs=610ef4a7e5dd4858&_nc_vs=HBksFQIYUmlnX3hwdl9yZWVsc19wZXJtYW5lbnRfc3JfcHJvZC81QTRCQ0FBQjQ4QjIzQzkyNUY2MTEyODQ2NzUyQTk5MV92aWRlb19kYXNoaW5pdC5tcDQVAALIARIAFQIYR2lnX3hwdl9yZWVsc19wZXJtYW5lbnRfc3JfcHJvZC8zNDEzMDk1MjMyMTYzNzg3XzgxMjAxMzI3MDYwMTUxNTMxMzUubXA0FQICyAESACgAGAAbAogHdXNlX29pbAExEnByb2dyZXNzaXZlX3JlY2lwZQExFQAAJoTiyf3FxLUGFQIoAkMzLBdAC7peNT987hgSZGFzaF9iYXNlbGluZV8zX3YxEQB1AGXmnQEA&_nc_gid=TNGKJ9xUnY8vM0Rip021Dg&_nc_ss=7b289&_nc_zt=28&oh=00_AQN2h_ectervBja3jSprnYUIr9EVkD82mfJ7fXEwsGKafQ&oe=6AC90D4B","IN","2026-10-08 07:23"
"The House of Aqua","103088739200506","25171561195761629","https://www.facebook.com/ads/library/?id=25171561195761629","Inactive","Stopped","","2025-09-11","2026-01-07","118","","","","","INR","1","","","","","","","","","","IMAGE","","","facebook, instagram, audience_network, messenger, threads","SHOP_NOW","","","","Seasonal / festive","English","","","","","","","","","","","Collection","thehouseofaqua.com/collections/necklaces-and-sets","","Soft grey crystals and antique diamondwork meet in Dhoorja, a whisper of elegance made for those who favour subtle sophistication. Available exclusively on www.thehouseofaqua.com #TheHouseofAqua #PavitraDesigns #BridalGoals #IndianWedding #jewellery #jewelry #jewellerygram #jewellerydesign #jewelleryaddict #jewellerylover #kundanjewellery #indianjewellery #indianjewelleryusa #indianjewelleryonline #indianjewelleryaustralia #indianjewelleryuk #indianjewellerydesigns #indianjewelleryhongkong #indianjewellerysingapore #indianjewelleryuae #indianjewellerydubai #bridaljewellery #bridaljewelleryset #bridaljewellerydesigns #bridaljewelleryuk #bridaljewelleryusa #bridaljewelleryusa #bridaljewelleryhouston #bridaljewellerysingapore","https://www.thehouseofaqua.com/collections/necklaces-and-sets","","https://scontent-bom5-1.xx.fbcdn.net/v/t39.35426-6/547509601_1115621410089207_819714290959169238_n.jpg?_nc_cat=109&ccb=1-7&_nc_sid=c53f8f&_nc_ohc=YjQEeFfIRGUQ7kNvwGBG1M3&_nc_oc=AdoLKQG6HMGe0wgzb3dIFpjXDNtZy4lasWc44v2umBVwBWnTrtHY1X5kcatawVvDUsA&_nc_zt=14&_nc_ht=scontent-bom5-1.xx&_nc_gid=38Ece4EIU27pzJ46f8UWRw&_nc_ss=7b289&oh=00_AQMEYMuE0WgX2BeNS3RcUxEDnQHW2dOBmhHLA0_e6jlmtw&oe=6ACD1BBE","IN","2026-10-08 07:23"
"The House of Aqua","103088739200506","1691839738197801","https://www.facebook.com/ads/library/?id=1691839738197801","Inactive","Stopped","","2025-09-17","2026-01-09","114","","","","","INR","1","","","","","","","","","","VIDEO","","4","facebook, instagram, audience_network, threads","SHOP_NOW","","","","Premium / quality; Seasonal / festive","English","","","No speech (music only)","","","","","","","","Collection","thehouseofaqua.com/collections/necklaces-and-sets","","An ode to regal grandeur—Ratnaavali Haar unites the brilliance of moissanite polkis, the deep green allure of emeralds, the fiery charm of rubies, and the eternal sparkle of diamonds. A statement necklace crafted from luminous emerald-green hydro beads, each strand flows with graceful symmetry, finished with fine detailing in a gold-plated alloy. Capturing the quiet majesty of royal court jewellery, it is designed for those who seek heritage with a touch of contemporary elegance, transforming every occasion into a moment of splendour. Available exclusively on www.thehouseofaqua.com #TheHouseofAqua #PavitraDesigns #BridalGoals #IndianWedding #jewellery #jewelry #jewellerygram #jewellerydesign #jewelleryaddict #jewellerylover #kundanjewellery #indianjewellery #indianjewelleryusa #indianjewelleryonline #indianjewelleryaustralia #indianjewelleryuk #indianjewellerydesigns #indianjewelleryhongkong #indianjewellerysingapore #indianjewelleryuae #indianjewellerydubai #bridaljewellery #bridaljewelleryset #bridaljewellerydesigns #bridaljewelleryuk #bridaljewelleryusa #bridaljewelleryusa #bridaljewelleryhouston #bridaljewellerysingapore","https://www.thehouseofaqua.com/collections/necklaces-and-sets","www.thehouseofaqua.com","https://video-bom5-1.xx.fbcdn.net/o1/v/t2/f2/m86/AQMlql_K5Vqxdutp_TIOBf-Uu6xkJnkLONLJ9FT08IsolxKiUXu4XsxOCQMkMg7OrGe0SD6Zin1n96ifSe6QdenHQ0HYJ0yNhLRf3PU.mp4?_nc_cat=110&_nc_sid=b66105&_nc_ht=video-bom5-1.xx.fbcdn.net&_nc_ohc=oQgJUiIZzFcQ7kNvwEpfY4S&efg=eyJ2ZW5jb2RlX3RhZyI6Inhwdl9wcm9ncmVzc2l2ZS5WSV9VU0VDQVNFX1BST0RVQ1RfVFlQRS4uQzMuMzYwLmRhc2hfYmFzZWxpbmVfM192MSIsInhwdl9hc3NldF9pZCI6MTgwNjU3NTcxNjYxMjIyNiwiYXNzZXRfYWdlX2RheXMiOjM5MiwidmlfdXNlY2FzZV9pZCI6MTAwOTksImR1cmF0aW9uX3MiOjMsInVybGdlbl9zb3VyY2UiOiJ3d3cifQ%3D%3D&ccb=17-1&vs=610ef4a7e5dd4858&_nc_vs=HBksFQIYUmlnX3hwdl9yZWVsc19wZXJtYW5lbnRfc3JfcHJvZC81QTRCQ0FBQjQ4QjIzQzkyNUY2MTEyODQ2NzUyQTk5MV92aWRlb19kYXNoaW5pdC5tcDQVAALIARIAFQIYR2lnX3hwdl9yZWVsc19wZXJtYW5lbnRfc3JfcHJvZC8zNDEzMDk1MjMyMTYzNzg3XzgxMjAxMzI3MDYwMTUxNTMxMzUubXA0FQICyAESACgAGAAbAogHdXNlX29pbAExEnByb2dyZXNzaXZlX3JlY2lwZQExFQAAJoTiyf3FxLUGFQIoAkMzLBdAC7peNT987hgSZGFzaF9iYXNlbGluZV8zX3YxEQB1AGXmnQEA&_nc_gid=38Ece4EIU27pzJ46f8UWRw&_nc_ss=7b289&_nc_zt=28&oh=00_AQPfMPMawJkX-A-Jka7wopMsOL_qUALSBK1X6UvRTCvk9Q&oe=6AC90D4B","IN","2026-10-08 07:23"
"The House of Aqua","103088739200506","1163992882212563","https://www.facebook.com/ads/library/?id=1163992882212563","Inactive","Stopped","","2025-09-11","2026-01-13","124","","","","","INR","1","","","","","","","","","","IMAGE","","","facebook, instagram, audience_network, messenger, threads","SHOP_NOW","","","","Seasonal / festive","English","","","","","","","","","","","Collection","thehouseofaqua.com/collections/necklaces-and-sets","","Grace flows like a rhythm in Zamrud Leher—a majestic mala set layered in emerald-green onyx beads and finished with hand-set uncut polki diamonds. Every strand evokes a wave of tradition, while the lustrous detailing adds a touch of modern sophistication. Whether worn for weddings or soirées, this piece promises to turn every glance into admiration. Available exclusively on www.thehouseofaqua.com #TheHouseofAqua #PavitraDesigns #BridalGoals #IndianWedding #jewellery #jewelry #jewellerygram #jewellerydesign #jewelleryaddict #jewellerylover #kundanjewellery #indianjewellery #indianjewelleryusa #indianjewelleryonline #indianjewelleryaustralia #indianjewelleryuk #indianjewellerydesigns #indianjewelleryhongkong #indianjewellerysingapore #indianjewelleryuae #indianjewellerydubai #bridaljewellery #bridaljewelleryset #bridaljewellerydesigns #bridaljewelleryuk #bridaljewelleryusa #bridaljewelleryusa #bridaljewelleryhouston #bridaljewellerysingapore","https://www.thehouseofaqua.com/collections/necklaces-and-sets","","https://scontent-bom2-3.xx.fbcdn.net/v/t39.35426-6/547259973_2017270442445049_6761006134489349046_n.jpg?_nc_cat=101&ccb=1-7&_nc_sid=c53f8f&_nc_ohc=Jj_lPc_GJ0kQ7kNvwGA5Q1K&_nc_oc=AdpaDSR4zd97HubMOu50MEjNMfiaJWFY0KEC95rHHPkBgFcqhzEOO9hmTALj5LpgEl0&_nc_zt=14&_nc_ht=scontent-bom2-3.xx&_nc_gid=SvSEM1z3uGLy3JXeZGGGMg&_nc_ss=7b289&oh=00_AQPOtb7ElGjATSkrPU0gPCBEl9sJjfuNW_rMe1OjxbvaoA&oe=6ACCF949","IN","2026-10-08 07:23"
"The House of Aqua","103088739200506","790210083383523","https://www.facebook.com/ads/library/?id=790210083383523","Inactive","Stopped","","2025-09-17","2026-01-09","114","","","","","INR","1","","","","","","","","","","VIDEO","","12","facebook, instagram, audience_network, threads","SHOP_NOW","","","","Premium / quality","English","","","No speech (music only)","","","","","","","","Collection","thehouseofaqua.com/collections/necklaces-and-sets","","Luxury demi fine jewellery. Shipping worldwide.  Available exclusively on www.thehouseofaqua.com","https://www.thehouseofaqua.com/collections/necklaces-and-sets","www.thehouseofaqua.com","https://video-bom2-4.xx.fbcdn.net/o1/v/t2/f2/m86/AQPNteFDGAcqFV5cQ9viWYRd188SnTt2j0Z27I8uRguVPJWmSPPoV9SE7AVrsBYcSFx8sh2AgJGkOE9D8m2MyLovzHcVZOyAu7Y9RJA.mp4?_nc_cat=107&_nc_sid=b66105&_nc_ht=video-bom2-4.xx.fbcdn.net&_nc_ohc=k2rkuV-JmVEQ7kNvwFQes1e&efg=eyJ2ZW5jb2RlX3RhZyI6Inhwdl9wcm9ncmVzc2l2ZS5WSV9VU0VDQVNFX1BST0RVQ1RfVFlQRS4uQzMuMzYwLmRhc2hfYmFzZWxpbmVfM192MSIsInhwdl9hc3NldF9pZCI6MTEyMTE5MTAyOTQ2MDI0NiwiYXNzZXRfYWdlX2RheXMiOjQwNywidmlfdXNlY2FzZV9pZCI6MTAwOTksImR1cmF0aW9uX3MiOjExLCJ1cmxnZW5fc291cmNlIjoid3d3In0%3D&ccb=17-1&vs=521769ec5ed80e90&_nc_vs=HBksFQIYUmlnX3hwdl9yZWVsc19wZXJtYW5lbnRfc3JfcHJvZC85NDQ3QTdDMkIzMzU4NTRFQjRCQzIzNzQwMUU3NjE4Ql92aWRlb19kYXNoaW5pdC5tcDQVAALIARIAFQIYRWlnX3hwdl9yZWVsc19wZXJtYW5lbnRfc3JfcHJvZC8xMzEyODkyMDUzNzI0MzA2XzM5MTM4NTI3NjA5OTc3Nzk4Lm1wNBUCAsgBEgAoABgAGwKIB3VzZV9vaWwBMRJwcm9ncmVzc2l2ZV9yZWNpcGUBMRUAACastMqQ9O39AxUCKAJDMywXQCfdsi0OVgQYEmRhc2hfYmFzZWxpbmVfM192MREAdQBl5p0BAA&_nc_gid=a39b-AS-nytNb4yo9vYwog&_nc_ss=7b289&_nc_zt=28&oh=00_AQPkMFhQ1I8Xy72P2m0Wkk5-G4aa6kqrYK9KVm-qftFOTg&oe=6AC90EBC","IN","2026-10-08 07:23"
"The House of Aqua","103088739200506","1307365364457346","https://www.facebook.com/ads/library/?id=1307365364457346","Inactive","Stopped","","2025-09-17","2026-01-14","119","","","","","INR","1","","","","","","","","","","IMAGE","","","facebook, instagram, audience_network, threads","SHOP_NOW","","","","Seasonal / festive","English","","","","","","","","","","","WhatsApp","api.whatsapp.com/send","","An enchanting play of brilliance and green allure—Emerald Enchant features a vivid emerald centrepiece framed by shimmering moissanites, meticulously set in a sleek, gold-plated base. Designed to capture attention without saying a word, this choker brings modern sophistication and quiet prestige to every neckline. Available exclusively on www.thehouseofaqua.com #TheHouseofAqua #PavitraDesigns #BridalGoals #IndianWedding #jewellery #jewelry #jewellerygram #jewellerydesign #jewelleryaddict #jewellerylover #kundanjewellery #indianjewellery #indianjewelleryusa #indianjewelleryonline #indianjewelleryaustralia #indianjewelleryuk #indianjewellerydesigns #indianjewelleryhongkong #indianjewellerysingapore #indianjewelleryuae #indianjewellerydubai #bridaljewellery #bridaljewelleryset #bridaljewellerydesigns #bridaljewelleryuk #bridaljewelleryusa #bridaljewelleryusa #bridaljewelleryhouston #bridaljewellerysingapore","https://api.whatsapp.com/send","","https://scontent-bom5-2.xx.fbcdn.net/v/t39.35426-6/548003249_1346235813682657_5390525596189490356_n.jpg?_nc_cat=100&ccb=1-7&_nc_sid=c53f8f&_nc_ohc=3y2g-mRLmv0Q7kNvwFb-kr1&_nc_oc=AdoN9fNGHOGAjT-RodS0ZbFnnwLFXL77X2VQaEa8z3LU4Ryqau3BOqMKwCvrNAVrYFo&_nc_zt=14&_nc_ht=scontent-bom5-2.xx&_nc_gid=0mspf98KR1jLvoJcqSGrlA&_nc_ss=7b289&oh=00_AQM55xgn7-xhGUYy-kKRcQOy5dXM7NwGCTuKmLvP5BApRw&oe=6ACCFC33","IN","2026-10-08 07:23"
"New Light Jewellers 1947","323812270807596","799088096208864","https://www.facebook.com/ads/library/?id=799088096208864","Inactive","Stopped","","2025-10-07","2026-04-01","176","","","","","INR","1","","","","","","","","","","IMAGE","","","facebook, instagram, audience_network","SHOP_NOW","","","","New launch; Creator / UGC","English","","","","","","","","","","","Other page","g.page/newlightjewellers","New Light Jewellers Since 1947 on Google","Presenting Meher — a tribute to the bonds that hold families close and the traditions that shape who we are. As you dress for your sister’s big day, every detail matters — the laughter, the rituals, the sparkle in your eyes, and the gold that glows with stories of its own. Because when you’re wearing New Light, you’re not just wearing jewellery — you’re wearing legacy, emotion, and elegance passed down through generations. ✨ Celebrate every moment. Shine in Meher. Clothing; @sandookbyrhythmbuttar","https://g.page/Newlightjewellers?share","g.page","https://scontent-bom5-2.xx.fbcdn.net/v/t39.35426-6/561314078_1366738898392089_136807824316243830_n.jpg?_nc_cat=104&ccb=1-7&_nc_sid=c53f8f&_nc_ohc=gdb_peWzNcYQ7kNvwFuOgKh&_nc_oc=AdpI3PUS-zSAa-FNtqK8X7pm4s4M99MN5pWfrqytUdQaj6sAmf4VJ1wRfdE8fYe8RPw&_nc_zt=14&_nc_ht=scontent-bom5-2.xx&_nc_gid=38Ece4EIU27pzJ46f8UWRw&_nc_ss=7b289&oh=00_AQPHna6R58hW1BnXfjD-XA6kzgsutnfZSWsw3YVx47B-AQ&oe=6ACD1F7D","IN","2026-10-08 07:23"
"New Light Jewellers 1947","323812270807596","1796700094290758","https://www.facebook.com/ads/library/?id=1796700094290758","Inactive","Stopped","","2025-10-14","2026-03-22","159","","","","","INR","1","","","","","","","","","","IMAGE","","","facebook, instagram, audience_network","SHOP_NOW","Free shipping","","","New launch; Premium / quality; Convenience","English","","","","","","","","","","","Collection","newlightjewellers.com/collections/mehar-collection","Mehar Collection","Make a statement with these uniquely designed gold bangles, featuring gold pearl tassels, rubies, and polki studs, blending different design elements in perfect harmony. New Light Jewellers","https://newlightjewellers.com/collections/mehar-collection","newlightjewellers.com","https://scontent-bom5-2.xx.fbcdn.net/v/t39.35426-6/564596796_2233507813829574_5689006251203700815_n.jpg?_nc_cat=104&ccb=1-7&_nc_sid=c53f8f&_nc_ohc=JNM6qv5oENUQ7kNvwH4WHN3&_nc_oc=AdrhnTIPZD4cPXMV8eg7mCD-YdI3613oV4gdEN0qxHwPEQtdBshRo0o5fWcp-BY7cZo&_nc_zt=14&_nc_ht=scontent-bom5-2.xx&_nc_gid=q7NUTgszYWQAXJCQAxyjww&_nc_ss=7b289&oh=00_AQMrzyMCctVIKsYgf-nooxc7C50RiBv2itac6fmgL7AxAQ&oe=6ACCF91E","IN","2026-10-08 07:23"
"New Light Jewellers 1947","323812270807596","1798626300777215","https://www.facebook.com/ads/library/?id=1798626300777215","Inactive","Stopped","","2025-10-14","2026-03-22","159","","","","","INR","1","","","","","","","","","","IMAGE","","","facebook, instagram, audience_network","SHOP_NOW","Free shipping","","","New launch; Premium / quality; Convenience","English","","","","","","","","","","","Collection","newlightjewellers.com/collections/mehar-collection","Mehar Collection","Regal elegance personified, this gold bangle showcases traditional artistry and finesse, meticulously carved and adorned with the finest polki, emeralds, and pearl detailing.","https://newlightjewellers.com/collections/mehar-collection","newlightjewellers.com","https://scontent-bom2-4.xx.fbcdn.net/v/t39.35426-6/561631662_1366033498855183_6917749221645870476_n.jpg?_nc_cat=107&ccb=1-7&_nc_sid=c53f8f&_nc_ohc=QzZni5oVXGMQ7kNvwFkngPN&_nc_oc=AdqCHSr7YQwQd43TnR_gCF-U1M4i9dmXGUwaY8rNQstXuyBnz1GQYQHZiQhQP6AKFmc&_nc_zt=14&_nc_ht=scontent-bom2-4.xx&_nc_gid=0mspf98KR1jLvoJcqSGrlA&_nc_ss=7b289&oh=00_AQOKNXAH4i5X93kTGCCrbv_hzLe0QxGmo8uOzrRnx31INw&oe=6ACD1EEC","IN","2026-10-08 07:23"
"New Light Jewellers 1947","323812270807596","1.51951E+15","https://www.facebook.com/ads/library/?id=1519506275636600","Inactive","Stopped","","2025-10-14","2026-03-22","159","","","","","INR","1","","","","","","","","","","IMAGE","","","facebook, instagram, audience_network","SHOP_NOW","Free shipping","","","New launch; Premium / quality; Convenience","English","","","","","","","","","","","Collection","newlightjewellers.com/collections/mehar-collection","Mehar Collection","Radiate elegance with this gold bridal jewel set, where traditional artistry and craftsmanship meet contemporary style, adorned with hints of colored stones. New Light Jewellers","https://newlightjewellers.com/collections/mehar-collection","newlightjewellers.com","https://scontent-bom5-1.xx.fbcdn.net/v/t39.35426-6/559907881_1174095847953526_2624489465896851719_n.jpg?_nc_cat=109&ccb=1-7&_nc_sid=c53f8f&_nc_ohc=drOreCuk-ioQ7kNvwHZpl43&_nc_oc=Adq21SxBNHw5AZ2YvWy-MEgTwECa6mGm-c1tue3mlcH12YSn5zQELPr0Y-C-eiAqdp8&_nc_zt=14&_nc_ht=scontent-bom5-1.xx&_nc_gid=yAY749RI-RDE45OlQQpstA&_nc_ss=7b289&oh=00_AQP-yxwqK5SmXSiRPPUB2n-CloTnYtDuH5nmQ5e17v9tgQ&oe=6ACCF9E6","IN","2026-10-08 07:23"
"New Light Jewellers 1947","323812270807596","1849076499150186","https://www.facebook.com/ads/library/?id=1849076499150186","Inactive","Stopped","","2025-10-17","2026-03-22","156","","","","","INR","1","","","","","","","","","","IMAGE","","","facebook, instagram, audience_network","SHOP_NOW","Free shipping","","","New launch; Premium / quality; Convenience","English","","","","","","","","","","","Collection","newlightjewellers.com/collections/mehar-collection","Mehar Collection","Our jewel set is a work of art, featuring gold, emeralds, and pearls in perfect harmony. A versatile piece of contemporary design that’s perfect for the modern bride. New Light Jewellers","https://newlightjewellers.com/collections/mehar-collection","newlightjewellers.com","https://scontent-bom5-1.xx.fbcdn.net/v/t39.35426-6/567653753_2645278669151743_1634101944856017880_n.jpg?_nc_cat=111&ccb=1-7&_nc_sid=c53f8f&_nc_ohc=DOlwjgnuaRgQ7kNvwFR9lwP&_nc_oc=Adqd-1LwJdNQ-Y5UPXZO2QYyXHMFMYS5cjkC0-PvAjJR1T55DxM0N-23SMpSZj2lgUw&_nc_zt=14&_nc_ht=scontent-bom5-1.xx&_nc_gid=yAY749RI-RDE45OlQQpstA&_nc_ss=7b289&oh=00_AQPqnYuHKrg9vFq4JGHYY2M-zE1oURSRPSS15mpvzXUTtg&oe=6ACCF481","IN","2026-10-08 07:23"
"Vega Jewellers","106445221830971","1518013129355707","https://www.facebook.com/ads/library/?id=1518013129355707","Inactive","Stopped","","2025-10-13","2025-10-20","7","","","","","INR","1","","","","","","","","","","VIDEO","","32","instagram","WHATSAPP_MESSAGE","","","","Premium / quality","English","music Thank you.","music Thank you.","English","","","","","","","","WhatsApp","api.whatsapp.com/send","","✨ Celebrate Dhanteras with Vega Jewellers ✨ SOUTH INDIA’S FIRST-EVER 🏛️ MUSEUM COLLECTION 🏛️ IN-STORE JEWELLERY EXHIBITION 📅 10th – 18th October, 2025 🎁 Offers: 💰 Get a FREE Gold Coin on every ₹1 Lakh purchase 💎 No Making Charges & No Wastage on Polki Jewellery 📍 Vijayawada | Hyderabad | Kakinada | Eluru 📞 +91 99899 43625 | 🌐 vegajewellers.com #vegajewellers #diamondjewelry #goldjewelry #luxuryjewelry #diamondjewellery #timelesselegance #diamondnecklace #bridaljewelry #bridaljewellery #bridaljewellery #polkijewelry","https://api.whatsapp.com/send","api.whatsapp.com","https://video-bom5-1.xx.fbcdn.net/o1/v/t2/f2/m86/AQNyV0Yu8hMBJC7-AKqUebr0sRWE7B6zjGYrrByCf52bPT3OMYqZ_K-vgxjiHyP7EoUyAho5nE_ZusBSM9IPR8dnyo2lR6im80Qq-6E.mp4?_nc_cat=105&_nc_sid=b66105&_nc_ht=video-bom5-1.xx.fbcdn.net&_nc_ohc=BSVnE4G3-zQQ7kNvwGUQf9Z&efg=eyJ2ZW5jb2RlX3RhZyI6Inhwdl9wcm9ncmVzc2l2ZS5WSV9VU0VDQVNFX1BST0RVQ1RfVFlQRS4uQzMuMzYwLmRhc2hfYmFzZWxpbmVfM192MSIsInhwdl9hc3NldF9pZCI6NjE5NzEzNzAxMDk1NDMwLCJhc3NldF9hZ2VfZGF5cyI6MzY2LCJ2aV91c2VjYXNlX2lkIjoxMDA5OSwiZHVyYXRpb25fcyI6MzEsInVybGdlbl9zb3VyY2UiOiJ3d3cifQ%3D%3D&ccb=17-1&vs=1779fb9b1ba51155&_nc_vs=HBksFQIYUmlnX3hwdl9yZWVsc19wZXJtYW5lbnRfc3JfcHJvZC8zNDQzRDVCRTU1NkQxNEFGQTVFRDMxQzlDOEU0M0M4NF92aWRlb19kYXNoaW5pdC5tcDQVAALIARIAFQIYR2lnX3hwdl9yZWVsc19wZXJtYW5lbnRfc3JfcHJvZC80MTgyNDUzMTQyMDY3NzMzXzg3MjI4NTgxNzY0Njc2NDE5NDgubXA0FQICyAESACgAGAAbAogHdXNlX29pbAExEnByb2dyZXNzaXZlX3JlY2lwZQExFQAAJoygofCK6JkCFQIoAkMzLBdAP5mZmZmZmhgSZGFzaF9iYXNlbGluZV8zX3YxEQB1AGXmnQEA&_nc_gid=tUs3hCGPQV7aksJjy_wqpA&_nc_ss=7b289&_nc_zt=28&oh=00_AQNy2lePYZNcW3FNqiFqrhElLW81e_szyJ8PZADwFoqtzg&oe=6AC9104A","IN","2026-10-08 07:23"
"Vega Jewellers","106445221830971","731718946551656","https://www.facebook.com/ads/library/?id=731718946551656","Inactive","Stopped, Scaled ×4","","2025-10-10","2025-10-13","3","","","","","INR","4","","","","","","","","","","VIDEO","","32","instagram","","","","","Social proof","English","music Thank you.","music Thank you.","English","","","","","","","","No link","","","South India’s First-Ever Museum Collection is here — curated by Vega Jewellers. The Museum of Jewels Has Arrived. ✨ When elegance meets history ✨ South India’s First-Ever Museum Collection is here — curated by Vega Jewellers. Discover rare craftsmanship, timeless gold, and royal Polki artistry with Samyukta Menon. 📍 Visit Jubilee Hills | Oct 10–18 💎 Experience jewellery like never before.","","","https://video-bom5-1.xx.fbcdn.net/o1/v/t2/f2/m86/AQNyV0Yu8hMBJC7-AKqUebr0sRWE7B6zjGYrrByCf52bPT3OMYqZ_K-vgxjiHyP7EoUyAho5nE_ZusBSM9IPR8dnyo2lR6im80Qq-6E.mp4?_nc_cat=105&_nc_sid=b66105&_nc_ht=video-bom5-1.xx.fbcdn.net&_nc_ohc=BSVnE4G3-zQQ7kNvwGUQf9Z&efg=eyJ2ZW5jb2RlX3RhZyI6Inhwdl9wcm9ncmVzc2l2ZS5WSV9VU0VDQVNFX1BST0RVQ1RfVFlQRS4uQzMuMzYwLmRhc2hfYmFzZWxpbmVfM192MSIsInhwdl9hc3NldF9pZCI6NjE5NzEzNzAxMDk1NDMwLCJhc3NldF9hZ2VfZGF5cyI6MzY2LCJ2aV91c2VjYXNlX2lkIjoxMDA5OSwiZHVyYXRpb25fcyI6MzEsInVybGdlbl9zb3VyY2UiOiJ3d3cifQ%3D%3D&ccb=17-1&vs=1779fb9b1ba51155&_nc_vs=HBksFQIYUmlnX3hwdl9yZWVsc19wZXJtYW5lbnRfc3JfcHJvZC8zNDQzRDVCRTU1NkQxNEFGQTVFRDMxQzlDOEU0M0M4NF92aWRlb19kYXNoaW5pdC5tcDQVAALIARIAFQIYR2lnX3hwdl9yZWVsc19wZXJtYW5lbnRfc3JfcHJvZC80MTgyNDUzMTQyMDY3NzMzXzg3MjI4NTgxNzY0Njc2NDE5NDgubXA0FQICyAESACgAGAAbAogHdXNlX29pbAExEnByb2dyZXNzaXZlX3JlY2lwZQExFQAAJoygofCK6JkCFQIoAkMzLBdAP5mZmZmZmhgSZGFzaF9iYXNlbGluZV8zX3YxEQB1AGXmnQEA&_nc_gid=0mspf98KR1jLvoJcqSGrlA&_nc_ss=7b289&_nc_zt=28&oh=00_AQOpwy1lg96_QKi73zFkFVAy-Jxydo8UroY_wmc2GiR2jA&oe=6AC9104A","IN","2026-10-08 07:23"
"Vega Jewellers","106445221830971","2754953378229409","https://www.facebook.com/ads/library/?id=2754953378229409","Inactive","Stopped","","2025-10-09","2025-10-14","5","","","","","INR","1","","","","","","","","","","VIDEO","","33","facebook, instagram, audience_network, threads","","","","","Social proof","English","This is the most accurate. I'll be there, I'll be there, I'll be there I'll be there, I'll be there, I'll be there","This is the most accurate. I'll be there, I'll be there, I'll be there I'll be there, I'll be there, I'll be there I'll be there, I'll be there, I'll be there I'll be there, I'll be there","English","","","","","","","","No link","","","South India’s First-Ever Museum Collection is here — curated by Vega Jewellers. The Museum of Jewels Has Arrived. ✨ When elegance meets history ✨ South India’s First-Ever Museum Collection is here — curated by Vega Jewellers. Discover rare craftsmanship, timeless gold, and royal Polki artistry with Samyukta Menon. 📍 Visit Jubilee Hills | Oct 10–18 💎 Experience jewellery like never before.","","","https://video-bom2-4.xx.fbcdn.net/o1/v/t2/f2/m86/AQPpSV-jxNkLzH-XoEWUSUT0LyUsPiaPoDsldsKzuUqHQ0BoaTBn19LGSHltnO6arLjNtQUKxfxQCm_qIBvycFYPbjlZ3FlZyEcb5EU.mp4?_nc_cat=107&_nc_sid=b66105&_nc_ht=video-bom2-4.xx.fbcdn.net&_nc_ohc=CMz8evKaAC8Q7kNvwGyIFyd&efg=eyJ2ZW5jb2RlX3RhZyI6Inhwdl9wcm9ncmVzc2l2ZS5WSV9VU0VDQVNFX1BST0RVQ1RfVFlQRS4uQzMuMzYwLmRhc2hfYmFzZWxpbmVfM192MSIsInhwdl9hc3NldF9pZCI6ODE1MjYxNzM3NzIwODgzLCJhc3NldF9hZ2VfZGF5cyI6MzY1LCJ2aV91c2VjYXNlX2lkIjoxMDA5OSwiZHVyYXRpb25fcyI6MzMsInVybGdlbl9zb3VyY2UiOiJ3d3cifQ%3D%3D&ccb=17-1&vs=127d1ee4f97f1a&_nc_vs=HBksFQIYUmlnX3hwdl9yZWVsc19wZXJtYW5lbnRfc3JfcHJvZC9CRTQxQjBEQjBEQzFFNTNBM0E0RkYyQzY5Q0ZDNTRBOV92aWRlb19kYXNoaW5pdC5tcDQVAALIARIAFQIYR2lnX3hwdl9yZWVsc19wZXJtYW5lbnRfc3JfcHJvZC8xODYxODkwNzcxMzUxNzkxXzExNDg4MjE0Nzc5NzIzNDc2MTYubXA0FQICyAESACgAGAAbAogHdXNlX29pbAExEnByb2dyZXNzaXZlX3JlY2lwZQExFQAAJubwtKS93vICFQIoAkMzLBdAQKqfvnbItBgSZGFzaF9iYXNlbGluZV8zX3YxEQB1AGXmnQEA&_nc_gid=YzpXSTIH9V7GOmbsxc0i7w&_nc_ss=7b289&_nc_zt=28&oh=00_AQN8VLurht-hiYpYjFX_LHtkaPcTUu7AQOVpTA18umIXIg&oe=6AC920B0","IN","2026-10-08 07:23"
"Vega Jewellers","106445221830971","699516522556126","https://www.facebook.com/ads/library/?id=699516522556126","Inactive","Stopped","","2025-10-13","2025-10-18","5","","","","","INR","1","","","","","","","","","","VIDEO","","33","facebook, instagram, audience_network, threads","WHATSAPP_MESSAGE","","","","Premium / quality","English","This is the most accurate. I'll be there, I'll be there, I'll be there I'll be there, I'll be there, I'll be there","This is the most accurate. I'll be there, I'll be there, I'll be there I'll be there, I'll be there, I'll be there I'll be there, I'll be there, I'll be there I'll be there, I'll be there","English","","","","","","","","WhatsApp","api.whatsapp.com/send","","✨ Celebrate Dhanteras with Vega Jewellers ✨ SOUTH INDIA’S FIRST-EVER 🏛️ MUSEUM COLLECTION 🏛️ IN-STORE JEWELLERY EXHIBITION 📅 10th – 18th October, 2025 🎁 Offers: 💰 Get a FREE Gold Coin on every ₹1 Lakh purchase 💎 No Making Charges & No Wastage on Polki Jewellery 📍 Vijayawada | Hyderabad | Kakinada | Eluru 📞 +91 99899 43625 | 🌐 vegajewellers.com #vegajewellers #diamondjewelry #goldjewelry #luxuryjewelry #diamondjewellery #timelesselegance #diamondnecklace #bridaljewelry #polkijewelry","https://api.whatsapp.com/send","api.whatsapp.com","https://video-bom2-4.xx.fbcdn.net/o1/v/t2/f2/m86/AQPpSV-jxNkLzH-XoEWUSUT0LyUsPiaPoDsldsKzuUqHQ0BoaTBn19LGSHltnO6arLjNtQUKxfxQCm_qIBvycFYPbjlZ3FlZyEcb5EU.mp4?_nc_cat=107&_nc_sid=b66105&_nc_ht=video-bom2-4.xx.fbcdn.net&_nc_ohc=CMz8evKaAC8Q7kNvwGyIFyd&efg=eyJ2ZW5jb2RlX3RhZyI6Inhwdl9wcm9ncmVzc2l2ZS5WSV9VU0VDQVNFX1BST0RVQ1RfVFlQRS4uQzMuMzYwLmRhc2hfYmFzZWxpbmVfM192MSIsInhwdl9hc3NldF9pZCI6ODE1MjYxNzM3NzIwODgzLCJhc3NldF9hZ2VfZGF5cyI6MzY1LCJ2aV91c2VjYXNlX2lkIjoxMDA5OSwiZHVyYXRpb25fcyI6MzMsInVybGdlbl9zb3VyY2UiOiJ3d3cifQ%3D%3D&ccb=17-1&vs=127d1ee4f97f1a&_nc_vs=HBksFQIYUmlnX3hwdl9yZWVsc19wZXJtYW5lbnRfc3JfcHJvZC9CRTQxQjBEQjBEQzFFNTNBM0E0RkYyQzY5Q0ZDNTRBOV92aWRlb19kYXNoaW5pdC5tcDQVAALIARIAFQIYR2lnX3hwdl9yZWVsc19wZXJtYW5lbnRfc3JfcHJvZC8xODYxODkwNzcxMzUxNzkxXzExNDg4MjE0Nzc5NzIzNDc2MTYubXA0FQICyAESACgAGAAbAogHdXNlX29pbAExEnByb2dyZXNzaXZlX3JlY2lwZQExFQAAJubwtKS93vICFQIoAkMzLBdAQKqfvnbItBgSZGFzaF9iYXNlbGluZV8zX3YxEQB1AGXmnQEA&_nc_gid=6PxAlccQc5Ko6tnBz66Nhg&_nc_ss=7b289&_nc_zt=28&oh=00_AQM5x_d1TzWoT5_-JnsFplJy131rEG-ksTO4fnHpTwK99A&oe=6AC920B0","IN","2026-10-08 07:23"
"Vega Jewellers","106445221830971","830871979328975","https://www.facebook.com/ads/library/?id=830871979328975","Inactive","Stopped","","2025-10-08","2025-10-10","2","","","","","INR","1","","","","","","","","","","VIDEO","","32","facebook, instagram, audience_network, threads","","","","","Social proof","English","","","No speech (music only)","","","","","","","","No link","","","South India’s First-Ever Museum Collection is here — curated by Vega Jewellers. The Museum of Jewels Has Arrived. ✨ When elegance meets history ✨ South India’s First-Ever Museum Collection is here — curated by Vega Jewellers. Discover rare craftsmanship, timeless gold, and royal Polki artistry with Samyukta Menon. 📍 Visit Jubilee Hills | Oct 10–18 💎 Experience jewellery like never before.","","","https://video-bom2-4.xx.fbcdn.net/o1/v/t2/f2/m412/AQPjYk4ST-X12mr2nsf4I0G6cs3WUa_XKoR44VbAHP5txArbNB4Mfe76uFQr1euDPM0N0k3nPRx8oKm3Go-jxrZCaoEL3i1LWYkjJpujmg.mp4?_nc_cat=107&_nc_sid=ef5aa3&_nc_ht=video-bom2-4.xx.fbcdn.net&_nc_ohc=xxBbmxDBIYAQ7kNvwH5gzbP&efg=eyJ2ZW5jb2RlX3RhZyI6Inhwdl9wcm9ncmVzc2l2ZS5WSV9VU0VDQVNFX1BST0RVQ1RfVFlQRS4uQzMuMzYwLnN2ZV9zZCIsInhwdl9hc3NldF9pZCI6MTM4OTc2NzA1OTgyNDIzMSwiYXNzZXRfYWdlX2RheXMiOjM2NiwidmlfdXNlY2FzZV9pZCI6MTA3OTksImR1cmF0aW9uX3MiOjMxLCJ1cmxnZW5fc291cmNlIjoid3d3In0%3D&ccb=17-1&_nc_gid=-H-dScSld6XhUdf2R7mQ_A&_nc_ss=7b289&_nc_zt=28&oh=00_AQNQZreZCGfH0MZZwJA2sfTN8o9whCUFnUYGiIu8buA2nA&oe=6ACCF807","IN","2026-10-08 07:23"
"Raman Jewellers","170175646185128","703981442699986","https://www.facebook.com/ads/library/?id=703981442699986","Inactive","Stopped","","2025-09-05","2025-10-08","33","","","","","INR","1","","","","","","","","","","VIDEO","","17","facebook, instagram, audience_network, threads","WHATSAPP_MESSAGE","","","","Seasonal / festive","English","This is the end of the video.","This is the end of the video.","English","","","","","","","","WhatsApp","api.whatsapp.com/send","","Set in 22ct Gold #ramanjewellers #goldjewellery #gold #jewellery #jewelry #indianjewellery #bridaljewellery #diamondjewellery #goldjewelry #jewellerydesign #fashion #weddingjewellery #necklace #earrings #diamond #diamonds #goldnecklace #k #jewellerylover #goldearrings #rings #kundanjewellery  #templejewellery #kgold #indianbride #finejewellery #southindianjewellery #goldring #traditionaljewellery","https://api.whatsapp.com/send","api.whatsapp.com","https://video-bom5-1.xx.fbcdn.net/o1/v/t2/f2/m86/AQNaAK7-yhs2Cn97IyfG8WZ2MQOTZkSOZwco_jhASzQkArNOJE9NlsLX6CRhrAd2UizimXePRDli2RQ_KPi93zRllkUeJ9hXtxc1joo.mp4?_nc_cat=110&_nc_sid=b66105&_nc_ht=video-bom5-1.xx.fbcdn.net&_nc_ohc=n2sS_wZx60IQ7kNvwHCmuEC&efg=eyJ2ZW5jb2RlX3RhZyI6Inhwdl9wcm9ncmVzc2l2ZS5WSV9VU0VDQVNFX1BST0RVQ1RfVFlQRS4uQzMuNzIwLmRhc2hfYmFzZWxpbmVfMV92MSIsInhwdl9hc3NldF9pZCI6MTI5MzkwODcwODI1MjcxMywiYXNzZXRfYWdlX2RheXMiOjQwMSwidmlfdXNlY2FzZV9pZCI6MTAwOTksImR1cmF0aW9uX3MiOjE2LCJ1cmxnZW5fc291cmNlIjoid3d3In0%3D&ccb=17-1&vs=24d40543e755eeae&_nc_vs=HBksFQIYUmlnX3hwdl9yZWVsc19wZXJtYW5lbnRfc3JfcHJvZC9DNTQzQ0Y1NTZFREQzRkFDNDIxRTI5MTVBRDNEMTFCQ192aWRlb19kYXNoaW5pdC5tcDQVAALIARIAFQIYR2lnX3hwdl9yZWVsc19wZXJtYW5lbnRfc3JfcHJvZC8xMDkxNzUxMzkzMTQ2NTg4XzcxNDQyNDYwMDQ0NDgxNDIwNzgubXA0FQICyAESACgAGAAbAogHdXNlX29pbAExEnByb2dyZXNzaXZlX3JlY2lwZQExFQAAJtLw6o6zs8wEFQIoAkMzLBdAMMQYk3S8ahgSZGFzaF9iYXNlbGluZV8xX3YxEQB1AGXmnQEA&_nc_gid=tUs3hCGPQV7aksJjy_wqpA&_nc_ss=7b289&_nc_zt=28&oh=00_AQPjESyBu0OIm2ehz2BEgfzREjCTOx-s0JYZHluWX0WWTw&oe=6AC91433","IN","2026-10-08 07:23"
"Raman Jewellers","170175646185128","1163341408938575","https://www.facebook.com/ads/library/?id=1163341408938575","Inactive","Stopped","","2025-09-05","2025-10-08","33","","","","","INR","1","","","","","","","","","","VIDEO","","16","facebook, instagram, audience_network, threads","WHATSAPP_MESSAGE","","","","Seasonal / festive","English","You are my man, oh, the minute I reach you","You are my man, oh, the minute I reach you You are my love, oh, the minute I will be your love You are my love, oh, the minute I will be your love You are my love, oh, the minute I will be your love","English","","","","","","","","WhatsApp","api.whatsapp.com/send","","Beautiful set in 22ct Gold #ramanjewellers #goldjewellery #gold #jewellery #jewelry #indianjewellery #bridaljewellery #diamondjewellery #goldjewelry #jewellerydesign #fashion #weddingjewellery #necklace #earrings #diamond #diamonds #goldnecklace #k #jewellerylover #goldearrings #rings #kundanjewellery #templejewellery #kgold #indianbride #finejewellery #southindianjewellery #goldring #traditionaljewellery","https://api.whatsapp.com/send","api.whatsapp.com","https://video-bom5-2.xx.fbcdn.net/o1/v/t2/f2/m367/AQOJ0RV5UPOut-pvxf7LeQXKCEH_rmIFIdzrrSWvCE6L_eQxz6G27CUo-sUNW0tw3aZrT82uI9QS86GdNWzvyMEbbYBZLMCYjLH1zPM.mp4?_nc_cat=104&_nc_sid=b66105&_nc_ht=video-bom5-2.xx.fbcdn.net&_nc_ohc=8hM6DrdSickQ7kNvwFQtJPl&efg=eyJ2ZW5jb2RlX3RhZyI6Inhwdl9wcm9ncmVzc2l2ZS5WSV9VU0VDQVNFX1BST0RVQ1RfVFlQRS4uQzMuNzIwLmRhc2hfYmFzZWxpbmVfMV92MSIsInhwdl9hc3NldF9pZCI6MTI4NjY3NTU5MzI0MjA5OSwiYXNzZXRfYWdlX2RheXMiOjM5OSwidmlfdXNlY2FzZV9pZCI6MTAwOTksImR1cmF0aW9uX3MiOjE1LCJ1cmxnZW5fc291cmNlIjoid3d3In0%3D&ccb=17-1&vs=bd8568a70bade5c8&_nc_vs=HBksFQIYQGlnX2VwaGVtZXJhbC9GMzIyRTY1QTkwMjc0QTExODkyNEZEMUQ4M0I5RDA4QV92aWRlb19kYXNoaW5pdC5tcDQVAALIARIAFQIYR2lnX3hwdl9yZWVsc19wZXJtYW5lbnRfc3JfcHJvZC8xMzE0MTIxNDY2OTY5OTA2XzM5NjQ1NDI0ODczNzkzNTcwOTgubXA0FQICyAESACgAGAAbAogHdXNlX29pbAExEnByb2dyZXNzaXZlX3JlY2lwZQExFQAAJuaX6ZqwjskEFQIoAkMzLBdAL8zMzMzMzRgSZGFzaF9iYXNlbGluZV8xX3YxEQB1AGXmnQEA&_nc_gid=SvSEM1z3uGLy3JXeZGGGMg&_nc_ss=7b289&_nc_zt=28&oh=00_AQPuPQ6QcmjQ-eK7upFkfo6bo-tgxGxma04gsdougIf8Hg&oe=6ACD0DA1","IN","2026-10-08 07:23"
"Raman Jewellers","170175646185128","1134701708539865","https://www.facebook.com/ads/library/?id=1134701708539865","Inactive","Stopped","","2025-09-05","2025-10-08","33","","","","","INR","1","","","","","","","","","","VIDEO","","12","facebook, instagram, audience_network, threads","WHATSAPP_MESSAGE","","","","Seasonal / festive","English","I'm not going to do anything","I'm not going to do anything I'm not going to do anything I'm not going to do anything I'm not going to do anything I'm not going to do anything","English","","","","","","","","WhatsApp","api.whatsapp.com/send","","Beautiful set in 22ct Gold #ramanjewellers #goldjewellery #gold #jewellery #jewelry #indianjewellery #bridaljewellery #diamondjewellery #goldjewelry #jewellerydesign #fashion #weddingjewellery #necklace #earrings #diamond #diamonds #goldnecklace #k #jewellerylover #goldearrings #rings #kundanjewellery #templejewellery #kgold #indianbride #finejewellery #southindianjewellery #goldring #traditionaljewellery","https://api.whatsapp.com/send","api.whatsapp.com","https://video-bom5-2.xx.fbcdn.net/o1/v/t2/f2/m367/AQMMmKIPeZSZvGxoreOS1nh-TM2uT7tYtgPDh4MmahLV9j0DMoTqOxoDzcTKgBdgQ5CGYjrJ6j0wi2HfearhSDYktccCnAqnS0cuEGI.mp4?_nc_cat=100&_nc_sid=b66105&_nc_ht=video-bom5-2.xx.fbcdn.net&_nc_ohc=ZybxnCfi53MQ7kNvwFPpNAN&efg=eyJ2ZW5jb2RlX3RhZyI6Inhwdl9wcm9ncmVzc2l2ZS5WSV9VU0VDQVNFX1BST0RVQ1RfVFlQRS4uQzMuNzIwLmRhc2hfYmFzZWxpbmVfMV92MSIsInhwdl9hc3NldF9pZCI6MTk0NTg3NTUyMjkxNDEyMiwiYXNzZXRfYWdlX2RheXMiOjM5OCwidmlfdXNlY2FzZV9pZCI6MTAwOTksImR1cmF0aW9uX3MiOjEyLCJ1cmxnZW5fc291cmNlIjoid3d3In0%3D&ccb=17-1&vs=e2543d0fc64b7dff&_nc_vs=HBksFQIYQGlnX2VwaGVtZXJhbC81MjQzMkMyNUI1NjQxRkZERkUyNDY2MTkwQkIxRjU5OV92aWRlb19kYXNoaW5pdC5tcDQVAALIARIAFQIYR2lnX3hwdl9yZWVsc19wZXJtYW5lbnRfc3JfcHJvZC80MTczMjA2OTU5NjAzOTQyXzQ2NDg1MzMzOTQ2NTQ2Nzg3ODAubXA0FQICyAESACgAGAAbAogHdXNlX29pbAExEnByb2dyZXNzaXZlX3JlY2lwZQExFQAAJpSdkLXu8PQGFQIoAkMzLBdAKFT987ZFohgSZGFzaF9iYXNlbGluZV8xX3YxEQB1AGXmnQEA&_nc_gid=q7NUTgszYWQAXJCQAxyjww&_nc_ss=7b289&_nc_zt=28&oh=00_AQOR9mmEMRye_mowSfqLSDXzDUP7F6-ElYyvZBcANebGrA&oe=6ACD1159","IN","2026-10-08 07:23"
"Marion Mazô Jewellery","106976291329567","2996314587186942","https://www.facebook.com/ads/library/?id=2996314587186942","Inactive","Stopped","","2025-02-06","2025-11-19","286","","","","","INR","1","","","","","","","","","","DCO","2","","facebook, instagram, audience_network, messenger","LEARN_MORE","","","","","English","","","","","","","","","","","Other page","domestika.org/en/courses","{{product.name}}","{{product.brand}}","https://www.domestika.org/en/courses/3061","domestika.org","https://scontent-bom5-1.xx.fbcdn.net/v/t39.35426-6/475977528_2155066111614093_4013246436498907263_n.jpg?_nc_cat=110&ccb=1-7&_nc_sid=c53f8f&_nc_ohc=JiGVedM14WoQ7kNvwH-Trbr&_nc_oc=AdqZcu_O9QhJCLJXBqum8gTHskdGB-SaGbMQrSDrF3tCh37KsRssAXKP7n--9nPRVlI&_nc_zt=14&_nc_ht=scontent-bom5-1.xx&_nc_gid=tUs3hCGPQV7aksJjy_wqpA&_nc_ss=7b289&oh=00_AQP2m5fqjo16bMzQfsY_DkRgHZAXFOAhC1mJ31QPLRueFQ&oe=6ACD066C","IN","2026-10-08 07:23"
"Luminary Jewellery","","1093332315793023","https://www.facebook.com/ads/library/?id=1093332315793023","Inactive","Stopped, Scaled ×2","","2024-10-26","2026-05-30","581","","","","","INR","2","","","","","","","","","","VIDEO","","60","facebook, instagram, audience_network, messenger","LEARN_MORE","Free shipping","","","Premium / quality; Convenience","English","This fellow Eh Salah","This fellow Eh Salah Salah Yeah Gary Hick Heep My lady she be looking like a body Yeah I'll be trying to get in there You know the time I'll go this when you're negative My reason be See me, I'm a soccer song I'm a soccer lord Get away, get my chili I'm trying to knock you rock I'm trying to get my side You ballad, you ballad, you ballad Baby, if you're feeling too direct Get a real robot on Before I burn you say You're always taking deep breaths I'm only skilleths and I say you from the chest I'm always hopping down my enemy's tracks Best what they busy playing with me I'm busy sucking breasts Yeah, yeah, yeah, yeah, yeah I'm not just only in good faith Yeah, yeah, yeah, yeah, yeah I'm not going to be that good Yeah, yeah, yeah, yeah, yeah I'm not going to be that good Yeah, yeah, yeah, yeah, yeah Yeah, yeah, yeah, yeah, yeah Yeah, yeah, yeah, yeah, yeah Yeah, yeah, yeah, yeah The guy in hip hip, who the fuck? I'm not just a little boy I'm not I'm not I'm not I'm not I'm not I'm not I'm not I'm not I'm not I'm not I'm not I'm not I'm not I'm not I'm not I'm not I'm not I'm not","English","","","","","","","","Landing / content page","luminaryjewellery.com/pages/welcome","Feel The Difference 💎","Why pay top dollar when you can get the drip without the dip? Premium vibes without the high price tag, keeping you fresh on a budget.","https://www.luminaryjewellery.com/pages/welcome","www.luminaryjewellery.com","https://video-bom5-2.xx.fbcdn.net/o1/v/t2/f2/m366/AQOQ3nkcXg-Sk3Vh6GcC_jpAVWKr-pQwRw-MI0StdXhHBSu4DDYKQLLnVtwHQFZuxXkO4F7EFtevAo2STVZ5GsWFez5HF1T0uHPd7BFlyoJ5BA.mp4?_nc_cat=104&_nc_sid=b66105&_nc_ht=video-bom5-2.xx.fbcdn.net&_nc_ohc=nLX8eQtqt30Q7kNvwGBkRGI&efg=eyJ2ZW5jb2RlX3RhZyI6Inhwdl9wcm9ncmVzc2l2ZS5WSV9VU0VDQVNFX1BST0RVQ1RfVFlQRS4uQzMuNzIwLmRhc2hfaDI2NC1iYXNpYy1nZW4yXzcyMHAiLCJ4cHZfYXNzZXRfaWQiOjYyNjQzMTY0OTcxMjQ3NSwiYXNzZXRfYWdlX2RheXMiOjc2NCwidmlfdXNlY2FzZV9pZCI6MTAxMzksImR1cmF0aW9uX3MiOjYwLCJ1cmxnZW5fc291cmNlIjoid3d3In0%3D&ccb=17-1&vs=b15a52082582ee46&_nc_vs=HBksFQIYRWZiX2VwaGVtZXJhbC85QjQ1MTkzMTBENDEwRTlDRTRCRjg0QUVFQkUzM0VCOF9tdF8xX3ZpZGVvX2Rhc2hpbml0Lm1wNBUAAsgBEgAVAhhAZmJfZXBoZW1lcmFsLzYwNDhBQ0E1MjdENzVBMjk4MEMyQTdGRTExMkZCQUEyX2F1ZGlvX2Rhc2hpbml0Lm1wNBUCAsgBEgAoABgAGwKIB3VzZV9vaWwBMRJwcm9ncmVzc2l2ZV9yZWNpcGUBMRUAACa2pai_j--cAhUCKAJDMywXQE4EOVgQYk4YGWRhc2hfaDI2NC1iYXNpYy1nZW4yXzcyMHARAHUAZbaeAQA&_nc_gid=SvSEM1z3uGLy3JXeZGGGMg&_nc_ss=7b289&_nc_zt=28&oh=00_AQN4XPmndrFQ1su9YKdsWpF3J62Y6npHLfcN_SyzO9lT9w&oe=6ACCFC38","IN","2026-10-08 07:23"
"Priyal Prakash House of Design","233829236630448","1313110370221899","https://www.facebook.com/ads/library/?id=1313110370221899","Inactive","Stopped","","2025-09-18","2026-01-26","130","","","","","INR","1","","","","","","","","","","VIDEO","","35","facebook, instagram","VIEW_INSTAGRAM_PROFILE","","","Festive season","Seasonal / festive","English","Guys, this is my most favourite outfit and I finally get to wear it and show it to you.","Guys, this is my most favourite outfit and I finally get to wear it and show it to you. I love love love this red colour and mostly you would have seen that red is paired with gold embroidery but here we've kept embroidery silver and I think the gel motif looks so striking in this combination. I paired this curta with a churridhar because one I love churridars and also I did want this look to be a traditional one. This beautiful outfit has what it takes to be your go-to festive outfit.","English","","","","","","","","Facebook / Instagram","instagram.com/priyalprakashhouseofdesign","","Our hand-embroidered jaal motif chanderi kurta set in the berry red is everything you would want from your festive outfit. It is drop-dead gorgeous, it is super-comfortable and easy to move in, and it can be easily dressed up and down with the right styling and jewellery.  You may buy this kurta with a churidaar or with straight pants . Shop the ‘jaal border kurta set’ at www.priyalprakash.in  #festiveoutfit #chanderikurta #karwachauthoutfit #trousseau  Indian wear, Indian fashion, Ivory outfits, ethnic style, contemporary Indianwear, festive fashion Indian festive wear, festive kurtas , festive collection","http://instagram.com/priyalprakashhouseofdesign","instagram.com","https://video-bom5-2.xx.fbcdn.net/o1/v/t2/f2/m86/AQN0E9bpl7Iy7pvPILkW-WFr1P_NidLc99EOgHmaNo7xeGpa10dSBNVR0uu7EwYXCjDSF0XesMoP74z79dBUao-KHsS-lLyL23IsvFg.mp4?_nc_cat=102&_nc_sid=b66105&_nc_ht=video-bom5-2.xx.fbcdn.net&_nc_ohc=2dF8AYrSbhsQ7kNvwEUGlpr&efg=eyJ2ZW5jb2RlX3RhZyI6Inhwdl9wcm9ncmVzc2l2ZS5WSV9VU0VDQVNFX1BST0RVQ1RfVFlQRS4uQzMuMzYwLmRhc2hfYmFzZWxpbmVfM192MSIsInhwdl9hc3NldF9pZCI6NzYyMjk1MzQ2NTIzMTIzLCJhc3NldF9hZ2VfZGF5cyI6Mzk5LCJ2aV91c2VjYXNlX2lkIjoxMDA5OSwiZHVyYXRpb25fcyI6MzQsInVybGdlbl9zb3VyY2UiOiJ3d3cifQ%3D%3D&ccb=17-1&vs=3180201dda23f7f9&_nc_vs=HBksFQIYUmlnX3hwdl9yZWVsc19wZXJtYW5lbnRfc3JfcHJvZC8wQTQxNTI2MTM5QzU0OEVDMjY3MkZCMjJGQUQxM0JBRF92aWRlb19kYXNoaW5pdC5tcDQVAALIARIAFQIYR2lnX3hwdl9yZWVsc19wZXJtYW5lbnRfc3JfcHJvZC8xMTAyNjE0NTQ4NjQwNTE2Xzc1Nzc4MjE1MDA1NTgzODAwNzIubXA0FQICyAESACgAGAAbAogHdXNlX29pbAExEnByb2dyZXNzaXZlX3JlY2lwZQExFQAAJuavv_W209oCFQIoAkMzLBdAQXul41P3zxgSZGFzaF9iYXNlbGluZV8zX3YxEQB1AGXmnQEA&_nc_gid=q7NUTgszYWQAXJCQAxyjww&_nc_ss=7b289&_nc_zt=28&oh=00_AQOv7QxJh-79XZ1ME-DIMV3NaMIWHpphmfJjvwfN8aU90Q&oe=6AC907BB","IN","2026-10-08 07:23"
"Rawalpindi Jewellers","575331129278600","238492492484894","https://www.facebook.com/ads/library/?id=238492492484894","Inactive","Stopped","","2023-09-11","2026-02-24","897","","","","","INR","1","","","","","","","","","","IMAGE","","","facebook, instagram","GET_DIRECTIONS","","","Festive season","Discount / offer; Seasonal / festive","English","","","","","","","","","","","Facebook / Instagram","instagram.com/rpjsgnr","Rawalpindi Jewellers","Celebrate with us & get Festive Discount on Diamond Jewellery making charges. *T&C Apply. Rawalpindi Jewellers  Ph +91 9001891708","https://www.instagram.com/RPJSgnr/","instagram.com","https://scontent-bom5-1.xx.fbcdn.net/v/t39.35426-6/376714429_1011403793524637_2226362569308198928_n.jpg?_nc_cat=111&ccb=1-7&_nc_sid=c53f8f&_nc_ohc=ki4mK6jb-F4Q7kNvwETZpZG&_nc_oc=AdqWyBPlNp0HcxmRhkpMT02BwZrqtkclnrlvxXMQnraJXubokHKbf_xu3kVPq6Nz3JI&_nc_zt=14&_nc_ht=scontent-bom5-1.xx&_nc_gid=DSOQdcZrPFeAuBpjirVUhA&_nc_ss=7b289&oh=00_AQMF8JIjyIhiOOHKgGNcmIvAyI7jDKDOl7KYI14ICsDwZw&oe=6ACD243F","IN","2026-10-08 07:23"
"Ruhlawatch.official","180934915095823","1186139966700446","https://www.facebook.com/ads/library/?id=1186139966700446","Inactive","Stopped","","2025-10-30","2025-11-04","5","","","","","INR","1","","","","","","","","","","IMAGE","","","facebook, instagram","VIEW_INSTAGRAM_PROFILE","","","","Premium / quality","English","","","","","","","","","","","Facebook / Instagram","instagram.com/ruhlawatch_official","instagram.com","🇩🇪/🇬🇧⁠ Auch mit anthrazitfarbenem Ziffernblatt überzeugt die Ruhla Space Control. Das hochwertige Saphirglas, das in einem Edelstahlgehäuse verbaut ist, sorgt für besondere Sicherheit und Langlebigkeit.⁠ 🇬🇧 ------------------------⁠ The Ruhla Space Control also impresses with its anthracite-colored dial. The high-quality sapphire crystal, which is installed in a stainless steel case, ensures particular safety and durability.⁠ ⁠ Space Control Automatic • Ref. 4862M-2• Miyota 8215 Automatic • Ø40mm • Saphirglas • 10 ATM • 379€⁠ UVP/RRP⁠ ⁠ #PioneersOfTheSky⁠ #Ruhla #Ruhlauhr #Ruhlawatches⁠ #Uhr #Watch #MadeInGermany #Design #WatchesOfInstagram #Geschenk #jewelry #jewellery #accessoires","http://instagram.com/ruhlawatch_official","instagram.com","https://scontent-bom5-1.xx.fbcdn.net/v/t39.35426-6/573285329_1180477460617789_4279904254219530761_n.jpg?_nc_cat=110&ccb=1-7&_nc_sid=c53f8f&_nc_ohc=qYG138Up5uQQ7kNvwEpjFzm&_nc_oc=AdpelWUc-KNVrtaCJFY6a1YBp159CjgTSGSagS2c0K_oFqx8a-NWtYJ6jDiLkFOW1-I&_nc_zt=14&_nc_ht=scontent-bom5-1.xx&_nc_gid=DSOQdcZrPFeAuBpjirVUhA&_nc_ss=7b289&oh=00_AQPeMoUjkb7mU4g4d7tpN7X_-uDPlr33U74VJw-Jv1SfTg&oe=6ACD1715","IN","2026-10-08 07:23"
"Ruhlawatch.official","180934915095823","1165787728808803","https://www.facebook.com/ads/library/?id=1165787728808803","Inactive","Stopped","","2025-10-16","2025-10-20","4","","","","","INR","1","","","","","","","","","","IMAGE","","","facebook, instagram","VIEW_INSTAGRAM_PROFILE","","","","Premium / quality","English","","","","","","","","","","","Facebook / Instagram","instagram.com/ruhlawatch_official","instagram.com","🇩🇪/🇬🇧 Die Ruhla Space Control mit dunkelblauem Ziffernblatt ist mit dem hochwertigen japanischen Solar-Uhrwerk Seiko VS55 und robustem Saphirglas ausgestattet. Dadurch wird das Ziffernblatt vor Kratzern und Abnutzung perfekt geschützt und sorgt für präzise Zeitmessung – ganz ohne Batteriewechsel. ⁠ 🇬🇧 ------------------------⁠ The Ruhla Space Control with dark blue dial is equipped with the high-quality Japanese Seiko VS55 solar movement and robust sapphire crystal. This protects the dial perfectly from scratches and wear and ensures precise timekeeping - without the need to change the battery.⁠ ⁠ Space Control Solar • Ref. 4640M-3 • Seiko VS55 Solar • Ø40mm • Saphirglas • 10 ATM • 379€⁠ UVP/RRP⁠ ⁠ #PioneersOfTheSky⁠ #Ruhla #Ruhlauhr #Ruhlawatches⁠ #Uhr #Watch #MadeInGermany #Design #WatchesOfInstagram #Geschenk #jewelry #jewellery #accessoires","http://instagram.com/ruhlawatch_official","instagram.com","https://scontent-bom5-1.xx.fbcdn.net/v/t39.35426-6/561814359_1358414529211857_8935473155265309791_n.jpg?_nc_cat=111&ccb=1-7&_nc_sid=c53f8f&_nc_ohc=MqIcRF7lFMYQ7kNvwFFCHH_&_nc_oc=AdrkjtSJqTXmG2xgsuOUlgWlynrj1Nl-lUMq5cF1LAJ73xhdgpT0MAgvUvx2TVhmJ24&_nc_zt=14&_nc_ht=scontent-bom5-1.xx&_nc_gid=GO7pK0k3dkDxY9uCI_hDjw&_nc_ss=7b289&oh=00_AQPJ5t0ZQ9ISPK8EAuybirNnhp-TEXXcmkSLHSzSItw82g&oe=6ACCF60D","IN","2026-10-08 07:23"
"Purva Mantri","","1143575027317721","https://www.facebook.com/ads/library/?id=1143575027317721","Inactive","Stopped","","2025-10-04","2025-10-08","4","","","","","INR","1","","","","","","","","","","VIDEO","","87","facebook, instagram, audience_network, threads","","","","Navratri / Dussehra","Creator / UGC","English","I'm going to have to go to the next round. I'm going to have to go to the next round.","I'm going to have to go to the next round. I'm going to have to go to the next round. I'm going to have to go to the next round. I'm going to have to go to the next round. I'm going to have to go to the next round. I'm going to have to go to the next round. I'm going to have to go to the next round. I'm going to have to go to the next round. I'm going to have to go to the next round. I'm going to have to go to the next round. I'm going to have to go to the next round. I'm going to have to go to the next round. I'm going to have to go to the next round. I'm going to have this. Thank you! The I'm the only one who can't. I'm the only one who can't. I'm the only one who can't. I'm the only one who can't. We are the winners of the year. We are the winners of the year. We are the winners of the year. We are the winners of the year. We are the winners of the year. We are the winners of the year. We are the winners of the year. We are the winners of the year. We are the winners of the year. We are the winners of the year. We are the winners of the year. We are the winners of the year.","English","","","","","","","","No link","","","What an emotional ride to this beautiful PURVAstic Navratri 2025 ❤️ AHMEDABAD-SURAT ❤️ Thankyou for your blessings n support always #purvamantri #purvastic #purvamantrisinger #purvamantrilive #purva  Team Purva Mantri ❤️ Management @camsankalp  Thankyou to the PURVAstic Handsome band 🥁!  Thankyou to all the co-singers of Team Purva Mantri for continuous musical support !  Styled by @shailjaanand & Team  Muah @glamstoriesbygunjan & Team  Video team  @fantom__photography & Team  Photography team @ahadkhatri17  Custom Outfit by @ranisabysonaljain Jewellery by @shlokjewels","","","https://video-bom5-2.xx.fbcdn.net/o1/v/t2/f2/m86/AQNIuPXRSAcqDNIca_xWDo97ti_VhJSGkYZDxfdnRHvFF6EDKWBXpzpKX9WTuOlep0UZuxEqluEJLeJdI_Qeuo_Af6wLCJm6YXvoigI.mp4?_nc_cat=102&_nc_sid=b66105&_nc_ht=video-bom5-2.xx.fbcdn.net&_nc_ohc=nMc0dsqbc7AQ7kNvwEvq-mJ&efg=eyJ2ZW5jb2RlX3RhZyI6Inhwdl9wcm9ncmVzc2l2ZS5WSV9VU0VDQVNFX1BST0RVQ1RfVFlQRS4uQzMuNzIwLmRhc2hfYmFzZWxpbmVfMV92MSIsInhwdl9hc3NldF9pZCI6NDIwNzUzNTYzOTQ2NjE4MywiYXNzZXRfYWdlX2RheXMiOjM2OSwidmlfdXNlY2FzZV9pZCI6MTAwOTksImR1cmF0aW9uX3MiOjg3LCJ1cmxnZW5fc291cmNlIjoid3d3In0%3D&ccb=17-1&vs=6617bb0882f8091&_nc_vs=HBksFQIYUmlnX3hwdl9yZWVsc19wZXJtYW5lbnRfc3JfcHJvZC8zQTRFNjFCQkQyMkZBNjFEOUZCMDQ3ODkxRDU1QUU5RV92aWRlb19kYXNoaW5pdC5tcDQVAALIARIAFQIYR2lnX3hwdl9yZWVsc19wZXJtYW5lbnRfc3JfcHJvZC8xOTkxNDcwMTcxNjE5NTQ3XzkwOTYzNDA5NzY3ODE2NTc0MDUubXA0FQICyAESACgAGAAbAogHdXNlX29pbAExEnByb2dyZXNzaXZlX3JlY2lwZQExFQAAJo7D3LLnrvkOFQIoAkMzLBdAVcAAAAAAABgSZGFzaF9iYXNlbGluZV8xX3YxEQB1AGXmnQEA&_nc_gid=ImdfTM1kHXL3ZnVbZAskmg&_nc_ss=7b289&_nc_zt=28&oh=00_AQNbcNseHGOnda_qd4IPRwSzHh0ypDvKfhLroiONAkmK5w&oe=6AC8FA23","IN","2026-10-08 07:23"
"Purva Mantri","","1130750568608556","https://www.facebook.com/ads/library/?id=1130750568608556","Inactive","Stopped","","2025-10-04","2025-10-10","6","","","","","INR","1","","","","","","","","","","VIDEO","","87","facebook, instagram, audience_network, messenger","","","","Navratri / Dussehra","Creator / UGC","English","I'm going to have to go to the next round. I'm going to have to go to the next round.","I'm going to have to go to the next round. I'm going to have to go to the next round. I'm going to have to go to the next round. I'm going to have to go to the next round. I'm going to have to go to the next round. I'm going to have to go to the next round. I'm going to have to go to the next round. I'm going to have to go to the next round. I'm going to have to go to the next round. I'm going to have to go to the next round. I'm going to have to go to the next round. I'm going to have to go to the next round. I'm going to have to go to the next round. I'm going to have this. Thank you! The I'm the only one who can't. I'm the only one who can't. I'm the only one who can't. I'm the only one who can't. We are the winners of the year. We are the winners of the year. We are the winners of the year. We are the winners of the year. We are the winners of the year. We are the winners of the year. We are the winners of the year. We are the winners of the year. We are the winners of the year. We are the winners of the year. We are the winners of the year. We are the winners of the year.","English","","","","","","","","No link","","","What an emotional ride to this beautiful PURVAstic Navratri 2025 ❤️ AHMEDABAD-SURAT ❤️ Thankyou for your blessings n support always #purvamantri #purvastic #purvamantrisinger #purvamantrilive #purva  Team Purva Mantri ❤️ Management @camsankalp  Thankyou to the PURVAstic Handsome band 🥁!  Thankyou to all the co-singers of Team Purva Mantri for continuous musical support !  Styled by @shailjaanand & Team  Muah @glamstoriesbygunjan & Team  Video team  @fantom__photography & Team  Photography team @ahadkhatri17  Custom Outfit by @ranisabysonaljain Jewellery by @shlokjewels","","","https://video-bom5-2.xx.fbcdn.net/o1/v/t2/f2/m86/AQNIuPXRSAcqDNIca_xWDo97ti_VhJSGkYZDxfdnRHvFF6EDKWBXpzpKX9WTuOlep0UZuxEqluEJLeJdI_Qeuo_Af6wLCJm6YXvoigI.mp4?_nc_cat=102&_nc_sid=b66105&_nc_ht=video-bom5-2.xx.fbcdn.net&_nc_ohc=nMc0dsqbc7AQ7kNvwEvq-mJ&efg=eyJ2ZW5jb2RlX3RhZyI6Inhwdl9wcm9ncmVzc2l2ZS5WSV9VU0VDQVNFX1BST0RVQ1RfVFlQRS4uQzMuNzIwLmRhc2hfYmFzZWxpbmVfMV92MSIsInhwdl9hc3NldF9pZCI6NDIwNzUzNTYzOTQ2NjE4MywiYXNzZXRfYWdlX2RheXMiOjM2OSwidmlfdXNlY2FzZV9pZCI6MTAwOTksImR1cmF0aW9uX3MiOjg3LCJ1cmxnZW5fc291cmNlIjoid3d3In0%3D&ccb=17-1&vs=6617bb0882f8091&_nc_vs=HBksFQIYUmlnX3hwdl9yZWVsc19wZXJtYW5lbnRfc3JfcHJvZC8zQTRFNjFCQkQyMkZBNjFEOUZCMDQ3ODkxRDU1QUU5RV92aWRlb19kYXNoaW5pdC5tcDQVAALIARIAFQIYR2lnX3hwdl9yZWVsc19wZXJtYW5lbnRfc3JfcHJvZC8xOTkxNDcwMTcxNjE5NTQ3XzkwOTYzNDA5NzY3ODE2NTc0MDUubXA0FQICyAESACgAGAAbAogHdXNlX29pbAExEnByb2dyZXNzaXZlX3JlY2lwZQExFQAAJo7D3LLnrvkOFQIoAkMzLBdAVcAAAAAAABgSZGFzaF9iYXNlbGluZV8xX3YxEQB1AGXmnQEA&_nc_gid=GwGzGR5QYJ9QK47fj0mihg&_nc_ss=7b289&_nc_zt=28&oh=00_AQOuhL0ZCFBcS46iFyA2Rb3oMOQIYzNFA0a0XUL8bfIXqQ&oe=6AC8FA23","IN","2026-10-08 07:23"
"VAN HAM Kunstauktionen","223704547686654","1.3568E+15","https://www.facebook.com/ads/library/?id=1356804945975250","Inactive","Stopped","","2025-10-28","2025-11-01","4","","","","","INR","1","","","","","","","","","","CAROUSEL","4","","facebook, instagram","LEARN_MORE","","","","Creator / UGC","English","","","","","","","","","","","Other page","auction.van-ham.com/hemmerle-fancy-diamant-ring--id-80369-item.html","VAN HAM Kunstauktionen","FINE JEWELS #auction on 19 November 2025 | This 15.28-carat fancy deep brownish greenish yellow #diamond ring by @hemmerle with an estimate of € 400,000 – 600,000 is just brilliant! Hemmerle Fancy diamond ring | 1 emerald-cut diamond 15.28 carats fancy deep brownish greenish yellow/VS1 Estimate: € 400,000 – 600,000 See more on www.van-ham.com @stefaniepaeffgenfotografie #hemmerle #jewels #jewellery #newyork #luxurd #diamonds #fancy @elisalotta @tabea_tatan_makeup","https://auction.van-ham.com/hemmerle-fancy-diamant-ring--id-80369-item.html","auction.van-ham.com","https://scontent-bom5-1.xx.fbcdn.net/v/t39.35426-6/571788513_25294465500177160_3877642680335751941_n.jpg?_nc_cat=111&ccb=1-7&_nc_sid=c53f8f&_nc_ohc=-th_sVU9gTgQ7kNvwHZlCTo&_nc_oc=AdqjwmXOACfkiHggeYg90fzOTC3dFW8QEG2ffW9I2L4xGzMkLMKyF1U9oWsI6KsM0Go&_nc_zt=14&_nc_ht=scontent-bom5-1.xx&_nc_gid=GO7pK0k3dkDxY9uCI_hDjw&_nc_ss=7b289&oh=00_AQNMNVfjp3cFuuWZsA_di08d9OGH9GxAkYCNkXtlXmls2w&oe=6ACCFC40","IN","2026-10-08 07:23"
"VAN HAM Kunstauktionen","223704547686654","1787543995273443","https://www.facebook.com/ads/library/?id=1787543995273443","Inactive","Stopped","","2025-10-31","2025-11-03","3","","","","","INR","1","","","","","","","","","","VIDEO","","55","instagram","LEARN_MORE","","","","Creator / UGC","English","What an exceptional fancy diamond ring crafted by Hemmeler.","What an exceptional fancy diamond ring crafted by Hemmeler. With a 15.28 karat emerald diamond of remarkable colour, this fancy deep brownish greenish yellow diamond with its clarity of Vs1 is just extraordinary. Yellow golden brass, the ring is a unique creation, never to be reproduced, and yet instantly recognizable as Hemelus craftsmanship, known for integrating unconventional materials alongside traditional precious metals. This interplay of contrasting materials results in a masterpiece, a ring that embodies contemporary elegance and timeless appeal. Made for collectors with a deluxe taste, who value a discrete but refined design.","English","","","","","","","","Other page","auction.van-ham.com/en/hemmerle-fancy-diamond-ring--id-80369-item.html","","HIGHLIGHT - 15.28-carat emerald-cut #diamond and a remarkable coloration: This fancy deep brownish greenish yellow diamond ring by @hemmerle with an estimate of € 400,000 – 600,000 is just outstanding! Fine Jewels Auction on 19 November 2025  van-ham.com Hemmerle Fancy diamond ring | 1 emerald-cut diamond 15.28 carats fancy deep brownish greenish yellow/VS1 Estimate: € 400,000 – 600,000 Video: @pramoediya Voice-Over: @jannelara Model: @elisalotta  #hemmerle #jewels #jewellery #newyork #luxurd #diamonds #fancy","https://auction.van-ham.com/en/hemmerle-fancy-diamond-ring--id-80369-item.html","auction.van-ham.com","https://video-bom5-1.xx.fbcdn.net/o1/v/t2/f2/m86/AQOi8INB0NcmOdbAPkXbmPt5Lqs7GdhNrR6PhozYhyj7ZG0zxrgpV8ujDv-LwczuJ-HZj3gFv4Wc0I_srFYO14Fz7AEdLrwGB8EoRC0.mp4?_nc_cat=110&_nc_sid=b66105&_nc_ht=video-bom5-1.xx.fbcdn.net&_nc_ohc=YE08Zd633TAQ7kNvwFGaVWx&efg=eyJ2ZW5jb2RlX3RhZyI6Inhwdl9wcm9ncmVzc2l2ZS5WSV9VU0VDQVNFX1BST0RVQ1RfVFlQRS4uQzMuNzIwLmRhc2hfYmFzZWxpbmVfMV92MSIsInhwdl9hc3NldF9pZCI6MTI4OTM2OTIxNTgwNzUyNiwiYXNzZXRfYWdlX2RheXMiOjM3MCwidmlfdXNlY2FzZV9pZCI6MTAwOTksImR1cmF0aW9uX3MiOjU0LCJ1cmxnZW5fc291cmNlIjoid3d3In0%3D&ccb=17-1&vs=e4797ccfe7073c85&_nc_vs=HBksFQIYUmlnX3hwdl9yZWVsc19wZXJtYW5lbnRfc3JfcHJvZC81RTQzMERFRENFMkQ0N0IwNUFGMUEwODBGODlCQ0FBMV92aWRlb19kYXNoaW5pdC5tcDQVAALIARIAFQIYR2lnX3hwdl9yZWVsc19wZXJtYW5lbnRfc3JfcHJvZC8xNDg1MTAwNDc2MDY2MzM0XzM1MjMyNjMzNTk0MjEzMTQ1NDUubXA0FQICyAESACgAGAAbAogHdXNlX29pbAExEnByb2dyZXNzaXZlX3JlY2lwZQExFQAAJszAvaGVq8oEFQIoAkMzLBdAS1cKPXCj1xgSZGFzaF9iYXNlbGluZV8xX3YxEQB1AGXmnQEA&_nc_gid=gwKHqePRh3H8F1bhs-hcjA&_nc_ss=7b289&_nc_zt=28&oh=00_AQOFLkGLCephpqkQ8IrQgdqv_Gc8pXMkqctT_v5lMy1udw&oe=6AC9218F","IN","2026-10-08 07:23"
"abhyaasarts","118839654499994","1860252474927349","https://www.facebook.com/ads/library/?id=1860252474927349","Inactive","Stopped","","2025-10-01","2025-10-16","15","","","","","INR","1","","","","","","","","","","IMAGE","","","instagram","VIEW_INSTAGRAM_PROFILE","","","","New launch","English","","","","","","","","","","","Facebook / Instagram","instagram.com/abhyaasarts","","#costumes #dance #dancecostume #soumya #abhyaas #dancer #réel #new #startup #art #bahrain #artist #love #instagram #kerala","http://instagram.com/abhyaasarts","instagram.com","https://scontent-bom5-2.xx.fbcdn.net/v/t39.35426-6/556844547_655739083930504_4401399367226956008_n.jpg?_nc_cat=102&ccb=1-7&_nc_sid=c53f8f&_nc_ohc=9y-TfHFnklgQ7kNvwFCs4vs&_nc_oc=AdpDNYl1jFaTFXb7-l2kN3jvbwQiGpqkWywJ0LP5FrDHOn5TBFMEmXluevyG4XXf_p8&_nc_zt=14&_nc_ht=scontent-bom5-2.xx&_nc_gid=0mspf98KR1jLvoJcqSGrlA&_nc_ss=7b289&oh=00_AQMPubq38rigaAYBO_BYs9gqYsqUAj43h-sUyvG1ir9WSw&oe=6ACD00D9","IN","2026-10-08 07:23"
"Yellow House Parra","100355536016365","3611296699092894","https://www.facebook.com/ads/library/?id=3611296699092894","Inactive","Stopped","","2023-11-28","2025-10-13","684","","","","","INR","1","","","","","","","","","","IMAGE","","","instagram","GET_DIRECTIONS","","","","Premium / quality","English","","","","","","","","","","","Facebook / Instagram","facebook.com/100083353840051","","Conscious Fashion, Essentials & Décor including artisan-made and antiques, Zero-waste Lifestyle, Handcrafted Jewellery and more. 12-7, Tuesdays off","https://facebook.com/100083353840051","","https://scontent-bom5-1.xx.fbcdn.net/v/t39.35426-6/404707928_369334685570464_6075272015747015573_n.jpg?_nc_cat=109&ccb=1-7&_nc_sid=c53f8f&_nc_ohc=i8Z7keN1za8Q7kNvwHIYLH7&_nc_oc=Adp5_PMDJ0W9IkSrJMrn5Ebk3uKJ3A31SOtObtHbGlcqk42QELAuChNe2319-MvaT1o&_nc_zt=14&_nc_ht=scontent-bom5-1.xx&_nc_gid=yAY749RI-RDE45OlQQpstA&_nc_ss=7b289&oh=00_AQPJW4z1PqQ1DN0Hy8Z_xxqA0hlUm5Fgh2Eiitnor1cJuA&oe=6ACD21F5","IN","2026-10-08 07:23"
"Bafleh Jewellery","285094788176929","868563335494008","https://www.facebook.com/ads/library/?id=868563335494008","Inactive","Stopped","","2025-10-06","2025-10-18","12","","","","","INR","1","","","","","","","","","","VIDEO","","73","facebook, instagram","VIEW_INSTAGRAM_PROFILE","60% off","","Diwali; Festive season","Discount / offer; Urgency / scarcity; Gifting; Premium / quality; Seasonal / festive","English","I would like to take a closer look.","I would like to take a closer look. I just got my first salary in Dubai and I've never bought gold before. Congratulations. I don't think I can afford it. You will be surprised. We have beautiful lightweight jewelry. Really? This pendant is part of our new collection. It's so pretty and lightweight to me. It's perfect for everyday wear. And the price is reasonable too. Oh, this is actually my budget. Mine jewelry is an investment. Gold always appreciates in value. Yes, my mother always said that, but I thought it would be very long for me to buy my first piece of jewelry. We have an easy payment plan with all major banks and tabby as well to make your purchases is thank you for shopping with puffled jewelry. It's perfect for daily wear, I'll take it.","English","","","","","","","","Facebook / Instagram","instagram.com/baflehjewellery","","Celebrate the Festival of Lights with Bafleh Jewellery! This Diwali, elevate your festive look with our exclusive lightweight jewellery collection, crafted to perfection for elegance, comfort, and sparkle. From timeless gold designs to dazzling diamonds, each piece is designed to make you shine brighter than the festive lights. Special Offer: Enjoy 60% OFF on our entire Diamond lightweight jewellery collection a limited-time festive treat for you and your loved ones! Shop Online: Visit www.bafleh.com to explore our full collection from the comfort of your home. Visit Us in Dubai: Experience the sparkle firsthand at our store in Dubai, where our experts will help you find the perfect Diwali gift. Make this Diwali unforgettable with jewellery that celebrates luxury, style, and tradition only at Bafleh Jewellery.  #diwali2025 #jewellerysale #lightweightjewellery #goldjewellery #diamondjewellery #baflehjewellery #luxuryjewellery #diwalioffers #festivesparkle #dubaijewellery #jewellerylovers #glamorouslook #elegantjewellery #celebrateinstyle #diwaligifts #sparklemore #jewelleryaddict #timelessdesign","http://instagram.com/baflehjewellery","instagram.com","https://video-bom5-1.xx.fbcdn.net/o1/v/t2/f2/m86/AQNcD7MUTQ735q_SJHGMQYIrpZIl7detjMqNPNhq4FZKB65ic9XwuE_vwp6-HGEG3XFtEIVr5uTzqZFRFoN6HgK1YvZhT4zxNI4HEV8.mp4?_nc_cat=111&_nc_sid=b66105&_nc_ht=video-bom5-1.xx.fbcdn.net&_nc_ohc=HbDImjlkJC4Q7kNvwH80Otn&efg=eyJ2ZW5jb2RlX3RhZyI6Inhwdl9wcm9ncmVzc2l2ZS5WSV9VU0VDQVNFX1BST0RVQ1RfVFlQRS4uQzMuNzIwLmRhc2hfYmFzZWxpbmVfMV92MSIsInhwdl9hc3NldF9pZCI6MjU4NTAxMjY2MTgzNjU1OSwiYXNzZXRfYWdlX2RheXMiOjM2NiwidmlfdXNlY2FzZV9pZCI6MTAwOTksImR1cmF0aW9uX3MiOjczLCJ1cmxnZW5fc291cmNlIjoid3d3In0%3D&ccb=17-1&vs=441727c2a50c7ad1&_nc_vs=HBksFQIYUmlnX3hwdl9yZWVsc19wZXJtYW5lbnRfc3JfcHJvZC84RjQ5QTZBRTQwOUQ3MDg3M0UyNTFBMDE5OEE5MEZCNF92aWRlb19kYXNoaW5pdC5tcDQVAALIARIAFQIYR2lnX3hwdl9yZWVsc19wZXJtYW5lbnRfc3JfcHJvZC8xODE1ODQyMTE1ODA2NzEzXzcyNzEyMjg2MTgwMTkzMjM3MDMubXA0FQICyAESACgAGAAbAogHdXNlX29pbAExEnByb2dyZXNzaXZlX3JlY2lwZQExFQAAJp7slpfFw5cJFQIoAkMzLBdAUldsi0OVgRgSZGFzaF9iYXNlbGluZV8xX3YxEQB1AGXmnQEA&_nc_gid=GwGzGR5QYJ9QK47fj0mihg&_nc_ss=7b289&_nc_zt=28&oh=00_AQMWe5-Pv2DwJg5djNib4dwR-tc6U2uLBbS_V4t2Tv_pcA&oe=6AC913A8","IN","2026-10-08 07:23"
"Bafleh Jewellery","285094788176929","1502438084419095","https://www.facebook.com/ads/library/?id=1502438084419095","Inactive","Stopped","","2025-10-17","2025-10-29","12","","","","","INR","1","","","","","","","","","","VIDEO","","27","facebook, instagram","VIEW_INSTAGRAM_PROFILE","","","Diwali; Festive season","Seasonal / festive","English","","","No speech (music only)","","","","","","","","Facebook / Instagram","instagram.com/baflehjewellery","","“Glow up this Diwali Because every sparkle deserves its moment to shine with glamour.” #BaflehJewellery #DiwaliVibes #FestiveGlam #JewelleryAddict #ShineBright #dubaishopping #jewellerycollection #diamondnecklace","http://instagram.com/baflehjewellery","instagram.com","https://video-bom5-2.xx.fbcdn.net/o1/v/t2/f2/m86/AQO4Vpn_glyqBCU3ELDYswW2Jzx9LEks3K9MF8pJgZqZYYxdYbyZE4mj_EwYbr4iS0wYEQwRojZcW_LXp3lHaqecfQqiy3tG6qFTjMk.mp4?_nc_cat=104&_nc_sid=b66105&_nc_ht=video-bom5-2.xx.fbcdn.net&_nc_ohc=NNAO98nMQz0Q7kNvwEsRYtv&efg=eyJ2ZW5jb2RlX3RhZyI6Inhwdl9wcm9ncmVzc2l2ZS5WSV9VU0VDQVNFX1BST0RVQ1RfVFlQRS4uQzMuMzYwLmRhc2hfYmFzZWxpbmVfM192MSIsInhwdl9hc3NldF9pZCI6ODAyNzU2NDk5MTM5MzMwLCJhc3NldF9hZ2VfZGF5cyI6MzU2LCJ2aV91c2VjYXNlX2lkIjoxMDA5OSwiZHVyYXRpb25fcyI6MjcsInVybGdlbl9zb3VyY2UiOiJ3d3cifQ%3D%3D&ccb=17-1&vs=9f5e5c89e33b3f0d&_nc_vs=HBksFQIYUmlnX3hwdl9yZWVsc19wZXJtYW5lbnRfc3JfcHJvZC85NjQ3NThFQUZDRjE2MDM1M0IxOEYzNEE3QzAxNTQ4M192aWRlb19kYXNoaW5pdC5tcDQVAALIARIAFQIYRmlnX3hwdl9yZWVsc19wZXJtYW5lbnRfc3JfcHJvZC82Njg0MjU3MjI5ODU3MjVfNDU2NDY0NjYxNzQ5NDI4OTk0OS5tcDQVAgLIARIAKAAYABsCiAd1c2Vfb2lsATEScHJvZ3Jlc3NpdmVfcmVjaXBlATEVAAAmhKzH_8mG7QIVAigCQzMsF0A7CHKwIMScGBJkYXNoX2Jhc2VsaW5lXzNfdjERAHUAZeadAQA&_nc_gid=GwGzGR5QYJ9QK47fj0mihg&_nc_ss=7b289&_nc_zt=28&oh=00_AQPdkA9DCot55GKi6JLHrnQS99gTJHyX9Ckn9kh4SE1vtQ&oe=6AC8FAF9","IN","2026-10-08 07:23"
"Bafleh Jewellery","285094788176929","1211296594141775","https://www.facebook.com/ads/library/?id=1211296594141775","Inactive","Stopped","","2025-10-24","2025-10-29","5","","","","","INR","1","","","","","","","","","","VIDEO","","25","facebook, instagram","VIEW_INSTAGRAM_PROFILE","Free gift","","Diwali; Festive season","Gifting; Premium / quality; Seasonal / festive","English","","","No speech (music only)","","","","","","","","Facebook / Instagram","instagram.com/baflehjewellery","","The Festival of Gold & Grace Illuminate your Diwali with the everlasting beauty of Bafleh Jewellery’s Diwali Gold Collection  From traditional temple designs that capture divine heritage to modern masterpieces crafted for today’s elegant woman every piece radiates prosperity and charm. Celebrate this festival of lights by adorning yourself with gold that tells your story of grace, tradition, and modern style. 🎁 Festive Special: Purchase any gold jewellery and receive exclusive free gifts because every celebration deserves something extra special. ✨ Visit bafleh.com or our showrooms to discover your perfect Diwali sparkle today! #BaflehJewellery #DiwaliGoldCollection #TempleJewellery #ModernGoldDesign #GoldForEveryOccasion #BaflehGold #UAEJewellery #FestiveJewellery #LuxuryInGold #CelebrateWithBafleh #DivineElegance #PureGoldBeauty #GoldLoversUAE #FreeGiftOffer #BaflehExclusive","http://instagram.com/baflehjewellery","instagram.com","https://video-bom5-2.xx.fbcdn.net/o1/v/t2/f2/m86/AQOnCgMvAnzB-CXXev-hP47iKEHOZ-boegUj6D7JbI5m63jvlJ499S6wThAOqrIC902JpW32Fo4ekSKc64RqajsTRKIFPd0AzK22h9U.mp4?_nc_cat=100&_nc_sid=b66105&_nc_ht=video-bom5-2.xx.fbcdn.net&_nc_ohc=D3U_xBmZKvkQ7kNvwFfpYH2&efg=eyJ2ZW5jb2RlX3RhZyI6Inhwdl9wcm9ncmVzc2l2ZS5WSV9VU0VDQVNFX1BST0RVQ1RfVFlQRS4uQzMuNzIwLmRhc2hfYmFzZWxpbmVfMV92MSIsInhwdl9hc3NldF9pZCI6MTE3ODc1MDc2MDc5NjUwMCwiYXNzZXRfYWdlX2RheXMiOjM0OCwidmlfdXNlY2FzZV9pZCI6MTAwOTksImR1cmF0aW9uX3MiOjI0LCJ1cmxnZW5fc291cmNlIjoid3d3In0%3D&ccb=17-1&vs=9c6bcd79facd1b44&_nc_vs=HBksFQIYUmlnX3hwdl9yZWVsc19wZXJtYW5lbnRfc3JfcHJvZC9CRTQyREZBMDMwNkRCMDAwRDA0MTI2RjZDQThGQUM4M192aWRlb19kYXNoaW5pdC5tcDQVAALIARIAFQIYSGlnX3hwdl9yZWVsc19wZXJtYW5lbnRfc3JfcHJvZC8yNTM5MDcxODQ4MDUxMjYyNl80NzU2OTg0MTI4NzU5MDQxMzUwLm1wNBUCAsgBEgAoABgAGwKIB3VzZV9vaWwBMRJwcm9ncmVzc2l2ZV9yZWNpcGUBMRUAACaohYLGqYSYBBUCKAJDMywXQDiZmZmZmZoYEmRhc2hfYmFzZWxpbmVfMV92MREAdQBl5p0BAA&_nc_gid=CidS-DXKPJmPAwpzNElROA&_nc_ss=7b289&_nc_zt=28&oh=00_AQOMVJfL--0_qvTEFOg_jQhxwwMTlCXzNxhMUGErVG7LvQ&oe=6AC91EAD","IN","2026-10-08 07:23"
"Bafleh Jewellery","285094788176929","776427465224403","https://www.facebook.com/ads/library/?id=776427465224403","Inactive","Stopped","","2025-10-20","2025-10-28","8","","","","","INR","1","","","","","","","","","","VIDEO","","","facebook, instagram","VIEW_INSTAGRAM_PROFILE","","","Diwali; Festive season","Premium / quality; Seasonal / festive","English","","","","","","","","","","","Facebook / Instagram","instagram.com/baflehjewellery","","Illuminate Your Diwali with Sparkling Luxury! This festive season, adorn yourself with luxurious diamond pieces that capture every glimmer of light. Celebrate love, joy, and elegance with jewellery designed to last a lifetime. Discover our exclusive collection at www.bafleh.com #diwalijewellery #luxurydiamonds #diamondcollection #baflehjewellery #festiveelegance #luxurylıfestyle #shinewithdiamonds #timelessluxury #jewellerygoals #baflehmoments #luxurygiftideas","http://instagram.com/baflehjewellery","instagram.com","https://video-bom5-1.xx.fbcdn.net/o1/v/t2/f2/m86/AQNAuqTa7DkKPzIP9RuUicRFF3QuXopHvyzPMvmJK7dufa0OtV9ijDWZt5MbIyPFzWHAlXXpiViJ6HFYiON5L-G5wn51CGEgwzdH4uk.mp4?_nc_cat=105&_nc_sid=b66105&_nc_ht=video-bom5-1.xx.fbcdn.net&_nc_ohc=YPZo-WLH8IkQ7kNvwGVrCp3&efg=eyJ2ZW5jb2RlX3RhZyI6Inhwdl9wcm9ncmVzc2l2ZS5WSV9VU0VDQVNFX1BST0RVQ1RfVFlQRS4uQzMuNzIwLmRhc2hfYmFzZWxpbmVfMV92MSIsInhwdl9hc3NldF9pZCI6MTI4NTM1OTM2MDAxMDEzMSwiYXNzZXRfYWdlX2RheXMiOjM1NCwidmlfdXNlY2FzZV9pZCI6MTAwOTksImR1cmF0aW9uX3MiOjI5LCJ1cmxnZW5fc291cmNlIjoid3d3In0%3D&ccb=17-1&vs=a06713ea29afe6c7&_nc_vs=HBksFQIYUmlnX3hwdl9yZWVsc19wZXJtYW5lbnRfc3JfcHJvZC9DQzQ4NjU4QzI0RTUxQzY4RDI2QjNBNDQ5QUEzQzZCN192aWRlb19kYXNoaW5pdC5tcDQVAALIARIAFQIYR2lnX3hwdl9yZWVsc19wZXJtYW5lbnRfc3JfcHJvZC8xNTA2NzcyNDcwMzU4MjczXzg1MzA1OTczODI0MzgxMjk4NjgubXA0FQICyAESACgAGAAbAogHdXNlX29pbAExEnByb2dyZXNzaXZlX3JlY2lwZQExFQAAJqae_8DhwcgEFQIoAkMzLBdAPVU_fO2RaBgSZGFzaF9iYXNlbGluZV8xX3YxEQB1AGXmnQEA&_nc_gid=kcRgeoloiy8SS-KgliXO_w&_nc_ss=7b289&_nc_zt=28&oh=00_AQPzNfV65RETSTLQgryxVpeI4vBad3a3lk-sgMJA3OUW0g&oe=6AC9014A","IN","2026-10-08 07:23"
"Bafleh Jewellery","285094788176929","1906555323570689","https://www.facebook.com/ads/library/?id=1906555323570689","Inactive","Stopped","","2025-10-20","2025-10-29","9","","","","","INR","1","","","","","","","","","","VIDEO","","","instagram","SHOP_NOW","60% off","","","Discount / offer; Urgency / scarcity; Seasonal / festive","English","","","","","","","","","","","Other page","bafleh.com/product-category/this-diwali-with-60-off-exclusive-diamond-jewellery","","Dazzle This Season with 60% OFF on Diamonds + FREE Gold Pendant! Indulge in timeless beauty with Bafleh Jewellery! Enjoy a massive 60% OFF on our exquisite diamond jewellery collection and receive a FREE gold pendant with every purchase. Available for a limited time, exclusively at Bafleh Jewellery. Don’t miss this perfect opportunity to sparkle brighter!","https://bafleh.com/product-category/this-diwali-with-60-off-exclusive-diamond-jewellery/","bafleh.com","https://video-bom5-2.xx.fbcdn.net/o1/v/t2/f2/m86/AQPlBJQnUeT0llozMTz_Ta-pQGUQZRdn-DiWIhZaGaSenH9at-09yJ1vkjmILaNCRJNp4wMCuf-V9ElqwAwyibbm0_4FT6_KUbO96S0.mp4?_nc_cat=108&_nc_sid=b66105&_nc_ht=video-bom5-2.xx.fbcdn.net&_nc_ohc=8hSSeYKsVIEQ7kNvwELTUmj&efg=eyJ2ZW5jb2RlX3RhZyI6Inhwdl9wcm9ncmVzc2l2ZS5WSV9VU0VDQVNFX1BST0RVQ1RfVFlQRS4uQzMuNzIwLmRhc2hfYmFzZWxpbmVfMV92MSIsInhwdl9hc3NldF9pZCI6ODUxMjM1MDQwNTg5OTU1LCJhc3NldF9hZ2VfZGF5cyI6MzUyLCJ2aV91c2VjYXNlX2lkIjoxMDA5OSwiZHVyYXRpb25fcyI6MjMsInVybGdlbl9zb3VyY2UiOiJ3d3cifQ%3D%3D&ccb=17-1&vs=7833c0547ad50b9&_nc_vs=HBksFQIYUmlnX3hwdl9yZWVsc19wZXJtYW5lbnRfc3JfcHJvZC85QjQ5NUJFNzU3NUZGQzJFQzY4NENFN0IyQzE1ODFCMl92aWRlb19kYXNoaW5pdC5tcDQVAALIARIAFQIYR2lnX3hwdl9yZWVsc19wZXJtYW5lbnRfc3JfcHJvZC8xMzQ0NTYwNDA0MDc1MDE0XzYyMTg4NzgzMTUwOTUzNDU2MjYubXA0FQICyAESACgAGAAbAogHdXNlX29pbAExEnByb2dyZXNzaXZlX3JlY2lwZQExFQAAJobit6OzjIMDFQIoAkMzLBdAN9tkWhysCBgSZGFzaF9iYXNlbGluZV8xX3YxEQB1AGXmnQEA&_nc_gid=K80sFbRoBefPts8vdOLzyg&_nc_ss=7b289&_nc_zt=28&oh=00_AQOIDEmT-_cU6Z-yMwzT6Giva5CrH_gIPaavwAstNXyl_g&oe=6AC91BA9","IN","2026-10-08 07:23"
"Mahek Designs Online","109230761695745","1966649744106339","https://www.facebook.com/ads/library/?id=1966649744106339","Inactive","Stopped","","2025-05-26","2026-02-10","260","","","","","INR","1","","","","","","","","","","VIDEO","","48","instagram","INSTAGRAM_MESSAGE","","","","Creator / UGC; Seasonal / festive","English","My love, my love, my love, my love, my","My love, my love, my love, my love, my love, my love, my love, my love, my love, my love, my love, my love, my love, my love, my love, my love, my love, my love, my love, my love, my love, my love, my love, my love, my love, my love, my love, my love, my love, my love, my love, my love, my love, my love, my love, my love, my love, my love, my love, my love, my love, my love, my love, my love, my love, my love, my love, my love, my love, my love, my love, my love, my love, my love, my love, my love, my love, my love, my love, my love, my love, my love, my love, my love, my love, my love, my love, my love, my love, my love, my love, my love, my love, my love, my love, my love, my love, my love, my love, my love, my love, my love, my love, my love, my love, my love, my love, my love, my love, my love, my love, my love, my love, my love, my love, my love, my love, my love, my love, my love, my love, my love, my love, my love, my love, my love, my love, my love, my love, my love, my love, my love, my love, my love, my love, my love, my love, my love, my love, my love, my love, my love, my love, my love, my love, my love, my love, my love, my love, my love, my love, my love, my love, my love, my love, my love, my love, my love, my love, my love, my love, my love, my love, my love, my love, my love, my love, my love, Oh","English","","","","","","","","Facebook / Instagram","instagram.com","","✨ A moment of magic, a masterpiece in motion ✨ From the Inara Series — where heritage meets artistry. Draped in rich handwork and timeless detailing, this look is designed for the bride who embodies grace, joy, and quiet strength. Every twirl, a celebration. Every thread, a promise. INARA - The Wedding Edition 2025 📍 Find Us Here: Mahek Designs, Opposite Devaswom Lane Near Mahatma Gandhi College - Main Block Kesavadasapuram, Thiruvananthapuram 🌍 Delivering Elegance Worldwide – We Ship Everywhere! 📲 Slide into our DMs or WhatsApp us at: +91 99955 24256 www.mahekdesigns.com Filimed & Directed by: Mahek Storyline Studios  Glammed by: @blushingtone_by_veenavineeth  Production: Mahek Storyline Studios Jewellery partner: @blushingtone_rentals  Talents: @linithasunny  @ameesha_vinod  @thekrishnendhucr","https://www.instagram.com/","www.instagram.com","https://video-bom5-1.xx.fbcdn.net/o1/v/t2/f2/m412/AQOTl_PAM8BnUCMzYGa4HoAzqXrjhwWtHXaB3vhb3Cas1kIvTA-37mf5y5WuVUlxeTLcuNP6-5r5y6BlsUoA-q8.mp4?_nc_cat=105&_nc_sid=ef5aa3&_nc_ht=video-bom5-1.xx.fbcdn.net&_nc_ohc=RBX7K7m1v68Q7kNvwG3XSnb&efg=eyJ2ZW5jb2RlX3RhZyI6Inhwdl9wcm9ncmVzc2l2ZS5WSV9VU0VDQVNFX1BST0RVQ1RfVFlQRS4uQzMuNzIwLmFzaWNfaHEyX2hkX3Byb2dyZXNzaXZlIiwieHB2X2Fzc2V0X2lkIjoxNDg0MzA0MzUwMDg0NDI1LCJhc3NldF9hZ2VfZGF5cyI6MTc5LCJ2aV91c2VjYXNlX2lkIjoxMDY4MCwiZHVyYXRpb25fcyI6NDgsInVybGdlbl9zb3VyY2UiOiJ3d3cifQ%3D%3D&ccb=17-1&_nc_gid=GwGzGR5QYJ9QK47fj0mihg&_nc_ss=7b289&_nc_zt=28&oh=00_AQOwR7FSCmYcG4-RVv52uiEttVkHnekWCMyHTkFPaoQiwA&oe=6ACD153D","IN","2026-10-08 07:23"
"Gottlob.World","111211005247126","793998613593639","https://www.facebook.com/ads/library/?id=793998613593639","Inactive","Stopped","","2025-09-29","2026-01-05","98","","","","","INR","1","","","","","","","","","","VIDEO","","19","facebook, instagram, audience_network, messenger","SHOP_NOW","","","","","English","Subscribe to the channel for more videos!","Subscribe to the channel for more videos!","English","","","","","","","","Homepage","gottlobworld.com","Gottlob","Jewellery handmade in Cologne 🍀","http://gottlobworld.com/","gottlobworld.com","https://video-bom5-2.xx.fbcdn.net/o1/v/t2/f2/m366/AQMvvlBktrVrxNbyEHD1B-g6dkmL3DKOG8VLBvBeGaQV-jug8lJ9jGSqzqPhBOeQ7tHMrakJ71ptzP_EPGiYAPl4l4aJbGtOR3yd0FyCz46ShQ.mp4?_nc_cat=104&_nc_sid=b66105&_nc_ht=video-bom5-2.xx.fbcdn.net&_nc_ohc=ACrqylm5HtAQ7kNvwG7iRyB&efg=eyJ2ZW5jb2RlX3RhZyI6Inhwdl9wcm9ncmVzc2l2ZS5WSV9VU0VDQVNFX1BST0RVQ1RfVFlQRS4uQzMuNzIwLmRhc2hfaDI2NC1iYXNpYy1nZW4yXzcyMHAiLCJ4cHZfYXNzZXRfaWQiOjMxNTY0MjUxMTczMjE4MTYxLCJhc3NldF9hZ2VfZGF5cyI6MzczLCJ2aV91c2VjYXNlX2lkIjoxMDc5OSwiZHVyYXRpb25fcyI6MTksInVybGdlbl9zb3VyY2UiOiJ3d3cifQ%3D%3D&ccb=17-1&vs=880ff7ec1b5663e&_nc_vs=HBksFQIYRWZiX2VwaGVtZXJhbC8xOTQ4OUE3M0EzMEY1QzY4MUUxQTM0MUY0MjE3MDZCRF9tdF8xX3ZpZGVvX2Rhc2hpbml0Lm1wNBUAAsgBEgAVAhhAZmJfcGVybWFuZW50LzI0NEE0NUU5NDBEQzhFQzlGRTJFMTU2M0ZDMjNFRTlCX2F1ZGlvX2Rhc2hpbml0Lm1wNBUCAsgBEgAoABgAGwKIB3VzZV9vaWwBMRJwcm9ncmVzc2l2ZV9yZWNpcGUBMRUAACbinb-sneGRcBUCKAJDMywXQDNdsi0OVgQYGWRhc2hfaDI2NC1iYXNpYy1nZW4yXzcyMHARAHUAZd6oAQA&_nc_gid=GwGzGR5QYJ9QK47fj0mihg&_nc_ss=7b289&_nc_zt=28&oh=00_AQNgLqD9lvadtV7sLw7DzMx3avNAkB9_AABhtDUQtP_I4g&oe=6ACD11C8","IN","2026-10-08 07:23"
"Gottlob.World","111211005247126","1176925693634934","https://www.facebook.com/ads/library/?id=1176925693634934","Inactive","Stopped","","2025-04-15","2026-01-06","266","","","","","INR","1","","","","","","","","","","VIDEO","","6","facebook, instagram, audience_network, messenger","SHOP_NOW","","","","","English","","","No speech (music only)","","","","","","","","Homepage","gottlobworld.com","Gottlob","Jewellery handmade in Cologne 🍀","http://gottlobworld.com/","gottlobworld.com","https://video-bom5-1.xx.fbcdn.net/o1/v/t2/f2/m69/AQPZo6C9mCGgHcsix5BuDlZ-m18qv3c9TCzXJkmoHO_FiSFd_DyPjDJxTSWmazJ_p2n0KxdqKRjkupt2tILpMGbd.mp4?strext=1&_nc_cat=111&_nc_sid=ef5aa3&_nc_ht=video-bom5-1.xx.fbcdn.net&_nc_ohc=1aMqu_D8xHcQ7kNvwG97S_I&efg=eyJ2ZW5jb2RlX3RhZyI6Inhwdl9wcm9ncmVzc2l2ZS5WSV9VU0VDQVNFX1BST0RVQ1RfVFlQRS4uQzMuMzYwLnN2ZV9zZCIsInhwdl9hc3NldF9pZCI6MTQ5ODk1NzkyMTA2MjY4MSwiYXNzZXRfYWdlX2RheXMiOjU0MCwidmlfdXNlY2FzZV9pZCI6MTA3OTksImR1cmF0aW9uX3MiOjUsInVybGdlbl9zb3VyY2UiOiJ3d3cifQ%3D%3D&ccb=17-1&_nc_gid=sxzC0BKgmNoFF3UhuY9m0A&_nc_ss=7b289&_nc_zt=28&oh=00_AQNMnR0qhoC5LtkaRnwDI3S5-6i3Nwc_ua4WC65jW87pHQ&oe=6ACD238F","IN","2026-10-08 07:23"
"Gem For Her","100122142672057","827732456620808","https://www.facebook.com/ads/library/?id=827732456620808","Inactive","Stopped, Scaled ×2","","2025-10-22","2025-11-06","15","","","","","INR","2","","","","","","","","","","VIDEO","","57","facebook, instagram, audience_network, threads","WHATSAPP_MESSAGE","","","","Social proof; Creator / UGC; Seasonal / festive","English","I'm going to watch a few videos of Jumpho Her and Instagram page.","I'm going to watch a few videos of Jumpho Her and Instagram page. I'm going to watch a few videos of Jumpho Her and Instagram page. I'm going to watch a few videos of Jumpho Her and Instagram page. I'm going to watch a few videos of Jumpho Her and Instagram page. I'm going to watch a few videos of Jumpho Her and Instagram page. I'm going to watch a few videos of Jumpho Her and Instagram page. I'm going to watch a few videos of Jumpho Her and Instagram page. I'm going to watch a few videos of Jumpho Her and Instagram page. I'm going to watch a few videos of Jumpho Her and Instagram page. and this is a simple way to get a good look at this. You can get this in a matching earring. This is the main thing. This is the main thing. You can get a strong color. There is a lot of collections in the page. You can get a good look at this. There is a lot of collection, you can match your own location. If you are a student of college, you can do it. If you are a student of college, you can do it. If you are a student of college, you can do it. If you are a student of college, you can do it.","English","","","","","","","","WhatsApp","api.whatsapp.com/send","","Jewllery review from famous @rithusha_meeth . #gemforherweddingstore #gemforhersignaturejewellery #kayamkulam","https://api.whatsapp.com/send","api.whatsapp.com","https://video-bom5-2.xx.fbcdn.net/o1/v/t2/f2/m86/AQNwnpZDicV032nHEKLEGdd7U0mg9jGR18ZNyLSgELsYDee6BGbkl8T_fucI3nC7yNmo7mytvJ-t1In_HoSf0c6N5ofK7Mb_iwfUUQM.mp4?_nc_cat=104&_nc_sid=b66105&_nc_ht=video-bom5-2.xx.fbcdn.net&_nc_ohc=0haDbzUxTygQ7kNvwE5UJT1&efg=eyJ2ZW5jb2RlX3RhZyI6Inhwdl9wcm9ncmVzc2l2ZS5WSV9VU0VDQVNFX1BST0RVQ1RfVFlQRS4uQzMuNzIwLmRhc2hfYmFzZWxpbmVfMV92MSIsInhwdl9hc3NldF9pZCI6ODMwNTQ5NzIyODczNTczLCJhc3NldF9hZ2VfZGF5cyI6MzcyLCJ2aV91c2VjYXNlX2lkIjoxMDA5OSwiZHVyYXRpb25fcyI6NTcsInVybGdlbl9zb3VyY2UiOiJ3d3cifQ%3D%3D&ccb=17-1&vs=5fe384cec273ede8&_nc_vs=HBksFQIYUmlnX3hwdl9yZWVsc19wZXJtYW5lbnRfc3JfcHJvZC85RTQwOTg0QzBBQzBDQzMzOEE1QjEwNjU5Mzg0MENBQ192aWRlb19kYXNoaW5pdC5tcDQVAALIARIAFQIYR2lnX3hwdl9yZWVsc19wZXJtYW5lbnRfc3JfcHJvZC8xMjU4NTMwMTg2MjkwMDc0XzY4MDM5MDkzMTI4MDY1NjAwNDUubXA0FQICyAESACgAGAAbAogHdXNlX29pbAExEnByb2dyZXNzaXZlX3JlY2lwZQExFQAAJsr7mdOt2PkCFQIoAkMzLBdATIAAAAAAABgSZGFzaF9iYXNlbGluZV8xX3YxEQB1AGXmnQEA&_nc_gid=P4ALoiFZ3Wvv8BAh_gtyyw&_nc_ss=7b289&_nc_zt=28&oh=00_AQPQF6SZI0P_rJD0Q_VoWaksPgzHBjjHzF8GU4zHQcN9Fw&oe=6AC9039D","IN","2026-10-08 07:23"
"Gem For Her","100122142672057","3700175826956068","https://www.facebook.com/ads/library/?id=3700175826956068","Inactive","Stopped","","2025-10-01","2025-10-18","17","","","","","INR","1","","","","","","","","","","VIDEO","","","facebook, instagram, audience_network, threads","WHATSAPP_MESSAGE","","","","Seasonal / festive","English","","","","","","","","","","","WhatsApp","api.whatsapp.com/send","","Bridal Purchase Through Instagram 😍 #gemforher #jewellery #bridalset #wedding #weddingset","https://api.whatsapp.com/send","api.whatsapp.com","https://video-bom5-2.xx.fbcdn.net/o1/v/t2/f2/m86/AQPBQVpjNlDhVflvoZ9RlXDjlc00SfZ_AcicORW_ZVHi0Lg-uMcURk41Y2vrqmqosp5G517oskWDceFiO1L_0ihDG-LSH34d50XTR1A.mp4?_nc_cat=100&_nc_sid=b66105&_nc_ht=video-bom5-2.xx.fbcdn.net&_nc_ohc=C3VUJ0keOPgQ7kNvwFNSvn5&efg=eyJ2ZW5jb2RlX3RhZyI6Inhwdl9wcm9ncmVzc2l2ZS5WSV9VU0VDQVNFX1BST0RVQ1RfVFlQRS4uQzMuMzYwLmRhc2hfYmFzZWxpbmVfM192MSIsInhwdl9hc3NldF9pZCI6ODU0NzM4ODUwNTQ1MTI5LCJhc3NldF9hZ2VfZGF5cyI6Mzc2LCJ2aV91c2VjYXNlX2lkIjoxMDA5OSwiZHVyYXRpb25fcyI6MjYsInVybGdlbl9zb3VyY2UiOiJ3d3cifQ%3D%3D&ccb=17-1&vs=6ff0c1167d754903&_nc_vs=HBksFQIYUmlnX3hwdl9yZWVsc19wZXJtYW5lbnRfc3JfcHJvZC8zQzQ5MEMwOUM4NzMwMEY2QjIxMzM1MzcwRDc4RkNBRV92aWRlb19kYXNoaW5pdC5tcDQVAALIARIAFQIYRmlnX3hwdl9yZWVsc19wZXJtYW5lbnRfc3JfcHJvZC84MjY5NDI3NDY0MTk5NjFfNzU1NjM5MTAyMDE5OTQ0NDI1OS5tcDQVAgLIARIAKAAYABsCiAd1c2Vfb2lsATEScHJvZ3Jlc3NpdmVfcmVjaXBlATEVAAAm0vf_2KzYhAMVAigCQzMsF0A6CHKwIMScGBJkYXNoX2Jhc2VsaW5lXzNfdjERAHUAZeadAQA&_nc_gid=A5e1ogu9oqyBUMWxqjVZoQ&_nc_ss=7b289&_nc_zt=28&oh=00_AQMKMDYd0fHW7QPzek-Cz9yKVNPSTzJ4U4p2wRLOvq-Esw&oe=6AC93079","IN","2026-10-08 07:23"
"Gem For Her","100122142672057","1918956208646903","https://www.facebook.com/ads/library/?id=1918956208646903","Inactive","Stopped","","2025-09-11","2025-11-11","61","","","","","INR","1","","","","","","","","","","VIDEO","","46","facebook, instagram, messenger","MESSAGE_PAGE","","","","Premium / quality; Seasonal / festive","English","The goal is to customize the design of the gold and gold.","The goal is to customize the design of the gold and gold. It is a very good quality and it is a very good quality. It is a very good quality and it is a very good quality and it is a very good quality and it is a very good quality. It is a very good quality and it is a very good quality and it is a very good quality and it is a very good quality. It is a very good quality and it is a very good quality and it is a very good quality and it is a very good quality. It is a very good quality and it is a very good quality and it is a very good quality and it is a very good quality. It is a very good quality and it is a very good quality and it is a very good quality and it is a very good quality. It is a very good quality and it is a very good quality and it is a very good quality and it is a very good quality. It is a very good quality and it is a very good quality and it is a very good quality and it is a very good quality. It is a very good quality and it is a very good quality and it is a very good quality and it is a very good quality. It is a very good quality and it is a very good quality and it is a very good quality and it is a very good quality. It is a very good quality and it is a very good quality and it is a very good quality and it is a very good quality. It is a very good quality and it is a very good quality and it is a very good quality and it is a very good quality. It is a very good quality and it is a very good quality and it is a very good quality and it is a very good quality. It is a very good quality and it is a very good quality and it is a very good quality and it is a very good quality. This is the second player I have to play. If you are not sure about the makeup, then you can use this to make your skin look lighter and shade. If you are using this to make your skin look lighter, then use this to make your skin look lighter and shade. If you are using this to make your skin look lighter, then use this to make your skin look lighter and shade.","English","","","","","","","","No link","","","Customised Premium Collections  #gemforher #jewellery #necklace #customisedjewellery #bridaljewellery #uniquejewelry #elakkathali #parrotjumka #keerthisuresh #celebrity #celebrityweddingjewellery","","","https://video-bom5-1.xx.fbcdn.net/o1/v/t2/f2/m86/AQNQ8FC4v8fSb2g8hEp666N-K7eAitQZ5lTrxyoDztR1yi-53158GNM1iQX3HIeuIfs_7YfPNzRa07M-_UCZ0oB1NhemCE6Mwpd6U68.mp4?_nc_cat=110&_nc_sid=b66105&_nc_ht=video-bom5-1.xx.fbcdn.net&_nc_ohc=3qeThH05t6wQ7kNvwGd_QfB&efg=eyJ2ZW5jb2RlX3RhZyI6Inhwdl9wcm9ncmVzc2l2ZS5WSV9VU0VDQVNFX1BST0RVQ1RfVFlQRS4uQzMuMzYwLmRhc2hfYmFzZWxpbmVfM192MSIsInhwdl9hc3NldF9pZCI6MjQxMzQ2ODk2NzI4OTczNDYsImFzc2V0X2FnZV9kYXlzIjozOTMsInZpX3VzZWNhc2VfaWQiOjEwMDk5LCJkdXJhdGlvbl9zIjo0NiwidXJsZ2VuX3NvdXJjZSI6Ind3dyJ9&ccb=17-1&vs=c66b3885cee949db&_nc_vs=HBksFQIYUmlnX3hwdl9yZWVsc19wZXJtYW5lbnRfc3JfcHJvZC82NTRBMzc5MDQyNkM3NjBBREZBREUzQkU3OUNCREI5NV92aWRlb19kYXNoaW5pdC5tcDQVAALIARIAFQIYRmlnX3hwdl9yZWVsc19wZXJtYW5lbnRfc3JfcHJvZC84MTU0MjgwOTExNTkxNzNfODgyMzg0NzgyMzQyOTA1Njk3NS5tcDQVAgLIARIAKAAYABsCiAd1c2Vfb2lsATEScHJvZ3Jlc3NpdmVfcmVjaXBlATEVAAAmhI29y-qX31UVAigCQzMsF0BHQAAAAAAAGBJkYXNoX2Jhc2VsaW5lXzNfdjERAHUAZeadAQA&_nc_gid=MlQHNW6w3977D4UFo-H_Dg&_nc_ss=7b289&_nc_zt=28&oh=00_AQPoWIC0bALs2g--dTB630Xk7HGMY0EMT7E51PseOwHOuQ&oe=6AC92157","IN","2026-10-08 07:23"
"Amaera Jewels","451973247996509","793957793363473","https://www.facebook.com/ads/library/?id=793957793363473","Inactive","Stopped","","2025-10-03","2025-10-27","24","","","","","INR","1","","","","","","","","","","VIDEO","","44","facebook, instagram, audience_network, threads","","","","","","English","I've been experiencing a lot of things here.","I've been experiencing a lot of things here. I'm not here, I'm living in a different world. I'm a unique necklace. It's a very beautiful pearl. This is the second position where we can talk about 4 things. I'm a unique necklace that I'm wearing. I'm wearing a unique necklace that I'm wearing. I'm wearing a brand new necklace that I'm wearing. I'm wearing a brand new necklace that I'm wearing. I'm wearing a brand new necklace that I'm wearing. I'm wearing a brand new necklace that I'm wearing. I'm wearing a brand new necklace that I'm wearing. I'm wearing a brand new necklace that I'm wearing.","English","","","","","","","","No link","","","Amaera the signature Bridal Jewellery Collection","","","https://video-bom5-1.xx.fbcdn.net/o1/v/t2/f2/m412/AQMF7Eaq2UNkcTb4AJADDTA98R-MN29GQdf_y5kCSoPDMvtZdiZ6xAmsOZCTqJXvRiFZW7McYUgqT4QuP0VHI2APmMGQn2iv9qSUeEfBHw.mp4?_nc_cat=105&_nc_sid=ef5aa3&_nc_ht=video-bom5-1.xx.fbcdn.net&_nc_ohc=IeBjd3iab7AQ7kNvwFqcnGg&efg=eyJ2ZW5jb2RlX3RhZyI6Inhwdl9wcm9ncmVzc2l2ZS5WSV9VU0VDQVNFX1BST0RVQ1RfVFlQRS4uQzMuMzYwLnN2ZV9zZCIsInhwdl9hc3NldF9pZCI6MTM0MjU2NTM5NzM3MDg1NSwiYXNzZXRfYWdlX2RheXMiOjM2OSwidmlfdXNlY2FzZV9pZCI6MTA3OTksImR1cmF0aW9uX3MiOjQ0LCJ1cmxnZW5fc291cmNlIjoid3d3In0%3D&ccb=17-1&_nc_gid=P4ALoiFZ3Wvv8BAh_gtyyw&_nc_ss=7b289&_nc_zt=28&oh=00_AQO2711farL3prDyCbEbM5RQ12xj8NBaCDaMbRuHXvSogg&oe=6ACD2305","IN","2026-10-08 07:23"
"Amaera Jewels","451973247996509","1350451583361232","https://www.facebook.com/ads/library/?id=1350451583361232","Inactive","Stopped","","2025-09-17","2025-11-16","60","","","","","INR","1","","","","","","","","","","VIDEO","","40","facebook, instagram, audience_network, threads","","","","","Premium / quality; Creator / UGC","English","If you are looking for unique pieces of jewelry, Amara is the place to be.","If you are looking for unique pieces of jewelry, Amara is the place to be. In the system, we are doing the time that we've been frequenting Amara and we have beautiful collections of traditional jewelry, diamond jewelry, antique jewelry and even everyday wear. With a customer service, ambience, everything is top notch. A mirror, golden diamonds, the signature bridegroomery. Quote am.","English","","","","","","","","No link","","","Stepping away from the usual gold, @liz_logs Assistant Professor at BCM College, discovers her love for Ameara’s stunning stone and bead-crafted pieces.","","","https://video-bom5-1.xx.fbcdn.net/o1/v/t2/f2/m366/AQPpJ98NHJq7aRyqeaIRxLkoj0s9aGP-pORhda5fr9poopZMadX9Yu4zcF3EMxKJdmKKMD8oNMsNgzSCnx1zsdnOPBeD95t__tNBnJ8aJQ.mp4?_nc_cat=111&_nc_sid=ef5aa3&_nc_ht=video-bom5-1.xx.fbcdn.net&_nc_ohc=Zx3K9OjitekQ7kNvwEKWEfV&efg=eyJ2ZW5jb2RlX3RhZyI6Inhwdl9wcm9ncmVzc2l2ZS5WSV9VU0VDQVNFX1BST0RVQ1RfVFlQRS4uQzMuMzYwLnN2ZV9zZCIsInhwdl9hc3NldF9pZCI6MTU4MjcxNDg5NjQ3MTIzNSwiYXNzZXRfYWdlX2RheXMiOjM4NiwidmlfdXNlY2FzZV9pZCI6MTA3OTksImR1cmF0aW9uX3MiOjQwLCJ1cmxnZW5fc291cmNlIjoid3d3In0%3D&ccb=17-1&_nc_gid=mEZp5_DwQJTvwKxMqK4OCg&_nc_ss=7b289&_nc_zt=28&oh=00_AQOISSv2EGvlX2iy2UqyzAROK0Cfz3Q3jBRykxTbXZ9KtA&oe=6ACD1223","IN","2026-10-08 07:23"
"Abhinav Mishra","171131386292346","1967280424064157","https://www.facebook.com/ads/library/?id=1967280424064157","Inactive","Stopped, Scaled ×2","","2025-10-24","2025-11-03","10","","","","","INR","2","","","","","","","","","","CAROUSEL","7","","facebook, instagram","VIEW_INSTAGRAM_PROFILE","","","","Creator / UGC","English","","","","","","","","","","","Facebook / Instagram","instagram.com/abhinavmishra_","Abhinav Mishra","The Shrine by @abhinavmishra_ Featuring @saraalikhan95 @iak 💫 Celebration Partner @keepwalkingindia Jewellery Partner @emeraldjewels.in  Beauty Partner @myembryolisse @mytemptu  Travel Partner @mercedesbenz.globalstarauto Decor @ranipinklove @anikadhawan @aakarevents Sara Ali Khan & Ibrahim Ali Khan Styling  @ayeshaaminnigam Sara Ali Khan Hair & Make up: @kavyeshsharmaofficial @dakshhnidhi Ibrahim Ali Khan Hair & Make up: @dashjagan @laukik95 Ibrahim Footwear @needledust  Show Direction @aparnabahlbedi @anishabahl Backstage Coordination @pujankapursharma Photography @shotbynamnam  #TheShrine #TheShrineByAbhinavMishra #AbhinavMishra","http://instagram.com/abhinavmishra_","instagram.com","https://scontent-bom5-1.xx.fbcdn.net/v/t39.35426-6/571192847_2875940545928696_5605015755927900566_n.jpg?_nc_cat=105&ccb=1-7&_nc_sid=c53f8f&_nc_ohc=LydUmEk-prQQ7kNvwHVzi24&_nc_oc=AdoEv39QxGJpujpxgiE-7nhA36New7LfRj-0B1TWX3-GLvVRY8DdjAFEpT_vbprhyuU&_nc_zt=14&_nc_ht=scontent-bom5-1.xx&_nc_gid=fDhth7olAxT-FovKY3fWTg&_nc_ss=7b289&oh=00_AQOcDqfgCC2XkFn4XUL5bU5rcFxP9nsMXqYcamm6aVkP0Q&oe=6ACD0C77","IN","2026-10-08 07:23"
"Abhinav Mishra","171131386292346","1768202813874147","https://www.facebook.com/ads/library/?id=1768202813874147","Inactive","Stopped, Scaled ×2","","2025-10-24","2025-11-03","10","","","","","INR","2","","","","","","","","","","CAROUSEL","4","","facebook, instagram","VIEW_INSTAGRAM_PROFILE","","","","Creator / UGC","English","","","","","","","","","","","Facebook / Instagram","instagram.com/abhinavmishra_","Abhinav Mishra","The Shrine by @abhinavmishra_ Featuring @iak 💫 Celebration Partner @keepwalkingindia Jewellery Partner @emeraldjewels.in  Beauty Partner @myembryolisse @mytemptu  Travel Partner @mercedesbenz.globalstarauto Decor @ranipinklove @anikadhawan @aakarevents Ibrahim Ali Khan Styling  @ayeshaaminnigam  Ibrahim Ali Khan Hair & Make up: @dashjagan @laukik95 Ibrahim Footwear @needledust  Show Direction @aparnabahlbedi @anishabahl Backstage Coordination @pujankapursharma Photography @shotbynamnam  #TheShrine #TheShrineByAbhinavMishra #AbhinavMishra","http://instagram.com/abhinavmishra_","instagram.com","https://scontent-bom5-2.xx.fbcdn.net/v/t39.35426-6/571117357_797141409698236_1778920347948620593_n.jpg?_nc_cat=100&ccb=1-7&_nc_sid=c53f8f&_nc_ohc=qw8zArm-5OoQ7kNvwGkpGa_&_nc_oc=AdrNmc6E_UNFsIuZfc7jO2C_BJlgCu4HZtetz8jaePX5lVsiJhfMqHf42LVlA2DYzTw&_nc_zt=14&_nc_ht=scontent-bom5-2.xx&_nc_gid=YzpXSTIH9V7GOmbsxc0i7w&_nc_ss=7b289&oh=00_AQNVIjvE0S48n2G5GE-qQ8Ztb4noBHG-kOhiP0NEW1M2IA&oe=6ACD0D8C","IN","2026-10-08 07:23"
"Abhinav Mishra","171131386292346","821668576982075","https://www.facebook.com/ads/library/?id=821668576982075","Inactive","Stopped, Scaled ×3","","2025-10-13","2025-10-24","11","","","","","INR","3","","","","","","","","","","VIDEO","","79","facebook, instagram","VIEW_INSTAGRAM_PROFILE","","","","Creator / UGC","English","I'm sorry. You are my love, you are my love, you are my love, you are my love, you are my love, you are my love, you are my love, you are my love, you are my love, you are my love, you are my love, you are my love, you are my love, you are my love, you are my love, you are my love, you are my love, you are my love, you are my love, you are my love, you are my love, you are my love, you are my love, you are my love, you are my love, you are my love, you are my love, you are my love, you are my love, you are my love, you are my love, you are my love, you are my love, you are my love, you are my love, you are my love, you are my love, you are my love, you are my love, you are my love, you are my love, you are my love, you are my love, you are my love, you are my love, you are my love, you are my love, you are my love, you are my love, you are my love, you are my love, you are my love, you are my love, you are my love, you are my love, you are my love, you are my love, you are my love, you are my love, you are my love, you are my love, you are my love, you are my love, you are my love, you are my love, you are my love, you are my love, you are my love, you are my love, you are my love, you are my love, you are my love, you are my love, you are my love, you are my love, you are my love, you are my love, you are my love, you are my love, you are my love, you are my love, you are my love, you are my love, you are my love, you are my love, you are my love, you are my love, you are my love, you, my love, my love, my love, my love, my love, my love, my love, my love, my love, my love, my love, my love, my love, my love, my love, my love, my love, my love, my love, my love, my love, my love, my love, my love, my love, my love, my love, my love, my love, my love, my love, my love, my love, my love, my love, my love, my love, my love, my love, my love, my love, my love, my love, my love, my love, my love, my love, my love, my love, my love, my love, my love, my love, my love, my love, my love, my love, my love, my love, my love, my love, my love, my love, my love, my love, my love, my love, my love, my love, my love, my love, my love, my love, my love, my love, my love, my love, my love, my love, my love, my love, my love, my love, my love, my love, my love, my love, my love, my love, my love, my love, my love, my love, my love, my love, my love, my love, my love, my love, my love, my love, my love, my love, my love, my love, my love, my love, my love, my love, my love, my love, my love, my love, my love, my love, my love, my love, my love, my love, my love, my love, my love, my love, my love, my love, my love, my love, my love, my love, my love, my love, my love, my love, my love, my love, my love, my love, my love, my love, my love, my love, my love, my love, my love, my love, my love, my love, Thank you.","I'm sorry. You are my love, you are my love, you are my love, you are my love, you are my love, you are my love, you are my love, you are my love, you are my love, you are my love, you are my love, you are my love, you are my love, you are my love, you are my love, you are my love, you are my love, you are my love, you are my love, you are my love, you are my love, you are my love, you are my love, you are my love, you are my love, you are my love, you are my love, you are my love, you are my love, you are my love, you are my love, you are my love, you are my love, you are my love, you are my love, you are my love, you are my love, you are my love, you are my love, you are my love, you are my love, you are my love, you are my love, you are my love, you are my love, you are my love, you are my love, you are my love, you are my love, you are my love, you are my love, you are my love, you are my love, you are my love, you are my love, you are my love, you are my love, you are my love, you are my love, you are my love, you are my love, you are my love, you are my love, you are my love, you are my love, you are my love, you are my love, you are my love, you are my love, you are my love, you are my love, you are my love, you are my love, you are my love, you are my love, you are my love, you are my love, you are my love, you are my love, you are my love, you are my love, you are my love, you are my love, you are my love, you are my love, you are my love, you are my love, you are my love, you, my love, my love, my love, my love, my love, my love, my love, my love, my love, my love, my love, my love, my love, my love, my love, my love, my love, my love, my love, my love, my love, my love, my love, my love, my love, my love, my love, my love, my love, my love, my love, my love, my love, my love, my love, my love, my love, my love, my love, my love, my love, my love, my love, my love, my love, my love, my love, my love, my love, my love, my love, my love, my love, my love, my love, my love, my love, my love, my love, my love, my love, my love, my love, my love, my love, my love, my love, my love, my love, my love, my love, my love, my love, my love, my love, my love, my love, my love, my love, my love, my love, my love, my love, my love, my love, my love, my love, my love, my love, my love, my love, my love, my love, my love, my love, my love, my love, my love, my love, my love, my love, my love, my love, my love, my love, my love, my love, my love, my love, my love, my love, my love, my love, my love, my love, my love, my love, my love, my love, my love, my love, my love, my love, my love, my love, my love, my love, my love, my love, my love, my love, my love, my love, my love, my love, my love, my love, my love, my love, my love, my love, my love, my love, my love, my love, my love, my love, Thank you.","English","","","","","","","","Facebook / Instagram","instagram.com/abhinavmishra_","","The Shrine by @abhinavmishra_ Featuring @saraalikhan95 @iak 💫 Celebration Partner @keepwalkingindia Jewellery Partner @emeraldjewels.in  Beauty Partner @myembryolisse @mytemptu  Travel Partner @mercedesbenz.globalstarauto Decor @ranipinklove @anikadhawan @aakarevents Sara Ali Khan & Ibrahim Ali Khan Styling  @ayeshaaminnigam Sara Ali Khan Hair & Make up: @kavyeshsharmaofficial @dakshhnidhi Ibrahim Ali Khan Hair & Make up: @dashjagan @laukik95 Ibrahim Footwear @needledust  Show Direction @aparnabahlbedi @anishabahl Backstage Coordination @pujankapursharma Videography @snapsoulstudios  #TheShrine #TheShrineByAbhinavMishra #AbhinavMishra","http://instagram.com/abhinavmishra_","instagram.com","https://video-bom2-3.xx.fbcdn.net/o1/v/t2/f2/m86/AQO3dhuEdK0qxHtqNHbqxGbKo0TsPPxOyZvpSbVUIYb8a9JgMiSBUPztaGd3a9CSGt_oBFqJuGUbeYGPkX65qt2vTw-BUhFn4WdHgM4.mp4?_nc_cat=101&_nc_sid=b66105&_nc_ht=video-bom2-3.xx.fbcdn.net&_nc_ohc=cRCNMtBtbTQQ7kNvwEofA_q&efg=eyJ2ZW5jb2RlX3RhZyI6Inhwdl9wcm9ncmVzc2l2ZS5WSV9VU0VDQVNFX1BST0RVQ1RfVFlQRS4uQzMuNzIwLmRhc2hfYmFzZWxpbmVfMV92MSIsInhwdl9hc3NldF9pZCI6MjQzMDEzMTYxODI5MDE4MzgsImFzc2V0X2FnZV9kYXlzIjozNjcsInZpX3VzZWNhc2VfaWQiOjEwMDk5LCJkdXJhdGlvbl9zIjo3OSwidXJsZ2VuX3NvdXJjZSI6Ind3dyJ9&ccb=17-1&vs=c898c370dd15e129&_nc_vs=HBksFQIYUmlnX3hwdl9yZWVsc19wZXJtYW5lbnRfc3JfcHJvZC85MDQ5NEYzQ0EzQTI2MzI5QTJBNjQyRjY4NDE0NzlBMF92aWRlb19kYXNoaW5pdC5tcDQVAALIARIAFQIYRmlnX3hwdl9yZWVsc19wZXJtYW5lbnRfc3JfcHJvZC84MjY3NjU1OTMxMzIzOTBfNTY4MzYyMDgyNTcxMTU2MjMyMS5tcDQVAgLIARIAKAAYABsCiAd1c2Vfb2lsATEScHJvZ3Jlc3NpdmVfcmVjaXBlATEVAAAmnJHA6uL6qlYVAigCQzMsF0BTxP3ztkWiGBJkYXNoX2Jhc2VsaW5lXzFfdjERAHUAZeadAQA&_nc_gid=LcuL_3Ka9KRVSmsMX6RMdA&_nc_ss=7b289&_nc_zt=28&oh=00_AQO1tiwlDjr57lx0sdbjm9KWpJQeEPu59t3c-fo2kE_tMQ&oe=6AC90592","IN","2026-10-08 07:23"
"Abhinav Mishra","171131386292346","1345597740355069","https://www.facebook.com/ads/library/?id=1345597740355069","Inactive","Stopped, Scaled ×2","","2025-10-24","2025-11-03","10","","","","","INR","2","","","","","","","","","","VIDEO","","32","facebook, instagram","VIEW_INSTAGRAM_PROFILE","","","","Creator / UGC","English","In the last few days, I've lost myself in the past.","In the last few days, I've lost myself in the past. I've been waiting for you for a long time. I've been waiting for you for a long time. I've been waiting for you for a long time. I've been waiting for you for a long time. I've been waiting for you for a long time. You're not a champion, but a... Thank you.","English","","","","","","","","Facebook / Instagram","instagram.com/abhinavmishra_","","The Shrine by @abhinavmishra_ Celebration Partner @keepwalkingindia Jewellery Partner @emeraldjewels.in Beauty Partner @myembryolisse @mytemptu","http://instagram.com/abhinavmishra_","instagram.com","https://video-bom5-2.xx.fbcdn.net/o1/v/t2/f2/m86/AQOVImCMfC3ApOWV_dK3OBBLX37pq7ibThU3xS8bbgjkWBVa4aT3NJq81k0_-OhoW0PMYcPebPZ_6U9wTVrxGsOS4NFF-24A05-TGVI.mp4?_nc_cat=100&_nc_sid=b66105&_nc_ht=video-bom5-2.xx.fbcdn.net&_nc_ohc=SNa9ShC3vWQQ7kNvwHUGuO_&efg=eyJ2ZW5jb2RlX3RhZyI6Inhwdl9wcm9ncmVzc2l2ZS5WSV9VU0VDQVNFX1BST0RVQ1RfVFlQRS4uQzMuNzIwLmRhc2hfYmFzZWxpbmVfMV92MSIsInhwdl9hc3NldF9pZCI6MTA4Mjk0NjUwNzI0NzE1OCwiYXNzZXRfYWdlX2RheXMiOjM2NiwidmlfdXNlY2FzZV9pZCI6MTAwOTksImR1cmF0aW9uX3MiOjMyLCJ1cmxnZW5fc291cmNlIjoid3d3In0%3D&ccb=17-1&vs=7e48896e66808977&_nc_vs=HBksFQIYUmlnX3hwdl9yZWVsc19wZXJtYW5lbnRfc3JfcHJvZC85MjQwQjJFQ0M3MkVDQ0ZDOTQ0NTk5OUEwRkIzMERBMl92aWRlb19kYXNoaW5pdC5tcDQVAALIARIAFQIYR2lnX3hwdl9yZWVsc19wZXJtYW5lbnRfc3JfcHJvZC8xMzE4ODU1OTAzMzEyNDQ4XzY1ODkyMzYzMTgzODIyMzAzMTkubXA0FQICyAESACgAGAAbAogHdXNlX29pbAExEnByb2dyZXNzaXZlX3JlY2lwZQExFQAAJuy4gJ7ku-wDFQIoAkMzLBdAQAAAAAAAABgSZGFzaF9iYXNlbGluZV8xX3YxEQB1AGXmnQEA&_nc_gid=Rkk6mgET5hp17cavgMZZuQ&_nc_ss=7b289&_nc_zt=28&oh=00_AQPtxywLC-ZPa57b-fP3SbwcO1Ac3zsfcoHL39trMR6lMw&oe=6AC926D1","IN","2026-10-08 07:23"
"Abhinav Mishra","171131386292346","1338725521046582","https://www.facebook.com/ads/library/?id=1338725521046582","Inactive","Stopped, Scaled ×2","","2025-10-24","2025-11-03","10","","","","","INR","2","","","","","","","","","","VIDEO","","53","facebook, instagram","VIEW_INSTAGRAM_PROFILE","","","","Creator / UGC","English","I'm going to be a great friend to you. I'm going to be a great friend to you.","I'm going to be a great friend to you. I'm going to be a great friend to you. I'm going to be a great friend to you. I'm going to be a great friend to you. I'm going to be a great friend to you. I'm going to be a great friend to you. I'm going to be a great friend to you. I'm going to be a great friend to you. I'm going to be a great friend to you. I'm going to be a great friend to you. I'm going to be a great friend to you. I'm going to be a great friend to you. I'm going to be a great friend to you. I'm going to be a great friend to you. I'm going to be a little bit more careful I'm going to be a little bit more careful I'm going to be a little bit more careful I'm going to be a little bit more careful I'm going to be a little bit more careful I'm going to be a little bit more careful I'm going to be a little bit more careful I'm going to be a little bit more careful I'm going to be a little bit more careful I'm going to be a little bit more careful I'm going to be a little bit more careful I'm going to be a little bit more careful I'm going to be a little bit more careful I'm going to be a little bit more careful No, no, no, no, no, no, no, no, no, no, no, no, no, no, no, no, no, no, no, no, no, no, no, no, no, no, no, no, no, no, no, no, no, no, no, no, no, no, no, no, no, no, no, no, no, no, no, no, no, no, no, no, no, no, no, no, no, no, no, no, no, no, no, no, no, no, no, no, no, no, no, no, no, no, no, no, no, no, no, no, no, no, no, no, no, no, no, no, no, no, no, no, no, no, no, no, no, no, no, no, no, no, no, no, no, no, no, no, no, no, no, oh, oh, oh, oh, oh, oh, oh, oh, oh, oh, oh, oh, oh, oh, oh, oh, oh, oh, oh, oh, oh, oh, oh, oh, oh, oh, oh, oh, oh, oh, oh, oh, oh, oh, oh, oh, oh, oh, oh, oh, oh, oh, oh, oh, oh, oh, oh, oh, oh, oh, oh, oh, oh, oh, oh, oh, oh, oh, oh, oh, oh, oh, oh, oh, oh, oh, oh, oh, oh, oh, oh, oh, oh, oh, oh, oh, oh, oh, oh, oh, oh, oh, oh, oh, oh, oh, oh, oh, oh, oh, oh, oh, oh, oh, oh, oh, oh, oh, oh, oh, oh, oh, oh, oh, oh, oh, oh, oh, oh, oh, oh,","English","","","","","","","","Facebook / Instagram","instagram.com/abhinavmishra_","","The Shrine by @abhinavmishra_ Celebration Partner @keepwalkingindia Jewellery Partner @emeraldjewels.in Beauty Partner @myembryolisse @mytemptu","http://instagram.com/abhinavmishra_","instagram.com","https://video-bom5-2.xx.fbcdn.net/o1/v/t2/f2/m69/AQOdPJ5isw_uyCWXOhQqsD9tg7U5nOiVBCupxUFgD38-2bKq1kLOyZkdg0WqUJdjt96v9P5lAuyy0xWvXqJdvWPo.mp4?strext=1&_nc_cat=104&_nc_sid=b66105&_nc_ht=video-bom5-2.xx.fbcdn.net&_nc_ohc=GtUCxobnJQAQ7kNvwHWsFCU&efg=eyJ2ZW5jb2RlX3RhZyI6Inhwdl9wcm9ncmVzc2l2ZS5WSV9VU0VDQVNFX1BST0RVQ1RfVFlQRS4uQzMuNzIwLmRhc2hfYmFzZWxpbmVfMV92MSIsInhwdl9hc3NldF9pZCI6MTg2MjE5NjU1NzY5OTg3MywiYXNzZXRfYWdlX2RheXMiOjM1OSwidmlfdXNlY2FzZV9pZCI6MTAwOTksImR1cmF0aW9uX3MiOjUyLCJ1cmxnZW5fc291cmNlIjoid3d3In0%3D&ccb=17-1&vs=5c54f6b6e5c261db&_nc_vs=HBksFQIYOnBhc3N0aHJvdWdoX2V2ZXJzdG9yZS9HTDlYV2lIZl9sMzVaXzRPQUw1LVVzYW9iM1poYnNwVEFRQUYVAALIARIAFQIYRGlnX3hwdl9yZWVsc19wZXJtYW5lbnRfc3JfcHJvZC84NjAxOTk5NzcxNjkwODRfNjEwOTYzMjU4NzE3NjU3MDQubXA0FQICyAESACgAGAAbAogHdXNlX29pbAExEnByb2dyZXNzaXZlX3JlY2lwZQExFQAAJsLslsWN6s4GFQIoAkMzLBdASkzMzMzMzRgSZGFzaF9iYXNlbGluZV8xX3YxEQB1AGXmnQEA&_nc_gid=LRkAWrXyY8HzmSE-EbbgHA&_nc_ss=7b289&_nc_zt=28&oh=00_AQMv9iucoSWTSSBrv1PZJbhad0FqAlgBwu8TRfHQ3kbyeg&oe=6ACCF41E","IN","2026-10-08 07:23"
"Abhinav Mishra","171131386292346","1.34951E+15","https://www.facebook.com/ads/library/?id=1349511023190020","Inactive","Stopped","","2025-10-24","2025-11-03","10","","","","","INR","1","","","","","","","","","","VIDEO","","18","facebook, instagram","VIEW_INSTAGRAM_PROFILE","","","","Creator / UGC","English","","","No speech (music only)","","","","","","","","Facebook / Instagram","instagram.com/abhinavmishra_","","The Shrine by @abhinavmishra_ Celebration Partner @keepwalkingindia Jewellery Partner @emeraldjewels.in Beauty Partner @myembryolisse @mytemptu","http://instagram.com/abhinavmishra_","instagram.com","https://video-bom5-2.xx.fbcdn.net/o1/v/t2/f2/m86/AQOkYDe0_JuUrERDOt_P4X9B23QxFs4V9tuoIOrYunLeLxhx2mbMhzGNfgM7PLmFiPU_kUO6DRLThIcceDibyUmp9HvomL9xuc3q9do.mp4?_nc_cat=104&_nc_sid=b66105&_nc_ht=video-bom5-2.xx.fbcdn.net&_nc_ohc=KD02NfufpykQ7kNvwEmtmCp&efg=eyJ2ZW5jb2RlX3RhZyI6Inhwdl9wcm9ncmVzc2l2ZS5WSV9VU0VDQVNFX1BST0RVQ1RfVFlQRS4uQzMuNzIwLmRhc2hfYmFzZWxpbmVfMV92MSIsInhwdl9hc3NldF9pZCI6MjAyODY4MTM1Nzk0NjM4NywiYXNzZXRfYWdlX2RheXMiOjM2MywidmlfdXNlY2FzZV9pZCI6MTAwOTksImR1cmF0aW9uX3MiOjE3LCJ1cmxnZW5fc291cmNlIjoid3d3In0%3D&ccb=17-1&vs=487c9c3ba6afe98d&_nc_vs=HBksFQIYUmlnX3hwdl9yZWVsc19wZXJtYW5lbnRfc3JfcHJvZC84NDQ5QzQ4OURBQjAxM0Y4OERCMzkxMjlBNTc1OEE5M192aWRlb19kYXNoaW5pdC5tcDQVAALIARIAFQIYR2lnX3hwdl9yZWVsc19wZXJtYW5lbnRfc3JfcHJvZC8xMTM2ODU5MTY3OTcwODE3XzcwOTc2NTkwMTU0ODIwMjk4MTEubXA0FQICyAESACgAGAAbAogHdXNlX29pbAExEnByb2dyZXNzaXZlX3JlY2lwZQExFQAAJqa4n_vlxJoHFQIoAkMzLBdAMY8an752yRgSZGFzaF9iYXNlbGluZV8xX3YxEQB1AGXmnQEA&_nc_gid=MlQHNW6w3977D4UFo-H_Dg&_nc_ss=7b289&_nc_zt=28&oh=00_AQMqIjLAeCsVICdptVa_Ron9OXDxs6YO5BtLuZUfneXn3A&oe=6AC91895","IN","2026-10-08 07:23"
"Abhinav Mishra","171131386292346","2337253380067857","https://www.facebook.com/ads/library/?id=2337253380067857","Inactive","Stopped, Scaled ×2","","2025-10-24","2025-11-03","10","","","","","INR","2","","","","","","","","","","VIDEO","","48","facebook, instagram","VIEW_INSTAGRAM_PROFILE","","","","Creator / UGC","English","I'm going to be a little bit more careful. I'm going to be a little bit more careful.","I'm going to be a little bit more careful. I'm going to be a little bit more careful. I'm going to be a little bit more careful. I'm going to be a little bit more careful. I'm going to be a little bit more careful. I'm going to be a little bit more careful. I'm going to be a little bit more careful. I'm going to be a little bit more careful. I'm going to be a little bit more careful. I'm going to be a little bit more careful. I'm going to be a little bit more careful. I'm going to be a little bit more careful. I'm going to be a little bit more careful. I'm going to be a little bit more careful. I'm going to die You've become a hero, you've become a hero, you've become a hero, you've become a hero, you've become a hero, you've become a hero, you've become a hero, you've become a hero, you've become a hero, you've become a hero, you've become a hero, you've become a hero, you've become a hero, you've become a hero, you've become a hero, you've become a hero, you've become a hero, you've become a hero, you've become a hero, you've become a hero, you've become a hero, you've become a hero, you've become a hero, you've become a hero, you've become a hero, you've become a hero, you've become a hero, you've become a hero, you've become a hero, you've become a hero, you've become a hero, you've become a hero, you've become a hero, you've become a hero, you've become a hero, you've become a hero, you've become a hero, you've become a hero, you've become a hero, you've become a hero, you've become a hero, you've become a hero, you've become a hero, you've become a hero, you've become a hero, you've become a hero, you've become a hero, you've become a hero, you've become a hero, you've become a hero, you've become a hero, you've become a hero, you've become a hero, you've become a hero, you've become a hero, you've become a hero, you've become a hero, you've become a hero, you've become a hero, you've become a hero, you've become a hero, you've become a hero, you've become a hero, you've become a hero, you've become a hero, you've become a hero, you've become a hero, you've become a hero, you've become a hero, you've become a hero, you've become a hero, you've become a hero, you've become a hero, you've become a hero,","English","","","","","","","","Facebook / Instagram","instagram.com/abhinavmishra_","","The Shrine by @abhinavmishra_ Celebration Partner @keepwalkingindia Jewellery Partner @emeraldjewels.in Beauty Partner @myembryolisse @mytemptu","http://instagram.com/abhinavmishra_","instagram.com","https://video-bom2-4.xx.fbcdn.net/o1/v/t2/f2/m86/AQMjF8KW7qDqm5RLdzyLPDhXYxf2ejcED_GI8YSO9PrSKmAsJzGNdLJCoHklQHh7c_gE_7KPjGZsiDmGAk3nPSu9mdtA2Nigqk4cCLQ.mp4?_nc_cat=107&_nc_sid=b66105&_nc_ht=video-bom2-4.xx.fbcdn.net&_nc_ohc=V4OGW4zEskYQ7kNvwHJI2xG&efg=eyJ2ZW5jb2RlX3RhZyI6Inhwdl9wcm9ncmVzc2l2ZS5WSV9VU0VDQVNFX1BST0RVQ1RfVFlQRS4uQzMuNzIwLmRhc2hfYmFzZWxpbmVfMV92MSIsInhwdl9hc3NldF9pZCI6MTE0MzA2MTE3MzkzNDEzMCwiYXNzZXRfYWdlX2RheXMiOjM2NSwidmlfdXNlY2FzZV9pZCI6MTAwOTksImR1cmF0aW9uX3MiOjQ3LCJ1cmxnZW5fc291cmNlIjoid3d3In0%3D&ccb=17-1&vs=4329d0f45cf82430&_nc_vs=HBksFQIYUmlnX3hwdl9yZWVsc19wZXJtYW5lbnRfc3JfcHJvZC83MTRGNjNEOTMzMDc2NDlCNDBBMzE4RjYwMTFGQjQ5RV92aWRlb19kYXNoaW5pdC5tcDQVAALIARIAFQIYRmlnX3hwdl9yZWVsc19wZXJtYW5lbnRfc3JfcHJvZC83OTY1MzkxNzY2MTA5NDJfNDIwODc1NTg4NTQ5NTQ2MTQ5My5tcDQVAgLIARIAKAAYABsCiAd1c2Vfb2lsATEScHJvZ3Jlc3NpdmVfcmVjaXBlATEVAAAm5ODUs_XmhwQVAigCQzMsF0BH8MSbpeNUGBJkYXNoX2Jhc2VsaW5lXzFfdjERAHUAZeadAQA&_nc_gid=CVZvRQq_0oOSIW1iHdytDw&_nc_ss=7b289&_nc_zt=28&oh=00_AQN4cyAnQBvgpgw6nu9B2--8rUgx6r0L8S3BOf_5e_TFdA&oe=6AC911C0","IN","2026-10-08 07:23"
"Abhinav Mishra","171131386292346","1481037429832593","https://www.facebook.com/ads/library/?id=1481037429832593","Inactive","Stopped, Scaled ×2","","2025-10-24","2025-11-03","10","","","","","INR","2","","","","","","","","","","VIDEO","","38","facebook, instagram","VIEW_INSTAGRAM_PROFILE","","","","Creator / UGC","English","","","No speech (music only)","","","","","","","","Facebook / Instagram","instagram.com/abhinavmishra_","","The Shrine by @abhinavmishra_ Celebration Partner @keepwalkingindia Jewellery Partner @emeraldjewels.in Beauty Partner @myembryolisse @mytemptu","http://instagram.com/abhinavmishra_","instagram.com","https://video-bom5-1.xx.fbcdn.net/o1/v/t2/f2/m86/AQMZB-AlHQ-T9l3LooiT376fIO36E1b95do2CUsFuAO8t7eUW9Q3iRE4dKC0nxKtQpoLyik4JnRJ6OiMTLXjgNrdYupdLRdxgRW697w.mp4?_nc_cat=110&_nc_sid=b66105&_nc_ht=video-bom5-1.xx.fbcdn.net&_nc_ohc=xYeWfuVk124Q7kNvwG5WpGc&efg=eyJ2ZW5jb2RlX3RhZyI6Inhwdl9wcm9ncmVzc2l2ZS5WSV9VU0VDQVNFX1BST0RVQ1RfVFlQRS4uQzMuNzIwLmRhc2hfYmFzZWxpbmVfMV92MSIsInhwdl9hc3NldF9pZCI6MTE1MjEwMDY2NjgwMjA3NywiYXNzZXRfYWdlX2RheXMiOjM2NSwidmlfdXNlY2FzZV9pZCI6MTAwOTksImR1cmF0aW9uX3MiOjM4LCJ1cmxnZW5fc291cmNlIjoid3d3In0%3D&ccb=17-1&vs=ccd456f786da9b56&_nc_vs=HBksFQIYUmlnX3hwdl9yZWVsc19wZXJtYW5lbnRfc3JfcHJvZC9BNTQ2MDJGQ0Y1MDg2RDY1RTgyQzk3RkU4RTRFREU5OV92aWRlb19kYXNoaW5pdC5tcDQVAALIARIAFQIYR2lnX3hwdl9yZWVsc19wZXJtYW5lbnRfc3JfcHJvZC8yMjU5MzQxNjExMTYyOTk3XzkwNTgzMzM2NDA5MTMyMDU4NzQubXA0FQICyAESACgAGAAbAogHdXNlX29pbAExEnByb2dyZXNzaXZlX3JlY2lwZQExFQAAJrr-6--K9YsEFQIoAkMzLBdAQw987ZFocxgSZGFzaF9iYXNlbGluZV8xX3YxEQB1AGXmnQEA&_nc_gid=sxzC0BKgmNoFF3UhuY9m0A&_nc_ss=7b289&_nc_zt=28&oh=00_AQPyYBuu9KD2b6SiEuu7MkH0gZqOSXdYpJBlBBW3LmQU5Q&oe=6AC9176F","IN","2026-10-08 07:23"
"Abhinav Mishra","171131386292346","4359995300895706","https://www.facebook.com/ads/library/?id=4359995300895706","Inactive","Stopped, Scaled ×2","","2025-10-14","2025-10-25","11","","","","","INR","2","","","","","","","","","","VIDEO","","","facebook, instagram","VIEW_INSTAGRAM_PROFILE","","","","Creator / UGC","English","","","","","","","","","","","Facebook / Instagram","instagram.com/abhinavmishra_","","The Shrine by @abhinavmishra_ Celebration Partner @keepwalkingindia Jewellery Partner @emeraldjewels.in Beauty Partner @myembryolisse @mytemptu","http://instagram.com/abhinavmishra_","instagram.com","https://video-bom5-1.xx.fbcdn.net/o1/v/t2/f2/m86/AQNKv4fGsfgEpg_X6hinDOVlORgiYVs034Bq7lVX6eIAmH2hDBxJNl6oPpgIHcBpxAhlWHkFGqtBj8MTVEfBUGhECNrHhmYzcF6QKzM.mp4?_nc_cat=110&_nc_sid=b66105&_nc_ht=video-bom5-1.xx.fbcdn.net&_nc_ohc=7HO6exAWy8IQ7kNvwFV47L2&efg=eyJ2ZW5jb2RlX3RhZyI6Inhwdl9wcm9ncmVzc2l2ZS5WSV9VU0VDQVNFX1BST0RVQ1RfVFlQRS4uQzMuNzIwLmRhc2hfYmFzZWxpbmVfMV92MSIsInhwdl9hc3NldF9pZCI6MTUwMTg0Mjg0MTEyNDE2NiwiYXNzZXRfYWdlX2RheXMiOjM2NiwidmlfdXNlY2FzZV9pZCI6MTAwOTksImR1cmF0aW9uX3MiOjMzLCJ1cmxnZW5fc291cmNlIjoid3d3In0%3D&ccb=17-1&vs=7da98b709cc654e8&_nc_vs=HBksFQIYUmlnX3hwdl9yZWVsc19wZXJtYW5lbnRfc3JfcHJvZC84QzQ3Qjc1MThDMkI5ODU3MkM1QjI4OTg0RDY2RUVBNl92aWRlb19kYXNoaW5pdC5tcDQVAALIARIAFQIYR2lnX3hwdl9yZWVsc19wZXJtYW5lbnRfc3JfcHJvZC80MTAzNDI5Njk2NTM2MTkwXzE3NTQyMzY1MTg0MjQ4Nzg3MDIubXA0FQICyAESACgAGAAbAogHdXNlX29pbAExEnByb2dyZXNzaXZlX3JlY2lwZQExFQAAJoz17ZDh-qoFFQIoAkMzLBdAQMQ5WBBiThgSZGFzaF9iYXNlbGluZV8xX3YxEQB1AGXmnQEA&_nc_gid=k4oP8kR5gdq48XHh-LRWqw&_nc_ss=7b289&_nc_zt=28&oh=00_AQMn6fgL7ArX6wAN_u7-J6bkMyFl4fdFJyymsaWy4j7QjQ&oe=6AC92A1F","IN","2026-10-08 07:23"
"Abhinav Mishra","171131386292346","1154787816147201","https://www.facebook.com/ads/library/?id=1154787816147201","Inactive","Stopped, Scaled ×2","","2025-10-24","2025-11-03","10","","","","","INR","2","","","","","","","","","","VIDEO","","","facebook, instagram","VIEW_INSTAGRAM_PROFILE","","","","Creator / UGC","English","","","","","","","","","","","Facebook / Instagram","instagram.com/abhinavmishra_","","The Shrine by @abhinavmishra_ Featuring @saraalikhan95 @iak 💫 Celebration Partner @keepwalkingindia Jewellery Partner @emeraldjewels.in  Beauty Partner @myembryolisse @temptu Travel Partner @mercedesbenz.globalstarauto Decor @ranipinklove @anikadhawan @aakarevents Sara Ali Khan & Ibrahim Ali Khan Styling  @ayeshaaminnigam Sara Ali Khan Hair & Make up: @kavyeshsharmaofficial @dakshhnidhi Ibrahim Ali Khan Hair & Make up: @dashjagan @laukik95 Show Direction @aparnabahlbedi @anishabahl Backstage Coordination @pujankapursharma Sara Manager: @arbaazb Ibrahim Manager: @aditi.ranadive #TheShrine #TheShrineByAbhinavMishra #AbhinavMishra","http://instagram.com/abhinavmishra_","instagram.com","https://video-bom2-3.xx.fbcdn.net/o1/v/t2/f2/m86/AQND1XFtk0fQ4tlyl0_ip2_Zz1qNaYqLSvCLURlZEvsYUYslmqu2iFegrp3p1YnzY6nIsOa8q1qLwI_UQVWieZQxXu5GrwEHCYdtZ4I.mp4?_nc_cat=101&_nc_sid=b66105&_nc_ht=video-bom2-3.xx.fbcdn.net&_nc_ohc=NzwBbbsZCisQ7kNvwGVll1B&efg=eyJ2ZW5jb2RlX3RhZyI6Inhwdl9wcm9ncmVzc2l2ZS5WSV9VU0VDQVNFX1BST0RVQ1RfVFlQRS4uQzMuNzIwLmRhc2hfYmFzZWxpbmVfMV92MSIsInhwdl9hc3NldF9pZCI6Nzg0NjEyMDA3Nzk0ODM1LCJhc3NldF9hZ2VfZGF5cyI6MzY2LCJ2aV91c2VjYXNlX2lkIjoxMjM3NCwiZHVyYXRpb25fcyI6NDQsInVybGdlbl9zb3VyY2UiOiJ3d3cifQ%3D%3D&ccb=17-1&vs=26ee1246eb6735f3&_nc_vs=HBksFQIYUmlnX3hwdl9yZWVsc19wZXJtYW5lbnRfc3JfcHJvZC8xNDQ3RTI2RDA5Njk1RjFFRTM0ODMwMjJGMUQzNDc4NV92aWRlb19kYXNoaW5pdC5tcDQVAALIARIAFQIYR2lnX3hwdl9yZWVsc19wZXJtYW5lbnRfc3JfcHJvZC8xNDcwMzUxOTI3NTgyNjMxXzgzMDg1NzM5Nzc0NDY1ODY0ODMubXA0FQICyAESACgAGAAbAogHdXNlX29pbAExEnByb2dyZXNzaXZlX3JlY2lwZQExFQAAJqbiloC35uQCFQIoAkMzLBdARiPXCj1wpBgSZGFzaF9iYXNlbGluZV8xX3YxEQB1AGWswQEA&_nc_gid=vAzZ063O0jVktizYiMi1gw&_nc_ss=7b289&_nc_zt=28&oh=00_AQOzNSLtmP3bKSNXRNUkZLpsDU2gpJ6ArZfeDVZMhm-wlg&oe=6AC9179A","IN","2026-10-08 07:23"
"Abhinav Mishra","171131386292346","750949827926771","https://www.facebook.com/ads/library/?id=750949827926771","Inactive","Stopped","","2025-10-08","2025-10-16","8","","","","","INR","1","","","","","","","","","","VIDEO","","","facebook, instagram","VIEW_INSTAGRAM_PROFILE","","","","Creator / UGC","English","","","","","","","","","","","Facebook / Instagram","instagram.com/abhinavmishra_","","The Shrine by @abhinavmishra_ Celebration Partner @keepwalkingindia Jewellery Partner @emeraldjewels.in  Beauty Partner @myembryolisse @mytemptu Travel Partner @mercedesbenz.globalstarauto Decor @ranipinklove @anikadhawan @aakarevents Styling @hoorvi.j.valaya Hair & Make up @kaajeerai @ashima.kapoor Footwear @needledust @shirinmann Custom Designer Jewellery @amamajewels Show Direction @aparnabahlbedi @anishabahl Backstage Coordination @pujankapursharma Videography @snapsoulstudios Marketing and PR @quirkbrandconsulting @varunpratap_ Location @sanskriti_greens #TheShrine #TheShrineByAbhinavMishra #AbhinavMishra","http://instagram.com/abhinavmishra_","instagram.com","https://video-bom2-3.xx.fbcdn.net/o1/v/t2/f2/m86/AQNPaIHfSYrOof6uPy3wXq1mxLOTHzfcYmiXEW33MrESMiFzmLU6--7iWEzoGHbvqlZcE2WpfkAw5uWB8oaXNiFjcue0vvP8F7WhXCM.mp4?_nc_cat=103&_nc_sid=b66105&_nc_ht=video-bom2-3.xx.fbcdn.net&_nc_ohc=szzhbLaZyAEQ7kNvwEUFnoK&efg=eyJ2ZW5jb2RlX3RhZyI6Inhwdl9wcm9ncmVzc2l2ZS5WSV9VU0VDQVNFX1BST0RVQ1RfVFlQRS4uQzMuNzIwLmRhc2hfYmFzZWxpbmVfMV92MSIsInhwdl9hc3NldF9pZCI6NjYwMDg4OTQ3MTUyMjM5LCJhc3NldF9hZ2VfZGF5cyI6MzY1LCJ2aV91c2VjYXNlX2lkIjoxMDA5OSwiZHVyYXRpb25fcyI6NDgsInVybGdlbl9zb3VyY2UiOiJ3d3cifQ%3D%3D&ccb=17-1&vs=184a2b1ca4eebf44&_nc_vs=HBksFQIYUmlnX3hwdl9yZWVsc19wZXJtYW5lbnRfc3JfcHJvZC9DQzQwQTNBRjEwRDhCMUU3NDQ3QUMwMzQ4MzlCMDk4NF92aWRlb19kYXNoaW5pdC5tcDQVAALIARIAFQIYR2lnX3hwdl9yZWVsc19wZXJtYW5lbnRfc3JfcHJvZC8xNzc4NzM1MTg5Njc4MTI4XzQ4NTk5NjM0MzY5MDE3MzQwNTIubXA0FQICyAESACgAGAAbAogHdXNlX29pbAExEnByb2dyZXNzaXZlX3JlY2lwZQExFQAAJt7VuPOdlqwCFQIoAkMzLBdASDMzMzMzMxgSZGFzaF9iYXNlbGluZV8xX3YxEQB1AGXmnQEA&_nc_gid=5uo2rwMWH6I-XtDdv39Wlw&_nc_ss=7b289&_nc_zt=28&oh=00_AQN-zWkIAT35rPtUxJPcHu_iST79z7tkB4ED1EdGwO2SUA&oe=6AC935E8","IN","2026-10-08 07:23"
"Republic by Omar Farooq","168998779791313","6792041354210666","https://www.facebook.com/ads/library/?id=6792041354210666","Inactive","Stopped","","2023-11-09","2026-01-22","805","","","","","INR","1","","","","","","","","","","IMAGE","","","instagram","LEARN_MORE","","","","Creator / UGC","English","","","","","","","","","","","Other page","linktr.ee/republicbyomarfarooq","","Channeling the elegance of the Maharajas and their affinity for exquisite jewellery. Our refined sense of style pays homage to their love for opulent fashion. Discover the elegance of royalty through our collection. In-collaboration with @anayah_jewellery","https://linktr.ee/republicbyomarfarooq","linktr.ee","https://scontent-bom2-3.xx.fbcdn.net/v/t39.35426-6/400849508_248466164888639_7611837412057675484_n.jpg?_nc_cat=101&ccb=1-7&_nc_sid=c53f8f&_nc_ohc=YmZuqh3mzngQ7kNvwFKignK&_nc_oc=Adr1WlYfvVrRDeP1cb4I731Fv2OJfMC5pidxmnZ0B9HayXhSQcKJ9K81m6xMPtCtou0&_nc_zt=14&_nc_ht=scontent-bom2-3.xx&_nc_gid=YzpXSTIH9V7GOmbsxc0i7w&_nc_ss=7b289&oh=00_AQMBr8rezBK0gQ64z1hJMs1tNUKQC_sGXD6s9SJrz4Lwrw&oe=6ACD1CC4","IN","2026-10-08 07:23"
"Rupokatha","401164846403943","860045019601081","https://www.facebook.com/ads/library/?id=860045019601081","Inactive","Stopped","","2024-09-27","2026-01-09","469","","","","","INR","1","","","","","","","","","","IMAGE","","","facebook, instagram, messenger","SHOP_NOW","","","Independence Day","Creator / UGC","English","","","","","","","","","","","Homepage","rupokatha.com","Rupokatha","Jewellery that weaves a story! 92.5 silver jewelleries Shipping across the world! 🌏 Payment  : GPay/NEFT","https://www.rupokatha.com/","rupokatha.com","https://scontent-bom2-4.xx.fbcdn.net/v/t39.35426-6/461282954_515956341154483_7931515497701025315_n.jpg?_nc_cat=107&ccb=1-7&_nc_sid=c53f8f&_nc_ohc=6MYnjw7vVOAQ7kNvwFVU7Rl&_nc_oc=AdpKWyhbO2XyAi6Bhi2TlZaRZu8e0d9xQNcZwfdC1u-DgO_svL4Ly53Glf9XzQsR6VY&_nc_zt=14&_nc_ht=scontent-bom2-4.xx&_nc_gid=mEZp5_DwQJTvwKxMqK4OCg&_nc_ss=7b289&oh=00_AQOA8STxz7OgznUJ2ErN4cx7MJkZpWKgM5NXzhdqHrWx5g&oe=6ACCFB07","IN","2026-10-08 07:23"
"kerryannepeterson","110510808408956","2.28873E+15","https://www.facebook.com/ads/library/?id=2288727294918650","Inactive","Stopped","","2025-08-30","2026-08-03","338","","","","","INR","1","","","","","","","","","","IMAGE","","","instagram","VIEW_INSTAGRAM_PROFILE","","","","","English","","","","","","","","","","","Facebook / Instagram","instagram.com/kerryannepeterson","","IT'S GO TIME!!! FOLLOW THIS LINK TO VOTE FOR ME FOR MISS HERITAGE INTERNATIONAL (Most popular 😉) Every vote counts, and I appreciate you all! ❤️❤️https://heritagepageant.com/vote/6  . . . #pageant #pageantgirl #makeup #smile #pretty #jewellery #shiny #indiangirl #macedonian #photography #model #runway #pose #teeth #hair #happy #fashion #outfit #sparkle #photooftheday #vote #publicvote #voteforme #grateful #vintage","http://instagram.com/kerryannepeterson","instagram.com","https://scontent-bom5-1.xx.fbcdn.net/v/t39.35426-6/541057733_1299034504930291_1826897707785393483_n.jpg?_nc_cat=105&ccb=1-7&_nc_sid=c53f8f&_nc_ohc=Kp_iZ9HYBB0Q7kNvwENDbo5&_nc_oc=AdqNjwIGhwhSh2SAacPC601oXG2_XfxX7tD8p4WdcJCOwzY5tjFxBTE7wbQxtROypKw&_nc_zt=14&_nc_ht=scontent-bom5-1.xx&_nc_gid=BCzg3TAPGJyConJ7mBnyHA&_nc_ss=7b289&oh=00_AQPov6PCk0Y32OlOexlBqltGTZ-r_fl2FcPETBDogLjfhg&oe=6ACD1164","IN","2026-10-08 07:23"
"Zome Luxury","325355040657134","1809638323770251","https://www.facebook.com/ads/library/?id=1809638323770251","Inactive","Stopped","","2025-09-11","2025-10-16","35","","","","","INR","1","","","","","","","","","","VIDEO","","9","instagram","VIEW_INSTAGRAM_PROFILE","","","","New launch; Premium / quality; Creator / UGC","English","","","No speech (music only)","","","","","","","","Facebook / Instagram","instagram.com/zome_luxury","","Floral Wonders] Every jewellery designer has that first creation that marks the beginning of something extraordinary. For Meghna Biswas, founder of Zome @zome_luxury, it was this floral ring. Fast forward to today, her love of flowers has only bloomed brighter! Her latest botanical masterpiece is not just another tribute to nature, but a testament to her dedication to jewellery-making and the evolution of her craftsmanship. It features a central ametrine, framed by a kaleidoscope of multi-colour sapphires and tourmalines. Which era of Zome was your favourite?","http://instagram.com/zome_luxury","instagram.com","https://video-bom5-2.xx.fbcdn.net/o1/v/t2/f2/m366/AQPwrtrJjdcQJln7Nm0eKgz08GdixXLwxQ5n065nTzMo4MoEiu9urw0Wh-8GMMo9EQqetRHEJoHjEXkHAC5AEMndBJAIF7TRMCsUiXRByA.mp4?_nc_cat=108&_nc_sid=ef5aa3&_nc_ht=video-bom5-2.xx.fbcdn.net&_nc_ohc=bCjJyC382noQ7kNvwEOKnzs&efg=eyJ2ZW5jb2RlX3RhZyI6Inhwdl9wcm9ncmVzc2l2ZS5WSV9VU0VDQVNFX1BST0RVQ1RfVFlQRS4uQzMuMzYwLnN2ZV9zZCIsInhwdl9hc3NldF9pZCI6ODE1OTIyMTkxMDAzMDA2LCJhc3NldF9hZ2VfZGF5cyI6MzkxLCJ2aV91c2VjYXNlX2lkIjoxMDc5OSwiZHVyYXRpb25fcyI6OSwidXJsZ2VuX3NvdXJjZSI6Ind3dyJ9&ccb=17-1&_nc_gid=MJR1ewg9jscLKPWldN3Kxw&_nc_ss=7b289&_nc_zt=28&oh=00_AQOjH81lW56QzXtMywiCkJb4wcDU4TstYrrSMxXPI92JYQ&oe=6ACD05F6","IN","2026-10-08 07:23"
"Sarees By Aari","412675141937299","754601873573246","https://www.facebook.com/ads/library/?id=754601873573246","Inactive","Stopped","","2025-07-03","2025-10-17","106","","","","","INR","1","","","","","","","","","","VIDEO","","49","instagram","VIEW_INSTAGRAM_PROFILE","","","Festive season","Seasonal / festive","English","Namaste Arih fan, great needs glamour with this exquisite, crushed ishushari, adorned","Namaste Arih fan, great needs glamour with this exquisite, crushed ishushari, adorned with rose-golds, rosey, pearl and sequin handwork all along the borders. Whether light and fluid, this one drapes like a dream, making it an effortlessly elegant choice for bridal showers, receptions, engagement parties or cocktail evenings. Put on some delicate gold or diamond jewelry and minimal jewelry make up to match the ethereal charm of this sun available in three stunning shades of slate blue lavender and hazelnut this one will surely turn every glance into admiration so wait no more dm us now to book this beauty and explore more of this collection only with us","English","","","","","","","","Facebook / Instagram","instagram.com/_u/sareesbyaari","","Grace meet glamour with this exquisite crushed tissue saree! Adorned with rose gold zardozi, pearl and sequin handwork all along the border. Feather light and fluid, this one drapes like a dream, making it an effortlessly elegant choice for bridal showers, receptions, engagement parties or cocktail evenings. Put on some delicate pearl or diamond jewellery and minimal dewy makeup to match the ethereal charm of this saree. Available in three stunning shades Slate Blue, Lavender and Hazelnut, this one will surely turn every glance into admiration! Visit our store at Aari, Vile Parle West, Mumbai or DM us to book a video call appointment  #sareesbyaari #aariindia #saree #sareefashion #sareeoftheday #sareesusa #sareesuk #sareecanada #sareelove #weddingshopping #crushtissuesaree #handembroidered  [ Saree by Aari, Aari India, Saree, Saree Fashion, Festive Collection, Crush tissue saree]","https://www.instagram.com/_u/sareesbyaari","www.instagram.com","https://video-bom5-2.xx.fbcdn.net/o1/v/t2/f2/m69/AQMdqj27F2Rmjy917rNgLLQPy1n5t-vcMWYOjEAQbXYHlpDEb65sAOOC1RaoWxFxIOkiK4SikUsNT-6QA1pZtHbR.mp4?strext=1&_nc_cat=104&_nc_sid=ef5aa3&_nc_ht=video-bom5-2.xx.fbcdn.net&_nc_ohc=a08VxDYWR2sQ7kNvwHA5_4i&efg=eyJ2ZW5jb2RlX3RhZyI6Inhwdl9wcm9ncmVzc2l2ZS5WSV9VU0VDQVNFX1BST0RVQ1RfVFlQRS4uQzMuMzYwLnN2ZV9zZCIsInhwdl9hc3NldF9pZCI6NTkwNzk3NDk2OTgxODc2LCJhc3NldF9hZ2VfZGF5cyI6NDgwLCJ2aV91c2VjYXNlX2lkIjoxMDEwMSwiZHVyYXRpb25fcyI6NDgsInVybGdlbl9zb3VyY2UiOiJ3d3cifQ%3D%3D&ccb=17-1&_nc_gid=9G8ebrZrrtv8eYZIHv7SHg&_nc_ss=7b289&_nc_zt=28&oh=00_AQOXiajYUP2OPK73aWH8UHLRDqKbqeVrRR18QgLnDcHpjQ&oe=6ACD1C62","IN","2026-10-08 07:23"
"Nevaeh Store","108032997750182","1113169924327266","https://www.facebook.com/ads/library/?id=1113169924327266","Inactive","Stopped","","2025-10-01","2025-10-25","24","","","","","INR","1","","","","","","","","","","VIDEO","","15","instagram","SHOP_NOW","","","","","English","","","No speech (music only)","","","","","","","","Homepage","nevaeh-store.com","","Stack my necklace with me 🤍 #jewellerystack #layerednecklace #jewellerycollection #goldjewellery #jewellery","https://nevaeh-store.com/","nevaeh-store.com","https://video-bom2-3.xx.fbcdn.net/o1/v/t2/f2/m86/AQPQMZAlN5T2MGywDhRff35W4e8tSO9tXUCkSvlhfDrQ4oNiVmwv8M_rT7FRuujlv4r1E9mFw5bt565b3j1mKjV34NNVJ_xvYjO34iM.mp4?_nc_cat=103&_nc_sid=b66105&_nc_ht=video-bom2-3.xx.fbcdn.net&_nc_ohc=jWsUCkMyJKwQ7kNvwH7f7y6&efg=eyJ2ZW5jb2RlX3RhZyI6Inhwdl9wcm9ncmVzc2l2ZS5WSV9VU0VDQVNFX1BST0RVQ1RfVFlQRS4uQzMuNzIwLmRhc2hfYmFzZWxpbmVfMV92MSIsInhwdl9hc3NldF9pZCI6MjIyODIxOTkwMDk4NzM1NywiYXNzZXRfYWdlX2RheXMiOjM3MSwidmlfdXNlY2FzZV9pZCI6MTAwOTksImR1cmF0aW9uX3MiOjE1LCJ1cmxnZW5fc291cmNlIjoid3d3In0%3D&ccb=17-1&vs=a53fd802a2742c96&_nc_vs=HBksFQIYUmlnX3hwdl9yZWVsc19wZXJtYW5lbnRfc3JfcHJvZC9GNDQ3RDQxOTBGRENGODJBNkU3NDc5MjdCOTQ4N0FBN192aWRlb19kYXNoaW5pdC5tcDQVAALIARIAFQIYR2lnX3hwdl9yZWVsc19wZXJtYW5lbnRfc3JfcHJvZC8xOTE2MDk1MzU5MTE3MTc3XzI1NDEwODcyMDUxMjQ2MDU0MzQubXA0FQICyAESACgAGAAbAogHdXNlX29pbAExEnByb2dyZXNzaXZlX3JlY2lwZQExFQAAJrqf8Pq7o_UHFQIoAkMzLBdALkQYk3S8ahgSZGFzaF9iYXNlbGluZV8xX3YxEQB1AGXmnQEA&_nc_gid=9G8ebrZrrtv8eYZIHv7SHg&_nc_ss=7b289&_nc_zt=28&oh=00_AQMVDUmYHh0tvta4fFk8RIJYAQggaM0ryX6ty-FlPtesAg&oe=6AC8FDB4","IN","2026-10-08 07:23"
"Nevaeh Store","108032997750182","2.00382E+15","https://www.facebook.com/ads/library/?id=2003816766793030","Inactive","Stopped, Scaled ×3","","2025-01-22","2025-10-10","260","","","","","INR","3","","","","","","","","","","VIDEO","","","facebook, instagram, audience_network, messenger","SHOP_NOW","15% off","","","Discount / offer","English","","","","","","","","","","","Collection","nevaeh-store.com/collections/womens-jewellery","Buy More, Get More","Come Back and Get 15% Off Your Order With Code *BACK15* ✨","https://nevaeh-store.com/collections/womens-jewellery","nevaeh-store.com","https://video-bom5-1.xx.fbcdn.net/o1/v/t2/f2/m366/AQM3Oh1-Y8FVQxCH8CZ0RELc0gqGP2dAaytt6Bngt8CaAYRZ1it8G6EldkTpCdU4O-xlJRIfniI9h3wEbd8UD5wLKSlHrYiGUm-sICFGmM7LEg.mp4?_nc_cat=109&_nc_sid=b66105&_nc_ht=video-bom5-1.xx.fbcdn.net&_nc_ohc=DDsZo5SxfIQQ7kNvwHiJGti&efg=eyJ2ZW5jb2RlX3RhZyI6Inhwdl9wcm9ncmVzc2l2ZS5WSV9VU0VDQVNFX1BST0RVQ1RfVFlQRS4uQzMuNzIwLmRhc2hfaDI2NC1iYXNpYy1nZW4yXzcyMHAiLCJ4cHZfYXNzZXRfaWQiOjUzNzA0OTA5ODk2NTU0OSwiYXNzZXRfYWdlX2RheXMiOjczMiwidmlfdXNlY2FzZV9pZCI6MTA3OTksImR1cmF0aW9uX3MiOjE5LCJ1cmxnZW5fc291cmNlIjoid3d3In0%3D&ccb=17-1&vs=5b8bcb0bdcd471f&_nc_vs=HBksFQIYRWZiX2VwaGVtZXJhbC8yNTQ5ODAxMEZEN0VCRERCOTIyOTIyMzk3RDI0QjlCNF9tdF8xX3ZpZGVvX2Rhc2hpbml0Lm1wNBUAAsgBEgAVAhg6cGFzc3Rocm91Z2hfZXZlcnN0b3JlL0dGSmZ3QnNqWGU4UkJBVUNBSUJWanM4ZEhYQm5idjRHQUFBRhUCAsgBEgAoABgAGwKIB3VzZV9vaWwBMRJwcm9ncmVzc2l2ZV9yZWNpcGUBMRUAACbayKrMr5z0ARUCKAJDMywXQDNHrhR64UgYGWRhc2hfaDI2NC1iYXNpYy1nZW4yXzcyMHARAHUAZd6oAQA&_nc_gid=k4oP8kR5gdq48XHh-LRWqw&_nc_ss=7b289&_nc_zt=28&oh=00_AQNlzpwVAtdyzlcHU9cT-LVSHEr0n3lmGSI6y8pPM_qavw&oe=6ACD1213","IN","2026-10-08 07:23"
"Nevaeh Store","108032997750182","646607541032031","https://www.facebook.com/ads/library/?id=646607541032031","Inactive","Stopped, Scaled ×3","","2024-12-12","2025-10-12","303","","","","","INR","3","","","","","","","","","","VIDEO","","","facebook, instagram, audience_network, messenger","SHOP_NOW","15% off","","","Discount / offer","English","","","","","","","","","","","Collection","nevaeh-store.com/collections/womens-jewellery","YOU WON'T BELIEVE THE PRICE ❤️","Come Back and Get 15% Off Your Order With Code *BACK15* ✨","https://nevaeh-store.com/collections/womens-jewellery","nevaeh-store.com","https://video-bom5-1.xx.fbcdn.net/o1/v/t2/f2/m366/AQMqIHgwrlNiiq4A6r0PFkfJ31dUnAVL6KRdU9O47KmM-mtBxb0CB4KjDwiFPp7ASXIlfdMmFos01h6eIJYhEhJWRJWwZUprO7UVX_d_Fn3VOQ.mp4?_nc_cat=105&_nc_sid=b66105&_nc_ht=video-bom5-1.xx.fbcdn.net&_nc_ohc=8YZj_EYaW5gQ7kNvwECh4Wo&efg=eyJ2ZW5jb2RlX3RhZyI6Inhwdl9wcm9ncmVzc2l2ZS5WSV9VU0VDQVNFX1BST0RVQ1RfVFlQRS4uQzMuNzIwLmRhc2hfaDI2NC1iYXNpYy1nZW4yXzcyMHAiLCJ4cHZfYXNzZXRfaWQiOjkzNDY1MjUyMTkxNzU2NywiYXNzZXRfYWdlX2RheXMiOjcwMCwidmlfdXNlY2FzZV9pZCI6MTA3OTksImR1cmF0aW9uX3MiOjY3LCJ1cmxnZW5fc291cmNlIjoid3d3In0%3D&ccb=17-1&vs=a30ca8f10593af38&_nc_vs=HBksFQIYRWZiX2VwaGVtZXJhbC81RjRDMTFFNUMyODBBMkI2QkNCRjEzNDdDOTk4MjFCM19tdF8xX3ZpZGVvX2Rhc2hpbml0Lm1wNBUAAsgBEgAVAhg6cGFzc3Rocm91Z2hfZXZlcnN0b3JlL0dORDN3UnZQYkpSR1lzZ01BRkdjUl9xcXQxQVNidjRHQUFBRhUCAsgBEgAoABgAGwKIB3VzZV9vaWwBMRJwcm9ncmVzc2l2ZV9yZWNpcGUBMRUAACb-sfX494OpAxUCKAJDMywXQFDqn752yLQYGWRhc2hfaDI2NC1iYXNpYy1nZW4yXzcyMHARAHUAZd6oAQA&_nc_gid=5uo2rwMWH6I-XtDdv39Wlw&_nc_ss=7b289&_nc_zt=28&oh=00_AQOZHDwQVv4wCK_609vHfxoX_PtU8XnFbuHm6STA3VtHSQ&oe=6ACCF693","IN","2026-10-08 07:23"
"Nevaeh Store","108032997750182","1297669781243618","https://www.facebook.com/ads/library/?id=1297669781243618","Inactive","Stopped","","2024-12-12","2025-11-04","327","","","","","INR","1","","","","","","","","","","VIDEO","","","facebook, instagram, audience_network, messenger","SHOP_NOW","15% off","12","","Discount / offer","English","","","","","","","","","","","Collection","nevaeh-store.com/collections/womens-jewellery","ALL JEWELLERY £12 🤩","Come Back and Get 15% Off Your Order With Code *BACK15* ✨","https://nevaeh-store.com/collections/womens-jewellery","nevaeh-store.com","https://video-bom2-4.xx.fbcdn.net/o1/v/t2/f2/m69/AQNPlO5gNhaLf_6p-29pKDRgYrNL73uSYnKM2CsCz0bI9xkM1LeHmN8L4cwvglVmxe2qpp4YWloJbiymnJlq1dVH.mp4?strext=1&_nc_cat=106&_nc_sid=ef5aa3&_nc_ht=video-bom2-4.xx.fbcdn.net&_nc_ohc=rGEwK-CybKwQ7kNvwFgGRkk&efg=eyJ2ZW5jb2RlX3RhZyI6Inhwdl9wcm9ncmVzc2l2ZS5WSV9VU0VDQVNFX1BST0RVQ1RfVFlQRS4uQzMuMzYwLnN2ZV9zZCIsInhwdl9hc3NldF9pZCI6NTE3MDYxMjA3OTg3NDk4LCJhc3NldF9hZ2VfZGF5cyI6Njk0LCJ2aV91c2VjYXNlX2lkIjoxMDc5OSwiZHVyYXRpb25fcyI6MjIsInVybGdlbl9zb3VyY2UiOiJ3d3cifQ%3D%3D&ccb=17-1&_nc_gid=BHsobHr2eoO9oqV2po7Z9A&_nc_ss=7b289&_nc_zt=28&oh=00_AQPSKnxTeUGiT4o2FMLUnrmxMl203y5emsOvvzmreDpyKQ&oe=6ACD0644","IN","2026-10-08 07:23"
"Adesy","108623332221605","403270015581179","https://www.facebook.com/ads/library/?id=403270015581179","Inactive","Stopped, Creator collab","","2024-02-16","2025-10-24","615","","","","","INR","1","","","","","","","","Kent Watch Jewellery","","IMAGE","","","facebook, instagram, audience_network","LEARN_MORE","","","","Creator / UGC","English","","","","","","","","","","","Homepage","kentwj.se","Start - Brett utbud av klockor | Kent Watch and Jewellery","✨ Upptäck vår eleganta smyckeskollektion! ✨ För den självsäkra och stilsäkra - våra smycken är handplockade för att framhäva din naturliga elegans och utstrålning.🌟 Låt dina accessoarer tala för sig själva och lyft din outfit till nya höjder.  Utforska våra varumärken idag! 💎","https://www.kentwj.se/","kentwj.se","https://scontent-bom5-2.xx.fbcdn.net/v/t39.35426-6/427785425_237193456044486_4326140350659755215_n.jpg?_nc_cat=104&ccb=1-7&_nc_sid=c53f8f&_nc_ohc=8ekADapWoCkQ7kNvwFCeSoP&_nc_oc=AdosCG1rs_Rd3xmyuKprUoBYxrMkyUPPjU4CqIxP1hPkJ9oJCaiZU-fvlKH0jcLOkHA&_nc_zt=14&_nc_ht=scontent-bom5-2.xx&_nc_gid=FQox2d7wkcv6ngm2nF90Ug&_nc_ss=7b289&oh=00_AQMrbShJUqsypk5Msf8KNgzAgfBSXVaWtuC9vkHbQRlD8w&oe=6ACD0879","IN","2026-10-08 07:23"
"Parekhandsons","326641647198158","1883395172210315","https://www.facebook.com/ads/library/?id=1883395172210315","Inactive","Stopped","","2025-09-12","2025-10-27","45","","","","","INR","1","","","","","","","","","","VIDEO","","36","facebook, instagram","VIEW_INSTAGRAM_PROFILE","","","","New launch","English","You're my love, when I'm with you","You're my love, when I'm with you The sun is shining, the stars are shining","English","","","","","","","","Facebook / Instagram","instagram.com/parekh_and_sons","","Timeless designs, loved across Surat!!✨🥹","http://instagram.com/parekh_and_sons","instagram.com","https://video-bom5-1.xx.fbcdn.net/o1/v/t2/f2/m366/AQPBHHElDJkQhC0_rfsjr5mOsW6JjmyMBR2yUP6ategMfas6pDodgijZ5zltbPZtTAvHKjevRpTcqXFc1whHU7GSQHWB8-5ozqcVdaCXNg.mp4?_nc_cat=111&_nc_sid=ef5aa3&_nc_ht=video-bom5-1.xx.fbcdn.net&_nc_ohc=YlRnKrqZHdgQ7kNvwEVgoan&efg=eyJ2ZW5jb2RlX3RhZyI6Inhwdl9wcm9ncmVzc2l2ZS5WSV9VU0VDQVNFX1BST0RVQ1RfVFlQRS4uQzMuMzYwLnN2ZV9zZCIsInhwdl9hc3NldF9pZCI6MTc0NzUzOTAwNTg2OTc4MiwiYXNzZXRfYWdlX2RheXMiOjM5MCwidmlfdXNlY2FzZV9pZCI6MTA3OTksImR1cmF0aW9uX3MiOjM1LCJ1cmxnZW5fc291cmNlIjoid3d3In0%3D&ccb=17-1&_nc_gid=FQox2d7wkcv6ngm2nF90Ug&_nc_ss=7b289&_nc_zt=28&oh=00_AQNxCoh2ClP7WuJduWDpkRHGdJU3IY0A1COm6y-CEm5O1w&oe=6ACD05DB","IN","2026-10-08 07:23"
"The Word","109022648895901","1389069599890135","https://www.facebook.com/ads/library/?id=1389069599890135","Inactive","Stopped","","2025-10-09","2025-10-15","6","","","","","INR","1","","","","","","","","","","CAROUSEL","8","","instagram","VIEW_INSTAGRAM_PROFILE","","","","Creator / UGC","English","","","","","","","","","","","Facebook / Instagram","instagram.com/thewordmagazine","","The Word. invited eight tastemakers to celebrate Christian Louboutin’s India-exclusive capsule—‘La Vie en Inde’, a love letter to the country’s centuries-old relationship with jewellery, colour, and craftsmanship. Drawing on the luminous tones of the Navratna, or nine precious gemstones, and Monsieur Louboutin’s longstanding relationship with India, each stone’s aura is translated into lacquered reds, emerald greens, deep sapphires, and luminous golds across sculptural stilettos, jewel-bright sneakers, and the Maison’s iconic Paloma bags. The collection feels celebratory and is heritage refracted through a global lens. For this special  editorial photo essay, The Word. spoke with creatives from across fields—cinema, music, art, photography, and design—about style, celebration, inspiration, and the joie de vivre…an ode to the festivities and how each one of them makes it their own.  Zaeden is wearing the Diwalouis from ‘La Vie en Inde’ collection by @christianlouboutin.  Outfit by @lineoutline.in . Brooch by @simranchhabrajewels �Editor-in-Chief: Nandini Bhalla (@nandinibhalla) Photographer: Tarun Kalyani (@tarun_kalyani) Styling: Who Wore What When (@who_wore_what_when) Make-up and Hair: Rakshanda Irani (@rakshandairanimakeupandhair), Fauziya Shaikh (@fauziya_glamup) Content Director: Radhika Bhalla (@radhika_bhalla) Bookings Manager: Taerra Banaji (@taerra.b) Styling Assts: @d.shubham_j @tapaswini_dalai_ Photography Asst: (@ashe_98_ @rakovinaizho)  Make-up Asst: (@makeupbyishakothari)  Styling Assts: (@thechaitanyaaofficial @tapaswini_dalai_ ) Production: (@p.productions_)  � #TheWordMagazine #ChristianLouboutin #Navratna #LaVieEnInde","http://instagram.com/thewordmagazine","instagram.com","https://scontent-bom2-3.xx.fbcdn.net/v/t39.35426-6/559009983_1314794970112388_3640404424441261685_n.jpg?_nc_cat=101&ccb=1-7&_nc_sid=c53f8f&_nc_ohc=1aLASJxOXjcQ7kNvwE3DJ5j&_nc_oc=AdruxxenwWWjUlZ15Rn0Q-lXYo3SoikWlLw7N-U70nHLkLUr39H4dX5tisT8wgqIyxs&_nc_zt=14&_nc_ht=scontent-bom2-3.xx&_nc_gid=FQox2d7wkcv6ngm2nF90Ug&_nc_ss=7b289&oh=00_AQMoezgLtSqg5oCnR-3gsXiVpNwNGUgxXpcY7tJvRdNU_A&oe=6ACCF70A","IN","2026-10-08 07:23"
"The Word","109022648895901","1.36155E+15","https://www.facebook.com/ads/library/?id=1361547828873900","Inactive","Stopped","","2025-10-10","2025-10-15","5","","","","","INR","1","","","","","","","","","","CAROUSEL","7","","instagram","VIEW_INSTAGRAM_PROFILE","","","","Creator / UGC","English","","","","","","","","","","","Facebook / Instagram","instagram.com/thewordmagazine","","The Word. invited eight tastemakers to celebrate Christian Louboutin’s India-exclusive capsule—‘La Vie en Inde’, a love letter to the country’s centuries-old relationship with jewellery, colour, and craftsmanship. Drawing on the luminous tones of the Navratna, or nine precious gemstones, and Monsieur Louboutin’s longstanding relationship with India, each stone’s aura is translated into lacquered reds, emerald greens, deep sapphires, and luminous golds across sculptural stilettos, jewel-bright sneakers, and the Maison’s iconic Paloma bags. The collection feels celebratory and is heritage refracted through a global lens. For this special  editorial photo essay, The Word. spoke with creatives from across fields—cinema, music, art, photography, and design—about style, celebration, inspiration, and the joie de vivre…an ode to the festivities and how each one of them makes it their own.  Avani Rai is wearing the Pyraclou 60 from ‘La Vie en Inde’ collection by @christianlouboutin. Coat by @raw_mango. Jewellery by @sagajewelry.co .  �Editor-in-Chief: Nandini Bhalla (@nandinibhalla) Photographer: Tarun Kalyani (@tarun_kalyani) Styling: Who Wore What When (@who_wore_what_when) Make-up and Hair: Rakshanda Irani (@rakshandairanimakeupandhair), Fauziya Shaikh (@fauziya_glamup) Content Director: Radhika Bhalla (@radhika_bhalla) Bookings Manager: Taerra Banaji (@taerra.b) Styling Assts: @d.shubham_j @tapaswini_dalai_ Photography Asst: (@ashe_98_ @rakovinaizho)  Make-up Asst: (@makeupbyishakothari)  Styling Assts: (@thechaitanyaaofficial @tapaswini_dalai_ ) Production: (@p.productions_)  � #TheWordMagazine #ChristianLouboutin #Navratna #LaVieEnInde","http://instagram.com/thewordmagazine","instagram.com","https://scontent-bom5-2.xx.fbcdn.net/v/t39.35426-6/559422702_845334397847221_5609844298697502762_n.jpg?_nc_cat=102&ccb=1-7&_nc_sid=c53f8f&_nc_ohc=8Y6WdgyMdQsQ7kNvwE8eMR1&_nc_oc=AdqerioU8iajHwQRAQdZv9IueYBZKnaSOTg5e0jHUndwQrrt-OLvnmQvGJPn2xepROQ&_nc_zt=14&_nc_ht=scontent-bom5-2.xx&_nc_gid=gwKHqePRh3H8F1bhs-hcjA&_nc_ss=7b289&oh=00_AQMBC5R-Qzs7LB-S6Z30s64c7dxifw9Z2AiK3jtRnEnoCQ&oe=6ACCF70A","IN","2026-10-08 07:23"
"darjewellery_","109985375249364","1145983707459072","https://www.facebook.com/ads/library/?id=1145983707459072","Inactive","Stopped","","2025-10-06","2025-12-25","80","","","","","INR","1","","","","","","","","","","CAROUSEL","4","","facebook, instagram, audience_network, messenger, threads","GET_OFFER","","","","Benefit / claim","English","","","","","","","","","","","Other page","darjewellery.com/clickandcollect/clickandcollect","darjewellery_","Why pay extra when you can save more per gram? 💎 D.A.R Jewellery offers Kerala Chains, Bangles, and more — with as low as 3% wastage and zero making charges!","https://www.darjewellery.com/clickAndCollect/clickAndCollect","darjewellery.com","https://scontent-bom5-1.xx.fbcdn.net/v/t39.35426-6/559165314_1513901189759276_2657499963829368712_n.jpg?_nc_cat=110&ccb=1-7&_nc_sid=c53f8f&_nc_ohc=yjs0-HFz3ksQ7kNvwF8L-xm&_nc_oc=Adrs5ux_-p-QXgZCJGW5HzBWgV1J04O7xRPrpiq-eYF9jvhnTCQW8ZIjYEgbpZTtb2E&_nc_zt=14&_nc_ht=scontent-bom5-1.xx&_nc_gid=CidS-DXKPJmPAwpzNElROA&_nc_ss=7b289&oh=00_AQMJ520vtliCswq5AQTrDOeoyXt6p2gXgwfiExPzqcryfQ&oe=6ACCF9E5","IN","2026-10-08 07:23"
"RoseberysLondon","587994861321986","4100690800143157","https://www.facebook.com/ads/library/?id=4100690800143157","Inactive","Stopped","","2025-10-17","2025-10-24","7","","","","","INR","1","","","","","","","","","","CAROUSEL","5","","facebook, instagram, audience_network, messenger","LEARN_MORE","","","","New launch; Premium / quality","English","","","","","","","","","","","Other page","roseberys.co.uk/modern-contemporary-middle-east-south-asian-art-online-only/2025-10-24","About Elmwood's Auctioneers - London's Jewellery & Luxury Auction Specialists","A First for Roseberys: Modern & Contemporary Middle East & South Asian Art Auction   Following on from the strong results seen for modern Indian art both in India and New York, Roseberys is excited to unveil its first stand alone, online only, auction dedicated to Modern and Contemporary Art from the Middle East and South Asia.    Auction Date: Friday 24 October    Browse the catalogue & register to bid via the link in bio 🔗","https://www.roseberys.co.uk/modern-contemporary-middle-east-south-asian-art-online-only/2025-10-24?utm_source=meta&utm_medium=social-media&utm_campaign=S1-IP-WV&utm_content=me-se-art-10-25","roseberys.co.uk","https://scontent-bom5-1.xx.fbcdn.net/v/t39.35426-6/559552909_4233412196890323_3507078763969688336_n.jpg?_nc_cat=109&ccb=1-7&_nc_sid=c53f8f&_nc_ohc=L5aTOK9YFIsQ7kNvwHvFry1&_nc_oc=AdrepNyNBjx4krgx9l1SsbSba3_DXgITbmT7dj76R6i8oDwwMTJDwMAwHVdX8oIYM2I&_nc_zt=14&_nc_ht=scontent-bom5-1.xx&_nc_gid=LdGfP_jNhwkfvr-sFUHt6Q&_nc_ss=7b289&oh=00_AQMP37b5iXw4d1UWHiaYjT3GbnJu-ayGl6GuVxpJ7HFi3w&oe=6ACCF60F","IN","2026-10-08 07:23"
"Tooletries","255313868006477","374303422055390","https://www.facebook.com/ads/library/?id=374303422055390","Inactive","Stopped","","2024-02-25","2025-11-13","627","","","","","INR","1","","","","","","","","","","VIDEO","","35","instagram","SHOP_NOW","","","Christmas / New Year","Gifting; Problem → solution","English","Say goodbye to Mr. Shower's and hello to the tulip trees.","Say goodbye to Mr. Shower's and hello to the tulip trees. This organising shelf may look too much harder and body scrub is a very easy to set up in your shower. I love that you can move them around and they are made out of 100% silicone making it easy to clean. It holds everything really well together and you can even put your jewelry in their well-sharing, making your morning routine more efficient. A favourite part about these organises is that they are removable which is super convenient for anyone renting. I also got this body scrub which I use on the daily as it leaves my skin feeling exfoliated and smooth. Tool entries it's not just for men they are for women too so make sure you get your bundle today.","English","","","","","","","","Product page","tooletries.com/products/get-your-grooming-together-pack","","Say goodbye to messy showers this Christmas. Holiday gifts. Sorted.","https://tooletries.com/products/get-your-grooming-together-pack","tooletries.com","https://video-bom5-2.xx.fbcdn.net/o1/v/t2/f2/m412/AQMUhT-Jiozk9X0-hjeLeCPnJxrhS9yFg6rF6zrFDhZm5h5AplQQKrvE2idPPG_17gY4XnQ4InRcOyQHakvLukPwZA.mp4?_nc_cat=104&_nc_sid=ef5aa3&_nc_ht=video-bom5-2.xx.fbcdn.net&_nc_ohc=lNfSH4Us1tYQ7kNvwFQyDKC&efg=eyJ2ZW5jb2RlX3RhZyI6Inhwdl9wcm9ncmVzc2l2ZS5WSV9VU0VDQVNFX1BST0RVQ1RfVFlQRS4uQzMuNzIwLmFzaWNfaHEyX2hkX3Byb2dyZXNzaXZlIiwieHB2X2Fzc2V0X2lkIjoxODE2NTM3OTkzMDY4NDg3LCJhc3NldF9hZ2VfZGF5cyI6MjYxLCJ2aV91c2VjYXNlX2lkIjoxMDY4MCwiZHVyYXRpb25fcyI6MzQsInVybGdlbl9zb3VyY2UiOiJ3d3cifQ%3D%3D&ccb=17-1&_nc_gid=OKvq6Ht1jN6TuHp3meNRGg&_nc_ss=7b289&_nc_zt=28&oh=00_AQMBfGuOgQ-JjkT9mBbcLfbxEPdkF9-wO_7llNz3NEr5vg&oe=6ACCF989","IN","2026-10-08 07:23"
"Edimannickal Gold And Diamonds","461650500364318","1355110546245673","https://www.facebook.com/ads/library/?id=1355110546245673","Inactive","Stopped","","2025-10-29","2025-11-14","16","","","","","INR","1","","","","","","","","","","VIDEO","","38","facebook, instagram, audience_network, threads","LEARN_MORE","","","","Premium / quality","English","","","No speech (music only)","","","","","","","","Facebook / Instagram","instagram.com","Chat With Us","Edimannickal jewellery brings collections that crafted into perfect for every occasion & tradition","https://www.instagram.com/","www.instagram.com","https://video-bom5-2.xx.fbcdn.net/o1/v/t2/f2/m412/AQOsF8D2H5cJQk9JvyvcW0__ohvq32SQjxkmkEgau9fisT42BuWXK52u8kanBg5Pu-9Yxu9P3aa_1tNSzS1UkMt6q3ugCJhQLCle0a9NIA.mp4?_nc_cat=104&_nc_sid=ef5aa3&_nc_ht=video-bom5-2.xx.fbcdn.net&_nc_ohc=BXJBnlAkpz4Q7kNvwFVMX6b&efg=eyJ2ZW5jb2RlX3RhZyI6Inhwdl9wcm9ncmVzc2l2ZS5WSV9VU0VDQVNFX1BST0RVQ1RfVFlQRS4uQzMuMzYwLnN2ZV9zZCIsInhwdl9hc3NldF9pZCI6MTIzMDQ0NTEwODkwNzMxNywiYXNzZXRfYWdlX2RheXMiOjM0MywidmlfdXNlY2FzZV9pZCI6MTA3OTksImR1cmF0aW9uX3MiOjM3LCJ1cmxnZW5fc291cmNlIjoid3d3In0%3D&ccb=17-1&_nc_gid=xExY0nO10ih0EGqYjUJ_9w&_nc_ss=7b289&_nc_zt=28&oh=00_AQPqOA8pldISsyID6agYnRzt5yOcKhESVnX4HPu57vcJJQ&oe=6ACCEEF2","IN","2026-10-08 07:23"
"Mariah Jelena Kordzadze","132255253757","1329443835860217","https://www.facebook.com/ads/library/?id=1329443835860217","Inactive","Stopped","","2025-10-24","2025-11-13","20","","","","","INR","1","","","","","","","","","","CAROUSEL","2","","facebook, instagram","VIEW_INSTAGRAM_PROFILE","","","","Creator / UGC","English","","","","","","","","","","","Facebook / Instagram","instagram.com/mariahjelenak","Mariah Jelena Kordzadze","For @amwaj_jewellery  Produced by @studio5.ae  Hair/makeup @lvan_kuz  Gaffer @gregory.leonovich  Best boy @dalnev_m","http://instagram.com/mariahjelenak","instagram.com","https://scontent-bom2-4.xx.fbcdn.net/v/t39.35426-6/568714843_2015137996008135_4099483396163571484_n.jpg?_nc_cat=107&ccb=1-7&_nc_sid=c53f8f&_nc_ohc=Ii0NTrOdro4Q7kNvwFbXeg4&_nc_oc=AdrBpi9Sv9eJ3ewaxG6RwZbW2rfMkyUUIuECye63aDgFvHQP1oiFZteOwjPKYinYfjM&_nc_zt=14&_nc_ht=scontent-bom2-4.xx&_nc_gid=ykFBJOQ8GFgOp4A1TgIBOA&_nc_ss=7b289&oh=00_AQO-bUSEZZq06OUbfXu5CPgagtnRs7Fu9FNB1DMe0ieu1g&oe=6ACD0C5F","IN","2026-10-08 07:23"
"Bloom - by sushmita","","1279869506827096","https://www.facebook.com/ads/library/?id=1279869506827096","Inactive","Stopped","","2025-06-25","2026-01-29","218","","","","","INR","1","","","","","","","","","","VIDEO","","26","facebook, instagram","SHOP_NOW","","","","Price anchor","English","serving you with the most affordable and unique serve of Jury.","serving you with the most affordable and unique serve of Jury.","English","","","","","","","","Homepage","bloombysushmita.com","","Slay your everyday OOTD with our affordable daily wear silver jewellery!  🛍️💸 • Unique designs starting at unbeatable prices • Elevate your style without breaking the bank! Shop now and slay all day, every day!","http://bloombysushmita.com/","bloombysushmita.com","https://video-bom2-4.xx.fbcdn.net/o1/v/t2/f2/m366/AQO9iQ2Thewe_Cfchy97Xs-_nNXB847o1fXbadQinDOY3V2hwPzwZjTuSThfZygEl3tsVdEjnx83MluNWjN1-_SnfdKt5IQ_Gg2idu2JT-rFVQ.mp4?_nc_cat=107&_nc_sid=b66105&_nc_ht=video-bom2-4.xx.fbcdn.net&_nc_ohc=reTi9R_Jf8IQ7kNvwE68yn4&efg=eyJ2ZW5jb2RlX3RhZyI6Inhwdl9wcm9ncmVzc2l2ZS5WSV9VU0VDQVNFX1BST0RVQ1RfVFlQRS4uQzMuNzIwLmRhc2hfaDI2NC1iYXNpYy1nZW4yXzcyMHAiLCJ4cHZfYXNzZXRfaWQiOjEzODk2OTczNzg5NzI2MDQsImFzc2V0X2FnZV9kYXlzIjo0NjksInZpX3VzZWNhc2VfaWQiOjEwNzk5LCJkdXJhdGlvbl9zIjoyNiwidXJsZ2VuX3NvdXJjZSI6Ind3dyJ9&ccb=17-1&vs=6b9fca77f197f53f&_nc_vs=HBksFQIYRWZiX2VwaGVtZXJhbC9FMDQyRTRDMEQ4NDQ3RDFCREYxOTM4NkEwMkFBMEY4Ql9tdF8xX3ZpZGVvX2Rhc2hpbml0Lm1wNBUAAsgBEgAVAhg6cGFzc3Rocm91Z2hfZXZlcnN0b3JlL0dPWUFkUjZOd2pVZjM4MERBTnNXaDJINk8xc1BidjRHQUFBRhUCAsgBEgAoABgAGwKIB3VzZV9vaWwBMRJwcm9ncmVzc2l2ZV9yZWNpcGUBMRUAACb4zvOphPv3BBUCKAJDMywXQDoAAAAAAAAYGWRhc2hfaDI2NC1iYXNpYy1nZW4yXzcyMHARAHUAZd6oAQA&_nc_gid=gwKHqePRh3H8F1bhs-hcjA&_nc_ss=7b289&_nc_zt=28&oh=00_AQNnSiEma29fCtokzFSNvHbnL5TTF8mqJd570B3xBo44aA&oe=6ACD24E9","IN","2026-10-08 07:23"
"Cartmer Jewellery","","1936626850598712","https://www.facebook.com/ads/library/?id=1936626850598712","Inactive","Stopped","","2025-10-31","2025-11-11","11","","","","","INR","1","","","","","","","","","","VIDEO","","18","facebook, instagram","VIEW_INSTAGRAM_PROFILE","","","","Creator / UGC","English","I got my eyes on you","I got my eyes on you You're everything that I see I won't show how I love any motion And love sleep I can't get over you You left your mark on me I won't show how I love any motion","English","","","","","","","","Facebook / Instagram","instagram.com/cartmerjewellery","","Love at first sight.. 1ct natural GIA brilliant engagement ring 😍 made in striking two-tone gold, this piece speaks for itself.  Come and see us now in the Dymocks Building Sydney CBD or contact us on  02 9233 5440 / info@cartmer.com.au","http://instagram.com/cartmerjewellery","instagram.com","https://video-bom2-4.xx.fbcdn.net/o1/v/t2/f2/m86/AQMR0OpAZ2w19c_d1Aqhi9_5p8hLtTru1BV9rVF4NVOEb4LJWJQtfq9MN3RJ5Uh0a9lTxj0btmQXThMnw9upoo3A9X0RbArK6d7Iq1g.mp4?_nc_cat=106&_nc_sid=b66105&_nc_ht=video-bom2-4.xx.fbcdn.net&_nc_ohc=2I4tn8Ief_YQ7kNvwEE5PhF&efg=eyJ2ZW5jb2RlX3RhZyI6Inhwdl9wcm9ncmVzc2l2ZS5WSV9VU0VDQVNFX1BST0RVQ1RfVFlQRS4uQzMuNzIwLmRhc2hfYmFzZWxpbmVfMV92MSIsInhwdl9hc3NldF9pZCI6MjQ3NDcwODMwNTQ4OTY0NzgsImFzc2V0X2FnZV9kYXlzIjozOTgsInZpX3VzZWNhc2VfaWQiOjEwMDk5LCJkdXJhdGlvbl9zIjoxOCwidXJsZ2VuX3NvdXJjZSI6Ind3dyJ9&ccb=17-1&vs=7fb290934360b25b&_nc_vs=HBksFQIYUmlnX3hwdl9yZWVsc19wZXJtYW5lbnRfc3JfcHJvZC8xMDQ0MjBCRUZCODZBRjRGM0IzRDA5NDlCQjhFNkVBRF92aWRlb19kYXNoaW5pdC5tcDQVAALIARIAFQIYR2lnX3hwdl9yZWVsc19wZXJtYW5lbnRfc3JfcHJvZC8xOTIwMzU0NzE4NzQ5MzMzXzQ0MzUxMDg1ODI4NzQ4MjMzMTgubXA0FQICyAESACgAGAAbAogHdXNlX29pbAExEnByb2dyZXNzaXZlX3JlY2lwZQExFQAAJrzVtuvo1fVXFQIoAkMzLBdAMghysCDEnBgSZGFzaF9iYXNlbGluZV8xX3YxEQB1AGXmnQEA&_nc_gid=gwKHqePRh3H8F1bhs-hcjA&_nc_ss=7b289&_nc_zt=28&oh=00_AQP7tfyIbakelDpWkoJZ6sXkA5hEzQmYNBTytYDZ4W3Ylw&oe=6AC8FD67","IN","2026-10-08 07:23"
"Cartmer Jewellery","","809640601655714","https://www.facebook.com/ads/library/?id=809640601655714","Inactive","Stopped","","2025-10-07","2025-10-18","11","","","","","INR","1","","","","","","","","","","VIDEO","","9","facebook, instagram","VIEW_INSTAGRAM_PROFILE","","","","Creator / UGC","English","If it doesn't, what's x? Move on to the next, if it doesn't, what's x?","If it doesn't, what's x? Move on to the next, if it doesn't, what's x? The only x I want is extra money. No extra, no x","English","","","","","","","","Facebook / Instagram","instagram.com/cartmerjewellery","","Endless choices, endless possibilities and endless designs. Contact our team for your appointment today 02 92335440 or info@cartmer.com.au","http://instagram.com/cartmerjewellery","instagram.com","https://video-bom5-1.xx.fbcdn.net/o1/v/t2/f2/m86/AQM3sOoIXI8tHZ8COkybpTTbR37jfxTuglQ2xR-KIf7kZw_z0Y1ht13XwRMnEoquC2U61yzzZylmkVhy4-IfmhzVR1oxUME6V7D0nyo.mp4?_nc_cat=105&_nc_sid=b66105&_nc_ht=video-bom5-1.xx.fbcdn.net&_nc_ohc=istyvqvmzHQQ7kNvwFJydQz&efg=eyJ2ZW5jb2RlX3RhZyI6Inhwdl9wcm9ncmVzc2l2ZS5WSV9VU0VDQVNFX1BST0RVQ1RfVFlQRS4uQzMuMzYwLmRhc2hfYmFzZWxpbmVfM192MSIsInhwdl9hc3NldF9pZCI6OTcxMzM4MjY1MTQ5MDgxLCJhc3NldF9hZ2VfZGF5cyI6Mzc5LCJ2aV91c2VjYXNlX2lkIjoxMDA5OSwiZHVyYXRpb25fcyI6OSwidXJsZ2VuX3NvdXJjZSI6Ind3dyJ9&ccb=17-1&vs=6c1b148b85d7babc&_nc_vs=HBksFQIYUmlnX3hwdl9yZWVsc19wZXJtYW5lbnRfc3JfcHJvZC81QjQxRkExNkE0QTNBRDJEQ0M2ODdFQkUxN0E2QkI4Nl92aWRlb19kYXNoaW5pdC5tcDQVAALIARIAFQIYR2lnX3hwdl9yZWVsc19wZXJtYW5lbnRfc3JfcHJvZC8xMTYzOTk2ODg1NjU1NTM3XzE1NjYzMjIzNjMyODgzODM0NTAubXA0FQICyAESACgAGAAbAogHdXNlX29pbAExEnByb2dyZXNzaXZlX3JlY2lwZQExFQAAJrL6gYSq27kDFQIoAkMzLBdAImZmZmZmZhgSZGFzaF9iYXNlbGluZV8zX3YxEQB1AGXmnQEA&_nc_gid=A5e1ogu9oqyBUMWxqjVZoQ&_nc_ss=7b289&_nc_zt=28&oh=00_AQNFRc5XNYhe36LGrkNpUhMARyf1JlO8bGypOAQxGv43tg&oe=6AC901D2","IN","2026-10-08 07:23"
"Cartmer Jewellery","","2573682882997135","https://www.facebook.com/ads/library/?id=2573682882997135","Inactive","Stopped","","2025-10-31","2025-11-10","10","","","","","INR","1","","","","","","","","","","VIDEO","","12","facebook, instagram","VIEW_INSTAGRAM_PROFILE","","","Christmas / New Year","","English","Baby, get gavlin' like that! Ah!","Baby, get gavlin' like that! Ah! Ooh! Ah! Don't you stop loving me So we're loving me","English","","","","","","","","Facebook / Instagram","instagram.com/cartmerjewellery","","Featuring the stunning Marquise and Oval Diamonds. Which is your preference and which one would be your choice 💎💍 With just over 10 weeks until Christmas, place your orders now to ensure your orders arrive before Christmas.","http://instagram.com/cartmerjewellery","instagram.com","https://video-bom5-1.xx.fbcdn.net/o1/v/t2/f2/m86/AQNC4VW65PpEeCA_C7CRH6ymBk12lrt7oewEGgymyTwbu533K-4cFjthQS22BFJAKvNC6QyQUJKBJwz0t3wh9gGAeOU628KioCfnkFc.mp4?_nc_cat=111&_nc_sid=b66105&_nc_ht=video-bom5-1.xx.fbcdn.net&_nc_ohc=sAgW-oFge6IQ7kNvwFaib-B&efg=eyJ2ZW5jb2RlX3RhZyI6Inhwdl9wcm9ncmVzc2l2ZS5WSV9VU0VDQVNFX1BST0RVQ1RfVFlQRS4uQzMuMzYwLmRhc2hfYmFzZWxpbmVfM192MSIsInhwdl9hc3NldF9pZCI6MTE0MjA2NTYwNDc5MjYwOSwiYXNzZXRfYWdlX2RheXMiOjM2MiwidmlfdXNlY2FzZV9pZCI6MTAwOTksImR1cmF0aW9uX3MiOjExLCJ1cmxnZW5fc291cmNlIjoid3d3In0%3D&ccb=17-1&vs=6af078ea0f113dbe&_nc_vs=HBksFQIYUmlnX3hwdl9yZWVsc19wZXJtYW5lbnRfc3JfcHJvZC9DMDQzMDcyMEY5QkRGRkFFRUNGM0I4MUI2ODY3MDE4OF92aWRlb19kYXNoaW5pdC5tcDQVAALIARIAFQIYR2lnX3hwdl9yZWVsc19wZXJtYW5lbnRfc3JfcHJvZC8xODcxNzgwMzczNzc1Njc5Xzc0ODI5MTQxNDQ3NzgxODAyNTgubXA0FQICyAESACgAGAAbAogHdXNlX29pbAExEnByb2dyZXNzaXZlX3JlY2lwZQExFQAAJsLE-Or7rIcEFQIoAkMzLBdAJ-6XjU_fOxgSZGFzaF9iYXNlbGluZV8zX3YxEQB1AGXmnQEA&_nc_gid=cAuuk2ycBWwiWDo0jenMAw&_nc_ss=7b289&_nc_zt=28&oh=00_AQOne-8jBWnuVV_IELbeBwj6B3aP3pV9y5blNjfwHVCXQQ&oe=6AC9282C","IN","2026-10-08 07:23"
"Cartmer Jewellery","","1506278037336992","https://www.facebook.com/ads/library/?id=1506278037336992","Inactive","Stopped","","2025-10-07","2025-10-18","11","","","","","INR","1","","","","","","","","","","VIDEO","","20","facebook, instagram","VIEW_INSTAGRAM_PROFILE","","","","Creator / UGC","English","Who made you do you know that's why?","Who made you do you know that's why? Who haven't is a place on earth? They said heaven loves us first Will make heaven a place on earth? Who made you do you know that's why? Who?","English","","","","","","","","Facebook / Instagram","instagram.com/cartmerjewellery","","The perfect pair.. always delivering the goods with love. Can anyone guess the carat size of the centre stone? ☺️🥰 all enquires and appointments call us now on 02 9233 5440 or info@cartmer.com.au","http://instagram.com/cartmerjewellery","instagram.com","https://video-bom2-3.xx.fbcdn.net/o1/v/t2/f2/m86/AQMQcmjJ-JSNkLPkMD_z8n4K-uT8glO5GH4z8ujAccx46arnQAfjZbkCz6rF1SIQmkTtXM3vBv8vwVkJkupRbKqu-pmsJuZwcj2JwUA.mp4?_nc_cat=101&_nc_sid=b66105&_nc_ht=video-bom2-3.xx.fbcdn.net&_nc_ohc=my8jO-j5pIwQ7kNvwFnJV2W&efg=eyJ2ZW5jb2RlX3RhZyI6Inhwdl9wcm9ncmVzc2l2ZS5WSV9VU0VDQVNFX1BST0RVQ1RfVFlQRS4uQzMuMzYwLmRhc2hfYmFzZWxpbmVfM192MSIsInhwdl9hc3NldF9pZCI6Nzk5NDAxODAyODI1NTUyLCJhc3NldF9hZ2VfZGF5cyI6Mzc2LCJ2aV91c2VjYXNlX2lkIjoxMDA5OSwiZHVyYXRpb25fcyI6MjAsInVybGdlbl9zb3VyY2UiOiJ3d3cifQ%3D%3D&ccb=17-1&vs=c2330aa198b9764e&_nc_vs=HBksFQIYUmlnX3hwdl9yZWVsc19wZXJtYW5lbnRfc3JfcHJvZC8wNDQwMTczNjJEQzE1Q0JERDY2MDM4MkVFM0RGRDlBNl92aWRlb19kYXNoaW5pdC5tcDQVAALIARIAFQIYR2lnX3hwdl9yZWVsc19wZXJtYW5lbnRfc3JfcHJvZC8xMTAyODM1NDUxODM4OTQ2Xzc0NDk0MTQwOTAzMTMxNzgzMzgubXA0FQICyAESACgAGAAbAogHdXNlX29pbAExEnByb2dyZXNzaXZlX3JlY2lwZQExFQAAJqD968enw-sCFQIoAkMzLBdANAhysCDEnBgSZGFzaF9iYXNlbGluZV8zX3YxEQB1AGXmnQEA&_nc_gid=OHXHi-e4ELM2-A5NPe7hVA&_nc_ss=7b289&_nc_zt=28&oh=00_AQNwcYfpkMNQJPmb9g5P1K_E5HCGckWxgsg-Jkcm96Y4cw&oe=6AC90D8E","IN","2026-10-08 07:23"
"Cartmer Jewellery","","1552301649451106","https://www.facebook.com/ads/library/?id=1552301649451106","Inactive","Stopped","","2025-10-31","2025-11-10","10","","","","","INR","1","","","","","","","","","","VIDEO","","38","facebook, instagram","VIEW_INSTAGRAM_PROFILE","","","Christmas / New Year","Gifting","English","Music","Music Oh I'm riding, swimming, like a makeup girl Oh I'm riding, to the next one.","English","","","","","","","","Facebook / Instagram","instagram.com/cartmerjewellery","","With Christmas just around the corner, we have a fantastic selection of special gifts available in-store! Our custom made stacker rings are ready and waiting for you. Drop by and find the perfect gift today. Contact the team on 02 9233 5440","http://instagram.com/cartmerjewellery","instagram.com","https://video-bom2-3.xx.fbcdn.net/o1/v/t2/f2/m86/AQNt6X8RSGdjfgHBDbZC3hRabIvDwXG8io9VGaFlIffMItSYt49jNquPLK0oef_bFKiWT6zo9ID_pOkboGXAjKRtwDp6n44nesZNmms.mp4?_nc_cat=103&_nc_sid=b66105&_nc_ht=video-bom2-3.xx.fbcdn.net&_nc_ohc=2fgINwZ2KpoQ7kNvwHA6CNm&efg=eyJ2ZW5jb2RlX3RhZyI6Inhwdl9wcm9ncmVzc2l2ZS5WSV9VU0VDQVNFX1BST0RVQ1RfVFlQRS4uQzMuMzYwLmRhc2hfYmFzZWxpbmVfM192MSIsInhwdl9hc3NldF9pZCI6MTc3NDk4MDQ1OTgxOTA2OSwiYXNzZXRfYWdlX2RheXMiOjM0MywidmlfdXNlY2FzZV9pZCI6MTAwOTksImR1cmF0aW9uX3MiOjM4LCJ1cmxnZW5fc291cmNlIjoid3d3In0%3D&ccb=17-1&vs=10f16be2515efd78&_nc_vs=HBksFQIYUmlnX3hwdl9yZWVsc19wZXJtYW5lbnRfc3JfcHJvZC84RjRGMDAxQTE0RUY0RkUxNjg2NUFBMTExQTU2RDJBRl92aWRlb19kYXNoaW5pdC5tcDQVAALIARIAFQIYRmlnX3hwdl9yZWVsc19wZXJtYW5lbnRfc3JfcHJvZC84MzkyMDk3NzUxODYzODlfMjA5NTY2Nzc4ODIzNjA1NzA2Ni5tcDQVAgLIARIAKAAYABsCiAd1c2Vfb2lsATEScHJvZ3Jlc3NpdmVfcmVjaXBlATEVAAAm-sDT_LqVpwYVAigCQzMsF0BDKp--dsi0GBJkYXNoX2Jhc2VsaW5lXzNfdjERAHUAZeadAQA&_nc_gid=57oIPnH0rrjfgsvUEzn3oQ&_nc_ss=7b289&_nc_zt=28&oh=00_AQPz9nb6rNPIzORWy6drHU1oX_c2Vdffqg5D3Ext2XHqEA&oe=6AC90BA8","IN","2026-10-08 07:23"
"indiafloats","132503266607167","832108975936559","https://www.facebook.com/ads/library/?id=832108975936559","Inactive","Stopped","","2025-10-30","2025-11-02","3","","","","","INR","1","","","","","","","","","","IMAGE","","","instagram","BOOK_NOW","","699999","","Problem → solution; Price anchor","English","","","","","","","","","","","WhatsApp","api.whatsapp.com/send","","🚀 Boost Your Business Revenue with Digital Marketing! At Indiafloats Technologies, we help businesses grow faster and smarter through strategic digital marketing solutions that deliver measurable results. ✅ Increase your business revenue in just 3 months 💼 Starting at only ₹6,99,999. We specialize in promoting businesses across industries like: Jewellery Construction Lift Manufacturing Hospitals Showrooms Physiotherapy Centers Interiors Restaurants & Hotels Doctors (Gynecologists, Gastroenterologists, Orthopedics, Spine Specialists, Cardiologists) 🌍 Our Presence: Chennai | Coimbatore | Trichy | Kanchipuram | Tirunelveli | Sivakasi | Thanjavur | Kanyakumari 🌐 Overseas: Malaysia | Singapore | Dubai 📞 WhatsApp us: +91 95007 05601 🔗 Visit: www.indiafloats.in Let’s take your brand to the next level — because your growth is our goal! 💡 #Indiafloats #DigitalMarketing #BusinessGrowth #BrandBuilding #MarketingStrategy #OnlineSuccess #LeadGeneration #SocialMediaMarketing #WebDevelopment #SEO #IndiafloatsTechnologies","https://api.whatsapp.com/send","WhatsApp","https://scontent-bom2-4.xx.fbcdn.net/v/t39.35426-6/571794449_817347611207753_3338733988755867438_n.jpg?_nc_cat=106&ccb=1-7&_nc_sid=c53f8f&_nc_ohc=DsZxiaWWDqIQ7kNvwF8tfxl&_nc_oc=AdrQ8vu_uej3EumfmptSn53PGEFIMV0tHPvrzyVbA8rzPA3Fdfo884Pvv5xzRdQaA8I&_nc_zt=14&_nc_ht=scontent-bom2-4.xx&_nc_gid=gwKHqePRh3H8F1bhs-hcjA&_nc_ss=7b289&oh=00_AQOCrgn27CFODqRxnOGjyiCqhKaoYH4ngRpFp3MsD13bvw&oe=6ACD0AFF","IN","2026-10-08 07:23"
"One District One Product","231927537393530","2669215786744154","https://www.facebook.com/ads/library/?id=2669215786744154","Inactive","Stopped","","2025-10-11","2025-10-13","2","","","","","INR","1",">1M","","","","","","","","","VIDEO","","62","facebook, instagram","LEARN_MORE","","","","","Mixed (English + Hindi / Marathi (Devanagari))","Hello, my name is Shreya and I am a Swadeshi Malay Pee","Hello, my name is Shreya and I am a Swadeshi Malay Pee I am a stall and in Swadeshi Malay we basically have a imitation jewelry and handicraft stall So, the orn is going to be a shop the orn is going to be a shop and everything related to the value This is a very beneficial thing because after our shop we went to Delhi we got raw materials in the camera plus we are able to sell them on the camera we got raw materials in the camera. Plus we got sell on the camera. We got more than that. We got more than that. Most of the time we were surprised. We got more than that. We got benefit. Mainly we got this in the aluminum. Mainly we got the use purpose. So we got the use directly. We got it everywhere. And use basically, wherever there is a more event, there will definitely benefit. Thank you, you, government. For arranging this stall, I really appreciate what you have done for us. Thank you.","English","","","","","","","","Homepage","msmeup.org.in","","मैंने स्वदेशी मेला 2025, जो उत्तर प्रदेश सरकार द्वारा आयोजित किया गया था, में Imitation Jewellery और Handicraft Products का स्टॉल लगाया। इस मेले में मैंने अपने स्टॉल पर दीवाली और उससे जुड़े उत्पादों के स्टॉल लगाए, जो युवाओं को आकर्षित कर रहे हैं। मैं इस पहल के लिए उत्तर प्रदेश सरकार का धन्यवाद देती हूँ, जिन्होंने इस आयोजन को सफल बनाने में योगदान दिया। – Shreya, Exhibitor अधिक जानकरी की लिए विजिट करें: https://msmeup.org.in #SwadeshiMela2025 #localforvocal #upgovernment #msmeupinnewera","https://msmeup.org.in/","msmeup.org.in","https://video-bom5-1.xx.fbcdn.net/o1/v/t2/f2/m86/AQP3AKW_sd851JgaUkny7da8_UEHuJ_lS8n62StTA62VSY8tcnSQuKlt9O9wcn45i3LEaftbRN0Lj3okAkXzlTrkeJA5d77wI-8mFJA.mp4?_nc_cat=110&_nc_sid=b66105&_nc_ht=video-bom5-1.xx.fbcdn.net&_nc_ohc=WRJrKz19KQkQ7kNvwEKHVUj&efg=eyJ2ZW5jb2RlX3RhZyI6Inhwdl9wcm9ncmVzc2l2ZS5WSV9VU0VDQVNFX1BST0RVQ1RfVFlQRS4uQzMuMzYwLmRhc2hfYmFzZWxpbmVfM192MSIsInhwdl9hc3NldF9pZCI6MTg4NTc4OTgxNTQ4MTI2NywiYXNzZXRfYWdlX2RheXMiOjM2MSwidmlfdXNlY2FzZV9pZCI6MTAwOTksImR1cmF0aW9uX3MiOjYxLCJ1cmxnZW5fc291cmNlIjoid3d3In0%3D&ccb=17-1&vs=3738f6019e8955&_nc_vs=HBksFQIYUmlnX3hwdl9yZWVsc19wZXJtYW5lbnRfc3JfcHJvZC83NzQyNTA3RTNERUQ0RDZBQ0M3MzhDOEE4ODNGMzhCOF92aWRlb19kYXNoaW5pdC5tcDQVAALIARIAFQIYR2lnX3hwdl9yZWVsc19wZXJtYW5lbnRfc3JfcHJvZC8xNDk4Mjg1NTkxMzcwMjM5XzU3MDEyNjE0OTA1NDM0NjczMDIubXA0FQICyAESACgAGAAbAogHdXNlX29pbAExEnByb2dyZXNzaXZlX3JlY2lwZQExFQAAJuaOlYG1x9kGFQIoAkMzLBdATvrhR64UexgSZGFzaF9iYXNlbGluZV8zX3YxEQB1AGXmnQEA&_nc_gid=HQ_j9aqtwCyqUVo9y88N8g&_nc_ss=7b289&_nc_zt=28&oh=00_AQO88MP-7DUChmsPqquYYbiqXFC804pMSfQfpueY17jLpQ&oe=6AC90F13","IN","2026-10-08 07:23"
"One District One Product","231927537393530","1301453847911337","https://www.facebook.com/ads/library/?id=1301453847911337","Inactive","Stopped","","2025-10-12","2025-10-14","2","","","","","INR","1","350K-400K","","","","","","","","","VIDEO","","","facebook, instagram","LEARN_MORE","","","","","Mixed (English + Hindi / Marathi (Devanagari))","","","","","","","","","","","Homepage","msmeup.org.in","","मैं स्वदेशी मेला 2025 में नोएडा से आई हूँ। स्वदेशी मेले का मेरा अनुभव बहुत अच्छा रहा है। मुझे यहाँ दीवाली से जुड़ी सभी चीज़ें एक ही स्थान पर देखने को मिल रही हैं - जैसे परिधान, आभूषण, सजावटी वस्तुएँ और बहुत कुछ। मैं सभी से आग्रह करती हूँ कि इस स्वदेशी मेले में ज़रूर आएँ और यहाँ अधिक से अधिक स्वदेशी ख़रीदारी कर स्थानीय उद्यमों को समर्थन दें। – Sweta Visitor अधिक जानकरी की लिए विजिट करें: https://msmeup.org.in #SwadeshiMela2025 #localforvocal #upgovernment #msmeupinnewera","https://msmeup.org.in/","msmeup.org.in","https://video-bom5-1.xx.fbcdn.net/o1/v/t2/f2/m86/AQO7LjukF2C-GC8ye_QVgmYvmWuones8GJZWg04RLBUVPlYKUrav2TEgPlXoY5PXgMp8cEFdrQYcJ-azSoy9Uv9h3KO7fHdBK5VZdw4.mp4?_nc_cat=111&_nc_sid=b66105&_nc_ht=video-bom5-1.xx.fbcdn.net&_nc_ohc=Pv5eLC0LSDYQ7kNvwGJi35o&efg=eyJ2ZW5jb2RlX3RhZyI6Inhwdl9wcm9ncmVzc2l2ZS5WSV9VU0VDQVNFX1BST0RVQ1RfVFlQRS4uQzMuMzYwLmRhc2hfYmFzZWxpbmVfM192MSIsInhwdl9hc3NldF9pZCI6MTI2NTI1OTg2NTM3MTIzOCwiYXNzZXRfYWdlX2RheXMiOjM2MSwidmlfdXNlY2FzZV9pZCI6MTAwOTksImR1cmF0aW9uX3MiOjUwLCJ1cmxnZW5fc291cmNlIjoid3d3In0%3D&ccb=17-1&vs=bcbaf12d9f4981cd&_nc_vs=HBksFQIYUmlnX3hwdl9yZWVsc19wZXJtYW5lbnRfc3JfcHJvZC8yMjQyQ0U0QTM4Qzc4M0VDQUYyNUNEMENBN0M1MkM5Q192aWRlb19kYXNoaW5pdC5tcDQVAALIARIAFQIYR2lnX3hwdl9yZWVsc19wZXJtYW5lbnRfc3JfcHJvZC8xMTM5NzI5NjY1MDAxMTcwXzg4NDYxMDI4Mjk5MTg1Mjg4MTkubXA0FQICyAESACgAGAAbAogHdXNlX29pbAExEnByb2dyZXNzaXZlX3JlY2lwZQExFQAAJszJl83or78EFQIoAkMzLBdASRZmZmZmZhgSZGFzaF9iYXNlbGluZV8zX3YxEQB1AGXmnQEA&_nc_gid=K80sFbRoBefPts8vdOLzyg&_nc_ss=7b289&_nc_zt=28&_nc_enc=QefhsiVJu_N9XzJtkcEbiO4fAQ-Pf_pSlt7QhVys2j5tCN2-eswzA-DdIla4GCW3I2_pbEaVdv_vHJx-ArhwmJzyxUKtXMBx5G55YSUpqemlpiszg-E2W3oXXHU&oh=00_AQNKMoljrQD_pw8hET7-xvm5Uj898Adeo7gkS0oh5ovqeA&oe=6AC9096C","IN","2026-10-08 07:23"
"anuvardhan","106613551227227","389088917483127","https://www.facebook.com/ads/library/?id=389088917483127","Inactive","Stopped","","2024-07-01","2026-08-24","784","","","","","INR","1","","","","","","","","","","CAROUSEL","2","","instagram","LEARN_MORE","","","","Creator / UGC","English","","","","","","","","","","","Homepage","neelabyanuvardhan.com","","Thank you for always being there💙@nayanthara . . . Sari @neela_by_anuvardhan  Jewellery @amethystchennai @amrapalijewels Stylist @anuvardhan  Style team @meenuthenappan @aishwarya.venumbaka","http://www.neelabyanuvardhan.com/","neelabyanuvardhan.com","https://scontent-bom2-4.xx.fbcdn.net/v/t39.35426-6/449486411_994902565247374_5551445431396243140_n.jpg?_nc_cat=106&ccb=1-7&_nc_sid=c53f8f&_nc_ohc=urk6d2aJEkIQ7kNvwFH3yEN&_nc_oc=AdrnKbWs6W0EDKw0gWM2tOABPkb6XiALXvtofEeGsH6CS7ZT7zAOCFigCiteMfy2bnE&_nc_zt=14&_nc_ht=scontent-bom2-4.xx&_nc_gid=HQ_j9aqtwCyqUVo9y88N8g&_nc_ss=7b289&oh=00_AQOaMQlCFbbEEqcfL6Lu3NgL-hbb-d0eBIWucAOqx9YnNQ&oe=6ACD112A","IN","2026-10-08 07:23"
"Sybarite Jewellery","242249799250863","31589696217345719","https://www.facebook.com/ads/library/?id=31589696217345719","Inactive","Stopped","","2025-10-06","2025-10-14","8","","","","","INR","1","","","","","","","","","","VIDEO","","18","instagram","VIEW_INSTAGRAM_PROFILE","","","","Premium / quality","English","","","No speech (music only)","","","","","","","","Facebook / Instagram","instagram.com/_u/sybarite_jewellery","","A ring. A kaleidoscope. A masterpiece. Crafted in 18k gold and set with diamonds, this high jewellery creation is a fully functional kaleidoscope, wearable wonder at its finest. ✨ Available now at www.sybaritejewellery.com #SybariteJewellery #HighJewellery #LuxuryDesign #KaleidoscopeRing #JewelleryArt #Gold #Diamonds #WearableWonder #JewelleryAddict #London","https://www.instagram.com/_u/sybarite_jewellery","www.instagram.com","https://video-bom5-2.xx.fbcdn.net/o1/v/t2/f2/m86/AQPu4LdSOodi9PAQaoEQeWE_RJ6TdxTPh0FlYNm8E9VM_HYbCl-hM2lpbLXrKBc2Ol6FhprMwAwWjC7L0eveQYG3ilRHREo1XI87u1M.mp4?_nc_cat=108&_nc_sid=b66105&_nc_ht=video-bom5-2.xx.fbcdn.net&_nc_ohc=WNzCBBD35qYQ7kNvwGitVlv&efg=eyJ2ZW5jb2RlX3RhZyI6Inhwdl9wcm9ncmVzc2l2ZS5WSV9VU0VDQVNFX1BST0RVQ1RfVFlQRS4uQzMuMzYwLmRhc2hfYmFzZWxpbmVfM192MSIsInhwdl9hc3NldF9pZCI6ODEyMjMwMjg3OTk1NjgwLCJhc3NldF9hZ2VfZGF5cyI6Mzc3LCJ2aV91c2VjYXNlX2lkIjoxMDA5OSwiZHVyYXRpb25fcyI6MTgsInVybGdlbl9zb3VyY2UiOiJ3d3cifQ%3D%3D&ccb=17-1&vs=c46a3366010a416c&_nc_vs=HBksFQIYUmlnX3hwdl9yZWVsc19wZXJtYW5lbnRfc3JfcHJvZC82NzQzNEUzQUM0ODlCNkM1QzJBNzBDRUQ3N0M4NDRBM192aWRlb19kYXNoaW5pdC5tcDQVAALIARIAFQIYRmlnX3hwdl9yZWVsc19wZXJtYW5lbnRfc3JfcHJvZC84MjEwODk4MjAzNzQzMjlfNTk2NTQ3NjE4MzAzODAxMzQyMy5tcDQVAgLIARIAKAAYABsCiAd1c2Vfb2lsATEScHJvZ3Jlc3NpdmVfcmVjaXBlATEVAAAmwMzVnIOu8QIVAigCQzMsF0AyO6XjU_fPGBJkYXNoX2Jhc2VsaW5lXzNfdjERAHUAZeadAQA&_nc_gid=HQ_j9aqtwCyqUVo9y88N8g&_nc_ss=7b289&_nc_zt=28&oh=00_AQMUC5PCXOlmacf3Hen_oNrl_utUycWUWdqdqCtrgM98GQ&oe=6AC905E9","IN","2026-10-08 07:23"
"Sybarite Jewellery","242249799250863","730606423478846","https://www.facebook.com/ads/library/?id=730606423478846","Inactive","Stopped","","2025-10-01","2025-10-08","7","","","","","INR","1","","","","","","","","","","VIDEO","","16","facebook, instagram","VIEW_INSTAGRAM_PROFILE","","","","Premium / quality","English","","","No speech (music only)","","","","","","","","Facebook / Instagram","instagram.com/sybarite_jewellery","","Every jewel begins with a dream 🌠 Our Comet Ring, in 18k yellow gold and white diamonds, was first born on paper, hand-sketched by our head designer Margarita. From her pencil to precious metal, it captures the fleeting beauty of a comet’s trail across the night sky. Discover the full story and collection at www.sybaritejewellery.com ✨ #sybarite #jewellery #ring #design #comet #stars #designer #art #jewelryshop #gold #diamonds #luxurydesign #jewelleryaddict #jewelryoftheday #fashion #trendyjewelry #OnlineJewelryStore #jewellerylover #madewithlove #LondonJewellery #UK","http://instagram.com/sybarite_jewellery","instagram.com","https://video-bom5-1.xx.fbcdn.net/o1/v/t2/f2/m86/AQPawhd96opiwhLVXcJP3AX3Q5I1FEYCdyDtTU0gh01oFFwT5UZQGDKJBxRvYpBSV7V2AklTFEiTWP8jAClwBCw0_Q0fGNj5VxvRTcY.mp4?_nc_cat=111&_nc_sid=b66105&_nc_ht=video-bom5-1.xx.fbcdn.net&_nc_ohc=blgkkIRqD7QQ7kNvwG3a3Al&efg=eyJ2ZW5jb2RlX3RhZyI6Inhwdl9wcm9ncmVzc2l2ZS5WSV9VU0VDQVNFX1BST0RVQ1RfVFlQRS4uQzMuNzIwLmRhc2hfYmFzZWxpbmVfMV92MSIsInhwdl9hc3NldF9pZCI6MTg3NTgxNzc4MDAyMDY1MiwiYXNzZXRfYWdlX2RheXMiOjM3MSwidmlfdXNlY2FzZV9pZCI6MTAwOTksImR1cmF0aW9uX3MiOjE1LCJ1cmxnZW5fc291cmNlIjoid3d3In0%3D&ccb=17-1&vs=4ad889b9751f4fbb&_nc_vs=HBksFQIYUmlnX3hwdl9yZWVsc19wZXJtYW5lbnRfc3JfcHJvZC81RDQ3RThCMTI0MDNEQTFBQzM4NjA2RTVFNUYxMDU4OV92aWRlb19kYXNoaW5pdC5tcDQVAALIARIAFQIYR2lnX3hwdl9yZWVsc19wZXJtYW5lbnRfc3JfcHJvZC8xMTE1NjAwMDk3MzEwMzk3XzMzMjYwMzgxNzEyOTIxMzk3NzgubXA0FQICyAESACgAGAAbAogHdXNlX29pbAExEnByb2dyZXNzaXZlX3JlY2lwZQExFQAAJtiWiMf7gtUGFQIoAkMzLBdAL6p--dsi0RgSZGFzaF9iYXNlbGluZV8xX3YxEQB1AGXmnQEA&_nc_gid=-H-dScSld6XhUdf2R7mQ_A&_nc_ss=7b289&_nc_zt=28&oh=00_AQMhYURbgQ84A3Q2tRMs2q0kfX0sgIh9d7n20IBPVn-TUA&oe=6AC92080","IN","2026-10-08 07:23"
"Sybarite Jewellery","242249799250863","1.31565E+15","https://www.facebook.com/ads/library/?id=1315647113678130","Inactive","Stopped, Scaled ×2","","2025-10-07","2025-10-15","8","","","","","INR","2","","","","","","","","","","VIDEO","","21","instagram","VIEW_INSTAGRAM_PROFILE","","","","Premium / quality","English","","","No speech (music only)","","","","","","","","Facebook / Instagram","instagram.com/_u/sybarite_jewellery","","Comet Earrings, a journey written in gold and light ✨ From our “Towards the Stars” collection, these 18k yellow gold earrings shimmer with white diamonds, capturing the fleeting beauty of a comet crossing the night sky. A tribute to those who dream beyond the ordinary. Discover more at www.sybaritejewellery.com #SybariteJewellery #TowardsTheStars #CometEarrings #PFW #ParisFashionWeek #FineJewellery #18kGold #WhiteDiamonds #LuxuryDesign #HauteJoallerie #StatementJewellery #ArtOfJewellery #CelestialElegance #JewelleryAddict #FashionWeekParis","https://www.instagram.com/_u/sybarite_jewellery","www.instagram.com","https://video-bom5-1.xx.fbcdn.net/o1/v/t2/f2/m86/AQMdCAjS287v8oOx3Kol_VgaNP_-fRYW-aL7GR_kvejq5Yjgn5D_sUMbCsuwSRDsMPz-dpFOhhh8BTlhIuMs-6V16Hb2O-sqGcPGhnM.mp4?_nc_cat=110&_nc_sid=b66105&_nc_ht=video-bom5-1.xx.fbcdn.net&_nc_ohc=lCXCLFTNX8QQ7kNvwEcGrBB&efg=eyJ2ZW5jb2RlX3RhZyI6Inhwdl9wcm9ncmVzc2l2ZS5WSV9VU0VDQVNFX1BST0RVQ1RfVFlQRS4uQzMuNzIwLmRhc2hfYmFzZWxpbmVfMV92MSIsInhwdl9hc3NldF9pZCI6MTM1Nzc3NTUxMjY0MTQ3NCwiYXNzZXRfYWdlX2RheXMiOjM2NSwidmlfdXNlY2FzZV9pZCI6MTAwOTksImR1cmF0aW9uX3MiOjIwLCJ1cmxnZW5fc291cmNlIjoid3d3In0%3D&ccb=17-1&vs=b82617795b2c9871&_nc_vs=HBksFQIYUmlnX3hwdl9yZWVsc19wZXJtYW5lbnRfc3JfcHJvZC9BMjREQkY0NTUxRDIzMkY0MjlGMTJFRTUyNURBRkU5NF92aWRlb19kYXNoaW5pdC5tcDQVAALIARIAFQIYR2lnX3hwdl9yZWVsc19wZXJtYW5lbnRfc3JfcHJvZC8xMTU5MTgzNzI5NDA2MzEyXzI5ODY3NTg3NzM2NTE5MzA0ODMubXA0FQICyAESACgAGAAbAogHdXNlX29pbAExEnByb2dyZXNzaXZlX3JlY2lwZQExFQAAJoT_7PH3uOkEFQIoAkMzLBdANMzMzMzMzRgSZGFzaF9iYXNlbGluZV8xX3YxEQB1AGXmnQEA&_nc_gid=LcuL_3Ka9KRVSmsMX6RMdA&_nc_ss=7b289&_nc_zt=28&oh=00_AQMEsh6agHe7KhMBXD8507T2xW-0SZIR4GawKhoc7yY5dg&oe=6AC91AD3","IN","2026-10-08 07:23"
"Ahmad Sultan","","1311031150185422","https://www.facebook.com/ads/library/?id=1311031150185422","Inactive","Stopped, Scaled ×2","","2025-10-10","2025-10-18","8","","","","","INR","2","","","","","","","","","","VIDEO","","47","instagram","","","","","Creator / UGC","English","O rapia, O rapia, O rapia, O rapia, O heart is beating, my heart is beating, my heart is beating, my heart is beating","O rapia, O rapia, O rapia, O rapia, O heart is beating, my heart is beating, my heart is beating, my heart is beating","English","","","","","","","","No link","","","Sterra ✨ Jewellery - @nauheerjewels  Content Creation - @themaestrosofficial  #ahmadsultan","","","https://video-bom5-2.xx.fbcdn.net/o1/v/t2/f2/m86/AQMD_1SmWI_77lhA2QmWJBXVvsBgO0GG89HcprWHB5TrDh9iTaml-2OZk9GCloj9i1pfcfwrTf7m5CqNyTea83JEj0ctz6tuk-qfGCs.mp4?_nc_cat=100&_nc_sid=b66105&_nc_ht=video-bom5-2.xx.fbcdn.net&_nc_ohc=DS2-n7ZVpx0Q7kNvwHFgHTI&efg=eyJ2ZW5jb2RlX3RhZyI6Inhwdl9wcm9ncmVzc2l2ZS5WSV9VU0VDQVNFX1BST0RVQ1RfVFlQRS4uQzMuNzIwLmRhc2hfYmFzZWxpbmVfMV92MSIsInhwdl9hc3NldF9pZCI6MTA1NzEwMzY1Mjk4OTkwNCwiYXNzZXRfYWdlX2RheXMiOjM3NywidmlfdXNlY2FzZV9pZCI6MTAwOTksImR1cmF0aW9uX3MiOjQ2LCJ1cmxnZW5fc291cmNlIjoid3d3In0%3D&ccb=17-1&vs=5fbe05b9764430d0&_nc_vs=HBksFQIYUmlnX3hwdl9yZWVsc19wZXJtYW5lbnRfc3JfcHJvZC8wQzRGRjYyQzUzQzBFMEMxNjZENzYzQTEwMkY0NDRBQl92aWRlb19kYXNoaW5pdC5tcDQVAALIARIAFQIYRmlnX3hwdl9yZWVsc19wZXJtYW5lbnRfc3JfcHJvZC8xODI5MjMxNTI3NjcyMTQ3Xzg3Mjk5NzMxNDc5Mzc3NjY2Ny5tcDQVAgLIARIAKAAYABsCiAd1c2Vfb2lsATEScHJvZ3Jlc3NpdmVfcmVjaXBlATEVAAAmoK_R-8Pb4AMVAigCQzMsF0BHUeuFHrhSGBJkYXNoX2Jhc2VsaW5lXzFfdjERAHUAZeadAQA&_nc_gid=EqdUgdolsTPibg4zK5tU2g&_nc_ss=7b289&_nc_zt=28&oh=00_AQMhxMdUCpbq7G4C-EKbgmfaJFmFMI2n7DQOLxW1Jmq3_Q&oe=6AC90CBD","IN","2026-10-08 07:23"
"Ahmad Sultan","","1.14759E+15","https://www.facebook.com/ads/library/?id=1147589520804360","Inactive","Stopped, Scaled ×2","","2025-10-10","2025-10-18","8","","","","","INR","2","","","","","","","","","","VIDEO","","24","instagram","","","","","Creator / UGC","English","I'm not going to get married, I'm not going to get married, I'm not going to get married","I'm not going to get married, I'm not going to get married, I'm not going to get married I'm not going to get married, I'm not going to get married I'm not going to get married","English","","","","","","","","No link","","","Rosira ✨ Jewellery - @nauheerjewels  Content Creation - @themaestrosofficial  #ahmadsultan","","","https://video-bom5-1.xx.fbcdn.net/o1/v/t2/f2/m86/AQNSUbc_RQzD9GO64xNkZ12dfQ00l0QuyVVR2C9huIqRlyHrO7y6JvytHg3CGoDzC4lGN53NqjpOZA8AJHiXl66rWY-KgQxFYFIP86s.mp4?_nc_cat=109&_nc_sid=b66105&_nc_ht=video-bom5-1.xx.fbcdn.net&_nc_ohc=RFGM1OuowwAQ7kNvwEXuKRF&efg=eyJ2ZW5jb2RlX3RhZyI6Inhwdl9wcm9ncmVzc2l2ZS5WSV9VU0VDQVNFX1BST0RVQ1RfVFlQRS4uQzMuNzIwLmRhc2hfYmFzZWxpbmVfMV92MSIsInhwdl9hc3NldF9pZCI6MTA5MjUxOTI3MjY4MjgwMywiYXNzZXRfYWdlX2RheXMiOjM3MCwidmlfdXNlY2FzZV9pZCI6MTAwOTksImR1cmF0aW9uX3MiOjI0LCJ1cmxnZW5fc291cmNlIjoid3d3In0%3D&ccb=17-1&vs=f72b17436279fcea&_nc_vs=HBksFQIYUmlnX3hwdl9yZWVsc19wZXJtYW5lbnRfc3JfcHJvZC81QjQzRjI5QUNCQ0ZFQTJEMUFDREUwMEUxREM5NEVBOV92aWRlb19kYXNoaW5pdC5tcDQVAALIARIAFQIYR2lnX3hwdl9yZWVsc19wZXJtYW5lbnRfc3JfcHJvZC8xNTA4MTI2MTkzODU2NDk5XzQwNDAwODY4NzcyMDQxNzE0NDYubXA0FQICyAESACgAGAAbAogHdXNlX29pbAExEnByb2dyZXNzaXZlX3JlY2lwZQExFQAAJubUxPL-6PADFQIoAkMzLBdAOD1wo9cKPRgSZGFzaF9iYXNlbGluZV8xX3YxEQB1AGXmnQEA&_nc_gid=LcuL_3Ka9KRVSmsMX6RMdA&_nc_ss=7b289&_nc_zt=28&oh=00_AQOFby_sXLrIEeW7eoE1ubJ5nDjPMrqgU_b1g81O8qrDBQ&oe=6AC8FF72","IN","2026-10-08 07:23"
"Priyadeluxe","720592987797316","1287148293211468","https://www.facebook.com/ads/library/?id=1287148293211468","Inactive","Stopped","","2025-10-15","2025-10-17","2","","","","","INR","1","","","","","","","","","","VIDEO","","30","facebook, instagram","VIEW_INSTAGRAM_PROFILE","","","Diwali","Creator / UGC; Seasonal / festive","English","Another day, another thing about this celebration. Tonight is in the collaboration with the CFDA.","Another day, another thing about this celebration. Tonight is in the collaboration with the CFDA. So I am wearing this monkey dress. Actually wore this to the Vanity Fair Party when I was very pregnant with leather. So I had to take it in so I could wear it again. I love the KT-tail. My jewelry is by Marie Matisse designs. This is incredible chocre. And my ponytail is from Holland. So I am representing all things American. Happy Devaluing.","English","","","","","","","","Facebook / Instagram","instagram.com/priyadeluxe","","Another Diwali look, this time it was to celebrate the @cfda partnership with @oushq by @jesseltaank @akbar.hamid 🪔","http://instagram.com/priyadeluxe","instagram.com","https://video-bom2-4.xx.fbcdn.net/o1/v/t2/f2/m86/AQMVMzVDtnyt-1D895M1UcQEBZQf-NojH-nmyoBsAU5aHx6NHPL02RPrvEFKvkg-4QpVPxMAX-fqo5Ju6w6HKfjX-hpX4oqFgKa1T0k.mp4?_nc_cat=106&_nc_sid=b66105&_nc_ht=video-bom2-4.xx.fbcdn.net&_nc_ohc=rG9oV40rckwQ7kNvwElGOZ_&efg=eyJ2ZW5jb2RlX3RhZyI6Inhwdl9wcm9ncmVzc2l2ZS5WSV9VU0VDQVNFX1BST0RVQ1RfVFlQRS4uQzMuNzIwLmRhc2hfYmFzZWxpbmVfMV92MSIsInhwdl9hc3NldF9pZCI6MTMxODAwMzczMzEzMDQxMiwiYXNzZXRfYWdlX2RheXMiOjM1NywidmlfdXNlY2FzZV9pZCI6MTAwOTksImR1cmF0aW9uX3MiOjI5LCJ1cmxnZW5fc291cmNlIjoid3d3In0%3D&ccb=17-1&vs=c5ac801f314e1eca&_nc_vs=HBksFQIYUmlnX3hwdl9yZWVsc19wZXJtYW5lbnRfc3JfcHJvZC9CODQ1MkY0NjFBNjFDNkUzNzg0QUUzNEMzRDZDM0ZBNF92aWRlb19kYXNoaW5pdC5tcDQVAALIARIAFQIYR2lnX3hwdl9yZWVsc19wZXJtYW5lbnRfc3JfcHJvZC8xNTgyMzAyNTQ2NDYxODM5XzgwMjUwMzY0NzUwMTMxOTg2NjgubXA0FQICyAESACgAGAAbAogHdXNlX29pbAExEnByb2dyZXNzaXZlX3JlY2lwZQExFQAAJtiym4X1rdcEFQIoAkMzLBdAPaIMSbpeNRgSZGFzaF9iYXNlbGluZV8xX3YxEQB1AGXmnQEA&_nc_gid=EqdUgdolsTPibg4zK5tU2g&_nc_ss=7b289&_nc_zt=28&oh=00_AQO6yDJ8eGikFEUm1yeDyJb3KUlF8nXXrv0ihj3RJ1-TOg&oe=6AC90053","IN","2026-10-08 07:23"
"Muggo.Shoes","153663687827341","828282266550281","https://www.facebook.com/ads/library/?id=828282266550281","Inactive","Stopped","","2025-10-03","2025-10-11","8","","","","","INR","1","","","","","","","","","","VIDEO","","14","facebook, instagram","VIEW_INSTAGRAM_PROFILE","","","","","English","","","No speech (music only)","","","","","","","","Facebook / Instagram","instagram.com/muggo.shoes","","“Geceye ışık kat ✨” Model Kodu: Jewellery  #FashionInspo #StyleDiaries #DailyStyle #WomenStyle #HeelsAddict #StyleCrush #ModaTutkusu #StilÖnerisi #GününKombini #AyakkabıAşkı#OOTDInspo #PartyFit #SlingbackHeels #StreetStyleVibes #GlowUp #FashionMood #InspoOutfit #TrendStyle #VibeCheck #StyleGoals","http://instagram.com/muggo.shoes","instagram.com","https://video-bom5-1.xx.fbcdn.net/o1/v/t2/f2/m412/AQO-gSpmUMflgWXrTh810N5yUU-4wtIXSuZXC3B_MHKEKhrk9Yxu5O30MQDsH_j6cEH1kvt8EOBxZaRHHTQGF8d_WXM4iU7UK6DkhIsBtA.mp4?_nc_cat=105&_nc_sid=ef5aa3&_nc_ht=video-bom5-1.xx.fbcdn.net&_nc_ohc=zMhaJN85wHAQ7kNvwEdeG5v&efg=eyJ2ZW5jb2RlX3RhZyI6Inhwdl9wcm9ncmVzc2l2ZS5WSV9VU0VDQVNFX1BST0RVQ1RfVFlQRS4uQzMuMzYwLnN2ZV9zZCIsInhwdl9hc3NldF9pZCI6MTA0NjYxNDMzMDc1ODc5MCwiYXNzZXRfYWdlX2RheXMiOjM2OSwidmlfdXNlY2FzZV9pZCI6MTAxMjIsImR1cmF0aW9uX3MiOjE0LCJ1cmxnZW5fc291cmNlIjoid3d3In0%3D&ccb=17-1&_nc_gid=LcuL_3Ka9KRVSmsMX6RMdA&_nc_ss=7b289&_nc_zt=28&oh=00_AQPJ_Hj3ihcDiNLeLV1phyVgm-ivlok9cN_WUcTFp7sC2A&oe=6ACD250D","IN","2026-10-08 07:23"
"Kalaakaari","","3181873968641377","https://www.facebook.com/ads/library/?id=3181873968641377","Inactive","Stopped","","2025-10-24","2025-12-25","62","","","","","INR","1","","","","","","","","","","VIDEO","","50","facebook, instagram","VIEW_INSTAGRAM_PROFILE","","","Festive season","Creator / UGC; Seasonal / festive","English","Oh Thank you. Oh, easy, oh, easy","Oh Thank you. Oh, easy, oh, easy","English","","","","","","","","Facebook / Instagram","instagram.com/kalaakaari","","“Awakening Garden” is a collection born from the quiet magic of nature’s first breath — where sheer tulle dances like mist over dew-kissed meadows, and delicate floral embroidery captures the poetry of petals unfolding. Each garment is a dream stitched with the memory of a garden at sunrise — intimate, luminous, alive. . Jewellery : @pureallure.in  . . .  #kalaakaari #kpretbykalaakaari #designerwear #bridal #sustainablefashion  #craftsmanship #designercollection #partywears #floral #kalaakaari  #festivewear  #sustainablefashion #madeinkerala #fashion #designerwear #lehenga #bridal","http://instagram.com/kalaakaari","instagram.com","https://video-bom2-3.xx.fbcdn.net/o1/v/t2/f2/m86/AQMEeJZKhLcx70m5pAhT6n7L2I08LkeSZzn9urhFW_ysWdCkavWIzQBfZXaG0bEoB3tjkjmsj6bawDliuq7oIzrWdEB-W5qKVUP1SN4.mp4?_nc_cat=101&_nc_sid=b66105&_nc_ht=video-bom2-3.xx.fbcdn.net&_nc_ohc=dFLYjTHLLLAQ7kNvwEdrL_F&efg=eyJ2ZW5jb2RlX3RhZyI6Inhwdl9wcm9ncmVzc2l2ZS5WSV9VU0VDQVNFX1BST0RVQ1RfVFlQRS4uQzMuNzIwLmRhc2hfYmFzZWxpbmVfMV92MSIsInhwdl9hc3NldF9pZCI6NzAzNjc4NjgyNzY0NzQ1LCJhc3NldF9hZ2VfZGF5cyI6MzUxLCJ2aV91c2VjYXNlX2lkIjoxMDA5OSwiZHVyYXRpb25fcyI6NTAsInVybGdlbl9zb3VyY2UiOiJ3d3cifQ%3D%3D&ccb=17-1&vs=e414a53befdcd2d7&_nc_vs=HBksFQIYUmlnX3hwdl9yZWVsc19wZXJtYW5lbnRfc3JfcHJvZC84NDRCNDU5NjAzRkY0NDU0QUJCNDMxODIyNEQ4MkZCN192aWRlb19kYXNoaW5pdC5tcDQVAALIARIAFQIYR2lnX3hwdl9yZWVsc19wZXJtYW5lbnRfc3JfcHJvZC8xMzc3NzM2MTg3MjkyNTgyXzM0OTIxNDEwOTkzMzE3OTUwNDQubXA0FQICyAESACgAGAAbAogHdXNlX29pbAExEnByb2dyZXNzaXZlX3JlY2lwZQExFQAAJpLX4N6-_78CFQIoAkMzLBdASQqfvnbItBgSZGFzaF9iYXNlbGluZV8xX3YxEQB1AGXmnQEA&_nc_gid=LcuL_3Ka9KRVSmsMX6RMdA&_nc_ss=7b289&_nc_zt=28&oh=00_AQPYqpBu2fMwNGOuoY2awnqhXjXn7wab5yIDWwAIqhYKVw&oe=6AC917E6","IN","2026-10-08 07:23"
"Kalaakaari","","1338110237760094","https://www.facebook.com/ads/library/?id=1338110237760094","Inactive","Stopped","","2025-10-24","2025-12-24","61","","","","","INR","1","","","","","","","","","","VIDEO","","49","facebook, instagram","VIEW_INSTAGRAM_PROFILE","","","Festive season","Creator / UGC; Seasonal / festive","English","Oh Thank you.","Oh Thank you.","English","","","","","","","","Facebook / Instagram","instagram.com/kalaakaari","","“Awakening Garden” is a collection born from the quiet magic of nature’s first breath — where sheer tulle dances like mist over dew-kissed meadows, and delicate floral embroidery captures the poetry of petals unfolding. Each garment is a dream stitched with the memory of a garden at sunrise — intimate, luminous, alive. . Jewellery : @pureallure.in  . . .  #kalaakaari #kpretbykalaakaari #designerwear #bridal #sustainablefashion  #craftsmanship #designercollection #partywears #floral #kalaakaari  #festivewear  #sustainablefashion #madeinkerala #fashion #designerwear #lehenga #bridal","http://instagram.com/kalaakaari","instagram.com","https://video-bom2-4.xx.fbcdn.net/o1/v/t2/f2/m86/AQO06lN2Xw7HVxz3govHCTG5-WpOjbjWS9WGf7VCVnIEOJQN6wIl0DzaV-gAb7_pIydHRgFPnpHw-AeIlBtFw7PSmh590Qz1aidYElM.mp4?_nc_cat=106&_nc_sid=b66105&_nc_ht=video-bom2-4.xx.fbcdn.net&_nc_ohc=TGeBpjIb5-UQ7kNvwGzyLap&efg=eyJ2ZW5jb2RlX3RhZyI6Inhwdl9wcm9ncmVzc2l2ZS5WSV9VU0VDQVNFX1BST0RVQ1RfVFlQRS4uQzMuNzIwLmRhc2hfYmFzZWxpbmVfMV92MSIsInhwdl9hc3NldF9pZCI6NDMzNzA4MDc3NjUyNzY0OCwiYXNzZXRfYWdlX2RheXMiOjM0OSwidmlfdXNlY2FzZV9pZCI6MTAwOTksImR1cmF0aW9uX3MiOjQ5LCJ1cmxnZW5fc291cmNlIjoid3d3In0%3D&ccb=17-1&vs=183e18b7ae69bfb9&_nc_vs=HBksFQIYUmlnX3hwdl9yZWVsc19wZXJtYW5lbnRfc3JfcHJvZC9ENzQ3N0E4QTQ1NTMxMEJGODZCMzFBMUQ2NzU1OENBRV92aWRlb19kYXNoaW5pdC5tcDQVAALIARIAFQIYR2lnX3hwdl9yZWVsc19wZXJtYW5lbnRfc3JfcHJvZC8xNjAxNzU4MzA3NDU2MTA0XzgzNzY3NTg5NjczMDY2MTk0ODQubXA0FQICyAESACgAGAAbAogHdXNlX29pbAExEnByb2dyZXNzaXZlX3JlY2lwZQExFQAAJsC84PCpo7QPFQIoAkMzLBdASLqfvnbItBgSZGFzaF9iYXNlbGluZV8xX3YxEQB1AGXmnQEA&_nc_gid=MlQHNW6w3977D4UFo-H_Dg&_nc_ss=7b289&_nc_zt=28&oh=00_AQOk9OoiqJ0zoBe_7xaFk42Yd6pTvAkdSzwfSIY0m9opfw&oe=6AC9163F","IN","2026-10-08 07:23"
"Adamas International","128098587264797","1159314206157352","https://www.facebook.com/ads/library/?id=1159314206157352","Inactive","Stopped","","2025-11-01","2025-11-05","4","","","","","INR","1","","","","","","","","","","VIDEO","","17","facebook, instagram","VIEW_INSTAGRAM_PROFILE","","","","Social proof; Premium / quality; Seasonal / festive","English","","","No speech (music only)","","","","","","","","Facebook / Instagram","instagram.com/adamasintl","","The only problem I’m OK with 😌💎 📍Proudly serving SEVEN COUNTRIES precision-crafted diamond jewelry. ✨ Trusted by jewelers across the WORLD . ✉️DM us to explore a partnership. #jewellery #jewelry #fashion #earrings #necklace #handmade #gold #jewellerydesign #silver #accessories #jewels #jewelrydesigner #handmadejewelry #ring #love #rings #style  #jewelryaddict #diamond #bridaljewellery #bracelet #wedding #indianjewellery #diamonds #jewelrydesign #jewellerylover #onlineshopping #smallbusiness #bangles #weddingjewellery","http://instagram.com/adamasintl","instagram.com","https://video-bom2-3.xx.fbcdn.net/o1/v/t2/f2/m86/AQP_wIXSiGoix1DChhAQtHzz2AQslVcO-O3hJ8sI82DbGkr3gj1OLz171wp1wWsbTSQVxR3YLv1-CfnVSbx9plVPd-BW2KUsNCPw6kU.mp4?_nc_cat=101&_nc_sid=b66105&_nc_ht=video-bom2-3.xx.fbcdn.net&_nc_ohc=3F4GSHedqT8Q7kNvwFn16AU&efg=eyJ2ZW5jb2RlX3RhZyI6Inhwdl9wcm9ncmVzc2l2ZS5WSV9VU0VDQVNFX1BST0RVQ1RfVFlQRS4uQzMuNzIwLmRhc2hfYmFzZWxpbmVfMV92MSIsInhwdl9hc3NldF9pZCI6NTA5MDgxMDgxNDQ3NzMyOCwiYXNzZXRfYWdlX2RheXMiOjM4MywidmlfdXNlY2FzZV9pZCI6MTAwOTksImR1cmF0aW9uX3MiOjE2LCJ1cmxnZW5fc291cmNlIjoid3d3In0%3D&ccb=17-1&vs=b3d85cec80cc4a9a&_nc_vs=HBksFQIYUmlnX3hwdl9yZWVsc19wZXJtYW5lbnRfc3JfcHJvZC8yRTQ0Mjk0MUZCMENFQTBGNjQ5MzY0MkIyMDlGODM5Ml92aWRlb19kYXNoaW5pdC5tcDQVAALIARIAFQIYR2lnX3hwdl9yZWVsc19wZXJtYW5lbnRfc3JfcHJvZC8xODc3NzA3ODgyOTU5OTM5XzExMjU0MDM5ODYyNDU5ODQzMTQubXA0FQICyAESACgAGAAbAogHdXNlX29pbAExEnByb2dyZXNzaXZlX3JlY2lwZQExFQAAJqDQuaOYhIsSFQIoAkMzLBdAMPdLxqfvnhgSZGFzaF9iYXNlbGluZV8xX3YxEQB1AGXmnQEA&_nc_gid=LcuL_3Ka9KRVSmsMX6RMdA&_nc_ss=7b289&_nc_zt=28&oh=00_AQNEFEICQy5ytZ-6q2ZEkOdB5np1CZbTtlr9h7R4lR973w&oe=6AC92802","IN","2026-10-08 07:23"
"AuFinja","","814476457657355","https://www.facebook.com/ads/library/?id=814476457657355","Inactive","Stopped, Scaled ×3","","2025-10-17","2025-10-20","3","","","","","INR","3","","","","","","","","","","VIDEO","","41","facebook, instagram, audience_network, threads","WHATSAPP_MESSAGE","","","Diwali","Premium / quality; Seasonal / festive","English","This is a very interesting story. This is a very interesting story.","This is a very interesting story. This is a very interesting story. This is a very interesting story. This is a very interesting story. This is a very interesting story. This is a very interesting story. This is a very interesting story. This is a very interesting story. This is a very interesting story. This is a very interesting story. This is a very interesting story. This is a very interesting story. This is a very interesting story. This is I was just a little bit of a guy. I was just a little bit of a guy. I was just a little bit of a guy. I was just a little bit of a guy. I was just a little bit of a guy. I was just a little bit of a guy. I was just a little bit of a guy. I was just a little bit of a guy. I was just a little bit of a guy. I was just a little bit of a guy. I was just a little bit of a guy. I was just a little bit of a guy. I was just a little bit of a guy. you","English","","","","","","","","WhatsApp","api.whatsapp.com/send","","Celebrate Diwali with AuFinja✨ Au Finja is proud to partner with Kaun Banega Crorepati Season 17 on Sony TV as the Official Jewellery Partner — a journey defined by success, trust and timeless craftsmanship. Applicable in the Usa, Canada, Mena, and Apac regions. (*T&C apply) #AuFinja #kbcseason17 #kbc #SonyEntertainmentTelevision #LuxuryJewellery #CraftingYourCuriosity #DubaiJewellery #DubaiJewelleryGroup #Diwali #OfficialJewelryPartner #KhaleejTimes #USA #Canada #APAC #MENA","https://api.whatsapp.com/send","api.whatsapp.com","https://video-bom5-1.xx.fbcdn.net/o1/v/t2/f2/m86/AQPK2b0zxUaEwQNE1idPMTqE0RwRCZu9sAgA_24xCKXH9flhY6eVTOsIm8imIR9YoYKqJSj-MT-fT56JJG01ylqNO3OB2Z9rRIDuAAw.mp4?_nc_cat=111&_nc_sid=b66105&_nc_ht=video-bom5-1.xx.fbcdn.net&_nc_ohc=1B6CLMhC5gEQ7kNvwEYlNiA&efg=eyJ2ZW5jb2RlX3RhZyI6Inhwdl9wcm9ncmVzc2l2ZS5WSV9VU0VDQVNFX1BST0RVQ1RfVFlQRS4uQzMuMTI4MC5kYXNoX2Jhc2VsaW5lXzFfdjEiLCJ4cHZfYXNzZXRfaWQiOjgzNTgxNzA2MjM0NTczNSwiYXNzZXRfYWdlX2RheXMiOjM1NSwidmlfdXNlY2FzZV9pZCI6MTAwOTksImR1cmF0aW9uX3MiOjQxLCJ1cmxnZW5fc291cmNlIjoid3d3In0%3D&ccb=17-1&vs=2734afa46ca9a3cb&_nc_vs=HBksFQIYUmlnX3hwdl9yZWVsc19wZXJtYW5lbnRfc3JfcHJvZC9GQTRFNUZFNUI0Rjc4REI4NTNFOEYwQUQwNUFGN0VCRl92aWRlb19kYXNoaW5pdC5tcDQVAALIARIAFQIYR2lnX3hwdl9yZWVsc19wZXJtYW5lbnRfc3JfcHJvZC8xNzM0MTMyMTQwNTg4MjY1XzExOTE1NjE5NDg5NzkzMDk2NjEubXA0FQICyAESACgAGAAbAogHdXNlX29pbAExEnByb2dyZXNzaXZlX3JlY2lwZQExFQAAJo6wybH6ivwCFQIoAkMzLBdARIo9cKPXChgSZGFzaF9iYXNlbGluZV8xX3YxEQB1AGXmnQEA&_nc_gid=LcuL_3Ka9KRVSmsMX6RMdA&_nc_ss=7b289&_nc_zt=28&oh=00_AQPIBvO8EhD14yKm00SpwTDNTbQmPNDRUx1fG7FqHMY9Aw&oe=6AC9004C","IN","2026-10-08 07:23"
"AuFinja","","1326871239088524","https://www.facebook.com/ads/library/?id=1326871239088524","Inactive","Stopped, Scaled ×3","","2025-10-17","2025-10-20","3","","","","","INR","3","","","","","","","","","","VIDEO","","29","facebook, instagram, audience_network, threads","WHATSAPP_MESSAGE","","","Diwali","Premium / quality; Seasonal / festive","English","Music","Music I am very sorry for this. Because many of the women are not going to the 6th. And in our youth, there were only 2 women. One was a curient and one was his mother. I'd like to ask you more, but... Thank you. Thank you.","English","","","","","","","","WhatsApp","api.whatsapp.com/send","","Celebrate Diwali with AuFinja✨ Au Finja is proud to partner with Kaun Banega Crorepati Season 17 on Sony TV as the Official Jewellery Partner — a journey defined by success, trust and timeless craftsmanship. Applicable in the Usa, Canada, Mena, and Apac regions. (*T&C apply) #AuFinja #KBC #SonyEntertainmentTelevision #LuxuryJewellery #CraftingYourCuriosity #DubaiJewellery #kbcseason17 #DubaiJewelleryGroup #Diwali #OfficialJewelryPartner #KhaleejTimes #USA #Canada #APAC #MENA","https://api.whatsapp.com/send","api.whatsapp.com","https://video-bom5-1.xx.fbcdn.net/o1/v/t2/f2/m86/AQNMieiOyBFjmsQWEmZhehGc9nU71idyBw2PYK6DtIsL4l60O-DjsEWnZF522Xc3hXFglM1Yc9RGoLIBHwyWg1eiIllF65FwHaEM8t8.mp4?_nc_cat=105&_nc_sid=b66105&_nc_ht=video-bom5-1.xx.fbcdn.net&_nc_ohc=z-04XhRQ3DwQ7kNvwEAqVP2&efg=eyJ2ZW5jb2RlX3RhZyI6Inhwdl9wcm9ncmVzc2l2ZS5WSV9VU0VDQVNFX1BST0RVQ1RfVFlQRS4uQzMuMTI4MC5kYXNoX2Jhc2VsaW5lXzFfdjEiLCJ4cHZfYXNzZXRfaWQiOjgwNjg5NjA0NTM4MTUyNiwiYXNzZXRfYWdlX2RheXMiOjM1NSwidmlfdXNlY2FzZV9pZCI6MTAwOTksImR1cmF0aW9uX3MiOjI5LCJ1cmxnZW5fc291cmNlIjoid3d3In0%3D&ccb=17-1&vs=4d1d2ec5cd7bc74&_nc_vs=HBksFQIYUmlnX3hwdl9yZWVsc19wZXJtYW5lbnRfc3JfcHJvZC9GRDQ0NjJFREZBQ0YwOTlFQThERjRFN0IxMTlCNTc4MV92aWRlb19kYXNoaW5pdC5tcDQVAALIARIAFQIYRmlnX3hwdl9yZWVsc19wZXJtYW5lbnRfc3JfcHJvZC8xMjIyNzIzOTA5Njg3NTAwXzIyMDU1MjM3MjIzMDE5MTg2OC5tcDQVAgLIARIAKAAYABsCiAd1c2Vfb2lsATEScHJvZ3Jlc3NpdmVfcmVjaXBlATEVAAAmrN6-gsT37gIVAigCQzMsF0A9XKwIMSbpGBJkYXNoX2Jhc2VsaW5lXzFfdjERAHUAZeadAQA&_nc_gid=7uNuTyPxMJpbupD24FRnqA&_nc_ss=7b289&_nc_zt=28&oh=00_AQOUGU84V4U0pC64T2TZih44VQ-kprVJjZF8yPx0mZkxtQ&oe=6AC916E6","IN","2026-10-08 07:23"
"s.r.p_imitation_jewellery","752755024581357","803247738962926","https://www.facebook.com/ads/library/?id=803247738962926","Inactive","Stopped","","2025-10-11","2025-10-19","8","","","","","INR","1","","","","","","","","","","VIDEO","","31","instagram","VIEW_INSTAGRAM_PROFILE","","","","Creator / UGC","English","Hello friends, welcome to SRP Mitration Jail.","Hello friends, welcome to SRP Mitration Jail. Today I am going to show you the new range in the mini bridal. You are going in a very trendy style. You will get a color range in green shadow, maroon. You are going in a very trendy style. You will get full bridal for today. You will get color range in this too. You will get contact with me on screen. contact only wholesaler not retailer only wholesaler contact We will meet you soon. We have given the screen number to contact us. Contact us on only Hulsalar. We are not going to do it on the retailer. We can contact only Hulsalar.","English","","","","","","","","Facebook / Instagram","instagram.com/s.r.p_imitation_jewellery","","#srp #fashion #mumbai #jewelryaddict #trendingreels #imitation #wholesaler #jewelry #jewelry #virel #trending  @s.r.p_imitation_jewellery  @rahulsuthar534","http://instagram.com/s.r.p_imitation_jewellery","instagram.com","https://video-bom2-1.xx.fbcdn.net/o1/v/t2/f2/m86/AQMZL-gfvJHnFLrAF6AvdHqPKAvlpBdPFcyzO-nxLrnfJ-3lZ6JEQ0ZsNY_kpo-MTfQjYqy6bxEaCu-_WO55VxfOxg3nQCFyRp8FruQ.mp4?_nc_cat=1&_nc_sid=b66105&_nc_ht=video-bom2-1.xx.fbcdn.net&_nc_ohc=yCaU_g0LkoQQ7kNvwGp7w2a&efg=eyJ2ZW5jb2RlX3RhZyI6Inhwdl9wcm9ncmVzc2l2ZS5WSV9VU0VDQVNFX1BST0RVQ1RfVFlQRS4uQzMuNzIwLmRhc2hfYmFzZWxpbmVfMV92MSIsInhwdl9hc3NldF9pZCI6MTM1NzI1MTUxMjczMzU2OSwiYXNzZXRfYWdlX2RheXMiOjM2MSwidmlfdXNlY2FzZV9pZCI6MTAwOTksImR1cmF0aW9uX3MiOjMwLCJ1cmxnZW5fc291cmNlIjoid3d3In0%3D&ccb=17-1&vs=369973bfc8016809&_nc_vs=HBksFQIYUmlnX3hwdl9yZWVsc19wZXJtYW5lbnRfc3JfcHJvZC9GQjQzOEExQzA3N0RCODhENjY3RDhDQjIwQzQ5MkY4MF92aWRlb19kYXNoaW5pdC5tcDQVAALIARIAFQIYR2lnX3hwdl9yZWVsc19wZXJtYW5lbnRfc3JfcHJvZC8zODIwODY0OTU4MjEwODU2XzcxMjQzMjE2NTM3ODUxNjQzMTgubXA0FQICyAESACgAGAAbAogHdXNlX29pbAExEnByb2dyZXNzaXZlX3JlY2lwZQExFQAAJoK-zOS3mukEFQIoAkMzLBdAPuZmZmZmZhgSZGFzaF9iYXNlbGluZV8xX3YxEQB1AGXmnQEA&_nc_gid=7uNuTyPxMJpbupD24FRnqA&_nc_ss=7b289&_nc_zt=28&oh=00_AQMPoSavb3Dy61la8knuO6bhhGaEn-fpPBIRtQmigld_Vg&oe=6AC90288","IN","2026-10-08 07:23"
"s.r.p_imitation_jewellery","752755024581357","797372016526927","https://www.facebook.com/ads/library/?id=797372016526927","Inactive","Stopped","","2025-10-14","2025-10-22","8","","","","","INR","1","","","","","","","","","","VIDEO","","34","instagram","VIEW_INSTAGRAM_PROFILE","","","","Creator / UGC","English","I'm not going to be a stranger to me","I'm not going to be a stranger to me You're not the stranger to me You're not the stranger to me You're not the stranger to me You're not the stranger to me I'm gonna go out again, that's what I'm not that straight, that's a thing That's a bit too late No, I'm not that straight, that's a thing That's a bit too late, that's a bit too late I'm not that straight, that's a thing That's a bit too late, that's a bit too late I'm not that straight, that's a bit too late","English","","","","","","","","Facebook / Instagram","instagram.com/s.r.p_imitation_jewellery","","#srp #fashion #mumbai #jewelryaddict #trendingreels #imitation #wholesaler #jewelry #virel #trending  @s.r.p_imitation_jewellery  @rahulsuthar534","http://instagram.com/s.r.p_imitation_jewellery","instagram.com","https://video-bom5-1.xx.fbcdn.net/o1/v/t2/f2/m412/AQMvew5dv4IlgWQRnW3-OfYZuCI2br7ylwZXeawyuW9lKyM9E7P4B84BHD-dd_8zQ8ZH-BcBQpM-Up-Quz0epfGymcx6ydBKwJGhxnG8sA.mp4?_nc_cat=105&_nc_sid=ef5aa3&_nc_ht=video-bom5-1.xx.fbcdn.net&_nc_ohc=jKt1YiGZGLkQ7kNvwFAxbRp&efg=eyJ2ZW5jb2RlX3RhZyI6Inhwdl9wcm9ncmVzc2l2ZS5WSV9VU0VDQVNFX1BST0RVQ1RfVFlQRS4uQzMuMzYwLnN2ZV9zZCIsInhwdl9hc3NldF9pZCI6MTg4ODU0OTU4ODUzODEzMiwiYXNzZXRfYWdlX2RheXMiOjM1OCwidmlfdXNlY2FzZV9pZCI6MTAxMjIsImR1cmF0aW9uX3MiOjM0LCJ1cmxnZW5fc291cmNlIjoid3d3In0%3D&ccb=17-1&_nc_gid=7uNuTyPxMJpbupD24FRnqA&_nc_ss=7b289&_nc_zt=28&oh=00_AQNmYPzJJgpNsGsoaAP9WsM8gQ3fTimnl2w5K99IhaVvaA&oe=6ACCFBED","IN","2026-10-08 07:23"
"s.r.p_imitation_jewellery","752755024581357","3167208936789806","https://www.facebook.com/ads/library/?id=3167208936789806","Inactive","Stopped","","2025-10-10","2025-10-18","8","","","","","INR","1","","","","","","","","","","VIDEO","","32","instagram","VIEW_INSTAGRAM_PROFILE","","","","","English","Hey, hey, hey, hey, hey, hey, hey, hey, hey,","Hey, hey, hey, hey, hey, hey, hey, hey, hey, hey, hey, hey, hey, hey, hey, hey, hey, hey, hey, hey, hey, hey, hey, hey, hey, hey, hey, hey, hey, hey, hey, hey, hey, hey, hey, hey, hey, hey, hey, hey, hey, hey, hey, hey, hey, hey, hey, hey, hey, hey, hey, hey, hey, hey, hey, hey, hey, hey, hey, hey, hey, hey, hey, hey, hey, hey, hey, hey, hey, hey, hey, hey, hey, hey, hey, hey, hey, hey, hey, hey, hey, hey, hey, hey, hey, hey, hey, hey, hey, hey, hey, hey, hey, hey, hey, hey, hey, hey, hey, hey, hey, hey, hey, hey, hey, hey, hey, hey, hey, hey, hey, hey, hey, hey, hey, hey, hey, hey, hey, hey, hey, hey, hey, hey, hey, hey, hey, hey, hey, hey, hey, hey, hey, hey, hey, hey, hey, hey, hey, hey, hey, hey, hey, hey, hey, hey, hey, hey, hey, hey, hey, hey, hey, hey, hey, hey, hey, hey, hey, hey, hey, hey, hey, hey, hey, hey, hey, hey, hey, hey, hey, hey, hey, hey, hey, hey, hey, hey, hey, hey, hey, hey, hey, hey, hey, hey, hey, hey, hey, hey, hey, hey, hey, hey, hey, hey, hey, hey, hey, hey, hey, hey, hey, hey, hey, hey, hey, hey, hey, hey, hey, hey, hey, hey, hey, hey, hey, hey, hey, hey, hey, hey,.","English","","","","","","","","Facebook / Instagram","instagram.com/s.r.p_imitation_jewellery","","#srp #fashion #mumbai #jewelryaddict #trendingreels #imitation #wholesaler #jewelry #virel #trending","http://instagram.com/s.r.p_imitation_jewellery","instagram.com","https://video-bom5-2.xx.fbcdn.net/o1/v/t2/f2/m86/AQPwCNdxRH3ZvGZmALjgzmrPojlu8FuoI4WEeyEsyWyXpfEEHEbDKlsp53HXKrRarmU6-mYOmsZfhHWz94LdvRhsxLco028xPEepLsA.mp4?_nc_cat=100&_nc_sid=b66105&_nc_ht=video-bom5-2.xx.fbcdn.net&_nc_ohc=n1_EFzUmDh4Q7kNvwEJPSV7&efg=eyJ2ZW5jb2RlX3RhZyI6Inhwdl9wcm9ncmVzc2l2ZS5WSV9VU0VDQVNFX1BST0RVQ1RfVFlQRS4uQzMuNzIwLmRhc2hfYmFzZWxpbmVfMV92MSIsInhwdl9hc3NldF9pZCI6MTg2NTg4MTkyNDI4NjYwOCwiYXNzZXRfYWdlX2RheXMiOjM2MiwidmlfdXNlY2FzZV9pZCI6MTAwOTksImR1cmF0aW9uX3MiOjMxLCJ1cmxnZW5fc291cmNlIjoid3d3In0%3D&ccb=17-1&vs=92a1321e853da824&_nc_vs=HBksFQIYUmlnX3hwdl9yZWVsc19wZXJtYW5lbnRfc3JfcHJvZC85NjQ1NEUzNTBEQjE1NTkwMkIwOUExMTdGM0E2NEJCMl92aWRlb19kYXNoaW5pdC5tcDQVAALIARIAFQIYR2lnX3hwdl9yZWVsc19wZXJtYW5lbnRfc3JfcHJvZC8xNTMzODg2NDkxMDc4OTc1Xzg0Nzk1NzI2OTc4OTQxODkyODAubXA0FQICyAESACgAGAAbAogHdXNlX29pbAExEnByb2dyZXNzaXZlX3JlY2lwZQExFQAAJqDi0dTPwNAGFQIoAkMzLBdAP8QYk3S8ahgSZGFzaF9iYXNlbGluZV8xX3YxEQB1AGXmnQEA&_nc_gid=7uNuTyPxMJpbupD24FRnqA&_nc_ss=7b289&_nc_zt=28&oh=00_AQN4iD0piD4Ia6r1xBNjiBuigGGeYjeVnX-VtMFuBzJwSg&oe=6AC92505","IN","2026-10-08 07:23"
"s.r.p_imitation_jewellery","752755024581357","672932765411123","https://www.facebook.com/ads/library/?id=672932765411123","Inactive","Stopped","","2025-10-03","2025-10-11","8","","","","","INR","1","","","","","","","","","","VIDEO","","30","instagram","VIEW_INSTAGRAM_PROFILE","","","","Creator / UGC","English","Hello, this is Rmdosto. Welcome to SRP Metration. Today I will show you unique jewelry.","Hello, this is Rmdosto. Welcome to SRP Metration. Today I will show you unique jewelry. You can see the unique jewelry that is made of mini bridal. You can see the unique jewelry that is made of mini bridal. You can see the unique jewelry that is made of mini bridal. You can see the unique jewelry that is made of mini bridal. You can see the unique jewelry that is made of mini bridal. You can see the unique jewelry that is made of mini bridal. You can see the unique jewelry that is made of mini bridal. You can see the unique jewelry that is made of mini bridal. You can see the unique jewelry that is made of mini bridal. You can see the unique jewelry that is made of mini bridal. You can see the unique jewelry that is made of mini bridal. You can see the unique jewelry that is made of mini bridal. You can see the unique jewelry that is made of mini bridal. You can see the unique jewelry that is made of mini bridal. You can see the unique jewelry that is made of mini bridal. You can see the unique jewelry that is made of mini bridal. You can see the unique jewelry that is made of mini bridal. You can see the unique jewelry that is made of mini bridal. You can see the unique jewelry that is made of mini bridal. You can see the unique jewelry that is made of mini bridal. You can see the unique jewelry that is made of mini bridal. You can see the unique jewelry that is made of mini bridal. You can see the unique jewelry that is made of mini bridal. You can see the unique jewelry that is made of mini bridal. You can see the unique jewelry that is made of mini bridal. in quality, the minimbrile is also running. can be used only in the whole cellar.","English","","","","","","","","Facebook / Instagram","instagram.com/s.r.p_imitation_jewellery","","#srp #fashion #mumbai #jewelryaddict #trendingreels #imitation #wholesaler #jewelry #trending #virel  @s.r.p_imitation_jewellery  @rahulsuthar534  . . . 📍Shamseth Street Chippi chal Mumbai zaveri bazar 400 002","http://instagram.com/s.r.p_imitation_jewellery","instagram.com","https://video-bom5-2.xx.fbcdn.net/o1/v/t2/f2/m86/AQOFx65dyAqEFvB2tULVMx-fjG-NcKK6FLm5Cji5lZeLt1zQvEhupTn6pLbtK1hZwLmM61Oie5uR3EzNv4tZ9P5EPyc9bcrvhL-Jtug.mp4?_nc_cat=102&_nc_sid=b66105&_nc_ht=video-bom5-2.xx.fbcdn.net&_nc_ohc=-QYwev20v4QQ7kNvwG1eiLs&efg=eyJ2ZW5jb2RlX3RhZyI6Inhwdl9wcm9ncmVzc2l2ZS5WSV9VU0VDQVNFX1BST0RVQ1RfVFlQRS4uQzMuNzIwLmRhc2hfYmFzZWxpbmVfMV92MSIsInhwdl9hc3NldF9pZCI6ODIyMjU4MDEzNjk0OTM5LCJhc3NldF9hZ2VfZGF5cyI6MzY5LCJ2aV91c2VjYXNlX2lkIjoxMDA5OSwiZHVyYXRpb25fcyI6MzAsInVybGdlbl9zb3VyY2UiOiJ3d3cifQ%3D%3D&ccb=17-1&vs=e3f9be71246caf70&_nc_vs=HBksFQIYUmlnX3hwdl9yZWVsc19wZXJtYW5lbnRfc3JfcHJvZC81NzRGQTI5MUJBQjc0QUNERkU0MDA5RjZDQjBFQjlCM192aWRlb19kYXNoaW5pdC5tcDQVAALIARIAFQIYRmlnX3hwdl9yZWVsc19wZXJtYW5lbnRfc3JfcHJvZC83ODY5MjE1NjM5NDU1NTBfODYzMzg1NTEwMzU2ODI5NDM1Ni5tcDQVAgLIARIAKAAYABsCiAd1c2Vfb2lsATEScHJvZ3Jlc3NpdmVfcmVjaXBlATEVAAAmtq-Pzdv19QIVAigCQzMsF0A-btkWhysCGBJkYXNoX2Jhc2VsaW5lXzFfdjERAHUAZeadAQA&_nc_gid=Rkk6mgET5hp17cavgMZZuQ&_nc_ss=7b289&_nc_zt=28&oh=00_AQNWmwet5AMDI2dWI8n2SM7ILhls-ecjqnFaQYAupO-c6w&oe=6AC926FB","IN","2026-10-08 07:23"
"s.r.p_imitation_jewellery","752755024581357","1516643769334968","https://www.facebook.com/ads/library/?id=1516643769334968","Inactive","Stopped","","2025-10-07","2025-10-15","8","","","","","INR","1","","","","","","","","","","VIDEO","","23","instagram","VIEW_INSTAGRAM_PROFILE","","","","Creator / UGC","English","","","No speech (music only)","","","","","","","","Facebook / Instagram","instagram.com/s.r.p_imitation_jewellery","","#srp #fashion #mumbai #jewelryaddict #trendingreels #imitation #wholesaler #jewelry #virel #trending  @s.r.p_imitation_jewellery  @rahulsuthar534","http://instagram.com/s.r.p_imitation_jewellery","instagram.com","https://video-bom2-4.xx.fbcdn.net/o1/v/t2/f2/m412/AQOnAoKOVCHwiS4gH51RovP_FOEpqsNUWTmm9t7pvcembmJFMDS8FL84tM3HyY37dKD7YlBZsg0nNJq6mob12ba72ax75jMMx_2X6ZhfVg.mp4?_nc_cat=107&_nc_sid=ef5aa3&_nc_ht=video-bom2-4.xx.fbcdn.net&_nc_ohc=4_-M1OhcB0YQ7kNvwE7O7kq&efg=eyJ2ZW5jb2RlX3RhZyI6Inhwdl9wcm9ncmVzc2l2ZS5WSV9VU0VDQVNFX1BST0RVQ1RfVFlQRS4uQzMuMzYwLnN2ZV9zZCIsInhwdl9hc3NldF9pZCI6ODEzNzk0NTU0MzczMTQwLCJhc3NldF9hZ2VfZGF5cyI6MzY1LCJ2aV91c2VjYXNlX2lkIjoxMDEyMiwiZHVyYXRpb25fcyI6MjMsInVybGdlbl9zb3VyY2UiOiJ3d3cifQ%3D%3D&ccb=17-1&_nc_gid=LRkAWrXyY8HzmSE-EbbgHA&_nc_ss=7b289&_nc_zt=28&oh=00_AQOWybI6xAWb5GJG9B3MJ4c2hn3pmUQHKZ2KFTxlG2d-jg&oe=6ACCFADB","IN","2026-10-08 07:23"
"s.r.p_imitation_jewellery","752755024581357","1563724291283903","https://www.facebook.com/ads/library/?id=1563724291283903","Inactive","Stopped","","2025-10-20","2025-10-28","8","","","","","INR","1","","","","","","","","","","VIDEO","","29","instagram","VIEW_INSTAGRAM_PROFILE","","","","Creator / UGC","English","","","No speech (music only)","","","","","","","","Facebook / Instagram","instagram.com/s.r.p_imitation_jewellery","","#srp #fashion #mumbai #jewelryaddict #trendingreels #imitation #wholesaler #jewelry #virel #trending  @rahulsuthar534  @s.r.p_imitation_jewellery","http://instagram.com/s.r.p_imitation_jewellery","instagram.com","https://video-bom2-4.xx.fbcdn.net/o1/v/t2/f2/m412/AQP-ES-EgVO0hzHNliUdrKAoNMZURV2oc7truixLc2hjP6n2LneOB-X9Ya4qnRv0XvE5-vzHc9YBxROrVI7g5tHyTFXW9Z7HbUGqeP0I8A.mp4?_nc_cat=107&_nc_sid=ef5aa3&_nc_ht=video-bom2-4.xx.fbcdn.net&_nc_ohc=Y0qjaTNiGWIQ7kNvwG0w2r7&efg=eyJ2ZW5jb2RlX3RhZyI6Inhwdl9wcm9ncmVzc2l2ZS5WSV9VU0VDQVNFX1BST0RVQ1RfVFlQRS4uQzMuMzYwLnN2ZV9zZCIsInhwdl9hc3NldF9pZCI6NjExMjkyODE1MzA2NjUyLCJhc3NldF9hZ2VfZGF5cyI6MzUyLCJ2aV91c2VjYXNlX2lkIjoxMDEyMiwiZHVyYXRpb25fcyI6MjgsInVybGdlbl9zb3VyY2UiOiJ3d3cifQ%3D%3D&ccb=17-1&_nc_gid=LRkAWrXyY8HzmSE-EbbgHA&_nc_ss=7b289&_nc_zt=28&oh=00_AQNYFZbaXBPS5QU1RfPz0k3Mt5kc532a3VWUwo4Y2Pif2A&oe=6ACD0CF7","IN","2026-10-08 07:23"
"s.r.p_imitation_jewellery","752755024581357","1.80052E+15","https://www.facebook.com/ads/library/?id=1800523390569790","Inactive","Stopped","","2025-10-08","2025-10-16","8","","","","","INR","1","","","","","","","","","","VIDEO","","40","instagram","VIEW_INSTAGRAM_PROFILE","","","","Creator / UGC","English","I'm going to use the same color as the other one.","I'm going to use the same color as the other one. I'm going to go to the bathroom. I'm going to go to the bathroom. I'm going to go to the bathroom. I'm going to go to the bathroom. I'm going to go to the bathroom. I'm going to go to the bathroom. I'm going to go to the bathroom. I'm going to go to the bathroom. I'm going to go to the bathroom. I'm going to go to the bathroom. I'm going to go to the bathroom. I'm going to go to the bathroom. I'm going to go to the bathroom. I'm going to go to the bathroom. Thank you.","English","","","","","","","","Facebook / Instagram","instagram.com/s.r.p_imitation_jewellery","","#srp #fashion #mumbai #jewelryaddict #trendingreels #imitation #wholesaler #jewelry #virel #trending  @rahulsuthar534  @s.r.p_imitation_jewellery","http://instagram.com/s.r.p_imitation_jewellery","instagram.com","https://video-bom5-1.xx.fbcdn.net/o1/v/t2/f2/m412/AQNim4a9NcI8l7ABDtkfpdaoF8mKIvL8rFVSrl3alUrMv35TY5DwuHkx1hYwF2b-hMA72OgBGHQiDsAKVeNqU4deWrVCQqKP1-7yp78OYw.mp4?_nc_cat=105&_nc_sid=ef5aa3&_nc_ht=video-bom5-1.xx.fbcdn.net&_nc_ohc=7vaBQTtfUc0Q7kNvwEeeoh5&efg=eyJ2ZW5jb2RlX3RhZyI6Inhwdl9wcm9ncmVzc2l2ZS5WSV9VU0VDQVNFX1BST0RVQ1RfVFlQRS4uQzMuMzYwLnN2ZV9zZCIsInhwdl9hc3NldF9pZCI6MTM0MzY0MDkyNzM4NTU4MCwiYXNzZXRfYWdlX2RheXMiOjM2NCwidmlfdXNlY2FzZV9pZCI6MTAxMjIsImR1cmF0aW9uX3MiOjQwLCJ1cmxnZW5fc291cmNlIjoid3d3In0%3D&ccb=17-1&_nc_gid=A5e1ogu9oqyBUMWxqjVZoQ&_nc_ss=7b289&_nc_zt=28&oh=00_AQPIOkxltuS0VErsuD5ofhPArnbII3W_xa12c1IbXVkdDA&oe=6ACD08D5","IN","2026-10-08 07:23"
"s.r.p_imitation_jewellery","752755024581357","24777372708581121","https://www.facebook.com/ads/library/?id=24777372708581121","Inactive","Stopped","","2025-10-06","2025-10-14","8","","","","","INR","1","","","","","","","","","","VIDEO","","21","instagram","VIEW_INSTAGRAM_PROFILE","","","","Creator / UGC","English","My love for this day is just a day of our, there's every day that I'm with you.","My love for this day is just a day of our, there's every day that I'm with you. It's making the sky just more brighter than blue and making this day. Oh yes, there's never, there's every day that I'm with you. It's taking my dreams I make.","English","","","","","","","","Facebook / Instagram","instagram.com/s.r.p_imitation_jewellery","","#srp #fashion #mumbai #jewelryaddict #trendingreels #imitation #wholesaler #virel  @s.r.p_imitation_jewellery  @rahulsuthar534","http://instagram.com/s.r.p_imitation_jewellery","instagram.com","https://video-bom2-4.xx.fbcdn.net/o1/v/t2/f2/m412/AQMvtgcnlrXgtkirVblCvYC5JMdDrWbioQx1RZWedPH4bKMC7mby4PGNrLjnyvBLr8pWpcdVBq-uKjmY329JQjfqa_ce3ZOFXn812zH2UA.mp4?_nc_cat=106&_nc_sid=ef5aa3&_nc_ht=video-bom2-4.xx.fbcdn.net&_nc_ohc=9qp9_rsOpPgQ7kNvwHkAy6x&efg=eyJ2ZW5jb2RlX3RhZyI6Inhwdl9wcm9ncmVzc2l2ZS5WSV9VU0VDQVNFX1BST0RVQ1RfVFlQRS4uQzMuMzYwLnN2ZV9zZCIsInhwdl9hc3NldF9pZCI6ODA3MjI3NjYxNzg2MjA3LCJhc3NldF9hZ2VfZGF5cyI6MzY2LCJ2aV91c2VjYXNlX2lkIjoxMDEyMiwiZHVyYXRpb25fcyI6MjEsInVybGdlbl9zb3VyY2UiOiJ3d3cifQ%3D%3D&ccb=17-1&_nc_gid=MlQHNW6w3977D4UFo-H_Dg&_nc_ss=7b289&_nc_zt=28&oh=00_AQMgXOM3a-zNxhF9QP1GH73F0rPHMZ6rD1qdXUuKp379iw&oe=6ACD1974","IN","2026-10-08 07:23"
"s.r.p_imitation_jewellery","752755024581357","806287738670489","https://www.facebook.com/ads/library/?id=806287738670489","Inactive","Stopped","","2025-10-25","2025-11-02","8","","","","","INR","1","","","","","","","","","","VIDEO","","25","instagram","VIEW_INSTAGRAM_PROFILE","","","","Creator / UGC","English","Hello friends, welcome to SRP Medicine.","Hello friends, welcome to SRP Medicine. Today we will get a new design of Bridal. In this way we have a full shadow available. This is the color available. Green is available. And you will get more colors in the dark. And another color will also be available in the LCD. On the screen we have given the number. You can contact. Just contact us. The retailer is absolutely not doing it. Only the wholesaler can contact us.","English","","","","","","","","Facebook / Instagram","instagram.com/s.r.p_imitation_jewellery","","#srp #fashion #mumbai #jewelryaddict #trendingreels #imitation #wholesaler #jewelry #virel #trending  @rahulsuthar534  @s.r.p_imitation_jewellery","http://instagram.com/s.r.p_imitation_jewellery","instagram.com","https://video-bom5-2.xx.fbcdn.net/o1/v/t2/f2/m86/AQPDIz7K9yj0io7hCT8IHGe97gsLRiJ9eH4hjUVI7pOzZM0CzG5MVtzRGRb8nspVxgLNztUtAHFoVGmgGS4tT62meonA_dRjWQFMAyw.mp4?_nc_cat=104&_nc_sid=b66105&_nc_ht=video-bom5-2.xx.fbcdn.net&_nc_ohc=IOpPfWQw7vQQ7kNvwFV7zi2&efg=eyJ2ZW5jb2RlX3RhZyI6Inhwdl9wcm9ncmVzc2l2ZS5WSV9VU0VDQVNFX1BST0RVQ1RfVFlQRS4uQzMuNzIwLmRhc2hfYmFzZWxpbmVfMV92MSIsInhwdl9hc3NldF9pZCI6MTQ3MzcxMjk3MDM1MjQzMywiYXNzZXRfYWdlX2RheXMiOjM0NywidmlfdXNlY2FzZV9pZCI6MTAwOTksImR1cmF0aW9uX3MiOjI1LCJ1cmxnZW5fc291cmNlIjoid3d3In0%3D&ccb=17-1&vs=48520eb4c695a40f&_nc_vs=HBksFQIYUmlnX3hwdl9yZWVsc19wZXJtYW5lbnRfc3JfcHJvZC9ENzRFRTU0NTE1RTk4QUUzMTIyODkwODJFOTAxQzJBRF92aWRlb19kYXNoaW5pdC5tcDQVAALIARIAFQIYR2lnX3hwdl9yZWVsc19wZXJtYW5lbnRfc3JfcHJvZC8xMTE4MDg3NTk3MDYwMzU2XzI0MzIwODc0OTY2NTIwNTAzMjQubXA0FQICyAESACgAGAAbAogHdXNlX29pbAExEnByb2dyZXNzaXZlX3JlY2lwZQExFQAAJuKcyqGxlZ4FFQIoAkMzLBdAOSIMSbpeNRgSZGFzaF9iYXNlbGluZV8xX3YxEQB1AGXmnQEA&_nc_gid=OHXHi-e4ELM2-A5NPe7hVA&_nc_ss=7b289&_nc_zt=28&oh=00_AQMlqWizw7wX6c4bZSvUXscLu5EfssHmUvgiHEXkc7UJug&oe=6AC92825","IN","2026-10-08 07:23"
"s.r.p_imitation_jewellery","752755024581357","1533796901402164","https://www.facebook.com/ads/library/?id=1533796901402164","Inactive","Stopped","","2025-09-30","2025-10-08","8","","","","","INR","1","","","","","","","","","","VIDEO","","42","instagram","VIEW_INSTAGRAM_PROFILE","","","","Creator / UGC","English","Music Thank you.","Music Thank you.","English","","","","","","","","Facebook / Instagram","instagram.com/s.r.p_imitation_jewellery","","#srp #fashion #mumbai #jewelryaddict #trendingreels #imitation #wholesaler #jewelry #virel  @s.r.p_imitation_jewellery  @rahulsuthar534","http://instagram.com/s.r.p_imitation_jewellery","instagram.com","https://video-bom5-2.xx.fbcdn.net/o1/v/t2/f2/m412/AQO1gHin535w1MmXGL3ueQAvIkndpiKxsZM8siEV3lXRld3ZoTslkB9V_g4lpeQpgqF619Ob2BiVlsohydq6tz0xEjwvuIeEXZlimOf7zw.mp4?_nc_cat=104&_nc_sid=ef5aa3&_nc_ht=video-bom5-2.xx.fbcdn.net&_nc_ohc=X7GL0cc-SL4Q7kNvwEOFwA1&efg=eyJ2ZW5jb2RlX3RhZyI6Inhwdl9wcm9ncmVzc2l2ZS5WSV9VU0VDQVNFX1BST0RVQ1RfVFlQRS4uQzMuMzYwLnN2ZV9zZCIsInhwdl9hc3NldF9pZCI6MTY5Mzg1MzQyODY2NzU4MCwiYXNzZXRfYWdlX2RheXMiOjM3MiwidmlfdXNlY2FzZV9pZCI6MTAxMjIsImR1cmF0aW9uX3MiOjQxLCJ1cmxnZW5fc291cmNlIjoid3d3In0%3D&ccb=17-1&_nc_gid=OHXHi-e4ELM2-A5NPe7hVA&_nc_ss=7b289&_nc_zt=28&oh=00_AQMrjT4CWJ9MY8e5E9JUaVAyNlzBopoX48gfgyYH-SQQtg&oe=6ACD2312","IN","2026-10-08 07:23"
"s.r.p_imitation_jewellery","752755024581357","1100734715558341","https://www.facebook.com/ads/library/?id=1100734715558341","Inactive","Stopped","","2025-10-16","2025-10-24","8","","","","","INR","1","","","","","","","","","","VIDEO","","30","instagram","VIEW_INSTAGRAM_PROFILE","","","","Creator / UGC","English","","","No speech (music only)","","","","","","","","Facebook / Instagram","instagram.com/s.r.p_imitation_jewellery","","#srp #fashion #mumbai #jewelryaddict #trendingreels #imitation #wholesaler #jewelry #virel #trending  @s.r.p_imitation_jewellery  @rahulsuthar534","http://instagram.com/s.r.p_imitation_jewellery","instagram.com","https://video-bom2-3.xx.fbcdn.net/o1/v/t2/f2/m412/AQOFyU9VxZXQaOfElaU1iK4-F7auHsxL0Si6EFiQ08-vczbZUrualGvOz1shmrcf5F116wmqNz5AIDMVIlbYecXBD-zKj68WRt6NbGfwfQ.mp4?_nc_cat=101&_nc_sid=ef5aa3&_nc_ht=video-bom2-3.xx.fbcdn.net&_nc_ohc=b79YMIZCmOQQ7kNvwH32MAV&efg=eyJ2ZW5jb2RlX3RhZyI6Inhwdl9wcm9ncmVzc2l2ZS5WSV9VU0VDQVNFX1BST0RVQ1RfVFlQRS4uQzMuMzYwLnN2ZV9zZCIsInhwdl9hc3NldF9pZCI6MjYzNzE4ODA0MzI4NDIwOCwiYXNzZXRfYWdlX2RheXMiOjM1NiwidmlfdXNlY2FzZV9pZCI6MTAxMjIsImR1cmF0aW9uX3MiOjI5LCJ1cmxnZW5fc291cmNlIjoid3d3In0%3D&ccb=17-1&_nc_gid=2ISBOagTjaUQvCNsku8_VQ&_nc_ss=7b289&_nc_zt=28&oh=00_AQOTGjlTpG6EQQKATbb4BXFpqmS5nSk02KUr5tbLZXGSBw&oe=6ACD0F39","IN","2026-10-08 07:23"
"s.r.p_imitation_jewellery","752755024581357","1140023661645613","https://www.facebook.com/ads/library/?id=1140023661645613","Inactive","Stopped","","2025-10-17","2025-10-25","8","","","","","INR","1","","","","","","","","","","VIDEO","","38","instagram","VIEW_INSTAGRAM_PROFILE","","","","Creator / UGC","English","Hello friends, welcome to SRV Mitration Jail.","Hello friends, welcome to SRV Mitration Jail. Today I am going to show you the new range of earrings. This is the new one. This is the new one. This is the new one. This is the new one. This is the new one. This is the new one. This is the new one. This is the new one. This is the new one. This is the new one. This is the new one. concept and the new range. Color range will be improved. Design is also available. T-Caring is also available. Jume is also available. Yarrings is available. We can make a video on screen to contact us. Only Hullshader can contact us.","English","","","","","","","","Facebook / Instagram","instagram.com/s.r.p_imitation_jewellery","","#srp #fashion #mumbai #jewelryaddict #trendingreels #imitation #wholesaler #jewelry #virel #trending  @s.r.p_imitation_jewellery  @rahulsuthar534","http://instagram.com/s.r.p_imitation_jewellery","instagram.com","https://video-bom5-1.xx.fbcdn.net/o1/v/t2/f2/m86/AQPn7gy5olrV12-pGP24xYifjwICUb_2zEDPGzkRQF13ltkteZUzR907GR-ImQXZ7WB4ZzySr4LMAWL2E6a38anVIBSySVf0ge-47Mc.mp4?_nc_cat=109&_nc_sid=b66105&_nc_ht=video-bom5-1.xx.fbcdn.net&_nc_ohc=Q0lQinmn3f0Q7kNvwHa8H0Y&efg=eyJ2ZW5jb2RlX3RhZyI6Inhwdl9wcm9ncmVzc2l2ZS5WSV9VU0VDQVNFX1BST0RVQ1RfVFlQRS4uQzMuNzIwLmRhc2hfYmFzZWxpbmVfMV92MSIsInhwdl9hc3NldF9pZCI6MTUyMjE5MTE2MjI1ODYxNiwiYXNzZXRfYWdlX2RheXMiOjM1NSwidmlfdXNlY2FzZV9pZCI6MTAwOTksImR1cmF0aW9uX3MiOjM3LCJ1cmxnZW5fc291cmNlIjoid3d3In0%3D&ccb=17-1&vs=7db90737f195516d&_nc_vs=HBksFQIYUmlnX3hwdl9yZWVsc19wZXJtYW5lbnRfc3JfcHJvZC84QzQyNzU4MjI1NEUyQ0Y5MzQyQjA4Qjc0MkIwNUE4Q192aWRlb19kYXNoaW5pdC5tcDQVAALIARIAFQIYSGlnX3hwdl9yZWVsc19wZXJtYW5lbnRfc3JfcHJvZC8yNTAwMDI2MDA5MjkwMzQzN18xODkzMzM5NzAzMjM3MjI2ODA0Lm1wNBUCAsgBEgAoABgAGwKIB3VzZV9vaWwBMRJwcm9ncmVzc2l2ZV9yZWNpcGUBMRUAACbw0o34l5u0BRUCKAJDMywXQELEOVgQYk4YEmRhc2hfYmFzZWxpbmVfMV92MREAdQBl5p0BAA&_nc_gid=WiAh71uMZ-VxS1XkIn4hTA&_nc_ss=7b289&_nc_zt=28&oh=00_AQP8SWVwodgh3jcZ7GLznWVlptU0n_k_ExDrW2yY0b5tUg&oe=6AC91E42","IN","2026-10-08 07:23"
"s.r.p_imitation_jewellery","752755024581357","814532494632069","https://www.facebook.com/ads/library/?id=814532494632069","Inactive","Stopped","","2025-10-22","2025-10-30","8","","","","","INR","1","","","","","","","","","","VIDEO","","16","instagram","VIEW_INSTAGRAM_PROFILE","","","","Creator / UGC","English","","","No speech (music only)","","","","","","","","Facebook / Instagram","instagram.com/s.r.p_imitation_jewellery","","#srp #fashion #mumbai #jewelryaddict #trendingreels #imitation #wholesaler #jewelry #virel #trending  @rahulsuthar534  @s.r.p_imitation_jewellery","http://instagram.com/s.r.p_imitation_jewellery","instagram.com","https://video-bom5-1.xx.fbcdn.net/o1/v/t2/f2/m412/AQMRZcYpzPQVTQIEkl8TQQgMj0aq9qIZg6emwSOm0OheWDsE5sTsKmf-2bFndinHYhV1kUZvHleMC-wCYrzgIOVBtr401-wjeLIm7YJZ1g.mp4?_nc_cat=105&_nc_sid=ef5aa3&_nc_ht=video-bom5-1.xx.fbcdn.net&_nc_ohc=knxr0GNQYxIQ7kNvwH_xF70&efg=eyJ2ZW5jb2RlX3RhZyI6Inhwdl9wcm9ncmVzc2l2ZS5WSV9VU0VDQVNFX1BST0RVQ1RfVFlQRS4uQzMuMzYwLnN2ZV9zZCIsInhwdl9hc3NldF9pZCI6MTQ1NzYwNTIxMjAxMTU5NiwiYXNzZXRfYWdlX2RheXMiOjM1MCwidmlfdXNlY2FzZV9pZCI6MTAxMjIsImR1cmF0aW9uX3MiOjE1LCJ1cmxnZW5fc291cmNlIjoid3d3In0%3D&ccb=17-1&_nc_gid=c6yda1GqroMTnSpNJ10ipQ&_nc_ss=7b289&_nc_zt=28&oh=00_AQNDIMqsPG0Vm_7dK1PnxPL77daeIDC5rEVVpCW6u-ps9g&oe=6ACD0831","IN","2026-10-08 07:23"
"s.r.p_imitation_jewellery","752755024581357","1645693536409295","https://www.facebook.com/ads/library/?id=1645693536409295","Inactive","Stopped","","2025-10-23","2025-10-31","8","","","","","INR","1","","","","","","","","","","VIDEO","","28","instagram","VIEW_INSTAGRAM_PROFILE","","","","Creator / UGC","English","Baby, once I've won kids I've trippin' on you","Baby, once I've won kids I've trippin' on you Lately you changed the game I feel it brand new Never had nobody do it quite like this Learnin' love over again Baby all it took was one look, we made it out of this act We can talk for hours and hours and it don't ever feel feel always big","English","","","","","","","","Facebook / Instagram","instagram.com/s.r.p_imitation_jewellery","","#srp #fashion #mumbai #jewelryaddict #trendingreels #imitation #wholesaler #jewelry #virel #trending  @rahulsuthar534  @s.r.p_imitation_jewellery","http://instagram.com/s.r.p_imitation_jewellery","instagram.com","https://video-bom5-2.xx.fbcdn.net/o1/v/t2/f2/m412/AQNxw2OchIsigI4jIYMQ3nadVjeyddoq07zu5RE6gr1XdGuXIO_hxxUamzIqBxiH03h2MDZyg0QDKdHUA110yfEUndguiLSmALP2mRabVg.mp4?_nc_cat=108&_nc_sid=ef5aa3&_nc_ht=video-bom5-2.xx.fbcdn.net&_nc_ohc=cetWiKjCAJEQ7kNvwHAakq5&efg=eyJ2ZW5jb2RlX3RhZyI6Inhwdl9wcm9ncmVzc2l2ZS5WSV9VU0VDQVNFX1BST0RVQ1RfVFlQRS4uQzMuMzYwLnN2ZV9zZCIsInhwdl9hc3NldF9pZCI6MjcwNzUwMjAzMjkyNjg4MywiYXNzZXRfYWdlX2RheXMiOjM0OSwidmlfdXNlY2FzZV9pZCI6MTAxMjIsImR1cmF0aW9uX3MiOjI4LCJ1cmxnZW5fc291cmNlIjoid3d3In0%3D&ccb=17-1&_nc_gid=c6yda1GqroMTnSpNJ10ipQ&_nc_ss=7b289&_nc_zt=28&oh=00_AQPzeYp1xsz9zme4ehJxiGfJAJL7fPdb8YAH16jDfvYt_Q&oe=6ACD1C06","IN","2026-10-08 07:23"
"s.r.p_imitation_jewellery","752755024581357","4433151646912787","https://www.facebook.com/ads/library/?id=4433151646912787","Inactive","Stopped","","2025-10-13","2025-10-21","8","","","","","INR","1","","","","","","","","","","VIDEO","","27","instagram","VIEW_INSTAGRAM_PROFILE","","","","Creator / UGC","English","","","No speech (music only)","","","","","","","","Facebook / Instagram","instagram.com/s.r.p_imitation_jewellery","","#srp #fashion #mumbai #jewelryaddict #trendingreels #imitation #wholesaler #jewelry #virel #trending  @s.r.p_imitation_jewellery  @rahulsuthar534","http://instagram.com/s.r.p_imitation_jewellery","instagram.com","https://video-bom2-4.xx.fbcdn.net/o1/v/t2/f2/m412/AQNBJfTN4uyq5r3Gs1NVCTq6FWsKGvt3GR9aJnRFc-o3RWRFULGg6EB1TNLuFqC5tVZF7jYpQuvgoCfyTh_pnLpjAa-ljAroxi24MSZDsA.mp4?_nc_cat=107&_nc_sid=ef5aa3&_nc_ht=video-bom2-4.xx.fbcdn.net&_nc_ohc=m2l3KzVBZzYQ7kNvwELq6WC&efg=eyJ2ZW5jb2RlX3RhZyI6Inhwdl9wcm9ncmVzc2l2ZS5WSV9VU0VDQVNFX1BST0RVQ1RfVFlQRS4uQzMuMzYwLnN2ZV9zZCIsInhwdl9hc3NldF9pZCI6ODI5ODUxNjA5NzI2MzUwLCJhc3NldF9hZ2VfZGF5cyI6MzU5LCJ2aV91c2VjYXNlX2lkIjoxMDEyMiwiZHVyYXRpb25fcyI6MjcsInVybGdlbl9zb3VyY2UiOiJ3d3cifQ%3D%3D&ccb=17-1&_nc_gid=c6yda1GqroMTnSpNJ10ipQ&_nc_ss=7b289&_nc_zt=28&oh=00_AQM9r9pyWwBquV7ALuAqvmwFIgh_DQ9zPu1Vg6Ir04m74Q&oe=6ACCF03B","IN","2026-10-08 07:23"
"s.r.p_imitation_jewellery","752755024581357","2254591135046598","https://www.facebook.com/ads/library/?id=2254591135046598","Inactive","Stopped","","2025-10-01","2025-10-09","8","","","","","INR","1","","","","","","","","","","VIDEO","","","instagram","VIEW_INSTAGRAM_PROFILE","","","","Creator / UGC","English","","","","","","","","","","","Facebook / Instagram","instagram.com/s.r.p_imitation_jewellery","","#Srp #fashion #mumbai #jewelryaddict #trendingreels #imitation #wholesaler #jewelry #trending #virel  @s.r.p_imitation_jewellery  @rahulsuthar534","http://instagram.com/s.r.p_imitation_jewellery","instagram.com","https://video-bom5-1.xx.fbcdn.net/o1/v/t2/f2/m412/AQOspnqbhJl5xEeAKQc42Xw8k_RRBQEcnNDL0ZAtr9ApM67qF39wvcXYEFWWHxr21mFz7LZZJiHnShJ49tASPsBaSsObkWHxAh4OzEuHZg.mp4?_nc_cat=109&_nc_sid=ef5aa3&_nc_ht=video-bom5-1.xx.fbcdn.net&_nc_ohc=y2JN3Rx7I1IQ7kNvwFrXOmK&efg=eyJ2ZW5jb2RlX3RhZyI6Inhwdl9wcm9ncmVzc2l2ZS5WSV9VU0VDQVNFX1BST0RVQ1RfVFlQRS4uQzMuMzYwLnN2ZV9zZCIsInhwdl9hc3NldF9pZCI6MTEwMDI5NDQ1NTIwMDg0MywiYXNzZXRfYWdlX2RheXMiOjM3MSwidmlfdXNlY2FzZV9pZCI6MTAxMjIsImR1cmF0aW9uX3MiOjIzLCJ1cmxnZW5fc291cmNlIjoid3d3In0%3D&ccb=17-1&_nc_gid=qXcVawRaZRPYq1FBJLgnRA&_nc_ss=7b289&_nc_zt=28&oh=00_AQNalni1t8uek5mCzofpO5he4qynvCynyK0UttQN6oC1Ug&oe=6ACCFA75","IN","2026-10-08 07:23"
"flawless__jewellery","103533452634683","2012909505922618","https://www.facebook.com/ads/library/?id=2012909505922618","Inactive","Stopped","","2025-10-04","2025-10-12","8","","","","","INR","1","","","","","","","","","","VIDEO","","8","instagram","VIEW_INSTAGRAM_PROFILE","","","","New launch; Premium / quality","English","I'm gonna be back in the next video","I'm gonna be back in the next video","English","","","","","","","","Facebook / Instagram","instagram.com/flawless__jewellery","","stack the new look with our Eternity Rings in various colours 😍💍 #jewelry #jewellery #jewelrydesigner #diamonds #diamond #diamondjewelry #diamondjewellery #diamondbracelet #bangles #bangle #finejewelry #finejewellery #personalisedjewellery #personalizedjewelry #diamondgift #banglejewellery #diamondbangle #solitaire #charms #musthavejewelry #finejewelrydesign #luxuryjewelry #luxuryjewellery #18kgold #18karat #diamondsetting #preciousstones #middleeast #middleeastern #gcc","http://instagram.com/flawless__jewellery","instagram.com","https://video-bom5-2.xx.fbcdn.net/o1/v/t2/f2/m86/AQNh7c6NyvxVKJ13Cr1wxfg35E79c15f_DG9su7Um68RaYK-jIivzwYOTKo7X_nwWAE7Mq-3eA5sWfuBskQxZlyiPSJQg8L8ef1hw4A.mp4?_nc_cat=104&_nc_sid=b66105&_nc_ht=video-bom5-2.xx.fbcdn.net&_nc_ohc=lav-3XOenaoQ7kNvwGB_O8L&efg=eyJ2ZW5jb2RlX3RhZyI6Inhwdl9wcm9ncmVzc2l2ZS5WSV9VU0VDQVNFX1BST0RVQ1RfVFlQRS4uQzMuMzYwLmRhc2hfYmFzZWxpbmVfM192MSIsInhwdl9hc3NldF9pZCI6NzM2MjEyNzM2MTMyMTAyLCJhc3NldF9hZ2VfZGF5cyI6MzY4LCJ2aV91c2VjYXNlX2lkIjoxMDA5OSwiZHVyYXRpb25fcyI6NywidXJsZ2VuX3NvdXJjZSI6Ind3dyJ9&ccb=17-1&vs=12fd9e50dd0242f4&_nc_vs=HBksFQIYUmlnX3hwdl9yZWVsc19wZXJtYW5lbnRfc3JfcHJvZC80MjRDMkVDMkU3OUI4MjEzM0I2QjhBRjVERjBGRThCRV92aWRlb19kYXNoaW5pdC5tcDQVAALIARIAFQIYRmlnX3hwdl9yZWVsc19wZXJtYW5lbnRfc3JfcHJvZC8yOTkzNjk4Mzg0MTUyOTY1XzczMDQ4OTQ3OTUwOTcyMDc1OC5tcDQVAgLIARIAKAAYABsCiAd1c2Vfb2lsATEScHJvZ3Jlc3NpdmVfcmVjaXBlATEVAAAmjJDuqZzlzgIVAigCQzMsF0AeiDEm6XjVGBJkYXNoX2Jhc2VsaW5lXzNfdjERAHUAZeadAQA&_nc_gid=Rkk6mgET5hp17cavgMZZuQ&_nc_ss=7b289&_nc_zt=28&oh=00_AQN7ui_p28JWjsuhmsXCJoZFnhdF1RwcTkUJ30KX-xUwHA&oe=6AC91299","IN","2026-10-08 07:23"
"flawless__jewellery","103533452634683","1299115561495844","https://www.facebook.com/ads/library/?id=1299115561495844","Inactive","Stopped","","2025-10-18","2025-10-26","8","","","","","INR","1","","","","","","","","","","VIDEO","","5","instagram","VIEW_INSTAGRAM_PROFILE","","","","Premium / quality","English","","","No speech (music only)","","","","","","","","Facebook / Instagram","instagram.com/flawless__jewellery","","It’s time to get your bangle and choose your charms. Make your wrist as unique as you are. 💍💎✨😌 #jewelry #jewellery #jewelrydesigner #diamonds #diamond #diamondjewelry #diamondjewellery #diamondbracelet #bangles #bangle #finejewelry #finejewellery #personalizedjewelry #banglejewellery #diamondbangle #solitaire #charms #finejewelrydesign #luxuryjewelry #luxuryjewellery #18kgold #18karat","http://instagram.com/flawless__jewellery","instagram.com","https://video-bom5-1.xx.fbcdn.net/o1/v/t2/f2/m86/AQMkVRbpBHswUl5oaQ949KO607lrP9xcUXf9I0E2tJNygIeZSMb2UA1CALH4Yjsz1aL4bCdQcNXn8PPkdrThF2K-DGO30ZUc1Ins_-k.mp4?_nc_cat=111&_nc_sid=b66105&_nc_ht=video-bom5-1.xx.fbcdn.net&_nc_ohc=TukD6JTn0fwQ7kNvwHXS5WL&efg=eyJ2ZW5jb2RlX3RhZyI6Inhwdl9wcm9ncmVzc2l2ZS5WSV9VU0VDQVNFX1BST0RVQ1RfVFlQRS4uQzMuMzYwLmRhc2hfYmFzZWxpbmVfM192MSIsInhwdl9hc3NldF9pZCI6MTIxMjkzNTMwMzk5OTIxOSwiYXNzZXRfYWdlX2RheXMiOjM1NCwidmlfdXNlY2FzZV9pZCI6MTAwOTksImR1cmF0aW9uX3MiOjUsInVybGdlbl9zb3VyY2UiOiJ3d3cifQ%3D%3D&ccb=17-1&vs=d2eee436733f6c20&_nc_vs=HBksFQIYUmlnX3hwdl9yZWVsc19wZXJtYW5lbnRfc3JfcHJvZC8xNDRFOTQ2Q0U3ODY5MDU2RjNDRDFGQUYxQzNDQThBN192aWRlb19kYXNoaW5pdC5tcDQVAALIARIAFQIYR2lnX3hwdl9yZWVsc19wZXJtYW5lbnRfc3JfcHJvZC8xMjM5NDE0NTg0NDMyMzQ2XzI3OTczMjYzNTI5MjQ5NTcxMTUubXA0FQICyAESACgAGAAbAogHdXNlX29pbAExEnByb2dyZXNzaXZlX3JlY2lwZQExFQAAJua78Z6QyqcEFQIoAkMzLBdAFTMzMzMzMxgSZGFzaF9iYXNlbGluZV8zX3YxEQB1AGXmnQEA&_nc_gid=ga7GbhSLG4LLwIFLuHMwOA&_nc_ss=7b289&_nc_zt=28&oh=00_AQMciRK2I1xDkk5zabOseIppPLqsDWWdsbCb9YnH0QcRKg&oe=6AC9140C","IN","2026-10-08 07:23"
"PAP Magazine","139539656770599","834151899148714","https://www.facebook.com/ads/library/?id=834151899148714","Inactive","Stopped","","2025-10-27","2025-11-04","8","","","","","INR","1","","","","","","","","","","CAROUSEL","10","","instagram","VIEW_INSTAGRAM_PROFILE","","","","Creator / UGC","English","","","","","","","","","","","Facebook / Instagram","instagram.com/_u/pap_magazine","","‘Canvas Couture’ exclusive for @pap_magazine published by @kangdm  ㅡ link in bio �Full Story link🔎 pap-magazine.com/canvas-couture —————�Photographer & Director @doma_dovgialo Assisted by @eddie.davi3s stylist @florentyna_syperek Assisted by @adam_pietraszewski @sotheavyteng DOP & Edit @awaisnouman Makeup & Hair @somerveille Set Design@marcoturcich Stills Retoucher @allina.retouch PA @emy.dentler Location @JoeGiacometStudio Starring @tatjanasaric @solidsilversister �—————�@gayeonlee_official @dreamsisterjane @shakilathebe @bibiy_official @raychustudios @mithridate.official @heiststudios @katherineelizabethmillinery @falke @offthehooklondonshoes @catarinadiasilva @deanlapchan @jennlee_official @tibi @annabel.b.jewellery @retrochicitaly @katieko.studio @thomassabo —————�#gayeonlee #dreamsisterjane #shakilathebe #bibiy #raychu #mithridate #heiststudios #katherineelizabethmillinery #falke #offthehooklondonshoes #catarinadiasilva #deanlapchan #jennlee #tibi #annabelbjewellery #retrochicitaly #katieko #thomassabo","https://www.instagram.com/_u/pap_magazine","instagram.com","https://scontent-bom5-1.xx.fbcdn.net/v/t39.35426-6/573438476_1158375892357482_6529300793673317114_n.jpg?_nc_cat=109&ccb=1-7&_nc_sid=c53f8f&_nc_ohc=kInD-F5NQ2EQ7kNvwHGpxmo&_nc_oc=Adr4PnsfT4-RlmHQolmeoOYMnqE9P9Ztk7nWQl-m5nIBXGiAggY3SHbKVz_A-9y7tuc&_nc_zt=14&_nc_ht=scontent-bom5-1.xx&_nc_gid=Rkk6mgET5hp17cavgMZZuQ&_nc_ss=7b289&oh=00_AQNL2-a1zI_H4b26Es4eOfwXqaA5PfGzJaFD6sI4ZSTnBg&oe=6ACCF67C","IN","2026-10-08 07:23"
"Shree Radhe Silver","261434050384596","794933723267010","https://www.facebook.com/ads/library/?id=794933723267010","Inactive","Stopped","","2025-10-02","2025-10-12","10","","","","","INR","1","","","","","","","","","","VIDEO","","22","facebook, instagram","VIEW_INSTAGRAM_PROFILE","Flat 20% off; Sale","","Diwali","Discount / offer; Problem → solution; Seasonal / festive","English","This is the most beautiful place","This is the most beautiful place This is the most beautiful place This is the most beautiful place This is the most beautiful place","English","","","","","","","","Facebook / Instagram","instagram.com/shreeradhesilverr","","Finally finally finally Big Diwali Sale Starts now. On And Above 5000/- rs Purchase Flat 20% Discount on All Italian Silver Jewellery.  Buy now and Grab This Discount now. Store Location : Shree Radhe Silver GF-05 Kailash Complex, Near Kashi Vishveshwar Mahadev Temple, Productivity Road, Alkapuri, Vadodara - 390007 For Orders And More Details Please DM Us Or Contact Us On 9638380280. #shreeradhesilver#sterlingsilver#tranding#explorepage#925silver#finejewellery#silver925#925sterlingsilver#diwali#sale","http://instagram.com/shreeradhesilverr","instagram.com","https://video-bom5-1.xx.fbcdn.net/o1/v/t2/f2/m86/AQNKrz6uoszNskXivBrIXUmEl-hbyjLLOkAU2RbZRvO50Gwe5GpT6X-rJd1muW64Z-6bzYtgltUJbhXIpSieGnyl0QASh7GDTImFoV8.mp4?_nc_cat=109&_nc_sid=b66105&_nc_ht=video-bom5-1.xx.fbcdn.net&_nc_ohc=G1vimMioDqcQ7kNvwHKeFl6&efg=eyJ2ZW5jb2RlX3RhZyI6Inhwdl9wcm9ncmVzc2l2ZS5WSV9VU0VDQVNFX1BST0RVQ1RfVFlQRS4uQzMuNzIwLmRhc2hfYmFzZWxpbmVfMV92MSIsInhwdl9hc3NldF9pZCI6MTIyNjg1MjQ2OTIzNzEwMywiYXNzZXRfYWdlX2RheXMiOjM3MCwidmlfdXNlY2FzZV9pZCI6MTAwOTksImR1cmF0aW9uX3MiOjIxLCJ1cmxnZW5fc291cmNlIjoid3d3In0%3D&ccb=17-1&vs=d13a708b9c2850e1&_nc_vs=HBksFQIYUmlnX3hwdl9yZWVsc19wZXJtYW5lbnRfc3JfcHJvZC8xNjQ5QTM3NzU4Q0U1M0U3NUE3OUZCNDMwNkVEMTdCOF92aWRlb19kYXNoaW5pdC5tcDQVAALIARIAFQIYR2lnX3hwdl9yZWVsc19wZXJtYW5lbnRfc3JfcHJvZC8xNjA4MzA1MjE2Nzk1NjM3XzU5MDk2MDQzMDI2NjQ2NTgyMTIubXA0FQICyAESACgAGAAbAogHdXNlX29pbAExEnByb2dyZXNzaXZlX3JlY2lwZQExFQAAJt6V95mb9K0EFQIoAkMzLBdANczMzMzMzRgSZGFzaF9iYXNlbGluZV8xX3YxEQB1AGXmnQEA&_nc_gid=qnNobFOVX8i1xTVPXN34jA&_nc_ss=7b289&_nc_zt=28&oh=00_AQPmAMZWScxgYQdUrh0PUIXvfywh5bjswvrQinTmLDMwSQ&oe=6AC90F86","IN","2026-10-08 07:23"
"AdsFlow","373008492573069","1210435536713552","https://www.facebook.com/ads/library/?id=1210435536713552","Inactive","Stopped","","2024-11-03","2026-04-06","519","","","","","INR","1","","","","","","","","","","","","","facebook, instagram, audience_network, messenger","","Free gift","200","","Social proof; Gifting; Benefit / claim","English","","","","","","","","","","","No link","","","What % of your ad success is luck? 🤔 The fastest growing brands in the world like AG1, True Classic Tees & Harry's don't rely on luck and neither should you! 💯 🔥 We've selected 550+ of our top-performing static ad templates, which have collectively generated over 175 million in revenue across various niches over the past 3 years! Simply open them up in Canva, customize to your brand and watch your sales skyrocket! 📈 ‼️ That‘s not all, our “Most Comprehensive Digital Marketing Bundle” contains: ✅ 550+ Pre-tested Winning Ad Templates ✅ 130+ Proven Email Marketing Templates  ✅ 40+ CRO/SEO/UX Optimized Landing Pages 🎁 BONUS: AI Copywriting CHEATSHEET 🎁 BONUS: High-Converting Ad Hooks 🎁 BONUS: Apple‘s Marketing Breakdown 🎁 BONUS: Exclusive Discord Community Access 🎁 BONUS: $200K Landing Page Blueprint 🎁 BONUS: Meta Ads Calculator 🎁 BONUS: Viral Ad Hooks 🎁 BONUS: Free Gift Get your “Ultimate Success Package” now 👉 https://adsflow.io/","","","","IN","2026-10-08 07:23"
"Umajewellers1990","138174619381893","1285521116684546","https://www.facebook.com/ads/library/?id=1285521116684546","Inactive","Stopped","","2025-10-21","2025-10-25","4","","","","","INR","1","","","","","","","","","","VIDEO","","81","instagram","VIEW_INSTAGRAM_PROFILE","","1990","","","English","Thank you so much. I'm sorry, I'm sorry. I'm sorry. I'm sorry.","Thank you so much. I'm sorry, I'm sorry. I'm sorry. I'm sorry. I'm sorry. I'm sorry. I'm sorry. I'm sorry. I'm sorry. I'm sorry. I'm sorry. I'm sorry. I'm sorry. I'm sorry. I'm sorry. and then we can find people who are in danger. Thank you.","English","","","","","","","","Facebook / Instagram","instagram.com/umajewellers1990","","Honoured and humbled to receive the Best Craftsmanship Award at the prestigious Suman TV event at Novotel.  While the moment on stage was unforgettable, my heart treasures most the joy captured in the photograph with my remarkable UMA Jewellers family , The extraordinary response to our Lucky Draw Coupon reminds me that our journey is not just about crafting jewellery, but about creating experiences that touch hearts and celebrate trust, artistry, and devotion. This award is a reflection of passion, perseverance, and the unwavering dedication of my team, and a token of gratitude to our cherished patrons who inspire us to continually redefine excellence.❤️  Hyderabad contact no 7683135916,7386125916,7075828916 Vijaywada contact no  9676856916,8341956916,8897333916 #newstoreinaguration #Umajewellers#goldanddiamonds #bridaljewellery #newcollections #jewellery #hyderbad #fancycollections #diamondcollections #ownworkmanship #IGIcertified #umajewellers1990 #Southindianjewellery #bridaljewellery #HUID #instagram #jewellery #goldjewellery #diamondjewellery #Umajewellery","http://instagram.com/umajewellers1990","instagram.com","https://video-bom5-2.xx.fbcdn.net/o1/v/t2/f2/m69/AQPajAzgoeEWU6Xg7rCGWwTULU2Y9XbOnisUiwtPPLsZR_UkmHSOOddPGOEVTDgYaF5aPemZggtEv1YpVf9gbaYk.mp4?strext=1&_nc_cat=104&_nc_sid=b66105&_nc_ht=video-bom5-2.xx.fbcdn.net&_nc_ohc=wQghck-Uk0gQ7kNvwG6ZnnL&efg=eyJ2ZW5jb2RlX3RhZyI6Inhwdl9wcm9ncmVzc2l2ZS5WSV9VU0VDQVNFX1BST0RVQ1RfVFlQRS4uQzMuNzIwLmRhc2hfYmFzZWxpbmVfMV92MSIsInhwdl9hc3NldF9pZCI6MTg2OTc3NDg3NzA4Mzk1OCwiYXNzZXRfYWdlX2RheXMiOjM1MywidmlfdXNlY2FzZV9pZCI6MTAwOTksImR1cmF0aW9uX3MiOjgxLCJ1cmxnZW5fc291cmNlIjoid3d3In0%3D&ccb=17-1&vs=144cc99d38f7206b&_nc_vs=HBksFQIYOnBhc3N0aHJvdWdoX2V2ZXJzdG9yZS9HUF9JcHlHZmdVMFJoVXdIQUtRbllMTnR5d05QYnNwVEFRQUYVAALIARIAFQIYR2lnX3hwdl9yZWVsc19wZXJtYW5lbnRfc3JfcHJvZC8xMTE2OTk2MjEzODM5MjEyXzcxMjUxNTU2OTc2NDU4MTc2MjUubXA0FQICyAESACgAGAAbAogHdXNlX29pbAExEnByb2dyZXNzaXZlX3JlY2lwZQExFQAAJuyk3rWco9IGFQIoAkMzLBdAVFMzMzMzMxgSZGFzaF9iYXNlbGluZV8xX3YxEQB1AGXmnQEA&_nc_gid=MEm8WIsof3W4AI4HUWok-w&_nc_ss=7b289&_nc_zt=28&oh=00_AQO2S4xpd9qSsuON2_YnmB1REZV9zyPIlS3z1pDSTlwsdw&oe=6ACD1172","IN","2026-10-08 07:23"
"Umajewellers1990","138174619381893","1487646162505287","https://www.facebook.com/ads/library/?id=1487646162505287","Inactive","Stopped","","2025-10-10","2025-10-16","6","","","","","INR","1","","","","","","","","","","VIDEO","","56","instagram","VIEW_INSTAGRAM_PROFILE","","1990","","","Mixed (English + Telugu)","Maybe we are in the start, we are in","Maybe we are in the start, we are in the start, we are in the start, we are in the start, we are in the start, we are in the start, we are in the start, we are in the start, we are in the start, we are in the start, we are in the start, we are in the start, we are in the start, we are in the start, we are in the start, we are in the start, we are in the start, we are in the start, we are in the start, we are in the start, we are in the start, we are in the start, we are in the start, we are in the start, we are in the start, we are in the start, we are in the start, we are in the start, we are in the start, we are in the start, we are in the start, we are in the start, we are in the start, we are in the start, we are in the start, we are in the start, we are in the start, we are in the start, we are in the start, we are in the start, we are in the start, we are in the start, we are in the start, we are in the start, we are in the start, we are in the start, we are in the start, we are in the start, we are in the start, we are in the start, we are in the start, we are in the start, we are in the start, we are in the start, we are in the start, we are in the start, we are in the start, we are in the start, we are in the start, we are in the start, we are in the start, we are in the start, we are in the start, we are in the start, we are in the start, we are in the start, we are in the start, we are in the start, we are in the start, we are in the start, we are in the start, we are in the start, we are in the start, we are in the start I was a little bit surprised to work with them. I was a little surprised to work with them. I was a little surprised to work with them. I was a little surprised to work with them. I was a little surprised to work with them. I was a little surprised to work with them. I was a little surprised to work with them. I was a little surprised to work with them. I was a little surprised to work with them. I was a little surprised to work with them. I was a little surprised to work with them. I was a little surprised to work with them. I was a little surprised to work with them. I. We had planned for Hyderabad. We were planning to plan for Hyderabad. We were planning to plan for Hyderabad. We were planning to plan for Hyderabad. We were planning to plan for Hyderabad. We were planning to plan for Hyderabad.","English","","","","","","","","Facebook / Instagram","instagram.com/umajewellers1990","","షోరూంకు వచ్చిన కస్టమర్లు ఈ వీడియోలో ఉన్న మాటలు మీరు వింటే చాలు😍 వాళ్ళ మనసులో💞 హార్టుఫుల్గా డిజైన్ గురించి ఎక్స్ప్రెషన్🥰 నేను ఎప్పుడూ వీడియోస్ లో చెప్తూ ఉంటా కదా వాళ్ళ నోటి నుండి మీరందరూ వినవచ్చు Contact us OR DM us  Hyderabad contact no 7683135916,7386125916,7075828916 Vijaywada contact no  9676856916,8341956916,8897333916 #newstoreinaguration #Umajewellers#goldanddiamonds #bridaljewellery #newcollections #jewellery #hyderbad #fancycollections #diamondcollections #ownworkmanship #IGIcertified #umajewellers1990 #Southindianjewellery #bridaljewellery #HUID #instagram #jewellery #goldjewellery #diamondjewellery #Umajewellery","http://instagram.com/umajewellers1990","instagram.com","https://video-bom5-1.xx.fbcdn.net/o1/v/t2/f2/m69/AQOGmGrQ4J38KI9GfeQAPeYXJm8Luv-UVEgIFq18AoPEnsCpStqk9fLhpWiDlJmMklPL2B8ypVa5ozT849xW2qT_.mp4?strext=1&_nc_cat=109&_nc_sid=b66105&_nc_ht=video-bom5-1.xx.fbcdn.net&_nc_ohc=sgNRpgbNFQkQ7kNvwHPA8jG&efg=eyJ2ZW5jb2RlX3RhZyI6Inhwdl9wcm9ncmVzc2l2ZS5WSV9VU0VDQVNFX1BST0RVQ1RfVFlQRS4uQzMuNzIwLmRhc2hfYmFzZWxpbmVfMV92MSIsInhwdl9hc3NldF9pZCI6Mzc0ODE3OTIwMjE1NDg5MCwiYXNzZXRfYWdlX2RheXMiOjM2MiwidmlfdXNlY2FzZV9pZCI6MTAwOTksImR1cmF0aW9uX3MiOjU1LCJ1cmxnZW5fc291cmNlIjoid3d3In0%3D&ccb=17-1&vs=525671f8f28d87a3&_nc_vs=HBksFQIYOnBhc3N0aHJvdWdoX2V2ZXJzdG9yZS9HRGlkaHlIUTk2eGdVSDhMQUJYX3F3SDJuMGRNYnNwVEFRQUYVAALIARIAFQIYR2lnX3hwdl9yZWVsc19wZXJtYW5lbnRfc3JfcHJvZC8xMjk0NTAzNTYxOTkxNDkyXzgxNjEyNzM2MTE2OTgwNDkzMTEubXA0FQICyAESACgAGAAbAogHdXNlX29pbAExEnByb2dyZXNzaXZlX3JlY2lwZQExFQAAJpSGsZ7fvKgNFQIoAkMzLBdAS8zMzMzMzRgSZGFzaF9iYXNlbGluZV8xX3YxEQB1AGXmnQEA&_nc_gid=cAuuk2ycBWwiWDo0jenMAw&_nc_ss=7b289&_nc_zt=28&oh=00_AQOCqDO7KPYOgqejXXjrvkJ2Wyhv-SthlgyG-nzXtvjGbQ&oe=6ACD203D","IN","2026-10-08 07:23"
"Umajewellers1990","138174619381893","796039616644350","https://www.facebook.com/ads/library/?id=796039616644350","Inactive","Stopped","","2025-10-25","2025-10-30","5","","","","","INR","1","","","","","","","","","","VIDEO","","87","instagram","VIEW_INSTAGRAM_PROFILE","","1990","","Social proof","English","I was checking the damage of the damage.","I was checking the damage of the damage. I had a lot of cracks in the next two dots and black dots. I was checking the damage of the damage. I had a lot of damage in the last two or three days. I had a laser mission. My grandpa made a laser cut out of the damage. I had a lot of damage in the last two days. I had a lot of damage in the damage that is not done in the past. It is a damage that is not done in the past. It is a damage that is not done in the past. It is a damage that is not done in the past. It is a damage that is not done in the past. It is a damage that is not done in the past. It is a damage that is not done in the past. It is a damage that is not done in the past. It is almost over 10 times. It is a damage that is not done in the past. It is a damage that is not done in the past. It is a damage that is not done in the past. It is a very important. The requirements are very important. The requirements are very important. The requirements are very important. The requirements are very important. The requirements are very important. The requirements are very important. The requirements are very important. The requirements are very important. The requirements are very important. The requirements are very important. The requirements are very important. The requirements are very important. I'm so done. All our chin diamonds are in our high-nings, next to the petitions, next to the long-time, I don't know how to do it. I'm not sure. Absolutely. This is a change in pieces. We are at a hotel in the middle of the night. Next video, I'll show you how to make a new, great place for the next two videos. It's a big place for the soldiers. This is a place where the soldiers are very friendly.","English","","","","","","","","Facebook / Instagram","instagram.com/umajewellers1990","","🥳Want to make you all to know about Natural Diamonds.Natural Diamonds have ages between 1 billion to 4billion years.Most are formed between 150 to 250 Kilometres in Earth’s mantel.Here is a small video how refine diamond from the bigger to smaller one to use in Dimaond ornaments.💎 we  got many reviews for our workmanship.The quality and appearance of our jewellery will never disappoints you.Visit our store trust us it’s a jewellery paradise.🛍️💎 Contact us OR DM us  Hyderabad contact no 7683135916,7386125916,7075828916 Vijaywada contact no  9676856916,8341956916,8897333916 #newstoreinaguration #Umajewellers#goldanddiamonds #bridaljewellery #newcollections #jewellery #hyderbad #fancycollections #diamondcollections #ownworkmanship #IGIcertified #umajewellers1990 #Southindianjewellery #bridaljewellery #HUID #instagram #jewellery #goldjewellery #diamondjewellery #Umajewellery","http://instagram.com/umajewellers1990","instagram.com","https://video-bom5-1.xx.fbcdn.net/o1/v/t2/f2/m86/AQMQ9n0DQZe5gYXWGfYSBlAEfTO_H2dQM40Bxzs9NI3mNKuedC6H7UUDeiMOTSOV-rZoFSOs6131GJkb0vRFOqgy-H7zS7OMRcWqeQs.mp4?_nc_cat=110&_nc_sid=b66105&_nc_ht=video-bom5-1.xx.fbcdn.net&_nc_ohc=Y0dtOEPYop8Q7kNvwHuHrsn&efg=eyJ2ZW5jb2RlX3RhZyI6Inhwdl9wcm9ncmVzc2l2ZS5WSV9VU0VDQVNFX1BST0RVQ1RfVFlQRS4uQzMuNzIwLmRhc2hfYmFzZWxpbmVfMV92MSIsInhwdl9hc3NldF9pZCI6MTkzNTAyNDE2MzczMTYxNCwiYXNzZXRfYWdlX2RheXMiOjM0NywidmlfdXNlY2FzZV9pZCI6MTAwOTksImR1cmF0aW9uX3MiOjg3LCJ1cmxnZW5fc291cmNlIjoid3d3In0%3D&ccb=17-1&vs=d1f8672f5d4e97ff&_nc_vs=HBksFQIYUmlnX3hwdl9yZWVsc19wZXJtYW5lbnRfc3JfcHJvZC84MzQ5RDY5QkQ3QUY5NEM2MDNDNzcwMjUzNDZGODBCQV92aWRlb19kYXNoaW5pdC5tcDQVAALIARIAFQIYR2lnX3hwdl9yZWVsc19wZXJtYW5lbnRfc3JfcHJvZC8xMzYyODUxNDc4ODY4MTI5XzIyMzA4MDEzNjY2OTE3Mjg5OTYubXA0FQICyAESACgAGAAbAogHdXNlX29pbAExEnByb2dyZXNzaXZlX3JlY2lwZQExFQAAJrziyb6d-e8GFQIoAkMzLBdAVcAAAAAAABgSZGFzaF9iYXNlbGluZV8xX3YxEQB1AGXmnQEA&_nc_gid=cAuuk2ycBWwiWDo0jenMAw&_nc_ss=7b289&_nc_zt=28&oh=00_AQNjhphxThsqBHKnk62OPZ9khIpH6xfbdAUZAMKHlMSKWA&oe=6AC91D53","IN","2026-10-08 07:23"
"Umajewellers1990","138174619381893","1867972494116695","https://www.facebook.com/ads/library/?id=1867972494116695","Inactive","Stopped","","2025-10-19","2025-10-23","4","","","","","INR","1","","","","","","","","","","VIDEO","","90","instagram","VIEW_INSTAGRAM_PROFILE","","1990","","","Mixed (English + Telugu)","I think it's like a different kind of thing. It's like a different kind of thing.","I think it's like a different kind of thing. It's like a different kind of thing. I don't know that. I don't know. At the end of the day, I liked it. I think it's a really good idea. It's all that I use to see until 10-12. It's like that. It's a very big thing. It's a very big thing. It's like trying to get it on the inside. It's a very big thing. I think it's a very big thing so it is a place where you can try to reach them. Try it, I am not sure, but I think it is a place where you can reach them. You can see that you are going to reach them, but you are going to reach them. I think it is a place where you can reach them. I think it is a place where you can reach them. Yes, I think it is a place where you can reach them. I think it is a place where you can reach them. I think it is a place where you can reach them. I think it is a place where you can reach them. I think it is a place where you can reach them. I think it is a place where you can learn that. You can teach it. You can teach it. You can teach it. You can teach it. You can teach it. You can teach it. You can teach it. You can teach it. You can teach it. You can teach it. You can teach it. You can teach it. You can teach it. You can teach it. You can teach it. to meet you. I was very happy to meet you. I was very happy to meet you. I was very happy to meet you. Thank you. I was very happy to meet you. Thank you. Thank you. Thank you. Thank you. Thank you. Thank you. Thank you. Thank you. Thank you. Thank you. Thank you. Thank you. Thank you. Thank you. Thank you. Thank you. Thank you. Thank you. Thank you. Thank you. Thank you. Thank you. Thank you. Thank you. Thank you. Thank you. Thank you. Thank you. Thank you. Thank you. Thank you. Thank you. Thank you. Thank you. Thank you. Thank you. Thank you. Thank you. Thank you. Thank you. Thank you. Thank you. Thank you. Thank you. Thank you. Thank you. Thank you. Thank you. Thank you. Thank you. Thank you. Thank you. Thank you. Thank you. Thank you. Thank you. Thank you. Thank you. Thank you. Thank you. Thank you. Thank you. Thank you. Thank you. Thank you. Thank you. Thank you. Thank you. Thank you. Thank you. Thank you. Thank you. Thank you. Thank you. Thank you. Thank you. Thank you. Thank you. Thank you.","English","","","","","","","","Facebook / Instagram","instagram.com/umajewellers1990","","షోరూంకు వచ్చిన కస్టమర్లు ఈ వీడియోలో ఉన్న మాటలు మీరు వింటే చాలు😍 వాళ్ళ మనసులో💞 హార్టుఫుల్గా డిజైన్ గురించి ఎక్స్ప్రెషన్🥰 నేను ఎప్పుడూ వీడియోస్ లో చెప్తూ ఉంటా కదా వాళ్ళ నోటి నుండి మీరందరూ వినవచ్చు Contact us OR DM us  Hyderabad contact no 7683135916,7386125916,7075828916 Vijaywada contact no  9676856916,8341956916,8897333916 #newstoreinaguration #Umajewellers#goldanddiamonds #bridaljewellery #newcollections #jewellery #hyderbad #fancycollections #diamondcollections #ownworkmanship #IGIcertified #umajewellers1990 #Southindianjewellery #bridaljewellery #HUID #instagram #jewellery #goldjewellery #diamondjewellery #Umajewellery","http://instagram.com/umajewellers1990","instagram.com","https://video-bom5-1.xx.fbcdn.net/o1/v/t2/f2/m69/AQOsTTXqXa3jqXNn9LLnO_ZlKZNaKAoHWOgKGg6V7Di1fIJxgcklKhdMiEzIhUP_rJSWlXHxFSkd5a-q3ODz-A2z.mp4?strext=1&_nc_cat=105&_nc_sid=b66105&_nc_ht=video-bom5-1.xx.fbcdn.net&_nc_ohc=q-8DBBezFAUQ7kNvwFmsREQ&efg=eyJ2ZW5jb2RlX3RhZyI6Inhwdl9wcm9ncmVzc2l2ZS5WSV9VU0VDQVNFX1BST0RVQ1RfVFlQRS4uQzMuNzIwLmRhc2hfYmFzZWxpbmVfMV92MSIsInhwdl9hc3NldF9pZCI6MjMwNTYxMTUyOTg3MjU0NiwiYXNzZXRfYWdlX2RheXMiOjM1NSwidmlfdXNlY2FzZV9pZCI6MTAwOTksImR1cmF0aW9uX3MiOjg5LCJ1cmxnZW5fc291cmNlIjoid3d3In0%3D&ccb=17-1&vs=5f25cda74c42c930&_nc_vs=HBksFQIYOnBhc3N0aHJvdWdoX2V2ZXJzdG9yZS9HRmZ0cFNFeXF6a3l0ZmNEQU4ySkRRZDExRjFPYnNwVEFRQUYVAALIARIAFQIYR2lnX3hwdl9yZWVsc19wZXJtYW5lbnRfc3JfcHJvZC8xMTIxNzkxOTQ2NzQzNjcxXzI5NTcyMjY1NDQ4MTg2NzkzMzEubXA0FQICyAESACgAGAAbAogHdXNlX29pbAExEnByb2dyZXNzaXZlX3JlY2lwZQExFQAAJsSS08OgvJgIFQIoAkMzLBdAVnrhR64UexgSZGFzaF9iYXNlbGluZV8xX3YxEQB1AGXmnQEA&_nc_gid=OHXHi-e4ELM2-A5NPe7hVA&_nc_ss=7b289&_nc_zt=28&oh=00_AQOISwFDxKidqXcfF6NQydIuV6g25S1H6t0upZyYKjEqqA&oe=6ACCF8ED","IN","2026-10-08 07:23"
"Umajewellers1990","138174619381893","846109744430369","https://www.facebook.com/ads/library/?id=846109744430369","Inactive","Stopped","","2025-10-13","2025-10-18","5","","","","","INR","1","","","","","","","","","","VIDEO","","87","instagram","VIEW_INSTAGRAM_PROFILE","","1990","","","English","This video will be done in the next 4-5 days and we will do all the work and work","This video will be done in the next 4-5 days and we will do all the work and work and do the work and do the work and do the work and do the work and do the work and do the work and do the work and do the work and do the work and do the work and do the work and do the work and do the work and do the work and do the work and do the work and do the work and do the work and do the work and do the work and do the work and do the work and do the work and do the work and do the work and do the work and do the work and do the work and do the work and do the work and do the work and do the work and do the work and do the work and do the work and do the work and do the work and do the work and do the work and do the work and do the work and do the work and do the work and do the work and do the work and do the work and do the work and do the work and do the work and do the work and do the work and do the work and do the work and do the work and do the work and do the work and do the work and do the work and do the work and do the work and do the work and do the work and do the work and do the work and do the work and do the work and do the work And then I'm not going to be a man, I'm going to be a man. I'm going to be a man. I'm going to be a man. I'm going to be a man. I'm going to be a man. I'm going to be a man. I'm going to be a man. I'm going to be a man. I'm going to be a man. I'm going to be a man. I'm going to be a man. I'm going to be a man. I'm going to be a man. I'm going to be a man, if you are a man, you will be a man. You are in the ring, right? Rings, rings, rings, rings, rings. I am in the ring, I am in the ring. Sorry, I am in the ring. I am in the ring. This is very very cool. He is a man. He is a mask. I'm not wearing a mask. I'm not wearing a mask. I'm not wearing a mask. I'm not wearing a mask. I'm not wearing a mask. I'm not wearing a mask. I'm not wearing a mask. I'm not wearing a mask. I'm not wearing a mask. I'm not wearing a mask. I'm not wearing a mask. I'm not wearing a mask. I'm not wearing a mask. I'm not wearing a mask. I'm not wearing a mask. I'm not wearing a mask. I'm not wearing a mask. I'm not wearing a mask. I'm not wearing a mask. I'm not wearing a mask. I'm not wearing a mask. I'm not wearing a mask. I'm not wearing a mask. I'm not wearing a mask. you","English","","","","","","","","Facebook / Instagram","instagram.com/umajewellers1990","","Guess who are in the video..? Visited Uma jewellers in Jublihils store🥳The quality and appearance of our jewellery will never disappoints you.Visit our store trust us it’s a jewellery paradise.🛍️💎 Contact us OR DM us  Hyderabad contact no 7683135916,7386125916,7075828916 Vijaywada contact no  9676856916,8341956916,8897333916 #newstoreinaguration #Umajewellers#goldanddiamonds #bridaljewellery #newcollections #jewellery #hyderbad #fancycollections #diamondcollections #ownworkmanship #IGIcertified #umajewellers1990 #Southindianjewellery #bridaljewellery #HUID #instagram #jewellery #goldjewellery #diamondjewellery #Umajewellery","http://instagram.com/umajewellers1990","instagram.com","https://video-bom5-1.xx.fbcdn.net/o1/v/t2/f2/m86/AQOseF02P3x0-NfjdLE50Whm3tKVuaM2OVBRyp4cmxICHQEQaswHwsfrwxbkQY3xuM-w6rMSnqvMFY2qim7YjB1KfC-jIX2vd8oM_XU.mp4?_nc_cat=109&_nc_sid=b66105&_nc_ht=video-bom5-1.xx.fbcdn.net&_nc_ohc=huiML_TbFVoQ7kNvwHVv3sD&efg=eyJ2ZW5jb2RlX3RhZyI6Inhwdl9wcm9ncmVzc2l2ZS5WSV9VU0VDQVNFX1BST0RVQ1RfVFlQRS4uQzMuNzIwLmRhc2hfYmFzZWxpbmVfMV92MSIsInhwdl9hc3NldF9pZCI6MTE1NjY3NTE2MzAxMzYwMCwiYXNzZXRfYWdlX2RheXMiOjM2NSwidmlfdXNlY2FzZV9pZCI6MTAwOTksImR1cmF0aW9uX3MiOjg3LCJ1cmxnZW5fc291cmNlIjoid3d3In0%3D&ccb=17-1&vs=b5da61d711533b09&_nc_vs=HBksFQIYUmlnX3hwdl9yZWVsc19wZXJtYW5lbnRfc3JfcHJvZC8zMjRDMkM5M0FFQjA0NThBNEUwMTI5RDBFQTIxNENCOF92aWRlb19kYXNoaW5pdC5tcDQVAALIARIAFQIYR2lnX3hwdl9yZWVsc19wZXJtYW5lbnRfc3JfcHJvZC8xMzAxMTMwOTQxNzg3MDg5XzU5NTIwNzA1OTM1ODMzNDkxODIubXA0FQICyAESACgAGAAbAogHdXNlX29pbAExEnByb2dyZXNzaXZlX3JlY2lwZQExFQAAJsCHssOt_40EFQIoAkMzLBdAVdmZmZmZmhgSZGFzaF9iYXNlbGluZV8xX3YxEQB1AGXmnQEA&_nc_gid=2ISBOagTjaUQvCNsku8_VQ&_nc_ss=7b289&_nc_zt=28&oh=00_AQMVOyZxIAcrLxBx722a9RmtMEqsqR_DqAsC77Gh4WoJdA&oe=6AC92646","IN","2026-10-08 07:23"
"Umajewellers1990","138174619381893","1641489933493417","https://www.facebook.com/ads/library/?id=1641489933493417","Inactive","Stopped","","2025-10-10","2025-10-16","6","","","","","INR","1","","","","","","","","","","VIDEO","","89","instagram","VIEW_INSTAGRAM_PROFILE","","1990","","","Mixed (English + Telugu)","Thank you. Thank you.","Thank you. Thank you. Good evening. You are the most welcome welcome to all the questions. Thank you. Thank you. Thank you. Thank you. Thank you. Thank you. Thank you. Thank you. Thank you. Thank you. Thank you. Thank you. Thank you. Thank you. Thank you. Thank you. Thank you. Thank you. Thank you. Thank you. Thank you. Thank you. Thank you. Thank you. Thank you. Thank you. Thank you. Thank you. Thank you. Thank you. Thank you. Thank you. Thank you. Thank you. Thank you. Thank you. Thank you. Thank you. Thank you. Thank you. Thank you. Thank you. Thank you. Thank you. Thank you. Thank you. Thank you. Thank you. Thank you. Thank you. Thank you. Thank you. Thank you. Thank you. Thank you. Thank you. Thank you. Thank you. Thank you. Thank you. Thank you. Thank you. Thank you. Thank you. Thank you. Thank you. Thank you. Thank you. Thank you. Thank you. Thank you. Thank you. Thank you. Thank you. Thank you. Thank you. Thank you. Thank you. Thank you. Thank you. Thank you. Thank you. Thank you. The I am a Christian. Thank you so much. I will tell you about this place. I will tell you about this place. I will tell you about this place. I will tell you about this place. I will tell you about this place. I will tell you about this place. I will tell you about this place. I will tell you about this place. I will tell you about this place. I will tell you about this place. I've been watching this for a long time. I've been watching this for a long time. I've been watching this for a long time. I've been watching this for a long time. I've been watching this for a long time. I've been watching this for a long time. I've been watching this for a long time. I've been watching this for a long time. I've been watching this for a long time. I've been watching this for a long time. I've been watching this for a long time. I've been watching this for a long time. I've been watching this for a long time. you","English","","","","","","","","Facebook / Instagram","instagram.com/umajewellers1990","","షోరూంకు వచ్చిన కస్టమర్లు ఈ వీడియోలో ఉన్న మాటలు మీరు వింటే చాలు😍 వాళ్ళ మనసులో💞 హార్టుఫుల్గా డిజైన్ గురించి ఎక్స్ప్రెషన్🥰 నేను ఎప్పుడూ వీడియోస్ లో చెప్తూ ఉంటా కదా వాళ్ళ నోటి నుండి మీరందరూ వినవచ్చు Contact us OR DM us  Hyderabad contact no 7683135916,7386125916,7075828916 Vijaywada contact no  9676856916,8341956916,8897333916 #newstoreinaguration #Umajewellers#goldanddiamonds #bridaljewellery #newcollections #jewellery #hyderbad #fancycollections #diamondcollections #ownworkmanship #IGIcertified #umajewellers1990 #Southindianjewellery #bridaljewellery #HUID #instagram #jewellery #goldjewellery #diamondjewellery #Umajewellery","http://instagram.com/umajewellers1990","instagram.com","https://video-bom5-2.xx.fbcdn.net/o1/v/t2/f2/m86/AQOiK8_y-E79NwPxzbjUZthlarV7vPUZZ073GeGsO5_1BUtj612NM7hicJ8JEl2FnJrjjrV8JOklHqsk6VVuCdPPszsW87SQUEhpXGY.mp4?_nc_cat=104&_nc_sid=b66105&_nc_ht=video-bom5-2.xx.fbcdn.net&_nc_ohc=AQfGVE4GIsUQ7kNvwGjOhSR&efg=eyJ2ZW5jb2RlX3RhZyI6Inhwdl9wcm9ncmVzc2l2ZS5WSV9VU0VDQVNFX1BST0RVQ1RfVFlQRS4uQzMuNzIwLmRhc2hfYmFzZWxpbmVfMV92MSIsInhwdl9hc3NldF9pZCI6MTc3NDAyNDcxOTk1NTQ0MywiYXNzZXRfYWdlX2RheXMiOjM2MiwidmlfdXNlY2FzZV9pZCI6MTAwOTksImR1cmF0aW9uX3MiOjg4LCJ1cmxnZW5fc291cmNlIjoid3d3In0%3D&ccb=17-1&vs=b6168a19f8024e0&_nc_vs=HBksFQIYUmlnX3hwdl9yZWVsc19wZXJtYW5lbnRfc3JfcHJvZC9BQzQ0NkNCNzA5NDRBQzcyRkRDMENERTRFQjNFRThCRF92aWRlb19kYXNoaW5pdC5tcDQVAALIARIAFQIYR2lnX3hwdl9yZWVsc19wZXJtYW5lbnRfc3JfcHJvZC8yMzU5ODM2MDQ0NDQ5OTMxXzU0MjI2NzYwMzk2Mjc5ODY5NjcubXA0FQICyAESACgAGAAbAogHdXNlX29pbAExEnByb2dyZXNzaXZlX3JlY2lwZQExFQAAJubXi5Tq3aYGFQIoAkMzLBdAViqfvnbItBgSZGFzaF9iYXNlbGluZV8xX3YxEQB1AGXmnQEA&_nc_gid=WiAh71uMZ-VxS1XkIn4hTA&_nc_ss=7b289&_nc_zt=28&oh=00_AQOwf_dseHVLATknbhpiFaxd2CHZHIQtzgh_dgn10tbGOg&oe=6AC90D31","IN","2026-10-08 07:23"
"Umajewellers1990","138174619381893","24794521490166794","https://www.facebook.com/ads/library/?id=24794521490166794","Inactive","Stopped","","2025-10-03","2025-10-09","6","","","","","INR","1","","","","","","","","","","VIDEO","","80","instagram","VIEW_INSTAGRAM_PROFILE","","1990","","Social proof; New launch","English","The black bits are changed. You want to know that I am doing this.","The black bits are changed. You want to know that I am doing this. I want to know that I am doing this. I want to know that I am doing this. I want to know that I am doing this. I want to know that I am doing this. I want to know that I am doing this. I want to know that I am doing this. I want to know that I am doing this. I want to know that I am doing this. I want to know that I am doing this. I want to know that I am doing this. I want to know that I am doing this. I want to know that I am not sure. I am not sure. I am not sure. I am not sure. I am not sure. I am not sure. I am not sure. I am not sure. I am not sure. I am not sure. I am not sure. I am not sure. I am not sure. I am not sure. I am not sure. I am not sure. I am not sure. I am not sure. I am not sure. I am not sure. I am not sure. I am not sure. I am not sure. I am not sure. I am not sure. I am not sure. I am not sure. that channel models. The first thing we do is, we start with the same thing, like the small necklaces, the next two, small rings, diamonds, which are the models. We are taking a video of this. We are taking a cluster setting, it's a small centre, it's a small centre, it's a small centre, it's a small centre, it's a small centre, it's a small centre, it's a small centre, it's a small centre, it's a small centre, it's a small centre, it's a small centre, it's a small centre, it's a small centre, it's a small centre, in law that turned Yenakkyate. We can't do damage here. We can't do damage here. We can't do damage here. We can't do damage here. We can't do damage here. We can't do damage here. We can't do damage here. We can't do damage here. We can't do damage here. We can't do damage here. We can't do damage here. We can't do damage here. We can't do damage here. We can't do damage here. We can't do damage here. We can't do damage here. We can't do damage here. We can't do damage here. We can't do damage here. We can't do damage here. We can't do damage here. We can't do damage here. We can't do damage here. We can't do damage here. We can't do damage here. We can't do damage here. We can't do damage here. We can't do damage here. We can't do damage here. We can't do damage here. We can't do damage here. We can't do damage here. We can't do damage here. We can't do damage here. We can't do damage here. We can't do damage here. We can't do damage here. We can't do damage here. We can't do damage here. We can't do damage here. We can't do damage here. We can't do damage here. We can't do damage here. We can't do damage here. We can't do damage here. We can't do damage here. We can't do damage here. We can't do damage here. We can't do damage here. you","English","","","","","","","","Facebook / Instagram","instagram.com/umajewellers1990","","🥰😍New drop alert - only at Uma Jewellers 💃Black beads with diamond pendants.EF coloured VVS clarity,Excellent cut.These all black beads with different type of coloured stones.We have many more collections in this.🥳🤩We got many reviews for our workmanship.The quality and appearance of our jewellery will never disappoints you.Visit our store trust us it’s a jewellery paradise.🛍️💎 Contact us OR DM us  Hyderabad contact no 7683135916,7386125916,7075828916 Vijaywada contact no  9676856916,8341956916,8897333916 #newstoreinaguration #Umajewellers#goldanddiamonds #bridaljewellery #newcollections #jewellery #hyderbad #fancycollections #diamondcollections #ownworkmanship #IGIcertified #umajewellers1990 #Southindianjewellery #bridaljewellery #HUID #instagram #jewellery #goldjewellery #diamondjewellery #Umajewellery","http://instagram.com/umajewellers1990","instagram.com","https://video-bom5-2.xx.fbcdn.net/o1/v/t2/f2/m86/AQPJ-1qKTY4izwg0ItF3h1QzbPv9bs3CqS0xa6eiURnSmUEsURMoRmPqe3r9ikyQvZRExv6vxswDdCICZlObTSC9g8MyG3_sSpmtzCE.mp4?_nc_cat=102&_nc_sid=b66105&_nc_ht=video-bom5-2.xx.fbcdn.net&_nc_ohc=nZ2AqEmllQgQ7kNvwGY_QJY&efg=eyJ2ZW5jb2RlX3RhZyI6Inhwdl9wcm9ncmVzc2l2ZS5WSV9VU0VDQVNFX1BST0RVQ1RfVFlQRS4uQzMuNzIwLmRhc2hfYmFzZWxpbmVfMV92MSIsInhwdl9hc3NldF9pZCI6Nzc5ODM3Mzc0Njc2NzQ4LCJhc3NldF9hZ2VfZGF5cyI6MzY5LCJ2aV91c2VjYXNlX2lkIjoxMDA5OSwiZHVyYXRpb25fcyI6ODAsInVybGdlbl9zb3VyY2UiOiJ3d3cifQ%3D%3D&ccb=17-1&vs=d033ed771c74f6de&_nc_vs=HBksFQIYUmlnX3hwdl9yZWVsc19wZXJtYW5lbnRfc3JfcHJvZC9FOTQzQzBERkUxQTYxN0I2MDEyRTU1Q0IwMzMzNzY5OF92aWRlb19kYXNoaW5pdC5tcDQVAALIARIAFQIYR2lnX3hwdl9yZWVsc19wZXJtYW5lbnRfc3JfcHJvZC8xMjQ3MjEwNjM3NDAzODQwXzIwNjg5MjMyNzQ3OTA0Mjg3MzQubXA0FQICyAESACgAGAAbAogHdXNlX29pbAExEnByb2dyZXNzaXZlX3JlY2lwZQExFQAAJpj8mZvB0OICFQIoAkMzLBdAVBMzMzMzMxgSZGFzaF9iYXNlbGluZV8xX3YxEQB1AGXmnQEA&_nc_gid=CVZvRQq_0oOSIW1iHdytDw&_nc_ss=7b289&_nc_zt=28&oh=00_AQNzZ0V0jhIIgN4qggQgcZr7YI8CXCSvfOWata7bL_UmOw&oe=6AC9045B","IN","2026-10-08 07:23"
"Umajewellers1990","138174619381893","24181747031503549","https://www.facebook.com/ads/library/?id=24181747031503549","Inactive","Stopped","","2025-10-09","2025-10-14","5","","","","","INR","1","","","","","","","","","","VIDEO","","89","instagram","VIEW_INSTAGRAM_PROFILE","","1990","","Social proof; New launch","English","Content actually has options, we have demands of a base amount, we have no time.","Content actually has options, we have demands of a base amount, we have no time. Big combination, David Vitt and Hanging, I don't know where the light weight is, It's flexible, it's flexible, It's not cheap, it's top and top one. It, the multi color combination. This is the final triangle shape, the patch is the same. If you wait for a while, you will'm going to make a video about this. I'm going to make a video about this. I'm going to make a video about this. I'm going to make a video about this. I'm going to make a video about this. I'm going to make a video about this. I'm going to make a video about this. I'm going to make a video about this. I'm going to make a video about this. I'm going to make a video about this. I'm going to make a video about this. I'm going to make a video about this. I'm going to make a video about this. I'm going to make a video about this. I'm going to make a video about this. I'm going to make a video about this. I'm going to make a video about this. I'm going to make a video about this. I'm going to make a video about this. I'm going to make a video about this. I'm going to make a video about this. I'm going to make a video about this. I'm going to make a video about this. It will be more and more videos like this on our store. It will be a hybrid book. We will have M.G. Road. This is a small hanging suit, dogs suit, pet deval stud suit. This is more models. You will see more videos like this. This is a start line. This is a design.","English","","","","","","","","Facebook / Instagram","instagram.com/umajewellers1990","","🥰😍New drop alert - only at Uma Jewellers 💃Diamond Kante designs with different colour combinations.EF coloured VVS clarity,Excellent cut.We have many more collections in this.🥳🤩We got many reviews for our workmanship.The quality and appearance of our jewellery will never disappoints you.Visit our store trust us it’s a jewellery paradise.🛍️💎 Contact us OR DM us  Hyderabad contact no 7683135916,7386125916,7075828916 Vijaywada contact no  9676856916,8341956916,8897333916 #newstoreinaguration #Umajewellers#goldanddiamonds #bridaljewellery #newcollections #jewellery #hyderbad #fancycollections #diamondcollections #ownworkmanship #IGIcertified #umajewellers1990 #Southindianjewellery #bridaljewellery #HUID #instagram #jewellery #goldjewellery #diamondjewellery #Umajewellery","http://instagram.com/umajewellers1990","instagram.com","https://video-bom5-2.xx.fbcdn.net/o1/v/t2/f2/m86/AQMf03WhQgSTYDq2Tb2ORMOQx9vGQrha6bszmDTQ6B6NTHo04iM2RhckyZXu5MckPXYJIke93OL7jzRcgaKE85XIROf4S7k64DK2PwA.mp4?_nc_cat=108&_nc_sid=b66105&_nc_ht=video-bom5-2.xx.fbcdn.net&_nc_ohc=yt5GQ9T5CpYQ7kNvwGjqIex&efg=eyJ2ZW5jb2RlX3RhZyI6Inhwdl9wcm9ncmVzc2l2ZS5WSV9VU0VDQVNFX1BST0RVQ1RfVFlQRS4uQzMuNzIwLmRhc2hfYmFzZWxpbmVfMV92MSIsInhwdl9hc3NldF9pZCI6MTMxMDA5NTgxNzMzMDI4MywiYXNzZXRfYWdlX2RheXMiOjM2NCwidmlfdXNlY2FzZV9pZCI6MTAwOTksImR1cmF0aW9uX3MiOjg5LCJ1cmxnZW5fc291cmNlIjoid3d3In0%3D&ccb=17-1&vs=50466a6f35b66fad&_nc_vs=HBksFQIYUmlnX3hwdl9yZWVsc19wZXJtYW5lbnRfc3JfcHJvZC8zRDQ4QzgxMDRBRTc4MDQ2MkNGRjQ5RTQzMkEzRUE5Q192aWRlb19kYXNoaW5pdC5tcDQVAALIARIAFQIYR2lnX3hwdl9yZWVsc19wZXJtYW5lbnRfc3JfcHJvZC8xMzA0NTkyNTk3NDQ4NDk5XzYzOTAwMjM4NTM1MDQ0MTk1NzMubXA0FQICyAESACgAGAAbAogHdXNlX29pbAExEnByb2dyZXNzaXZlX3JlY2lwZQExFQAAJta5gr3O4dMEFQIoAkMzLBdAVlEGJN0vGxgSZGFzaF9iYXNlbGluZV8xX3YxEQB1AGXmnQEA&_nc_gid=b9yTAh94RPusCwlux4Dwrg&_nc_ss=7b289&_nc_zt=28&oh=00_AQPmaQtt-enJK8Yq_SOC0vi6vkhO8ixVo5q4_f-ElIuk1w&oe=6AC907C9","IN","2026-10-08 07:23"
"Umajewellers1990","138174619381893","1171341601601345","https://www.facebook.com/ads/library/?id=1171341601601345","Inactive","Stopped","","2025-10-16","2025-10-22","6","","","","","INR","1","","","","","","","","","","VIDEO","","69","instagram","VIEW_INSTAGRAM_PROFILE","","1990","","","Mixed (English + Telugu)","Thank you very much and thank you very much. I know you are not going to choose anything, I will start the last chance.","Thank you very much and thank you very much. I know you are not going to choose anything, I will start the last chance. I know you are going to choose a very beautiful work. I know you are going to choose anything. I know you are going to choose anything. I know you are going to choose anything. I know you are going to choose anything. I know you are going to choose anything. I know you are going to choose anything. I know you are going to choose anything. I know you are going to choose anything. I know you are going to choose anything. I know you are going to choose anything. I know you are going to choose anything. I know you are going to choose anything. I know you are going to choose anything. I know you are going to choose anything. I know you are going to choose anything. I know you are going to choose anything. I know you are going to choose anything. Thank you so much. Thank you so much. I know you are going to choose anything. I know you are going to idea to have a good time. It's a good idea to have a good time. It's a good idea to have a good time. Thank you so much. I'm very happy to see you. I'm very happy to see you. I'm very happy to see you. I'm very happy to see you. I'm very happy to see you. I'm very happy to see you. I'm very happy to see you. Thank you so much. I'm very happy to see you. I'm very happy to see you. So, thank you so much. I've been here for a long time, I've been here for a long time. I've been here for a long time, I've been here for a long time. I've been here for a long time, I've been here for a long time. I've been here for a long time, I've been here for a long time. I've been here for a long time, I've been here for a long time. I've been here for a long time, I've been here for a long time. I've been here for a long time, I've been here for a long time. I've been here for a long time, I've been here for a long time. I've been here for a long time. I've been here for a long time. I've been here for a long time. I've been here for a long time. I've been here for a long time. Thank you.","English","","","","","","","","Facebook / Instagram","instagram.com/umajewellers1990","","షోరూంకు వచ్చిన కస్టమర్లు ఈ వీడియోలో ఉన్న మాటలు మీరు వింటే చాలు😍 వాళ్ళ మనసులో💞 హార్టుఫుల్గా డిజైన్ గురించి ఎక్స్ప్రెషన్🥰 నేను ఎప్పుడూ వీడియోస్ లో చెప్తూ ఉంటా కదా వాళ్ళ నోటి నుండి మీరందరూ వినవచ్చు Contact us OR DM us  Hyderabad contact no 7683135916,7386125916,7075828916 Vijaywada contact no  9676856916,8341956916,8897333916 #newstoreinaguration #Umajewellers#goldanddiamonds #bridaljewellery #newcollections #jewellery #hyderbad #fancycollections #diamondcollections #ownworkmanship #IGIcertified #umajewellers1990 #Southindianjewellery #bridaljewellery #HUID #instagram #jewellery #goldjewellery #diamondjewellery #Umajewellery","http://instagram.com/umajewellers1990","instagram.com","https://video-bom5-1.xx.fbcdn.net/o1/v/t2/f2/m86/AQPKS1SogkbSuPeGK3ixWOCB4r6hXvk6WMKRDHWCiSVcS7j_OZ70ihPoTPPapzN1L8xYamRXMsGMit8A2lSQ7ds.mp4?_nc_cat=109&_nc_sid=b66105&_nc_ht=video-bom5-1.xx.fbcdn.net&_nc_ohc=HjcYrSOJ0CsQ7kNvwHq1bNu&efg=eyJ2ZW5jb2RlX3RhZyI6Inhwdl9wcm9ncmVzc2l2ZS5WSV9VU0VDQVNFX1BST0RVQ1RfVFlQRS4uQzMuMzYwLmRhc2hfYmFzZWxpbmVfM192MSIsInhwdl9hc3NldF9pZCI6MzIxMzE1NTk1NTk4MjQxMTcsImFzc2V0X2FnZV9kYXlzIjozNTcsInZpX3VzZWNhc2VfaWQiOjEwMDk5LCJkdXJhdGlvbl9zIjo2OSwidXJsZ2VuX3NvdXJjZSI6Ind3dyJ9&ccb=17-1&vs=bd342dfa2304b321&_nc_vs=HBksFQIYRmlnX3hwdl9yZWVsc19wZXJtYW5lbnRfc3JfcHJvZC83ODczMjcwMDQxNzI2NzhfNDU3NTU4ODI4OTc2NjEzOTc5MS5tcDQVAALIARIAFQIYR2lnX3hwdl9yZWVsc19wZXJtYW5lbnRfc3JfcHJvZC8yMzAwMDE0Mjg3MTQzMzQ0Xzg4MDg0OTI5NDY4NTQ0MDY1MzcubXA0FQICyAESACgAGAAbAogHdXNlX29pbAExEnByb2dyZXNzaXZlX3JlY2lwZQExFQAAJuqLpJr23pNyFQIoAkMzLBdAUVmZmZmZmhgSZGFzaF9iYXNlbGluZV8zX3YxEQB1AGXmnQEA&_nc_gid=UcMmqxvmQlgupBnxo-uTOw&_nc_ss=7b289&_nc_zt=28&oh=00_AQMACPJj3J0YStupPMqHQaHFxRh_wMxhakzSamDqy7GtXA&oe=6AC93037","IN","2026-10-08 07:23"
"Umajewellers1990","138174619381893","2046428999528935","https://www.facebook.com/ads/library/?id=2046428999528935","Inactive","Stopped","","2025-10-21","2025-10-27","6","","","","","INR","1","","","","","","","","","","VIDEO","","90","instagram","VIEW_INSTAGRAM_PROFILE","","1990","","Social proof; New launch","English","I was born in the morning and I was born in the morning.","I was born in the morning and I was born in the morning. I was born in the morning. I was born in the morning. I was born in the morning. I was born in the morning. I was born in the morning. I was born in the morning. I was born in the morning. I was born in the morning. I was born in the morning. that's the correct way to weight weight. I've been doing this for a long time. I've been doing this for a long time. I've been doing this for a long time. I've been doing this for a long time. I've been doing this for a long time. I've been doing this for a long time. I've been doing this for a long time. I've been doing this for a long time. I've been doing this for a long time. I've been doing this for a long time. and then we will see the next video. I was a little bit more mature and I was a little bit more mature I was a little bit more mature and I was a little bit mature and I was a little bit mature I was a little bit mature and I was a little bit mature and I was a little bit mature I was a little bit mature and I was a little bit mature and I was a kid. This is a beautiful option for me to be a swimmer. I've been a bit more than a person. I've been a bit more than a person. I've been a bit more than a bit more than a person. I've been a bit more than a bit more than a person. I've been a bit more than a bit more than a person. I've been a bit more than a bit more than a person. I've been a bit more than a bit more than a person. I've been a bit more than a bit more than a person. I've been a bit more than a bit more than a person. I've been a bit more than a bit more than a person. that doesn't seem to catch our attention.","English","","","","","","","","Facebook / Instagram","instagram.com/umajewellers1990","","🥰😍New drop alert - only at Uma Jewellers 💃 Vaddanams with different idols.Every idol is very clear and detailed.Every vaddanam is in light weight.We have many more collections in this.🥳🤩We got many reviews for our workmanship.The quality and appearance of our jewellery will never disappoints you.Visit our store trust us it’s a jewellery paradise.🛍️💎 Contact us OR DM us  Hyderabad contact no 7683135916,7386125916,7075828916 Vijaywada contact no  9676856916,8341956916,8897333916 #newstoreinaguration #Umajewellers#goldanddiamonds #bridaljewellery #newcollections #jewellery #hyderbad #fancycollections #diamondcollections #ownworkmanship #IGIcertified #umajewellers1990 #Southindianjewellery #bridaljewellery #HUID #instagram #jewellery #goldjewellery #diamondjewellery #Umajewellery","http://instagram.com/umajewellers1990","instagram.com","https://video-bom5-1.xx.fbcdn.net/o1/v/t2/f2/m86/AQOMv_V2eRn8MccQ9CzhwFQk1ZcoDGBpp_rjLw1WVRV813U9lX7_BMN8-PGuMM_vuQ0Mc8mp4GUn_RijNvVAUfOAC8sDEm5WHglETCw.mp4?_nc_cat=109&_nc_sid=b66105&_nc_ht=video-bom5-1.xx.fbcdn.net&_nc_ohc=nLI_0CMhXY0Q7kNvwHSCX_f&efg=eyJ2ZW5jb2RlX3RhZyI6Inhwdl9wcm9ncmVzc2l2ZS5WSV9VU0VDQVNFX1BST0RVQ1RfVFlQRS4uQzMuNzIwLmRhc2hfYmFzZWxpbmVfMV92MSIsInhwdl9hc3NldF9pZCI6MTMzMzY0NzA2ODQwNDU3NSwiYXNzZXRfYWdlX2RheXMiOjM1MSwidmlfdXNlY2FzZV9pZCI6MTAwOTksImR1cmF0aW9uX3MiOjg5LCJ1cmxnZW5fc291cmNlIjoid3d3In0%3D&ccb=17-1&vs=b5ef385002e756fe&_nc_vs=HBksFQIYUmlnX3hwdl9yZWVsc19wZXJtYW5lbnRfc3JfcHJvZC9BRjQ0NzUzOUYzODk4RjQ4N0I2QjhGNTQxNkRFNDFBNV92aWRlb19kYXNoaW5pdC5tcDQVAALIARIAFQIYRmlnX3hwdl9yZWVsc19wZXJtYW5lbnRfc3JfcHJvZC83OTM2NzU4NzMyOTY0OTFfODQyMzE5MjkzNzcxNDI3NDAzMS5tcDQVAgLIARIAKAAYABsCiAd1c2Vfb2lsATEScHJvZ3Jlc3NpdmVfcmVjaXBlATEVAAAmvu2k_Ly83gQVAigCQzMsF0BWfdLxqfvnGBJkYXNoX2Jhc2VsaW5lXzFfdjERAHUAZeadAQA&_nc_gid=KM9apxRsf_nkqma6mL7Hxw&_nc_ss=7b289&_nc_zt=28&oh=00_AQP_1ld1_54RE9n7-Cbu7eXBrNTPKisgwN0WmWMWng9izw&oe=6AC90E82","IN","2026-10-08 07:23"
"Umajewellers1990","138174619381893","1538294997361631","https://www.facebook.com/ads/library/?id=1538294997361631","Inactive","Stopped","","2025-10-28","2025-11-01","4","","","","","INR","1","","","","","","","","","","VIDEO","","","instagram","VIEW_INSTAGRAM_PROFILE","","1990","","Social proof; New launch","English","","","","","","","","","","","Facebook / Instagram","instagram.com/umajewellers1990","","🥰😍New drop alert - only at Uma Jewellers 💃 Diamond Jhumkas are in friendly budget. Jhumka some are in open setting and some are in open close setting.Some are with different coloured stones.Every small thing is very detailed.The colour combination of the stones are very different.The diamonds are in EF coloured VVS clarity.We have many more collections in this.🥳🤩We got many reviews for our workmanship.The quality and appearance of our jewellery will never disappoints you.Visit our store trust us it’s a jewellery paradise.🛍️💎 Contact us OR DM us  Hyderabad contact no 7683135916,7386125916,7075828916 Vijaywada contact no  9676856916,8341956916,8897333916 #newstoreinaguration #Umajewellers#goldanddiamonds #bridaljewellery #newcollections #jewellery #hyderbad #fancycollections #diamondcollections #ownworkmanship #IGIcertified #umajewellers1990 #Southindianjewellery #bridaljewellery #HUID #instagram #jewellery #goldjewellery #diamondjewellery #Umajewellery","http://instagram.com/umajewellers1990","instagram.com","https://video-bom5-1.xx.fbcdn.net/o1/v/t2/f2/m86/AQONdAeNEdDV3VQlqmudnAgKuz2HRhfGMbQqzj5PiJ7UJxZId1xL1QpYiXNqzawfGkZc_uwhlvzmXKxDqVrlZQ2R8ru9vasWhHV4RTo.mp4?_nc_cat=109&_nc_sid=b66105&_nc_ht=video-bom5-1.xx.fbcdn.net&_nc_ohc=vLHWa88N_bsQ7kNvwEgbtPU&efg=eyJ2ZW5jb2RlX3RhZyI6Inhwdl9wcm9ncmVzc2l2ZS5WSV9VU0VDQVNFX1BST0RVQ1RfVFlQRS4uQzMuNzIwLmRhc2hfYmFzZWxpbmVfMV92MSIsInhwdl9hc3NldF9pZCI6MTgxMDkwMzI4MzYzMjYyMSwiYXNzZXRfYWdlX2RheXMiOjM0NSwidmlfdXNlY2FzZV9pZCI6MTAwOTksImR1cmF0aW9uX3MiOjkwLCJ1cmxnZW5fc291cmNlIjoid3d3In0%3D&ccb=17-1&vs=7577d1b278038fd5&_nc_vs=HBksFQIYUmlnX3hwdl9yZWVsc19wZXJtYW5lbnRfc3JfcHJvZC85MjRENTdERUYyNzRDOENEQzgyQ0NCNEI4RDc5MzVCMF92aWRlb19kYXNoaW5pdC5tcDQVAALIARIAFQIYRmlnX3hwdl9yZWVsc19wZXJtYW5lbnRfc3JfcHJvZC84NTE3NDA1NjA3NTMwMTFfNTU3Njg0Nzc1NDEwNDUwMTc4Ny5tcDQVAgLIARIAKAAYABsCiAd1c2Vfb2lsATEScHJvZ3Jlc3NpdmVfcmVjaXBlATEVAAAm2qeM77jAtwYVAigCQzMsF0BWghysCDEnGBJkYXNoX2Jhc2VsaW5lXzFfdjERAHUAZeadAQA&_nc_gid=8YrFqTYA0HP9OrItbG057A&_nc_ss=7b289&_nc_zt=28&oh=00_AQMI3wYAxKIjsQSbLy6R7E_dhPubI66O-536i6nJNi_3ww&oe=6AC92542","IN","2026-10-08 07:23"
"Umajewellers1990","138174619381893","819646170661615","https://www.facebook.com/ads/library/?id=819646170661615","Inactive","Stopped","","2025-10-16","2025-10-22","6","","","","","INR","1","","","","","","","","","","VIDEO","","","instagram","VIEW_INSTAGRAM_PROFILE","","1990","","Social proof; New launch","English","","","","","","","","","","","Facebook / Instagram","instagram.com/umajewellers1990","","🥰😍New drop alert - only at Uma Jewellers 💃 Diamond Bangles are in friendly budget. bangles some are in open setting and some are in open close setting.Some are with different coloured stones.Every small thing is very detailed.The colour combination of the stones are very different.The diamonds are in EF coloured VVS clarity.We have many more collections in this.🥳🤩We got many reviews for our workmanship.The quality and appearance of our jewellery will never disappoints you.Visit our store trust us it’s a jewellery paradise.🛍️💎 Contact us OR DM us  Hyderabad contact no 7683135916,7386125916,7075828916 Vijaywada contact no  9676856916,8341956916,8897333916 #newstoreinaguration #Umajewellers#goldanddiamonds #bridaljewellery #newcollections #jewellery #hyderbad #fancycollections #diamondcollections #ownworkmanship #IGIcertified #umajewellers1990 #Southindianjewellery #bridaljewellery #HUID #instagram #jewellery #goldjewellery #diamondjewellery #Umajewellery","http://instagram.com/umajewellers1990","instagram.com","https://video-bom2-3.xx.fbcdn.net/o1/v/t2/f2/m69/AQOrnv4KtVKGnytU5lwQR_mDBFKROfz_4btGl_JzFr0Di1Gf79jIa-S5yGsRFH4kJBU_JeS3kfjpAFQPJBoAWPtx.mp4?strext=1&_nc_cat=101&_nc_sid=b66105&_nc_ht=video-bom2-3.xx.fbcdn.net&_nc_ohc=1PpT5DGclRYQ7kNvwGW7KgK&efg=eyJ2ZW5jb2RlX3RhZyI6Inhwdl9wcm9ncmVzc2l2ZS5WSV9VU0VDQVNFX1BST0RVQ1RfVFlQRS4uQzMuNzIwLmRhc2hfYmFzZWxpbmVfMV92MSIsInhwdl9hc3NldF9pZCI6MTI2MzE4NTIzNTU3NTA5NSwiYXNzZXRfYWdlX2RheXMiOjM1OCwidmlfdXNlY2FzZV9pZCI6MTAwOTksImR1cmF0aW9uX3MiOjc3LCJ1cmxnZW5fc291cmNlIjoid3d3In0%3D&ccb=17-1&vs=9f0c4a743441fb85&_nc_vs=HBksFQIYOnBhc3N0aHJvdWdoX2V2ZXJzdG9yZS9HSTQzd2lHbG8yQ05HbVFHQUY3cGYzbEh0MXNuYnNwVEFRQUYVAALIARIAFQIYR2lnX3hwdl9yZWVsc19wZXJtYW5lbnRfc3JfcHJvZC8xMTcyNDMyMDg0Nzc4MTY3XzE2ODk2MDA1OTY4MjkzMTQ3ODIubXA0FQICyAESACgAGAAbAogHdXNlX29pbAExEnByb2dyZXNzaXZlX3JlY2lwZQExFQAAJu6EhLSHt74EFQIoAkMzLBdAU33S8an75xgSZGFzaF9iYXNlbGluZV8xX3YxEQB1AGXmnQEA&_nc_gid=hDwbxRMTzc-BZ2sYCeRpGQ&_nc_ss=7b289&_nc_zt=28&oh=00_AQNKCmedF8lfH4jyUXd3HKJtsp5uQHh-GqmR2jK5LJs59A&oe=6ACD1721","IN","2026-10-08 07:23"
"Umajewellers1990","138174619381893","837096045323916","https://www.facebook.com/ads/library/?id=837096045323916","Inactive","Stopped","","2025-10-13","2025-10-19","6","","","","","INR","1","","","","","","","","","","VIDEO","","","instagram","VIEW_INSTAGRAM_PROFILE","","1990","","Social proof; New launch","English","","","","","","","","","","","Facebook / Instagram","instagram.com/umajewellers1990","","🥰😍New drop alert - only at Uma Jewellers 💃 Diamond Harams with detachable options in friendly budget.Every necklaces has many detachable options also.Some are flexible means can be used as haram and vaddanam also.Every small thing is very detailed.The colour combination of the stones are very different.The diamonds are in EF coloured VVS clarity.We have many more collections in this.🥳🤩We got many reviews for our workmanship.The quality and appearance of our jewellery will never disappoints you.Visit our store trust us it’s a jewellery paradise.🛍️💎 Contact us OR DM us  Hyderabad contact no 7683135916,7386125916,7075828916 Vijaywada contact no  9676856916,8341956916,8897333916 #newstoreinaguration #Umajewellers#goldanddiamonds #bridaljewellery #newcollections #jewellery #hyderbad #fancycollections #diamondcollections #ownworkmanship #IGIcertified #umajewellers1990 #Southindianjewellery #bridaljewellery #HUID #instagram #jewellery #goldjewellery #diamondjewellery #Umajewellery","http://instagram.com/umajewellers1990","instagram.com","https://video-bom5-1.xx.fbcdn.net/o1/v/t2/f2/m69/AQOfkd0QBed7frR5xMYfwMx5kUw-Bs-SQC2iEhfVSTKsGqhCS6V-D3709yQUNhzJoi8xDcy2DE04YvXSb74Ipo8x.mp4?strext=1&_nc_cat=105&_nc_sid=b66105&_nc_ht=video-bom5-1.xx.fbcdn.net&_nc_ohc=s3HYvrouxIEQ7kNvwG-xIaa&efg=eyJ2ZW5jb2RlX3RhZyI6Inhwdl9wcm9ncmVzc2l2ZS5WSV9VU0VDQVNFX1BST0RVQ1RfVFlQRS4uQzMuNzIwLmRhc2hfYmFzZWxpbmVfMV92MSIsInhwdl9hc3NldF9pZCI6ODM4NzQ5Mjc1NDc2NzQwLCJhc3NldF9hZ2VfZGF5cyI6MzYxLCJ2aV91c2VjYXNlX2lkIjoxMDA5OSwiZHVyYXRpb25fcyI6ODgsInVybGdlbl9zb3VyY2UiOiJ3d3cifQ%3D%3D&ccb=17-1&vs=3bc6e7261394103b&_nc_vs=HBksFQIYOnBhc3N0aHJvdWdoX2V2ZXJzdG9yZS9HQWttWlNGNkpxNlNtRG9IQURnb0RGVFQtU3hYYnNwVEFRQUYVAALIARIAFQIYRmlnX3hwdl9yZWVsc19wZXJtYW5lbnRfc3JfcHJvZC83OTIwNDAwMjcxMzE5NDhfMTAzOTc4ODM3ODk4NzM1ODc0MS5tcDQVAgLIARIAKAAYABsCiAd1c2Vfb2lsATEScHJvZ3Jlc3NpdmVfcmVjaXBlATEVAAAmiMz2idG1_QIVAigCQzMsF0BWAAAAAAAAGBJkYXNoX2Jhc2VsaW5lXzFfdjERAHUAZeadAQA&_nc_gid=QP1QW-IjamFU-I1smpqapg&_nc_ss=7b289&_nc_zt=28&oh=00_AQMGbhyMeRCTStOQWCVVAvT3PAAF2Ovia_39_Nd4EohtcA&oe=6ACD04F1","IN","2026-10-08 07:23"
"CM Yuva","510796048788406","1360902925509469","https://www.facebook.com/ads/library/?id=1360902925509469","Inactive","Stopped","","2025-10-11","2025-10-13","2","","","","","INR","1","700K-800K","","","","","","","","","VIDEO","","62","facebook, instagram","LEARN_MORE","","","","","Mixed (English + Hindi / Marathi (Devanagari))","Hello, my name is Shreya and I am a Swadeshi Malay Pee","Hello, my name is Shreya and I am a Swadeshi Malay Pee I am a stall and in Swadeshi Malay we basically have a imitation jewelry and handicraft stall So, the orn is going to be a shop the orn is going to be a shop and everything related to the value This is a very beneficial thing because after our shop we went to Delhi we got raw materials in the camera plus we are able to sell them on the camera we got raw materials in the camera. Plus we got sell on the camera. We got more than that. We got more than that. Most of the time we were surprised. We got more than that. We got benefit. Mainly we got this in the aluminum. Mainly we got the use purpose. So we got the use directly. We got it everywhere. And use basically, wherever there is a more event, there will definitely benefit. Thank you, you, government. For arranging this stall, I really appreciate what you have done for us. Thank you.","English","","","","","","","","Homepage","msmeup.org.in","","मैंने स्वदेशी मेला 2025, जो उत्तर प्रदेश सरकार द्वारा आयोजित किया गया था, में Imitation Jewellery और Handicraft Products का स्टॉल लगाया। इस मेले में मैंने अपने स्टॉल पर दीवाली और उससे जुड़े उत्पादों के स्टॉल लगाए, जो युवाओं को आकर्षित कर रहे हैं। मैं इस पहल के लिए उत्तर प्रदेश सरकार का धन्यवाद देती हूँ, जिन्होंने इस आयोजन को सफल बनाने में योगदान दिया। – Shreya  Exhibitor अधिक जानकरी की लिए विजिट करें: https://msmeup.org.in #SwadeshiMela2025 #localforvocal #upgovernment #msmeupinnewera","https://msmeup.org.in/","msmeup.org.in","https://video-bom2-3.xx.fbcdn.net/o1/v/t2/f2/m86/AQPZEwrjYL1ra6WOoak1GZ6gTAmSNaZ_LlrTpKI3HU1DYa74i4Mba5_YNeeYJqW3O824lvLaUxUIUyYG7QMpmlNDuPi33Z1avUTJz74.mp4?_nc_cat=103&_nc_sid=b66105&_nc_ht=video-bom2-3.xx.fbcdn.net&_nc_ohc=FSyK-v8tEnwQ7kNvwFDXr5-&efg=eyJ2ZW5jb2RlX3RhZyI6Inhwdl9wcm9ncmVzc2l2ZS5WSV9VU0VDQVNFX1BST0RVQ1RfVFlQRS4uQzMuMzYwLmRhc2hfYmFzZWxpbmVfM192MSIsInhwdl9hc3NldF9pZCI6NzA0MDAyODA4Njk5NzU1LCJhc3NldF9hZ2VfZGF5cyI6MzYxLCJ2aV91c2VjYXNlX2lkIjoxMDA5OSwiZHVyYXRpb25fcyI6NjIsInVybGdlbl9zb3VyY2UiOiJ3d3cifQ%3D%3D&ccb=17-1&vs=804be71aaeb1f494&_nc_vs=HBksFQIYUmlnX3hwdl9yZWVsc19wZXJtYW5lbnRfc3JfcHJvZC8xQTRCMjJFQjlCRTcwNzhCMkVGRjM5M0JGQTM3OTY5Nl92aWRlb19kYXNoaW5pdC5tcDQVAALIARIAFQIYR2lnX3hwdl9yZWVsc19wZXJtYW5lbnRfc3JfcHJvZC8xMTAyNzYzNjgyMDA3NTYwXzUyOTgzMTc0ODAwOTgwNTA2NTEubXA0FQICyAESACgAGAAbAogHdXNlX29pbAExEnByb2dyZXNzaXZlX3JlY2lwZQExFQAAJtbtqtWtksACFQIoAkMzLBdATwAAAAAAABgSZGFzaF9iYXNlbGluZV8zX3YxEQB1AGXmnQEA&_nc_gid=A5e1ogu9oqyBUMWxqjVZoQ&_nc_ss=7b289&_nc_zt=28&oh=00_AQNHT1UBrXwp-zB3BbRyF0n0_OV8xzmSKCBZqAb0JJMkJw&oe=6AC92918","IN","2026-10-08 07:23"
"Tripat Jewellery","749440944922058","1117308926842829","https://www.facebook.com/ads/library/?id=1117308926842829","Inactive","Stopped","","2025-10-21","2025-10-27","6","","","","","INR","1","","","","","","","","","","CAROUSEL","10","","facebook, instagram","VIEW_INSTAGRAM_PROFILE","","","","","English","","","","","","","","","","","Facebook / Instagram","instagram.com/tripatjewellery","Tripat Jewellery","The Story Behind Tṛpat","http://instagram.com/tripatjewellery","instagram.com","https://scontent-bom5-2.xx.fbcdn.net/v/t39.35426-6/569293495_834059942498108_9015105928004799077_n.jpg?_nc_cat=108&ccb=1-7&_nc_sid=c53f8f&_nc_ohc=MNosWSEjdtEQ7kNvwH6U9eG&_nc_oc=AdrbKSuffVHWbCqZW9aJL76eobxg5WjdRRgFSPL9L3W0lohkl1Pgtw9nc73x4Itnh50&_nc_zt=14&_nc_ht=scontent-bom5-2.xx&_nc_gid=A5e1ogu9oqyBUMWxqjVZoQ&_nc_ss=7b289&oh=00_AQP-4219WGJToh2wBMSzSv0MnKPauEblqpCDNbwl_e7wfg&oe=6ACD1E32","IN","2026-10-08 07:23"
"Sham Exotic Group","750448854816462","1800867603866736","https://www.facebook.com/ads/library/?id=1800867603866736","Inactive","Stopped","","2025-10-14","2025-10-26","12","","","","","INR","1","","","","","","","","","","IMAGE","","","facebook, instagram","VIEW_INSTAGRAM_PROFILE","Flat 40% off; 15% off","","","Discount / offer; New launch","English","","","","","","","","","","","Facebook / Instagram","instagram.com/shamexoticgroup","instagram.com","Begin your Shubh Shuruaat with timeless elegance ✨ Discover stunning gold & diamond jewellery at Sham Jewellers and make every new beginning truly special. 💛 Flat 40% OFF on Gold Making Charges 💎 15% OFF on Diamonds Offer valid till 18th Oct – visit today!","http://instagram.com/shamexoticgroup","instagram.com","https://scontent-bom5-2.xx.fbcdn.net/v/t39.35426-6/561558603_2070895823727648_9019523038197138958_n.jpg?_nc_cat=100&ccb=1-7&_nc_sid=c53f8f&_nc_ohc=ygRFj69148sQ7kNvwEG9z8U&_nc_oc=Adp9R6uMB1fknT6IlXlMky3GV9lcJed9oPKLOfLJNPwKpNbQb89hyTEdz6oiYvi22I4&_nc_zt=14&_nc_ht=scontent-bom5-2.xx&_nc_gid=MlQHNW6w3977D4UFo-H_Dg&_nc_ss=7b289&oh=00_AQMWs5-oryhsONRKuTYkb7jS8roo_ZOahBKSH9MB7iY_UQ&oe=6ACD0E0B","IN","2026-10-08 07:23"
"Mintage Jewellery","651583958048776","1146024604156736","https://www.facebook.com/ads/library/?id=1146024604156736","Inactive","Stopped","","2025-10-01","2025-11-01","31","","","","","INR","1","","","","","","","","","","VIDEO","","20","facebook, instagram, audience_network, messenger, threads","SHOP_NOW","","","","Urgency / scarcity; Social proof","English","","","No speech (music only)","","","","","","","","Homepage","mintagejewellery.com.au","Buy our curated sets and save 20%!!","Don't miss out!!  Limited Edition Tourmaline Jewellery Collections!","https://www.mintagejewellery.com.au/","www.mintagejewellery.com.au","https://video-bom5-1.xx.fbcdn.net/o1/v/t2/f2/m366/AQO62bI_OKxrJilJvb8vLsOMd2Z54A_2RuRObcTfOdA_h6wuITys9MEhGDW4Q_P5q-0T_E9Ls9WVjwez9I5DolR3Tjn8HqWlT9XPb_AopLrKKg.mp4?_nc_cat=110&_nc_sid=b66105&_nc_ht=video-bom5-1.xx.fbcdn.net&_nc_ohc=ZT5xK--HR2QQ7kNvwF-d6Ch&efg=eyJ2ZW5jb2RlX3RhZyI6Inhwdl9wcm9ncmVzc2l2ZS5WSV9VU0VDQVNFX1BST0RVQ1RfVFlQRS4uQzMuMTI4MC5kYXNoX2gyNjQtYmFzaWMtZ2VuMl83MjBwIiwieHB2X2Fzc2V0X2lkIjoxMTU0NjQwODczNDM4NTc1LCJhc3NldF9hZ2VfZGF5cyI6MzcxLCJ2aV91c2VjYXNlX2lkIjoxMDEzOSwiZHVyYXRpb25fcyI6MjAsInVybGdlbl9zb3VyY2UiOiJ3d3cifQ%3D%3D&ccb=17-1&vs=6c5893b9b14c0f82&_nc_vs=HBksFQIYRWZiX2VwaGVtZXJhbC8xRUJDQ0JDNDBGNzA0ODIyOTkwNjAwNEU2RTMxNENGOF9tdF8xX3ZpZGVvX2Rhc2hpbml0Lm1wNBUAAsgBEgAVAhhAZmJfcGVybWFuZW50LzFFNDlDRjczMjRGOTY1OTI2QkVCMzdBQ0JDOEJENDk3X2F1ZGlvX2Rhc2hpbml0Lm1wNBUCAsgBEgAoABgAGwKIB3VzZV9vaWwBMRJwcm9ncmVzc2l2ZV9yZWNpcGUBMRUAACbe9dXx-IiNBBUCKAJDMywXQDQqfvnbItEYGWRhc2hfaDI2NC1iYXNpYy1nZW4yXzcyMHARAHUAZbaeAQA&_nc_gid=OHXHi-e4ELM2-A5NPe7hVA&_nc_ss=7b289&_nc_zt=28&oh=00_AQMaa3dz8iRref-qSL3RhbiUwbt6_sQrPYINXkGE_L1y9g&oe=6ACD1C4A","IN","2026-10-08 07:23"
"AARI","713755312098160","1731936967491386","https://www.facebook.com/ads/library/?id=1731936967491386","Inactive","Stopped","","2025-10-27","2025-11-03","7","","","","","INR","1","","","","","","","","","","CAROUSEL","10","","facebook, instagram","VIEW_INSTAGRAM_PROFILE","","","","Creator / UGC","English","","","","","","","","","","","Facebook / Instagram","instagram.com/aariindia","AARI","The Bling Affair Structured yet fluid, minimal yet magnetic- an interplay of shimmer and shape. For the woman who owns her elegance with quiet command. LIVE NOW IN STORE  Visit us now at Aari, Vile Parle West, Mumbai. Get in touch with us at +919820017584 Jewellery by - @shilpadiamonds  #aariindia #themodernmuse #bridal #bridalcouture","http://instagram.com/aariindia","instagram.com","https://scontent-bom5-1.xx.fbcdn.net/v/t39.35426-6/571420268_1515689769481020_4256877642057421772_n.jpg?_nc_cat=111&ccb=1-7&_nc_sid=c53f8f&_nc_ohc=fp9MAi-CULYQ7kNvwG7RFY3&_nc_oc=AdpmFJWUlFx-CcTJ4G7Cxk-HkMjkfjyMqKnT0ADnxA60izBPA_2RB3TAQsQUUScFqPc&_nc_zt=14&_nc_ht=scontent-bom5-1.xx&_nc_gid=2ISBOagTjaUQvCNsku8_VQ&_nc_ss=7b289&oh=00_AQM4xJewNBAd0p0o_oEfx-xpoKVr7XvvL6z22sbz11qZkA&oe=6ACD0CA0","IN","2026-10-08 07:23"
"AARI","713755312098160","893255970034153","https://www.facebook.com/ads/library/?id=893255970034153","Inactive","Stopped","","2025-10-26","2025-11-02","7","","","","","INR","1","","","","","","","","","","CAROUSEL","8","","facebook, instagram","VIEW_INSTAGRAM_PROFILE","","","","Creator / UGC","English","","","","","","","","","","","Facebook / Instagram","instagram.com/aariindia","AARI","The Ivory Renaissance 🤍 Ivory gets a modern rewrite. A sculpted halter neck with a contemporary sharara concept comes together in a silhouette made for the spotlight - Sangeet, cocktail nights, and every unforgettable moment in between. LIVE NOW IN STORE  Visit us now at Aari, Vile Parle West, Mumbai. Get in touch with us at +919820017584 Jewellery by - @shilpadiamonds  #aariindia #themodernmuse #bridal #bridalcouture","http://instagram.com/aariindia","instagram.com","https://scontent-bom2-3.xx.fbcdn.net/v/t39.35426-6/561343253_837398075467490_5908695047662420550_n.jpg?_nc_cat=103&ccb=1-7&_nc_sid=c53f8f&_nc_ohc=aw4zb3ej-jMQ7kNvwG-3dLN&_nc_oc=AdpkdSdmkTr7fHmG4UsSidt4KpreaswJluvrLWQIEhjAEAd7Vt-DKGlMvC7Bf9LUDlg&_nc_zt=14&_nc_ht=scontent-bom2-3.xx&_nc_gid=k4oP8kR5gdq48XHh-LRWqw&_nc_ss=7b289&oh=00_AQMhcF8xrtP7yNTjmdklbZ2rRKY90pSJy3P3yl5kXt3AKw&oe=6ACCFE63","IN","2026-10-08 07:23"
"AARI","713755312098160","3054427841407303","https://www.facebook.com/ads/library/?id=3054427841407303","Inactive","Stopped","","2025-10-26","2025-11-02","7","","","","","INR","1","","","","","","","","","","CAROUSEL","6","","facebook, instagram","VIEW_INSTAGRAM_PROFILE","","","","Creator / UGC","English","","","","","","","","","","","Facebook / Instagram","instagram.com/aariindia","AARI","The Bling Affair  Sculpted. Sleek. Striking. A pre-draped saree in liquid silver with sheer embellished sleeves and structured beadwork that redefines modern glamour.  For the woman who defines modern allure. LIVE NOW IN STORE  Visit us now at Aari, Vile Parle West, Mumbai. Get in touch with us at +919820017584 Jewellery by - @shilpadiamonds #aariindia #themodernmuse #bridal #bridalcouture","http://instagram.com/aariindia","instagram.com","https://scontent-bom5-1.xx.fbcdn.net/v/t39.35426-6/571196429_842189235035537_2920462944696736333_n.jpg?_nc_cat=105&ccb=1-7&_nc_sid=c53f8f&_nc_ohc=SqoaCXYbrrMQ7kNvwFL86LA&_nc_oc=AdpvfxT2SDEWq3mWK-lNsLO2NDvyIa2jMz5_r5hfX-qWtafKy8ZsKkJiRctiTxpk6WM&_nc_zt=14&_nc_ht=scontent-bom5-1.xx&_nc_gid=K80sFbRoBefPts8vdOLzyg&_nc_ss=7b289&oh=00_AQO1qL9mdLtUlUVsEsyGa818HYvKEjiyP7AX4uzWImnVyQ&oe=6ACD164B","IN","2026-10-08 07:23"
"Capital Diamond","590989014259194","740579372351251","https://www.facebook.com/ads/library/?id=740579372351251","Inactive","Stopped","","2025-10-08","2025-10-14","6","","","","","INR","1","","","","","","","","","","VIDEO","","16","facebook, instagram","VIEW_INSTAGRAM_PROFILE","","","Festive season; Wedding season","New launch; Gifting; Premium / quality; Seasonal / festive","English","","","No speech (music only)","","","","","","","","Facebook / Instagram","instagram.com/capitaldiamond.official","","Luxury you’ll never want to take off!✨💖 Celebrate the festive sparkle at Capital Diamond — explore & shop now!✨💎 Unveil the allure of our newest collection 💫 Featuring: ✅ Certified Diamonds ✅ 14K Hallmark Gold ✅ Natural Diamonds For inquiries, reach out to us: 📩 DM us 📲 WhatsApp/ 📞 Call: 9990027274 / 9710027274 Visit us at: 📍Karol Bagh, New Delhi Your style, your story✨ Let our jewellery be the part of your journey!💫♥️ #capitaldiamond #jewellery #jewellerystore #weddingjewelry #accesorios #explore #diamonds #weddingjewelry #diamondjewellery #karolbagh #bridaljewellery #diamondring #cocktailring  [ capital diamond, diamond rings, coloured stone rings, cocktail rings, wedding jewellery, cocktail jewellery, explore, wedding season, festive season, karwa chauth special, bridal jewellery, wedding gifts ]","http://instagram.com/capitaldiamond.official","instagram.com","https://video-bom2-4.xx.fbcdn.net/o1/v/t2/f2/m86/AQP1AXu9Cl7GMAwRJmR8duxnVhoSKz-2yZyVy-msoz9oslNOyapnk9vsPGyetoVBN3c9pQxTUOjbPNPhuriwqHBHvs-Ru7GiewA2Fqg.mp4?_nc_cat=106&_nc_sid=b66105&_nc_ht=video-bom2-4.xx.fbcdn.net&_nc_ohc=jdGJW3KY73IQ7kNvwHlIf0L&efg=eyJ2ZW5jb2RlX3RhZyI6Inhwdl9wcm9ncmVzc2l2ZS5WSV9VU0VDQVNFX1BST0RVQ1RfVFlQRS4uQzMuMzYwLmRhc2hfYmFzZWxpbmVfM192MSIsInhwdl9hc3NldF9pZCI6MTkwNzA1MTYzOTg2MjI1NywiYXNzZXRfYWdlX2RheXMiOjM3MCwidmlfdXNlY2FzZV9pZCI6MTAwOTksImR1cmF0aW9uX3MiOjE1LCJ1cmxnZW5fc291cmNlIjoid3d3In0%3D&ccb=17-1&vs=324ed976b8858d3a&_nc_vs=HBksFQIYUmlnX3hwdl9yZWVsc19wZXJtYW5lbnRfc3JfcHJvZC8yOTRFRjNEN0Q4N0Q5M0U4NkM2RUYxODEyQzc4QTVCMF92aWRlb19kYXNoaW5pdC5tcDQVAALIARIAFQIYR2lnX3hwdl9yZWVsc19wZXJtYW5lbnRfc3JfcHJvZC8xNDgxOTM0OTUzMDI0OTYxXzc1NzgyMjYxMDQ3OTY5NzM5NzQubXA0FQICyAESACgAGAAbAogHdXNlX29pbAExEnByb2dyZXNzaXZlX3JlY2lwZQExFQAAJuLP__iBneMGFQIoAkMzLBdAL5mZmZmZmhgSZGFzaF9iYXNlbGluZV8zX3YxEQB1AGXmnQEA&_nc_gid=CVZvRQq_0oOSIW1iHdytDw&_nc_ss=7b289&_nc_zt=28&oh=00_AQMX0BrPrxw_1AYR8PHNXTj_3xrJUvQEJSeFDz_XCgNa5w&oe=6AC930F7","IN","2026-10-08 07:23"
"Capital Diamond","590989014259194","1566646711348762","https://www.facebook.com/ads/library/?id=1566646711348762","Inactive","Stopped","","2025-10-08","2025-10-13","5","","","","","INR","1","","","","","","","","","","VIDEO","","","facebook, instagram","VIEW_INSTAGRAM_PROFILE","","","","New launch; Premium / quality; Seasonal / festive","English","","","","","","","","","","","Facebook / Instagram","instagram.com/capitaldiamond.official","","An indulgence in diamonds, crafted for your grandest moments!✨💎 Capital Diamond brings you brilliance like never before — explore & shop now!✨💖🛍️ Unveil the allure of our newest collection 💫 Featuring: ✅ Certified Diamonds ✅ 14K Hallmark Gold ✅ Natural Diamonds For inquiries, reach out to us: 📩 DM us 📲 WhatsApp/ 📞 Call: 9990027274 / 9710027274 Visit us at: 📍Karol Bagh, New Delhi Your style, your story✨ Let our jewellery be the part of your journey!💫♥️ #capitaldiamond #jewellery #accesorios #jewellerystore #weddingjewelry #diamondjewellery #explore #diamonds #bridaljewellery #dimondnecklace #cocktailnecklace  [ capital diamond, diamond jewellery, diamond necklace, cocktail necklace, wedding necklace, bridal necklace, wedding jewellery, bridal jewellery, explore, accessories, luxury jewellery ]","http://instagram.com/capitaldiamond.official","instagram.com","https://video-bom2-4.xx.fbcdn.net/o1/v/t2/f2/m86/AQNKh2zrAyu6tDxH_wkHm8qgydWaQB1mJLAky0eCTM7lr8M5qw5z2cJu1Zbuf-Ovxb-lYjSLDAA0-iN_8-wRBpBAXOnl4PooswnggYE.mp4?_nc_cat=106&_nc_sid=b66105&_nc_ht=video-bom2-4.xx.fbcdn.net&_nc_ohc=KV15T2NxG9AQ7kNvwFUQ31a&efg=eyJ2ZW5jb2RlX3RhZyI6Inhwdl9wcm9ncmVzc2l2ZS5WSV9VU0VDQVNFX1BST0RVQ1RfVFlQRS4uQzMuMzYwLmRhc2hfYmFzZWxpbmVfM192MSIsInhwdl9hc3NldF9pZCI6MTMyNDU2MzI5MjU0NjQwMywiYXNzZXRfYWdlX2RheXMiOjM3MywidmlfdXNlY2FzZV9pZCI6MTAwOTksImR1cmF0aW9uX3MiOjI1LCJ1cmxnZW5fc291cmNlIjoid3d3In0%3D&ccb=17-1&vs=8d0566f8a32365f8&_nc_vs=HBksFQIYUmlnX3hwdl9yZWVsc19wZXJtYW5lbnRfc3JfcHJvZC85RTQ1OTAwRDM5MDM4NkQyMkExNjE1RkEyMDQ2QTE4Q192aWRlb19kYXNoaW5pdC5tcDQVAALIARIAFQIYR2lnX3hwdl9yZWVsc19wZXJtYW5lbnRfc3JfcHJvZC8xMjUzODk0OTIzMTU4NTU5XzQ3MzgxNjAxNDY4NDg4OTgwOTMubXA0FQICyAESACgAGAAbAogHdXNlX29pbAExEnByb2dyZXNzaXZlX3JlY2lwZQExFQAAJsaVx8jdq9oEFQIoAkMzLBdAOcQYk3S8ahgSZGFzaF9iYXNlbGluZV8zX3YxEQB1AGXmnQEA&_nc_gid=kcRgeoloiy8SS-KgliXO_w&_nc_ss=7b289&_nc_zt=28&oh=00_AQOrT_RyQ25N1f2SHoiW5GcMxZKQ0dNB7cjITrcjX7EsLw&oe=6AC9265B","IN","2026-10-08 07:23"
"Capital Diamond","590989014259194","4.23324E+15","https://www.facebook.com/ads/library/?id=4233240460336090","Inactive","Stopped","","2025-10-17","2025-10-23","6","","","","","INR","1","","","","","","","","","","VIDEO","","","facebook, instagram","VIEW_INSTAGRAM_PROFILE","","","Festive season; Wedding season","New launch; Seasonal / festive","English","","","","","","","","","","","Facebook / Instagram","instagram.com/capitaldiamond.official","","A masterpiece of diamonds, made to mesmerize!✨💎 Explore, Experience, Elevate — Only at Capital Diamond, Shop now!✨🛍️💖 Unveil the allure of our newest collection 💫 Featuring: ✅ Certified Diamonds ✅ 14K Hallmark Gold ✅ Natural Diamonds For inquiries, reach out to us: 📩 DM us 📲 WhatsApp/ 📞 Call: 9990027274 / 9710027274 Visit us at: 📍Karol Bagh, New Delhi Your style, your story✨ Let our jewellery be the part of your journey!💫♥️ #capitaldiamond #jewellery #accesorios #jewellerystore #weddingjewelry #diamondjewellery #explore #karolbagh #bridaljewellery #diamondnecklaces #cocktailnecklace  [ Capital diamond, diamond jewellery, diamond necklace, cocktail necklace, coloured stone jewellery, bridal jewellery, wedding jewellery, festive season, wedding season, accessories ]","http://instagram.com/capitaldiamond.official","instagram.com","https://video-bom5-1.xx.fbcdn.net/o1/v/t2/f2/m86/AQOnOIoLaaY6wEX1Lctq82nY2npy2XQUL6xWbbkQycWDCM7LuPxVz_BEkVhxNl6L6jRenpyqM-OoENEs1mDHAvKanccmnepOGL1P3TY.mp4?_nc_cat=109&_nc_sid=b66105&_nc_ht=video-bom5-1.xx.fbcdn.net&_nc_ohc=tAcHCXee8AMQ7kNvwFyQdLI&efg=eyJ2ZW5jb2RlX3RhZyI6Inhwdl9wcm9ncmVzc2l2ZS5WSV9VU0VDQVNFX1BST0RVQ1RfVFlQRS4uQzMuMzYwLmRhc2hfYmFzZWxpbmVfM192MSIsInhwdl9hc3NldF9pZCI6MzE1MDc0OTU2NzU1MzI3MzcsImFzc2V0X2FnZV9kYXlzIjozNzUsInZpX3VzZWNhc2VfaWQiOjEwMDk5LCJkdXJhdGlvbl9zIjoyNiwidXJsZ2VuX3NvdXJjZSI6Ind3dyJ9&ccb=17-1&vs=4a93d74361e68535&_nc_vs=HBksFQIYUmlnX3hwdl9yZWVsc19wZXJtYW5lbnRfc3JfcHJvZC8yMjQ5RDlENjE0NUQ1NDIzQjhGNjc5QkQ3RDQ0QzhCNV92aWRlb19kYXNoaW5pdC5tcDQVAALIARIAFQIYRmlnX3hwdl9yZWVsc19wZXJtYW5lbnRfc3JfcHJvZC82NTUwMzE2ODc2NTAxNDJfMTQyNTk3NjQ5MTg4OTc1Njc0My5tcDQVAgLIARIAKAAYABsCiAd1c2Vfb2lsATEScHJvZ3Jlc3NpdmVfcmVjaXBlATEVAAAmgteE-M_5928VAigCQzMsF0A6TMzMzMzNGBJkYXNoX2Jhc2VsaW5lXzNfdjERAHUAZeadAQA&_nc_gid=QP1QW-IjamFU-I1smpqapg&_nc_ss=7b289&_nc_zt=28&oh=00_AQN7py_hhAiBjY8XBLnwENejaDv5ual3-3sUTBCHyQ05Xw&oe=6AC933E2","IN","2026-10-08 07:23"
"Vous Creations","105998524776753","1362072281999524","https://www.facebook.com/ads/library/?id=1362072281999524","Inactive","Stopped","","2025-10-14","2025-10-17","3","","","","","INR","1","","","","","","","","","","VIDEO","","25","facebook, instagram","VIEW_INSTAGRAM_PROFILE","","","Christmas / New Year","Gifting","English","Do you know what I'm saying?","Do you know what I'm saying?","English","","","","","","","","Facebook / Instagram","instagram.com/vouscreationsaustralia","","Ready to WIN⁉️ Rules are simple - You gotta be in it to Win it 💋 • Follow • Like • Guess the price in Comments In time for #christmas  Natural Emeralds & Lab Diamonds T’s & C’s Apply. Only open to Vous Followers. #localbrand #bespoke #designer #melbourne #jewellerydesigner #localbusiness #giftsforher #australianartist #branded #competition #giveaway #diamond #gold #followｍe #followmyjourney #jewellery #jewels #jewelry #trendingréels #womenstyle #trendingstyle #statementpiece","http://instagram.com/vouscreationsaustralia","instagram.com","https://video-bom5-2.xx.fbcdn.net/o1/v/t2/f2/m412/AQPLNc1P23FhJewpMZYszsYosG6U0ce0skremHabcRxAK1JbZRZoin9tOeCT8YECQga62k36KbQ_L3ZJ9l8YmxPH5GHSpzDi-9sIHakhBg.mp4?_nc_cat=102&_nc_sid=ef5aa3&_nc_ht=video-bom5-2.xx.fbcdn.net&_nc_ohc=0HmQm1bz9jgQ7kNvwEUIT3G&efg=eyJ2ZW5jb2RlX3RhZyI6Inhwdl9wcm9ncmVzc2l2ZS5WSV9VU0VDQVNFX1BST0RVQ1RfVFlQRS4uQzMuMzYwLnN2ZV9zZCIsInhwdl9hc3NldF9pZCI6MTk2NTAwODM0NDA2MzQ0OSwiYXNzZXRfYWdlX2RheXMiOjM1OCwidmlfdXNlY2FzZV9pZCI6MTAxMjIsImR1cmF0aW9uX3MiOjI0LCJ1cmxnZW5fc291cmNlIjoid3d3In0%3D&ccb=17-1&_nc_gid=CVZvRQq_0oOSIW1iHdytDw&_nc_ss=7b289&_nc_zt=28&oh=00_AQP_jaojPx_60UuCe7S16Uml8SiPVVLjUrjD-qYj-yE7BA&oe=6ACD1D48","IN","2026-10-08 07:23"
"Vous Creations","105998524776753","1472043897407756","https://www.facebook.com/ads/library/?id=1472043897407756","Inactive","Stopped","","2025-10-17","2025-10-21","4","","","","","INR","1","","","","","","","","","","VIDEO","","","facebook, instagram","VIEW_INSTAGRAM_PROFILE","","","","Gifting","English","","","","","","","","","","","Facebook / Instagram","instagram.com/vouscreationsaustralia","","💋 Flawed YET Fabulous 💋 #newproduct by Vous  Creations❗️ CASPIAN paired with YAARA • Yellow Gold • Garnets • Diamonds • Spinel • Necklets • Bracelets - SOLD #available #availablenow at : 58 High Street Cranbourne Melbourne Australia 🇦🇺  DM for more info or Call All Images & Products shared are the Property of Vous Creations Pty Ltd in Partnership with JG Emporium  #localbrand #bespoke #designer #melbourne #jewellerydesigner #localbusiness #giftsforher #australianartist #branded #shoplocal #diamond #jewellery #trending #trendingreels❤️ #followmyjourney #followｍe #viralinstagramreelsvideo♥️ #viralreels❤️","http://instagram.com/vouscreationsaustralia","instagram.com","https://video-bom5-2.xx.fbcdn.net/o1/v/t2/f2/m412/AQNfOWHp6flnHxzY2wmzsuz6_u1LrSVhLyvo3jQtW7xA119V3SWEoKJJAk0K8mdUfD721FNgI_HpsiiXeK3-3Nv_Ebjf-Jxmi24KUSsV2g.mp4?_nc_cat=102&_nc_sid=ef5aa3&_nc_ht=video-bom5-2.xx.fbcdn.net&_nc_ohc=u4Qcl6K0UUsQ7kNvwFoCrJZ&efg=eyJ2ZW5jb2RlX3RhZyI6Inhwdl9wcm9ncmVzc2l2ZS5WSV9VU0VDQVNFX1BST0RVQ1RfVFlQRS4uQzMuMzYwLnN2ZV9zZCIsInhwdl9hc3NldF9pZCI6Njg0MTc1NDg0Mjg4ODQ0LCJhc3NldF9hZ2VfZGF5cyI6MzU1LCJ2aV91c2VjYXNlX2lkIjoxMDEyMiwiZHVyYXRpb25fcyI6MTYsInVybGdlbl9zb3VyY2UiOiJ3d3cifQ%3D%3D&ccb=17-1&_nc_gid=hawDgmTupeFtCmavLWE9HQ&_nc_ss=7b289&_nc_zt=28&oh=00_AQMJAdL2DyqL47hY-E7Kzozo6t0xzbjWw6HpR8Hotjgh1A&oe=6ACD1444","IN","2026-10-08 07:23"
"Charms Off","185398321323839","1612884872716921","https://www.facebook.com/ads/library/?id=1612884872716921","Inactive","Stopped","","2025-05-27","2025-10-10","136","","","","","INR","1","","","","","","","","","","VIDEO","","34","facebook, instagram, audience_network, messenger","SHOP_NOW","","","","Social proof; New launch; Premium / quality; Benefit / claim; Creator / UGC","English","I'm so here for the retro trend coming back, starting with my jewelry.","I'm so here for the retro trend coming back, starting with my jewelry. Pop back to the 90s and create your very own Italian charm bracelet. These gorgeous bracelets are made of high quality stainless steel, they're durable, tarnished, free and waterproof, perfect for everyday wear. There are literally hundreds of charms to choose from, so you can personalize your bracelet to a style that suits you. You can change it up every week if you want to. It's super easy to get the new charms on. And you can create a beautiful bracelet that tells a story, celebrates joy, nostalgia and overcoming challenges. It's great for a gift or just for yourself. It makes a super fun addition to your jewelry.","English","","","","","","","","Homepage","charmsoff.com","💫 Stylish, Durable, and 100% Water-Resistant","Adding charms has never been this easy✨ 🌟 +1,500 charms to match your unique experiences 💎 Premium stainless steel for lasting durability 💧 Swim, shower, live life - 100% water-resistant 🎨 Fully customizable – change charms anytime ⭐️⭐️⭐️⭐️⭐️ “I love how I can personalize it endlessly! It’s like having a new bracelet every time.” – Ava R. ""I’m in love with my new bracelet 🫶 it’s so cool with the outfits"" - Norma R. Start designing now!","https://charmsoff.com/","charmsoff.com","https://video-bom5-2.xx.fbcdn.net/o1/v/t2/f2/m366/AQPpugWdYVLMgNP-FYyodjL3-CDcUzwLFkJWQq0jCwNEQKJh2_XGwuutkiSWYgPuAZX-O2scJMv8d-sOizsNOJlNQHq-ZITF9qespxaPzhOgJw.mp4?_nc_cat=100&_nc_sid=b66105&_nc_ht=video-bom5-2.xx.fbcdn.net&_nc_ohc=Rzx5XsZhMlcQ7kNvwFzEbDa&efg=eyJ2ZW5jb2RlX3RhZyI6Inhwdl9wcm9ncmVzc2l2ZS5WSV9VU0VDQVNFX1BST0RVQ1RfVFlQRS4uQzMuNzIwLmRhc2hfaDI2NC1iYXNpYy1nZW4yXzcyMHAiLCJ4cHZfYXNzZXRfaWQiOjk3ODc2OTcxNzQxMTMyOCwiYXNzZXRfYWdlX2RheXMiOjUxNywidmlfdXNlY2FzZV9pZCI6MTA3OTksImR1cmF0aW9uX3MiOjM0LCJ1cmxnZW5fc291cmNlIjoid3d3In0%3D&ccb=17-1&vs=e2ab95d5c393a5a0&_nc_vs=HBksFQIYRWZiX2VwaGVtZXJhbC83NDRDMzQ5RjJENThCNkQ3NjE0MTQ5NTAzRTYwNDlCRF9tdF8xX3ZpZGVvX2Rhc2hpbml0Lm1wNBUAAsgBEgAVAhg6cGFzc3Rocm91Z2hfZXZlcnN0b3JlL0dEdWJtQjMyQmNjUHVPSUlBUE9mRVUtQmhwVmNidjRHQUFBRhUCAsgBEgAoABgAGwKIB3VzZV9vaWwBMRJwcm9ncmVzc2l2ZV9yZWNpcGUBMRUAACaA-JXV8ou9AxUCKAJDMywXQED3bItDlYEYGWRhc2hfaDI2NC1iYXNpYy1nZW4yXzcyMHARAHUAZd6oAQA&_nc_gid=vOq3ATTZwEiDz-gw7-Mt5A&_nc_ss=7b289&_nc_zt=28&oh=00_AQNeRNK53foHqhcxndJavRySc9QPCyf3uZ4wQHJ0UuVGaA&oe=6ACD271C","IN","2026-10-08 07:23"
"bancabling","791481107389477","1048401897284643","https://www.facebook.com/ads/library/?id=1048401897284643","Inactive","Stopped","","2025-10-18","2025-10-23","5","","","","","INR","1","","","","","","","","","","IMAGE","","","instagram","SHOP_NOW","10% off","","Diwali","Discount / offer; Urgency / scarcity; New launch; Seasonal / festive","English","","","","","","","","","","","Homepage","bancabling.com.au","","✨ Diwali Special ✨ Our 10% OFF launch offer has been extended till 23/10/2025 — just in time for the Festival of Lights! 🌸💫 Celebrate Diwali with jewellery that shines as bright as the season. Shop our launch collection now and enjoy timeless, colourful designs at a special price. 💎 10% OFF extended for a limited time 📍 Explore the full collection today Because every woman deserves to shine her way. ✨ #BancaBling #Diwali2025 #fromvaulttovanity","https://bancabling.com.au/","bancabling.com.au","https://scontent-bom5-2.xx.fbcdn.net/v/t39.35426-6/566224488_1515726319742151_3083033107828859708_n.jpg?_nc_cat=108&ccb=1-7&_nc_sid=c53f8f&_nc_ohc=MewMbCUrWVkQ7kNvwGa4hiM&_nc_oc=AdoJQZ7Vhnd-Zlx4XvPwlHLancBbUqguJ1k4sRFbP53tjizNXB4NKUXhz-5NOuEmNDw&_nc_zt=14&_nc_ht=scontent-bom5-2.xx&_nc_gid=vOq3ATTZwEiDz-gw7-Mt5A&_nc_ss=7b289&oh=00_AQMxwhDSJgyd1AbiHkrfeqZe60Z18nQrpF8N95TQZ0xVJQ&oe=6ACD063F","IN","2026-10-08 07:23"
"925 Silver Jewelry","","1433290537353794","https://www.facebook.com/ads/library/?id=1433290537353794","Inactive","Stopped","","2024-09-27","2025-11-10","409","","","","","INR","1","","","","","","","","","","CAROUSEL","3","34","facebook, instagram, audience_network, messenger","SHOP_NOW","Free shipping","","","Discount / offer; New launch; Premium / quality; Convenience; Creator / UGC","English","Thank you. you","Thank you. you","English","","","","","","","","Homepage","925silverjewelry.com","925 Silver Jewelry","Looking to start or grow your jewelry business? 925 Silver Jewelry's wholesale website is designed to help young and small businesses find the right products at the right time, based on their customer's purchasing trends at Manufacturing Costs.   Enjoy: ✅ Over 10,000 High-Quality Designs ✅ Get an additional +5% discount on all our latest designs ✅ FREE SHIPPING ON ALL ORDERS OVER $199 ✅ Lowest minimum order  ✅ Orders shipped within 3 working days ✅ Exclusive updates on Trends & Monthly Discounts Sign-Up Now & Experience The Difference, With The Leading Wholesaler For Trending 92.5 Jewellery Worldwide!","https://www.925silverjewelry.com/","925silverjewelry.com","https://scontent-bom5-1.xx.fbcdn.net/v/t39.35426-6/412514331_380739251072467_4501991143356893026_n.jpg?_nc_cat=109&ccb=1-7&_nc_sid=c53f8f&_nc_ohc=Kma-mABk8KcQ7kNvwGpsxGr&_nc_oc=Adrt92zYzHcmGXGZipVtMYG78D1NK1KCmVfKUj51tffL2WdlS_3SZCl6_tviXpDCbmw&_nc_zt=14&_nc_ht=scontent-bom5-1.xx&_nc_gid=XOH45qJf_C3FdmVC-Saq_Q&_nc_ss=7b289&oh=00_AQM7_wT0Siu4wW5sMVNeD92bpil_pwZs88qokV2QFpVx7Q&oe=6ACD0FC9","IN","2026-10-08 07:23"
"CAIRO Jewellery","746234471909198","1227421872493765","https://www.facebook.com/ads/library/?id=1227421872493765","Inactive","Stopped, Scaled ×2","","2025-08-14","2025-10-18","65","","","","","INR","2","","","","","","","","","","DCO","3","","facebook, instagram, messenger, threads","SHOP_NOW","","","","","Mixed (English + Urdu / Arabic)","","","","","","","","","","","Product page","cairojewellery.com/ar-arabic/products","{{product.name}}","{{product.brand}}","https://cairojewellery.com/ar-arabic/products/ayatul-kursi-bracelet","www.cairojewellery.com","https://scontent-bom5-2.xx.fbcdn.net/v/t39.35426-6/531621202_611684928663611_1693238585437546177_n.jpg?_nc_cat=108&ccb=1-7&_nc_sid=c53f8f&_nc_ohc=uOe7srFmsgQQ7kNvwE7DyO_&_nc_oc=AdrKaZIKfQx-au6GXu5m40bniT2LakLWPfWnrgp4JMYOrK_KLGn_rOeBsPWWvDtAW60&_nc_zt=14&_nc_ht=scontent-bom5-2.xx&_nc_gid=sxzC0BKgmNoFF3UhuY9m0A&_nc_ss=7b289&oh=00_AQOB4DPYIL8jKcvZT4X9JBDgBzYeeYLnPyRVliWZkaf1dA&oe=6ACD162C","IN","2026-10-08 07:23"
"CAIRO Jewellery","746234471909198","1945652056368847","https://www.facebook.com/ads/library/?id=1945652056368847","Inactive","Stopped, Scaled ×3","","2025-08-14","2025-10-18","65","","","","","INR","3","","","","","","","","","","DCO","3","","facebook, instagram, messenger, threads","SHOP_NOW","Buy 1 get 1","","","Discount / offer; Gifting; Premium / quality","English","","","","","","","","","","","Product page","cairojewellery.com/products/ayatul-kursi-bracelet","{{product.name}}","{{product.brand}}","https://cairojewellery.com/products/ayatul-kursi-bracelet","www.cairojewellery.com","https://scontent-bom5-2.xx.fbcdn.net/v/t39.35426-6/531911064_722630347311541_8602556938890003620_n.jpg?_nc_cat=102&ccb=1-7&_nc_sid=c53f8f&_nc_ohc=USS87BiL_-oQ7kNvwHqZ_ph&_nc_oc=Adrbg5muZhN2q2NlOGvCJb9E948BhTwKNXz1kG1ikJRljpsJZ4feTQ3cU-NkPS8HcHw&_nc_zt=14&_nc_ht=scontent-bom5-2.xx&_nc_gid=hDwbxRMTzc-BZ2sYCeRpGQ&_nc_ss=7b289&oh=00_AQPNUJ4nJSl46bBK4jYYZGr2lZam8BQU62Oh_xXSROdlqQ&oe=6ACD1B6E","IN","2026-10-08 07:23"
"luxe_jewels_2025","735941319607510","1.55517E+15","https://www.facebook.com/ads/library/?id=1555169075897780","Inactive","Stopped","","2025-10-28","2025-10-31","3","","","","","INR","1","","","","","","","","","","VIDEO","","","facebook, instagram","VIEW_INSTAGRAM_PROFILE","","","","","English","","","","","","","","","","","Facebook / Instagram","instagram.com/luxe_jewels_2025","","XUPING EARINGS Imported Anti Tarnish Statement Jewellery Direct Importer Only Wholesale Please connect 9953118356 #luxejewelsnoida #luxejewelsdeepti #antitarnishjewelry #xupingjewelry #popularearrings #jewellery #trendyearrings #xuping #xupingwholesale","http://instagram.com/luxe_jewels_2025","instagram.com","https://video-bom5-2.xx.fbcdn.net/o1/v/t2/f2/m86/AQPjD87CTr8k9BszPGhzTJaU9tSDC7ANSNEIzA2Q0PGV_SBUJz9mcGyKdUv4VwZbXuc2M7TCGr6BSVrVjDvha8SI2wt8p3ewQtxFPco.mp4?_nc_cat=104&_nc_sid=b66105&_nc_ht=video-bom5-2.xx.fbcdn.net&_nc_ohc=dweSqllEKVAQ7kNvwHJ6nCT&efg=eyJ2ZW5jb2RlX3RhZyI6Inhwdl9wcm9ncmVzc2l2ZS5WSV9VU0VDQVNFX1BST0RVQ1RfVFlQRS4uQzMuMzYwLmRhc2hfYmFzZWxpbmVfM192MSIsInhwdl9hc3NldF9pZCI6MjAzNTczOTUxNzE5OTEwNywiYXNzZXRfYWdlX2RheXMiOjM0NSwidmlfdXNlY2FzZV9pZCI6MTAwOTksImR1cmF0aW9uX3MiOjI2LCJ1cmxnZW5fc291cmNlIjoid3d3In0%3D&ccb=17-1&vs=ce77888771081283&_nc_vs=HBksFQIYUmlnX3hwdl9yZWVsc19wZXJtYW5lbnRfc3JfcHJvZC9GMDRDMDlBQzI4MDQ4M0RBNjA3MTlERjNCNDg1MTBBQl92aWRlb19kYXNoaW5pdC5tcDQVAALIARIAFQIYRmlnX3hwdl9yZWVsc19wZXJtYW5lbnRfc3JfcHJvZC84NTI3ODgxMzA0MjA2OTVfNDU4ODk3NTE5NTc0NDUzOTAzOC5tcDQVAgLIARIAKAAYABsCiAd1c2Vfb2lsATEScHJvZ3Jlc3NpdmVfcmVjaXBlATEVAAAmhoy5rNHfnQcVAigCQzMsF0A6O6XjU_fPGBJkYXNoX2Jhc2VsaW5lXzNfdjERAHUAZeadAQA&_nc_gid=0qn1oqjvZfIn6l9KzIfj1g&_nc_ss=7b289&_nc_zt=28&oh=00_AQPPsObhXTcChFgbKMumKEcT3uJmFh7z63aj0jpL-FBSeg&oe=6AC900BD","IN","2026-10-08 07:23"
"Photography by Gagan","209746079045398","790776443948859","https://www.facebook.com/ads/library/?id=790776443948859","Inactive","Stopped","","2025-10-26","2025-10-29","3","","","","","INR","1","","","","","","","","","","IMAGE","","","instagram","VIEW_INSTAGRAM_PROFILE","","","","Premium / quality; Creator / UGC; Seasonal / festive","English","","","","","","","","","","","Facebook / Instagram","instagram.com/photographybygagan","","Delighted to be featured in Harpers Bazaar. Thank you for all those that supported and continue to support.  Full interview will be in the above links soon, can’t wait to share.  Simran Sohal looked incredible on her wedding day.  Real brides, real moments, real memories. Styling & Creative Director @leela.events Custom Jewellery @auroras.collection  Film @storyandmotion  @payalkeyalofficial @bibildn @hair.by.sanj @monaxrehman #editorial #luxuryweddings #sikhwedding #couplegoals #weddinginspiration #weddings #weddingideas #weddinginspo","http://instagram.com/photographybygagan","instagram.com","https://scontent-bom5-2.xx.fbcdn.net/v/t39.35426-6/571274527_1537114477419514_4524725047110399411_n.jpg?_nc_cat=108&ccb=1-7&_nc_sid=c53f8f&_nc_ohc=C2o8kciQ2qwQ7kNvwGfRyyj&_nc_oc=AdqzdaI-3cYAuD181quJStdHxPY3CvwfcYV-7WYTSV7PxO1Y-4cRiBtGhXg8KY0Mblk&_nc_zt=14&_nc_ht=scontent-bom5-2.xx&_nc_gid=UcMmqxvmQlgupBnxo-uTOw&_nc_ss=7b289&oh=00_AQOnLwCM1jpEHziCzOlhdhpDvJAJP4_V2I0LZOjq8mC7nw&oe=6ACCF855","IN","2026-10-08 07:23"
"Photography by Gagan","209746079045398","1276518437826149","https://www.facebook.com/ads/library/?id=1276518437826149","Inactive","Stopped, Scaled ×3","","2025-10-25","2025-10-28","3","","","","","INR","3","","","","","","","","","","CAROUSEL","10","","instagram","VIEW_INSTAGRAM_PROFILE","","","","Creator / UGC; Seasonal / festive","English","","","","","","","","","","","Facebook / Instagram","instagram.com/photographybygagan","","Deep in the valleys of Oman, Mir & Mirai were surrounded by cliffs, rising like ancient guardians, waters weaving through stone, and silence that felt almost sacred. As we post the last of this epic sequence we look forward for Mir & Mirai incredible upcoming wedding. Certainly be, the one to watch! Photography @photographybygagan  Film @empirecinematic  Makeup @keyuryd  Bridal attire @roops_couture  Jewellery @reddotjewels  #oman #weddinginspiration #weddinginspo #brides #editorial #indianwedding #weddinginspo #destinationweddingphotography #destinationwedding","http://instagram.com/photographybygagan","instagram.com","https://scontent-bom5-1.xx.fbcdn.net/v/t39.35426-6/570920398_2366571517110448_4686452581422419114_n.jpg?_nc_cat=110&ccb=1-7&_nc_sid=c53f8f&_nc_ohc=sM4eU8LL9iAQ7kNvwGB_9ds&_nc_oc=Adrw1woEg9uZIXGK0yOBrTxXRdFI6Qckh8AWafCso7ndrYJO4DUTyUced9Dbw5wcE_c&_nc_zt=14&_nc_ht=scontent-bom5-1.xx&_nc_gid=BHsobHr2eoO9oqV2po7Z9A&_nc_ss=7b289&oh=00_AQNlX8el8KbDkU7PN_yg-uedcEIR1Bk9-_nyEgdQNJdDeQ&oe=6ACCFF1F","IN","2026-10-08 07:23"
"laffanatelier","110229495340664","842829264862358","https://www.facebook.com/ads/library/?id=842829264862358","Inactive","Stopped","","2025-10-20","2025-10-30","10","","","","","INR","1","","","","","","","","","","IMAGE","","","instagram","VIEW_INSTAGRAM_PROFILE","","","","Premium / quality","English","","","","","","","","","","","Facebook / Instagram","instagram.com/laffanatelier","","The enchantment of handcrafted marvels…","http://instagram.com/laffanatelier","instagram.com","https://scontent-bom5-2.xx.fbcdn.net/v/t39.35426-6/565655978_813741724949338_1644028345651922258_n.jpg?_nc_cat=102&ccb=1-7&_nc_sid=c53f8f&_nc_ohc=xWu61TbogZoQ7kNvwHYcs7Z&_nc_oc=AdqRbqN8EcA3YvNCnI_t3-P64ebMZERPMGsjrtIc-Mbusz6IHTeqSg8eTchZaEHjWRg&_nc_zt=14&_nc_ht=scontent-bom5-2.xx&_nc_gid=KM9apxRsf_nkqma6mL7Hxw&_nc_ss=7b289&oh=00_AQOWj5nzqou9Mep_gtQ4bl-RznP71HE8EImC8hnS8uCvIw&oe=6ACD0767","IN","2026-10-08 07:23"
"OMARA Fine Jewellery","403621739809096","1342203794070232","https://www.facebook.com/ads/library/?id=1342203794070232","Inactive","Stopped","","2025-10-30","2025-11-03","4","","","","","INR","1","","","","","","","","","","VIDEO","","","facebook, instagram","VIEW_INSTAGRAM_PROFILE","","","","Premium / quality","English","","","","","","","","","","","Facebook / Instagram","instagram.com/omarafinejewellery","","𝘌𝘮𝘦𝘳𝘢𝘭𝘥 É𝘤𝘭𝘢𝘵 A harmony of strength and grace — where sculpted diamonds embrace vivid emeralds, capturing the essence of power draped in elegance. . Visit our flagship store: Sector 9-C, Madhya Marg, Chandigarh Call, DM or WhatsApp: +91-172-4106777 +91-9501022015 . [Luxury Evening Wear, Designer Jewelry, Elegant Fashion, Couture Collection, Timeless Style, Sophisticated Glamour, OMARA, Chandigarh, High-End Fashion]","http://instagram.com/omarafinejewellery","instagram.com","https://video-bom5-1.xx.fbcdn.net/o1/v/t2/f2/m86/AQPmigcDdGAwc9OqwfW8_Rk9nuevnXWdU5i8L7whnRH_vHN_O_Am_3UEZK_Ux16uVbqwYzqgYcWeMOGWbOzMXuoe0wy5mNFaZuv4R_k.mp4?_nc_cat=110&_nc_sid=b66105&_nc_ht=video-bom5-1.xx.fbcdn.net&_nc_ohc=x-uDfpXz8-YQ7kNvwEJiBhw&efg=eyJ2ZW5jb2RlX3RhZyI6Inhwdl9wcm9ncmVzc2l2ZS5WSV9VU0VDQVNFX1BST0RVQ1RfVFlQRS4uQzMuNzIwLmRhc2hfYmFzZWxpbmVfMV92MSIsInhwdl9hc3NldF9pZCI6MTg1MjYxOTc0MjMyNTU0OCwiYXNzZXRfYWdlX2RheXMiOjM0MywidmlfdXNlY2FzZV9pZCI6MTAwOTksImR1cmF0aW9uX3MiOjI0LCJ1cmxnZW5fc291cmNlIjoid3d3In0%3D&ccb=17-1&vs=ea2d92cfcb70a67&_nc_vs=HBksFQIYUmlnX3hwdl9yZWVsc19wZXJtYW5lbnRfc3JfcHJvZC8yNTRFREFERDYwRkJEMEQyN0UzNzZGRjlCRjIzM0I5Rl92aWRlb19kYXNoaW5pdC5tcDQVAALIARIAFQIYR2lnX3hwdl9yZWVsc19wZXJtYW5lbnRfc3JfcHJvZC8xMzQ3MjMzNTMzNjQzNjM1XzM2OTIzNzkzMzU5NDQ4NjI4NTEubXA0FQICyAESACgAGAAbAogHdXNlX29pbAExEnByb2dyZXNzaXZlX3JlY2lwZQExFQAAJtisqdrUvMoGFQIoAkMzLBdAODU_fO2RaBgSZGFzaF9iYXNlbGluZV8xX3YxEQB1AGXmnQEA&_nc_gid=y6iWxrjTpnokBNdAWAIJQg&_nc_ss=7b289&_nc_zt=28&oh=00_AQNXqzLY3YJSwJHMXXa6fyesPVBKklXL9cJ5bJDRQTIIAQ&oe=6AC9003B","IN","2026-10-08 07:23"
"OMARA Fine Jewellery","403621739809096","838910145203389","https://www.facebook.com/ads/library/?id=838910145203389","Inactive","Stopped","","2025-10-27","2025-10-29","2","","","","","INR","1","","","","","","","","","","CAROUSEL","3","","facebook, instagram","VIEW_INSTAGRAM_PROFILE","","","","Premium / quality","English","","","","","","","","","","","Facebook / Instagram","instagram.com/omarafinejewellery","OMARA Fine Jewellery","𝘌𝘮𝘦𝘳𝘢𝘭𝘥 É𝘤𝘭𝘢𝘵 A harmony of strength and grace — where sculpted diamonds embrace vivid emeralds, capturing the essence of power draped in elegance. . Visit our flagship store: Sector 9-C, Madhya Marg, Chandigarh Call, DM or WhatsApp: +91-172-4106777 +91-9501022015 . [Luxury Evening Wear, Designer Jewelry, Elegant Fashion, Couture Collection, Timeless Style, Sophisticated Glamour, OMARA, Chandigarh, High-End Fashion]","http://instagram.com/omarafinejewellery","instagram.com","https://scontent-bom5-1.xx.fbcdn.net/v/t39.35426-6/571193729_2217807258727481_6176856201136957240_n.jpg?_nc_cat=110&ccb=1-7&_nc_sid=c53f8f&_nc_ohc=nTmzZ0RpZ0UQ7kNvwEEx3qi&_nc_oc=AdpYN_yhrXmMuMFlIa7qEgxBVvjCwy4qpnPXxD1GTHX3s9yibV8KdpaWs1BUfy2kCh0&_nc_zt=14&_nc_ht=scontent-bom5-1.xx&_nc_gid=qXcVawRaZRPYq1FBJLgnRA&_nc_ss=7b289&oh=00_AQNvfRz0TUZgq2zzk17MnKrslmcwLs5VRVYEz4Wtp-fB_g&oe=6ACCFFB5","IN","2026-10-08 07:23"
"OMARA Fine Jewellery","403621739809096","994751232827984","https://www.facebook.com/ads/library/?id=994751232827984","Inactive","Stopped, Scaled ×2","","2025-10-25","2025-10-26","1","","","","","INR","2","","","","","","","","","","CAROUSEL","3","","facebook, instagram","VIEW_INSTAGRAM_PROFILE","","","","Premium / quality","English","","","","","","","","","","","Facebook / Instagram","instagram.com/omarafinejewellery","OMARA Fine Jewellery","𝘌𝘮𝘦𝘳𝘢𝘭𝘥 É𝘤𝘭𝘢𝘵 A harmony of strength and grace — where sculpted diamonds embrace vivid emeralds, capturing the essence of power draped in elegance. . Visit our flagship store: Sector 9-C, Madhya Marg, Chandigarh Call, DM or WhatsApp: +91-172-4106777 +91-9501022015 . [Luxury Evening Wear, Designer Jewelry, Elegant Fashion, Couture Collection, Timeless Style, Sophisticated Glamour, OMARA, Chandigarh, High-End Fashion]","http://instagram.com/omarafinejewellery","instagram.com","https://scontent-bom5-2.xx.fbcdn.net/v/t39.35426-6/571174063_1138369441762165_4196017672656462724_n.jpg?_nc_cat=104&ccb=1-7&_nc_sid=c53f8f&_nc_ohc=iHbKSBj4ktsQ7kNvwHRM1cf&_nc_oc=AdqtoXNDWcCTeyOzHsRJFp3ZgtVOKrIPfqRwWGX5Kp8FeKGcH5cZZ5hia6H3PTMTQGc&_nc_zt=14&_nc_ht=scontent-bom5-2.xx&_nc_gid=OnlzgMmyU2ZwX05oqu1kYA&_nc_ss=7b289&oh=00_AQOnNouBx3ePjYhj9iVhfkT411WVSWqH6Z9aTpHdw8CzSg&oe=6ACCFD52","IN","2026-10-08 07:23"
"stars_mounting_jewellery","106790988944901","839151418524184","https://www.facebook.com/ads/library/?id=839151418524184","Inactive","Stopped","","2025-10-23","2025-10-30","7","","","","","INR","1","","","","","","","","","","VIDEO","","","facebook, instagram","VIEW_INSTAGRAM_PROFILE","","","","","English","","","","","","","","","","","Facebook / Instagram","instagram.com/stars_mounting_jewellery","","#gold #jewelry #mounting #18kgold #diamond #bracelet #colorful #flexible #return #workworkwork #workshop #sultanahmet #istanbul🇹🇷","http://instagram.com/stars_mounting_jewellery","instagram.com","https://video-bom2-4.xx.fbcdn.net/o1/v/t2/f2/m412/AQOt2grdrKNCWUCmLoCLLKfe0W7i3vwjMj6nDBFVD7IesZjm2kWLsekYIDGRmfsKtgncX35U-aI1l41Y0iFLwgDZUIfvYccsEAp9NZwBiQ.mp4?_nc_cat=107&_nc_sid=ef5aa3&_nc_ht=video-bom2-4.xx.fbcdn.net&_nc_ohc=pGaokoWeY4IQ7kNvwH-w5K5&efg=eyJ2ZW5jb2RlX3RhZyI6Inhwdl9wcm9ncmVzc2l2ZS5WSV9VU0VDQVNFX1BST0RVQ1RfVFlQRS4uQzMuMzYwLnN2ZV9zZCIsInhwdl9hc3NldF9pZCI6MjI0MTg2NzMwOTYxNDU3MCwiYXNzZXRfYWdlX2RheXMiOjM0OSwidmlfdXNlY2FzZV9pZCI6MTAxMjIsImR1cmF0aW9uX3MiOjQ4LCJ1cmxnZW5fc291cmNlIjoid3d3In0%3D&ccb=17-1&_nc_gid=KYdeX5FUk9_0vZ2X21eYiQ&_nc_ss=7b289&_nc_zt=28&oh=00_AQPGggI-TRQ5_w5_xT04h7EeJRC-aJ_Cest5_RrNk0FcXA&oe=6ACD24BB","IN","2026-10-08 07:23"
"Dileti","101536708631726","4233914850258893","https://www.facebook.com/ads/library/?id=4233914850258893","Inactive","Stopped","","2025-10-23","2025-11-13","21","","","","","INR","1","","","","","","","","","","IMAGE","","","facebook, instagram, audience_network, messenger, threads","LEARN_MORE","","","","","English","","","","","","","","","","","Homepage","dileti.com","Find Your Perfect Piece","From everyday elegance to show stopping glamour - discover diamond jewellery designed to make you feel extraordinary. Explore the collection.","https://dileti.com/?utm_source=Meta+Ads&utm_medium=Traffic&utm_campaign=Single","dileti.com","https://scontent-bom2-3.xx.fbcdn.net/v/t39.35426-6/565743932_4218453771707282_3670443125726586166_n.jpg?_nc_cat=101&ccb=1-7&_nc_sid=c53f8f&_nc_ohc=TfZnrgfetj4Q7kNvwGh0yzG&_nc_oc=AdpBQj0Gls33aZUshxtIGl08CZdPpnf-BqTD3HYzNpnloDEmuTplG44Pa04BAa8n6zE&_nc_zt=14&_nc_ht=scontent-bom2-3.xx&_nc_gid=qXcVawRaZRPYq1FBJLgnRA&_nc_ss=7b289&oh=00_AQP4gv0iPOvqByNPLyYH-8iFab6JXVqdjmeHgIedI-s3pw&oe=6ACCFAAE","IN","2026-10-08 07:23"
"BCOS - Its Silver","692879720823730","825781337292287","https://www.facebook.com/ads/library/?id=825781337292287","Inactive","Stopped, Scaled ×2","","2025-10-11","2025-11-06","26","","","","","INR","2","","","","","","","","","","VIDEO","","","facebook, instagram","SHOP_NOW","Flat 20% off; Sale","","Diwali","Discount / offer; Problem → solution; Seasonal / festive","English","","","","","","","","","","","Homepage","bcositssilver.com","Diwali And Dhanteras Sale: Flat 20% Off 🥰","The one that caught your eye. The one that made you pause. This Diwali, let it finally be yours 🥺❤️ Diwali And Dhanteras Sale: Flat 20% Off 🥰 925 Hallmark Gold Plated Silver | Diamond lookalike | Oxidised Silver | Bridal collections | Customized Indian jewellery & More 💍 •Free International Shipping •Specialized in Custom Bridal Jewellery •Worldwide Shipping from India Your Diwali look is incomplete without this shine 📲 Whatsapp: 90941 38036 🌐 Shop on: bcositssilver.com","https://www.bcositssilver.com/","www.bcositssilver.com","https://video-bom5-2.xx.fbcdn.net/o1/v/t2/f2/m412/AQNjD3tWvU_6vsFm6ZHOffGV2b0m-U5F5Stx5WpQXRrtTChpaDUTmgUz-FFGCMnNWq9PTivE8xiYbR8Nunp267Cf9Hu1VSxnW8yB9SjXFA.mp4?_nc_cat=102&_nc_sid=ef5aa3&_nc_ht=video-bom5-2.xx.fbcdn.net&_nc_ohc=1DMf9CXRXHEQ7kNvwEAUYrE&efg=eyJ2ZW5jb2RlX3RhZyI6Inhwdl9wcm9ncmVzc2l2ZS5WSV9VU0VDQVNFX1BST0RVQ1RfVFlQRS4uQzMuMzYwLnN2ZV9zZCIsInhwdl9hc3NldF9pZCI6MTM5MDYzMjA4NTk2MzE4MywiYXNzZXRfYWdlX2RheXMiOjM2MiwidmlfdXNlY2FzZV9pZCI6MTA3OTksImR1cmF0aW9uX3MiOjM4LCJ1cmxnZW5fc291cmNlIjoid3d3In0%3D&ccb=17-1&_nc_gid=qXcVawRaZRPYq1FBJLgnRA&_nc_ss=7b289&_nc_zt=28&oh=00_AQOUlzKI7iraf91IVn-PbYMQ1CaVExDw-TFQ6mjnO9j_CQ&oe=6ACD0B30","IN","2026-10-08 07:23"
"Luxus Love Jewelry","108908378813028","1910466843144011","https://www.facebook.com/ads/library/?id=1910466843144011","Inactive","Stopped","","2025-09-28","2025-11-04","37","","","","","INR","1","","","","","","","","","","IMAGE","","","facebook, instagram, audience_network, messenger, threads","SHOP_NOW","Extra 10% off; Code GIFT10","","Christmas / New Year","Discount / offer; Urgency / scarcity; Gifting","English","","","","","","","","","","","Product page","luxuslove-jewellery.com/products/to-my-beautiful-daughter-love-knot-necklace","Imagine her reaction receiving this 😍👉","Last chance to surprise her with a meaningful gift! 🚨 Time’s running out! Today is the final day to use code GIFT10 for an extra 10% OFF your order. ✔️ Thoughtful jewelry designed to speak from the heart ✔️ Perfect for birthdays, anniversaries, Christmas or just because ✔️ Over 30,000 customers have already made someone smile Don’t miss out — this exclusive offer ends tonight ⏳ Get yours now 👇 https://www.luxuslove-jewellery.com/products/to-my-beautiful-daughter-love-knot-necklace","https://www.luxuslove-jewellery.com/products/to-my-beautiful-daughter-love-knot-necklace","luxuslove-jewellery.com","https://scontent-bom5-2.xx.fbcdn.net/v/t39.35426-6/555471789_1120798896935881_6904701436031939552_n.jpg?_nc_cat=104&ccb=1-7&_nc_sid=c53f8f&_nc_ohc=Uh0ubSUSUZsQ7kNvwGTwLz-&_nc_oc=AdouqXInP_vkpS7Tg0QnNdsMXSUq81tf5y1MeN6-DCs76LqdaMGbDpZyjCWODQ5HJ0U&_nc_zt=14&_nc_ht=scontent-bom5-2.xx&_nc_gid=qXcVawRaZRPYq1FBJLgnRA&_nc_ss=7b289&oh=00_AQOrnVApZjkJHrToNebV6myQu88x9WAPj4Bt_ehBa-5-1g&oe=6ACD0FBA","IN","2026-10-08 07:23"
"Luxus Love Jewelry","108908378813028","3159514427555402","https://www.facebook.com/ads/library/?id=3159514427555402","Inactive","Stopped","","2025-09-28","2025-10-14","16","","","","","INR","1","","","","","","","","","","IMAGE","","","facebook, instagram, audience_network, messenger, threads","SHOP_NOW","Extra 10% off; Code GIFT10","","Christmas / New Year","Discount / offer; Urgency / scarcity; Gifting","English","","","","","","","","","","","Product page","luxuslove-jewellery.com/products/to-my-beautiful-daughter-love-knot-necklace","Imagine her reaction receiving this 😍👉","Last chance to surprise her with a meaningful gift! 🚨 Time’s running out! Today is the final day to use code GIFT10 for an extra 10% OFF your order. ✔️ Thoughtful jewelry designed to speak from the heart ✔️ Perfect for birthdays, anniversaries, Christmas or just because ✔️ Over 30,000 customers have already made someone smile Don’t miss out — this exclusive offer ends tonight ⏳ Get yours now 👇 https://www.luxuslove-jewellery.com/products/to-my-beautiful-daughter-love-knot-necklace","https://www.luxuslove-jewellery.com/products/to-my-beautiful-daughter-love-knot-necklace","luxuslove-jewellery.com","https://scontent-bom5-1.xx.fbcdn.net/v/t39.35426-6/556841229_1093498462996405_4014798103155420427_n.jpg?_nc_cat=109&ccb=1-7&_nc_sid=c53f8f&_nc_ohc=lcTn-dfBIz8Q7kNvwFJCirp&_nc_oc=AdrLYyVSyM82h3NI4UJm4r9BshqWDZAsINaJ3LlXBDfjQaPeFIRzJVPhTL4n0vO_K44&_nc_zt=14&_nc_ht=scontent-bom5-1.xx&_nc_gid=RElQT_PINjM6ASdSgm8Rnw&_nc_ss=7b289&oh=00_AQM3snLUAGDzX5waiioUL8fWntHRyO5FtaM5Mnxdk12ypg&oe=6ACD29DE","IN","2026-10-08 07:23"
"Madiha Khan Makeup Artist","433561573328611","1168230918542394","https://www.facebook.com/ads/library/?id=1168230918542394","Inactive","Stopped, Scaled ×2","","2025-10-11","2025-10-14","3","","","","","INR","2","","","","","","","","","","VIDEO","","","facebook, instagram","VIEW_INSTAGRAM_PROFILE","","","","Creator / UGC; Seasonal / festive","English","","","","","","","","","","","Facebook / Instagram","instagram.com/madihakhanmua","","@alizehshahofficial 🔥🔥 in Madihakhanmua 2025 Winter Bridal Campaign  Makeup/Hair/Styling @madihakhanmua Jewellery @opalbymadihaihsan Cinematography @zishan_shabbir_photography Outfit @officialfahadhussayn For booking Internationally Contact via WhatsApp 07702272011 Or Pakistan 00923089506304 England Dates 🇬🇧 Jan to Nov 2025 Pakistan 🇵🇰 Nov To Jan 2026 @madihakhanbridalstudioo My Team in Lahore is Available to Book all Around The Year, we also Travel Nationwide and Internationally For Bridal Appointments,For Bookings 03089506304 ____________________________________ 🌌 🎀 𝐁𝐫𝐢𝐝𝐚𝐥 𝐒𝐭𝐮𝐝𝐢𝐨 𝐢𝐧 𝐋𝐚𝐡𝐨𝐫𝐞 𝐓𝐚𝐤𝐢𝐧𝐠 𝐀𝐝𝐯𝐚𝐧𝐜𝐞 𝐁𝐨𝐨𝐤𝐢𝐧𝐠𝐬 𝐃𝐦 𝐟𝐨𝐫 𝐅𝐮𝐫𝐭𝐡𝐞𝐫 𝐈𝐧𝐟𝐨𝐫𝐦𝐚𝐭𝐢𝐨𝐧 🎀 🌌 𝗼𝗿 𝗘𝗺𝗮𝗶𝗹 Madihakhanbridalstudio@gmail.com —————————————————— Bookings in England or Internationally Contact 07702272011 or Email us madihakhanmua@gmail.com MadihaKhanMua ——————————————————— #madihakhanmua #madihakhanbridalstudioo #pakistanvogue @thepakistanibride @tutorialsgallery @illamasqua @maccosmetics @hudabeauty @charlottetilbury @hourglasscosmetics @narsissist @anastasiabeverlyhills @nyxcosmetics #bride #jewellery #dubai #lahore #birmingham #manchester #london #wedding #pakistanibride #indianbride #bradford #leeds #malaysia #bahrian #saudiarabia #turkey #hairstlyle #eyeliner #desidoll #dulhan #sikhbrides #germany #paris #canada #norway #qatar #india","http://instagram.com/madihakhanmua","instagram.com","https://video-bom2-3.xx.fbcdn.net/o1/v/t2/f2/m86/AQMI0sNyzknahrVNy2XEEWH547az7GnAyzCWV-X4odGKoObvNsoQAQvyLbguU3BPQuNtTPnPuJdm0mJ7kxnYm8DbIoI8Yns9TVX2GeY.mp4?_nc_cat=103&_nc_sid=b66105&_nc_ht=video-bom2-3.xx.fbcdn.net&_nc_ohc=gPpCIEzL3vAQ7kNvwEwtl-A&efg=eyJ2ZW5jb2RlX3RhZyI6Inhwdl9wcm9ncmVzc2l2ZS5WSV9VU0VDQVNFX1BST0RVQ1RfVFlQRS4uQzMuNzIwLmRhc2hfYmFzZWxpbmVfMV92MSIsInhwdl9hc3NldF9pZCI6MTU5OTYwMjM1MTAyMTE5NiwiYXNzZXRfYWdlX2RheXMiOjM2MSwidmlfdXNlY2FzZV9pZCI6MTAwOTksImR1cmF0aW9uX3MiOjMwLCJ1cmxnZW5fc291cmNlIjoid3d3In0%3D&ccb=17-1&vs=bf688f67ef5b40e1&_nc_vs=HBksFQIYUmlnX3hwdl9yZWVsc19wZXJtYW5lbnRfc3JfcHJvZC83MTRDNDU0RkYxQjIyRTUyNDM3MTI3NjJDOTJGRjY4MF92aWRlb19kYXNoaW5pdC5tcDQVAALIARIAFQIYR2lnX3hwdl9yZWVsc19wZXJtYW5lbnRfc3JfcHJvZC8xMzQyNTk3MDUwNTcxODA1XzYwNzk5NTE3MTMyODc4OTYyNTEubXA0FQICyAESACgAGAAbAogHdXNlX29pbAExEnByb2dyZXNzaXZlX3JlY2lwZQExFQAAJpjy0J6OtdcFFQIoAkMzLBdAPjgQYk3S8hgSZGFzaF9iYXNlbGluZV8xX3YxEQB1AGXmnQEA&_nc_gid=kcRgeoloiy8SS-KgliXO_w&_nc_ss=7b289&_nc_zt=28&oh=00_AQMIkiZpYlNDGbS_bF3DzGs5sIC4ra6YyQyWsVFLZC1uQQ&oe=6AC92A64","IN","2026-10-08 07:23"
"Madiha Khan Makeup Artist","433561573328611","1069612571732044","https://www.facebook.com/ads/library/?id=1069612571732044","Inactive","Stopped, Scaled ×4","","2025-10-05","2025-10-08","3","","","","","INR","4","","","","","","","","","","VIDEO","","","facebook, instagram","VIEW_INSTAGRAM_PROFILE","","","","Creator / UGC; Seasonal / festive","English","","","","","","","","","","","Facebook / Instagram","instagram.com/madihakhanmua","","@alizehshahofficial 🔥🔥 in Madihakhanmua 2025 Winter Bridal Campaign  Makeup/Hair/Styling @madihakhanmua Jewellery @opalbymadihaihsan Cinematography @zishan_shabbir_photography Outfit @officialfahadhussayn For booking Internationally Contact via WhatsApp 07702272011 Or Pakistan 00923089506304 England Dates 🇬🇧 Jan to Nov 2025 Pakistan 🇵🇰 Nov To Jan 2026 @madihakhanbridalstudioo My Team in Lahore is Available to Book all Around The Year, we also Travel Nationwide and Internationally For Bridal Appointments,For Bookings 03089506304 ____________________________________ 🌌 🎀 𝐁𝐫𝐢𝐝𝐚𝐥 𝐒𝐭𝐮𝐝𝐢𝐨 𝐢𝐧 𝐋𝐚𝐡𝐨𝐫𝐞 𝐓𝐚𝐤𝐢𝐧𝐠 𝐀𝐝𝐯𝐚𝐧𝐜𝐞 𝐁𝐨𝐨𝐤𝐢𝐧𝐠𝐬 𝐃𝐦 𝐟𝐨𝐫 𝐅𝐮𝐫𝐭𝐡𝐞𝐫 𝐈𝐧𝐟𝐨𝐫𝐦𝐚𝐭𝐢𝐨𝐧 🎀 🌌 𝗼𝗿 𝗘𝗺𝗮𝗶𝗹 Madihakhanbridalstudio@gmail.com —————————————————— Bookings in England or Internationally Contact 07702272011 or Email us madihakhanmua@gmail.com MadihaKhanMua ——————————————————— #madihakhanmua #madihakhanbridalstudioo #pakistanvogue @thepakistanibride @tutorialsgallery @illamasqua @maccosmetics @hudabeauty @charlottetilbury @hourglasscosmetics @narsissist @anastasiabeverlyhills @nyxcosmetics #bride #jewellery #dubai #lahore #birmingham #manchester #london #wedding #pakistanibride #indianbride #bradford #leeds #malaysia #bahrian #saudiarabia #turkey #hairstlyle #eyeliner #desidoll #dulhan #sikhbrides #germany #paris #canada #norway #qatar #india","http://instagram.com/madihakhanmua","instagram.com","https://video-bom2-3.xx.fbcdn.net/o1/v/t2/f2/m86/AQNakOEZ6jaFoegQRoSefEGBTMvLz5sqb7SI8pli7QkQQOsd5_3tOUMnAsnWJUXUFvSHilmWOpbdi9GbW7_YqIJHICY6CYqew-lEnuA.mp4?_nc_cat=103&_nc_sid=b66105&_nc_ht=video-bom2-3.xx.fbcdn.net&_nc_ohc=nKf6tLdZqugQ7kNvwE3_Q83&efg=eyJ2ZW5jb2RlX3RhZyI6Inhwdl9wcm9ncmVzc2l2ZS5WSV9VU0VDQVNFX1BST0RVQ1RfVFlQRS4uQzMuNzIwLmRhc2hfYmFzZWxpbmVfMV92MSIsInhwdl9hc3NldF9pZCI6MTM4ODgwMDMwNTk5NTUwMywiYXNzZXRfYWdlX2RheXMiOjM2NywidmlfdXNlY2FzZV9pZCI6MTAwOTksImR1cmF0aW9uX3MiOjQwLCJ1cmxnZW5fc291cmNlIjoid3d3In0%3D&ccb=17-1&vs=70602e22042b011b&_nc_vs=HBksFQIYUmlnX3hwdl9yZWVsc19wZXJtYW5lbnRfc3JfcHJvZC8zNDQ0ODRDNEYxNUFDQTI0QzlDMjE0NUQ2RDQ2QzhBRl92aWRlb19kYXNoaW5pdC5tcDQVAALIARIAFQIYR2lnX3hwdl9yZWVsc19wZXJtYW5lbnRfc3JfcHJvZC8xOTAzNzAwOTM2ODU1MzkyXzE1OTY4MzQ4MjYyNjk3NDY5OTQubXA0FQICyAESACgAGAAbAogHdXNlX29pbAExEnByb2dyZXNzaXZlX3JlY2lwZQExFQAAJt77uM7oxvcEFQIoAkMzLBdAQ_dsi0OVgRgSZGFzaF9iYXNlbGluZV8xX3YxEQB1AGXmnQEA&_nc_gid=5uo2rwMWH6I-XtDdv39Wlw&_nc_ss=7b289&_nc_zt=28&oh=00_AQMcXM_SSh0cCX3PkrI7Bsty0zKRCF6TbGi3ZhY4ciw24A&oe=6AC91658","IN","2026-10-08 07:23"
"Jewellery world","744222549118631","3249679125194457","https://www.facebook.com/ads/library/?id=3249679125194457","Inactive","Stopped","","2025-10-29","2025-11-05","7","","","","","INR","1","","","","","","","","","","VIDEO","","","instagram","VIEW_INSTAGRAM_PROFILE","","","","","English","","","","","","","","","","","Facebook / Instagram","instagram.com/tvissas_jewelry","","Bridal choker necklace with beautiful earrings n tikka.. The Ruby setting with the kundan is done with such finesse that it makes the necklace look extraordinary... Ze9⁵ Dm for any query or wats app on 9830558168 #bridalkundanrubynecklace #kundanbridaljewelry #indianbridalcollection #bridalchokers #traditionaljewelry #onlineshoppingindia #statementjewelry #designerjewelry","http://instagram.com/tvissas_jewelry","instagram.com","https://video-bom5-2.xx.fbcdn.net/o1/v/t2/f2/m86/AQMPINS1KU4SiurHyn1Og8MmuX_zucss6ZymIYCSCa8eO0OIRU-XS2pVpfGdxL7MtKCowCE8VSo24fdblWd1IRcVbBbjacHk4dT4HII.mp4?_nc_cat=108&_nc_sid=b66105&_nc_ht=video-bom5-2.xx.fbcdn.net&_nc_ohc=V0D4vbH9FyUQ7kNvwHPSImi&efg=eyJ2ZW5jb2RlX3RhZyI6Inhwdl9wcm9ncmVzc2l2ZS5WSV9VU0VDQVNFX1BST0RVQ1RfVFlQRS4uQzMuMzYwLmRhc2hfYmFzZWxpbmVfM192MSIsInhwdl9hc3NldF9pZCI6MTQyMjY4NTE3MjM3NjUxNCwiYXNzZXRfYWdlX2RheXMiOjQ3NywidmlfdXNlY2FzZV9pZCI6MTAwOTksImR1cmF0aW9uX3MiOjE0LCJ1cmxnZW5fc291cmNlIjoid3d3In0%3D&ccb=17-1&vs=2808f5dd4759e99b&_nc_vs=HBksFQIYUmlnX3hwdl9yZWVsc19wZXJtYW5lbnRfc3JfcHJvZC84RjQ2RTY1RDVFRjNGMEEwRDIwRkM3NTQ0QTZFRjFBRl92aWRlb19kYXNoaW5pdC5tcDQVAALIARIAFQIYR2lnX3hwdl9yZWVsc19wZXJtYW5lbnRfc3JfcHJvZC8xMjk1NTA3NTE4ODE1NTEwXzcxOTk0NzQ2NjIyMzkwMTY3ODAubXA0FQICyAESACgAGAAbAogHdXNlX29pbAExEnByb2dyZXNzaXZlX3JlY2lwZQExFQAAJoSPncWW-4YFFQIoAkMzLBdALggxJul41RgSZGFzaF9iYXNlbGluZV8zX3YxEQB1AGXmnQEA&_nc_gid=H3fvkXV7KlQS4aTl5LoH9A&_nc_ss=7b289&_nc_zt=28&oh=00_AQN1EikJfKX46PYs3iUZ0NsI512Q3UGGSS7vBC7BS-iBMA&oe=6AC91691","IN","2026-10-08 07:23"
"S'eleste Couture Jewellery","512957508576907","1114328314199306","https://www.facebook.com/ads/library/?id=1114328314199306","Inactive","Stopped","","2025-10-15","2025-10-25","10","","","","","INR","1","","","","","","","","","","VIDEO","","","instagram","VIEW_INSTAGRAM_PROFILE","","","Wedding season","Premium / quality; Seasonal / festive","English","","","","","","","","","","","Facebook / Instagram","instagram.com/_u/selestecouturejewellery","","✨ This wedding season, discover the epitome of bridal luxury ✨ Whether it’s the timeless sparkle of Diamonds, the regal charm of Polkis, or the vibrant allure of Emeralds or any gems— our couture statement pieces are designed to make every bride shine brighter than ever. 💍 👰 Share this reel with a bride-to-be who deserves nothing less than perfection. 💫 . . . . . . . #selestecouturejewellery #bridaljewellery #bridaljewelry #weddingjewelry #jewelleryforbrides #timelesselegance #bridalglam #bridalnecklace #bridalinspo #bridaljewelry #bridalinspiration #bridallook #bridalearrings #bridalsets","https://www.instagram.com/_u/selestecouturejewellery","www.instagram.com","https://video-bom5-2.xx.fbcdn.net/o1/v/t2/f2/m86/AQNGuGFQzXDBAjvudbWOKBHS32-KqkPi2tJUwni-sJKsL-kMKGSxUHgNbMxCzFj3pM8ohrj7tBeXxUh2RlygYUZ49qDq5sGmt8isAg0.mp4?_nc_cat=104&_nc_sid=b66105&_nc_ht=video-bom5-2.xx.fbcdn.net&_nc_ohc=w_h8AnJL4gMQ7kNvwE-mJFL&efg=eyJ2ZW5jb2RlX3RhZyI6Inhwdl9wcm9ncmVzc2l2ZS5WSV9VU0VDQVNFX1BST0RVQ1RfVFlQRS4uQzMuMzYwLmRhc2hfYmFzZWxpbmVfM192MSIsInhwdl9hc3NldF9pZCI6MTQ5MDkxNzM4MjYwMTcxMSwiYXNzZXRfYWdlX2RheXMiOjM2MywidmlfdXNlY2FzZV9pZCI6MTAwOTksImR1cmF0aW9uX3MiOjM3LCJ1cmxnZW5fc291cmNlIjoid3d3In0%3D&ccb=17-1&vs=f8b714f47385e1fe&_nc_vs=HBksFQIYUmlnX3hwdl9yZWVsc19wZXJtYW5lbnRfc3JfcHJvZC8yMzQ0MDE3MUM3OTUyMThDQjZBNEJENzI0MzdFRDlBMl92aWRlb19kYXNoaW5pdC5tcDQVAALIARIAFQIYR2lnX3hwdl9yZWVsc19wZXJtYW5lbnRfc3JfcHJvZC8yNDc5MjU1NjA3MDQyNjIzNl82NjYwMDQyODMyMDE2MzM3MjcubXA0FQICyAESACgAGAAbAogHdXNlX29pbAExEnByb2dyZXNzaXZlX3JlY2lwZQExFQAAJt7v1Y_o_qUFFQIoAkMzLBdAQu7ZFocrAhgSZGFzaF9iYXNlbGluZV8zX3YxEQB1AGXmnQEA&_nc_gid=su_PpmcPzW4t6V4GSqHT_g&_nc_ss=7b289&_nc_zt=28&oh=00_AQPzaJX5lyhDfiCmBLjUmFvi6b21UUhfMHm6ACaJ0z-iiQ&oe=6AC925CD","IN","2026-10-08 07:23"
"Jewel Botanica","109723938183634","3896326163845535","https://www.facebook.com/ads/library/?id=3896326163845535","Inactive","Stopped","","2025-10-09","2025-10-17","8","","","","","INR","1","","","","","","","","","","VIDEO","","","facebook, instagram","VIEW_INSTAGRAM_PROFILE","Free shipping","","","Premium / quality; Convenience; Seasonal / festive","English","","","","","","","","","","","Facebook / Instagram","instagram.com/jewel_botanica_silver_jewelery","","Unique style Silver Swa rovski diamond earrings 💎  Purity- 92.5 pure silver coated with 18kt Gold Diamond quality- Swa rovski diamonds  ✨BIS hallmark authenticity ✨ !!Free shipping all over India!! #indianweddingusa indianjewellery #silverjewellery #swarovskiearrings #cocktailearrings #diamondstud #diamondjumka #diamondjumki #diamondjumkas #jewellery #diamondchoker #bridalchoker #diamondjhumkas #telugubride #weddingjewellery #diamondjumkhas #diamondvaddanam #indianjewellery #southindianjewellery #diamondhaaram #diamondchoker #diamondjhumka #imitationjewellery #diamondlongearrings #swarovskihaaram #diamondhangings #diamondjumkha #diamondstudearrings #diamondstuds #925silverjewelry","http://instagram.com/jewel_botanica_silver_jewelery","instagram.com","https://video-bom5-1.xx.fbcdn.net/o1/v/t2/f2/m86/AQPqpbneLwocF2ekoA3vk6g7miAo9eGw751_v2E7-t6htKG0t28xGC3o06fW9o3HWsmxQXL72p5QpMbDdcrGyRSKVstgvOf7w1-_ilM.mp4?_nc_cat=110&_nc_sid=b66105&_nc_ht=video-bom5-1.xx.fbcdn.net&_nc_ohc=WUFHri837XcQ7kNvwGIrjXc&efg=eyJ2ZW5jb2RlX3RhZyI6Inhwdl9wcm9ncmVzc2l2ZS5WSV9VU0VDQVNFX1BST0RVQ1RfVFlQRS4uQzMuNzIwLmRhc2hfYmFzZWxpbmVfMV92MSIsInhwdl9hc3NldF9pZCI6MTE0MzgyMDg4NzcyMzYyOCwiYXNzZXRfYWdlX2RheXMiOjM2MywidmlfdXNlY2FzZV9pZCI6MTAwOTksImR1cmF0aW9uX3MiOjE0LCJ1cmxnZW5fc291cmNlIjoid3d3In0%3D&ccb=17-1&vs=5f48645f39330214&_nc_vs=HBksFQIYUmlnX3hwdl9yZWVsc19wZXJtYW5lbnRfc3JfcHJvZC8yMDRCOEE0QzIyMUY5MDcxNDcwN0EyRDNDRTEzRTE4QV92aWRlb19kYXNoaW5pdC5tcDQVAALIARIAFQIYRmlnX3hwdl9yZWVsc19wZXJtYW5lbnRfc3JfcHJvZC82NjAyNDU4NDcxNDUxMTRfMTI3Mzg5MDU0NzQ3MjUxMTczNS5tcDQVAgLIARIAKAAYABsCiAd1c2Vfb2lsATEScHJvZ3Jlc3NpdmVfcmVjaXBlATEVAAAm2LmY25GTiAQVAigCQzMsF0AsmZmZmZmaGBJkYXNoX2Jhc2VsaW5lXzFfdjERAHUAZeadAQA&_nc_gid=hDwbxRMTzc-BZ2sYCeRpGQ&_nc_ss=7b289&_nc_zt=28&oh=00_AQNz4xQIs42P_3eQorPH9LilH_lfjE0hthk2pXhdFJGnOA&oe=6AC922CB","IN","2026-10-08 07:23"
"jewelsby.rm","591879514003454","1363971862190599","https://www.facebook.com/ads/library/?id=1363971862190599","Inactive","Stopped","","2025-10-06","2025-10-12","6","","","","","INR","1","","","","","","","","","","VIDEO","","","instagram","VIEW_INSTAGRAM_PROFILE","","","","Creator / UGC","English","","","","","","","","","","","Facebook / Instagram","instagram.com/jewelsby.rm","","Let’s shine and grow together with @jewelsby.rm 💎 #fashion #style #jewellery #instagood #reels","http://instagram.com/jewelsby.rm","instagram.com","https://video-bom2-3.xx.fbcdn.net/o1/v/t2/f2/m86/AQMer-cxf0YRySp5PnLHNRK3wCqNHD4X3rDkbyt8BSf2mnJmE5_57pMvFJWeGwlUjN8E_WcnOOXYDy6KzoMIM4LDHETYaLZfxX6HfRk.mp4?_nc_cat=103&_nc_sid=b66105&_nc_ht=video-bom2-3.xx.fbcdn.net&_nc_ohc=uaLCo6pzJAQQ7kNvwG6NuwX&efg=eyJ2ZW5jb2RlX3RhZyI6Inhwdl9wcm9ncmVzc2l2ZS5WSV9VU0VDQVNFX1BST0RVQ1RfVFlQRS4uQzMuMzYwLmRhc2hfYmFzZWxpbmVfM192MSIsInhwdl9hc3NldF9pZCI6MTE2ODg0MTUzNTEyMDMwNCwiYXNzZXRfYWdlX2RheXMiOjM2NiwidmlfdXNlY2FzZV9pZCI6MTAwOTksImR1cmF0aW9uX3MiOjI1LCJ1cmxnZW5fc291cmNlIjoid3d3In0%3D&ccb=17-1&vs=45093c445c1d63cb&_nc_vs=HBksFQIYUmlnX3hwdl9yZWVsc19wZXJtYW5lbnRfc3JfcHJvZC9EOTRCQkM1QTYwMEQ4NjQwRUIyMDM5N0JGNjk5QTlCOF92aWRlb19kYXNoaW5pdC5tcDQVAALIARIAFQIYR2lnX3hwdl9yZWVsc19wZXJtYW5lbnRfc3JfcHJvZC8xMTAxMjAwMTM4NjY2NDg5XzkwNTU4MTA2MTc5MTg4MTI4NzMubXA0FQICyAESACgAGAAbAogHdXNlX29pbAExEnByb2dyZXNzaXZlX3JlY2lwZQExFQAAJuCO_4fEw5MEFQIoAkMzLBdAOZmZmZmZmhgSZGFzaF9iYXNlbGluZV8zX3YxEQB1AGXmnQEA&_nc_gid=K80sFbRoBefPts8vdOLzyg&_nc_ss=7b289&_nc_zt=28&oh=00_AQOTTHSZG3RS4TUWOA-N6C4vt5MA_EC23ZIhAmPCrFs0yw&oe=6AC925C4","IN","2026-10-08 07:23"
"Gujarat rajasthan handicrafts","517298228436964","812833771445257","https://www.facebook.com/ads/library/?id=812833771445257","Inactive","Stopped","","2025-10-06","2025-10-18","12","","","","","INR","1","","","","","","","","","","VIDEO","","","facebook, instagram","VIEW_INSTAGRAM_PROFILE","","","","Premium / quality; Creator / UGC","English","","","","","","","","","","","Facebook / Instagram","instagram.com/gujaratrajasthanhandicrafts","","Crafted with authenticity, priced with honesty. Bringing you timeless art that you can trust only at @gujaratrajasthanhandicrafts  #IndianHandicrafts #HandmadeWithLove #EthnicDecor #ArtisanMade #CraftedInIndia #HandicraftStore #AuthenticArtistry #TraditionalCrafts #IndianCraftsmanship #HandmadeTreasures #Jewellery #MadeinIndia #Vocalforlocal #Makeinindia  #GujaratRajasthanHandicrafts","http://instagram.com/gujaratrajasthanhandicrafts","instagram.com","https://video-bom2-4.xx.fbcdn.net/o1/v/t2/f2/m86/AQMxVG-lXH8tPAOeis4NG1yTqoFnMofddEyGzVLve8MvdAwsZuMgFs5IejGUnuuXXNTL4Yytrlu1mu6968sLGMA1HDZ3vo4EZp0W5_o.mp4?_nc_cat=107&_nc_sid=b66105&_nc_ht=video-bom2-4.xx.fbcdn.net&_nc_ohc=wBW0FzAmiRkQ7kNvwGDm4Ud&efg=eyJ2ZW5jb2RlX3RhZyI6Inhwdl9wcm9ncmVzc2l2ZS5WSV9VU0VDQVNFX1BST0RVQ1RfVFlQRS4uQzMuNzIwLmRhc2hfYmFzZWxpbmVfMV92MSIsInhwdl9hc3NldF9pZCI6MTgzNjA3MjU0NzMxNDIxNiwiYXNzZXRfYWdlX2RheXMiOjM2NiwidmlfdXNlY2FzZV9pZCI6MTAwOTksImR1cmF0aW9uX3MiOjgwLCJ1cmxnZW5fc291cmNlIjoid3d3In0%3D&ccb=17-1&vs=33b293bb6d5fcbe8&_nc_vs=HBksFQIYUmlnX3hwdl9yZWVsc19wZXJtYW5lbnRfc3JfcHJvZC81ODQ5NEFDQUU5NDlGODZFQ0FFNTNGRDhDQjkwQ0U5RV92aWRlb19kYXNoaW5pdC5tcDQVAALIARIAFQIYR2lnX3hwdl9yZWVsc19wZXJtYW5lbnRfc3JfcHJvZC8xMzQ5NzkzMjgzMjI3MzI0XzIyNjM0Mjc2MzcxODAzODAyMDUubXA0FQICyAESACgAGAAbAogHdXNlX29pbAExEnByb2dyZXNzaXZlX3JlY2lwZQExFQAAJtCot7---cIGFQIoAkMzLBdAVBVP3ztkWhgSZGFzaF9iYXNlbGluZV8xX3YxEQB1AGXmnQEA&_nc_gid=yV7OfFRLBWlOGqkPoAbmrg&_nc_ss=7b289&_nc_zt=28&oh=00_AQPHZ1_MFMAZx7nxXT4qr25IAIOfH8G8ISeu79Z6SWR61g&oe=6AC92A40","IN","2026-10-08 07:23"
"ABDesigns","1.62354E+15","1875613726367515","https://www.facebook.com/ads/library/?id=1875613726367515","Inactive","Stopped","","2025-10-17","2025-10-24","7","","","","","INR","1","","","","","","","","","","VIDEO","","","facebook, instagram","VIEW_INSTAGRAM_PROFILE","","","","Creator / UGC; Seasonal / festive","English","","","","","","","","","","","Facebook / Instagram","instagram.com/abdesignsjewellery","","@nita_ambaniofficial_  Looks So Gorgeous with Bahu @radhikamerchant  and they looks stunning together  Pls do inbox msg for price and place order @abdesignsjewellery  #neetaambani #mukeshambani #jio #choker #radhikamerchant #richest #bollywood #bollywoodjewellery #jewelry #jewellery #necklace #necklaces #neetaambanijewellery #earrings #necklaceoftheday #necklaceshop #necklacelover #necklaceaddict #fashion #trend #reelitfeelit #trendingreels #saiyaara #chokernecklace #necklaceset #bracelet #mangalsutra #wedding #bride #bridejewelry","http://instagram.com/abdesignsjewellery","instagram.com","https://video-bom5-1.xx.fbcdn.net/o1/v/t2/f2/m412/AQNX-HqOktRnZGN7GX1QOXNKQPx8xNfr96n0vdUOXIh3mEd02ehv0727Hm0ciOKTB4I6GqBjXwQ-Z07ysEgtuI_67JapC63btILGleHmjw.mp4?_nc_cat=105&_nc_sid=ef5aa3&_nc_ht=video-bom5-1.xx.fbcdn.net&_nc_ohc=GtorgzcwU44Q7kNvwF7fXSV&efg=eyJ2ZW5jb2RlX3RhZyI6Inhwdl9wcm9ncmVzc2l2ZS5WSV9VU0VDQVNFX1BST0RVQ1RfVFlQRS4uQzMuMzYwLnN2ZV9zZCIsInhwdl9hc3NldF9pZCI6NzkzMDk2NDAzNTQ1MzE1LCJhc3NldF9hZ2VfZGF5cyI6MzU1LCJ2aV91c2VjYXNlX2lkIjoxMDEyMiwiZHVyYXRpb25fcyI6MzEsInVybGdlbl9zb3VyY2UiOiJ3d3cifQ%3D%3D&ccb=17-1&_nc_gid=yV7OfFRLBWlOGqkPoAbmrg&_nc_ss=7b289&_nc_zt=28&oh=00_AQPnsEfr3afFnRgRP0xrkoXjidNXN6JrhI2ALY3fk_V4zA&oe=6ACD13E5","IN","2026-10-08 07:23"
"ABDesigns","1.62354E+15","1303109197694482","https://www.facebook.com/ads/library/?id=1303109197694482","Inactive","Stopped","","2025-10-17","2025-10-24","7","","","","","INR","1","","","","","","","","","","VIDEO","","","facebook, instagram","VIEW_INSTAGRAM_PROFILE","","","Diwali","Creator / UGC; Seasonal / festive","English","","","","","","","","","","","Facebook / Instagram","instagram.com/abdesignsjewellery","","@deepikapadukone inspired look and @abdesignsjewellery inspired jewellery  THE BEST COMBINATION ❤️ Pls do inbox msg for price  #deepveer #deepikapadukonefans #deepikapadukone #ranbirkapoor #ranveersingh #aliabhatt #earrings #earring #earringaddict #earringstyle #earringlove #earringshop #bollywood #bollywoodjewellery #jewellery #jewelry #suitsforwomen #necklace #bracelet #mangalsutra #trend #clothing #karwachauth #diwali","http://instagram.com/abdesignsjewellery","instagram.com","https://video-bom5-2.xx.fbcdn.net/o1/v/t2/f2/m412/AQPkgNcoU2LYDvRlAhHcRsntWtMs0h3DkolLnU8f6hp3TcHW7r4biL6_75f8DYumX7fs54Ux3znou6DZp_n0cxczrRCs2dmq8aaaF2MWBQ.mp4?_nc_cat=108&_nc_sid=ef5aa3&_nc_ht=video-bom5-2.xx.fbcdn.net&_nc_ohc=O96EfP17OrgQ7kNvwFkTxoN&efg=eyJ2ZW5jb2RlX3RhZyI6Inhwdl9wcm9ncmVzc2l2ZS5WSV9VU0VDQVNFX1BST0RVQ1RfVFlQRS4uQzMuMzYwLnN2ZV9zZCIsInhwdl9hc3NldF9pZCI6MTQxNzI1NDczMzI5MDI5MCwiYXNzZXRfYWdlX2RheXMiOjM1NSwidmlfdXNlY2FzZV9pZCI6MTAxMjIsImR1cmF0aW9uX3MiOjE1LCJ1cmxnZW5fc291cmNlIjoid3d3In0%3D&ccb=17-1&_nc_gid=4eThIb9ZBhicXnePMrxlkA&_nc_ss=7b289&_nc_zt=28&oh=00_AQNUwTwUDQqS-FfTu72lCuHz9mdQUJuDSeUf1GZeHRubcg&oe=6ACCF6AE","IN","2026-10-08 07:23"
"ABDesigns","1.62354E+15","1554036549363094","https://www.facebook.com/ads/library/?id=1554036549363094","Inactive","Stopped","","2025-10-17","2025-10-24","7","","","","","INR","1","","","","","","","","","","VIDEO","","","facebook, instagram","VIEW_INSTAGRAM_PROFILE","","","Diwali","Creator / UGC; Seasonal / festive","English","","","","","","","","","","","Facebook / Instagram","instagram.com/abdesignsjewellery","","How @aneetpadda_ complete her look with our jewellery  @ahaanpandayy missing here 😅 Have a look to the design 🫶 Pls do inbox message for price detail and place order #trendingsongs #saiyaara #aneetpadda #ahaanpanday #jewellery #jewelry #necklace #necklaces #ananyapanday #chokernecklace #choker #earrings #movie #bollywood #bollywoodmovies #actor #mangalsutra #bracelet #necklacesofinstagram #necklacelover #necklaceshop #necklacefashion #fashion #trendingreels #diwalivibes #diwali #pearlnecklace #saiyaaramovie2025❤️  #saiyaara❤️ #lakme","http://instagram.com/abdesignsjewellery","instagram.com","https://video-bom5-1.xx.fbcdn.net/o1/v/t2/f2/m412/AQNxZyVI_AhGf7BlELwFq-qFhxiQblUKf4L-1gc_wCmVCJvarB31uBmEQxQaYXr1sBC0yY5ejGOUqZLd6hj5KrKUymera4kJaJgddLX1IA.mp4?_nc_cat=105&_nc_sid=ef5aa3&_nc_ht=video-bom5-1.xx.fbcdn.net&_nc_ohc=59pQS11HlE0Q7kNvwE0ay_m&efg=eyJ2ZW5jb2RlX3RhZyI6Inhwdl9wcm9ncmVzc2l2ZS5WSV9VU0VDQVNFX1BST0RVQ1RfVFlQRS4uQzMuMzYwLnN2ZV9zZCIsInhwdl9hc3NldF9pZCI6NTg3MzQyMjkxMTM1MjY4LCJhc3NldF9hZ2VfZGF5cyI6MzU1LCJ2aV91c2VjYXNlX2lkIjoxMDEyMiwiZHVyYXRpb25fcyI6MzcsInVybGdlbl9zb3VyY2UiOiJ3d3cifQ%3D%3D&ccb=17-1&_nc_gid=w1f5ztsA2Av-VwdFXyccBQ&_nc_ss=7b289&_nc_zt=28&oh=00_AQM1zQf7lfU7h6FI9j9YUWnZ0epSRY06HHoevISGWZWzlQ&oe=6ACCFC69","IN","2026-10-08 07:23"
"Aditi Gupta","","650286884548585","https://www.facebook.com/ads/library/?id=650286884548585","Inactive","Stopped","","2025-10-03","2025-10-08","5","","","","","INR","1","","","","","","","","","","VIDEO","","","instagram","VIEW_INSTAGRAM_PROFILE","","","Festive season; Wedding season","Creator / UGC; Seasonal / festive","English","","","","","","","","","","","Facebook / Instagram","instagram.com/aditiguptaofficial","","𝓢𝓲𝓵𝓼𝓲𝓵𝓪 | For The Romantic At Heart.. Two silhouettes, one timeless story.  Rose gold zari blooms under the light as she twirls, and in the stillness of beige, he is her perfect frame. This is not just couture — it is the memory of old songs, the romance of slow glances, the elegance of yesteryears reborn. Jewellery @anupa_tulsi_jewellers @suhana_art_and_jewels Flagship Store: 📍: Aditi Gupta, Dhanmill Compound, Delhi Website: aditiguptaofficial.com Contact us 📱Call/Whatsapp: +91 98997 95921 📨 Mail: info@aditigupta.in #AditiGupta  [ Bridal wear, Influencer Look, Indian wear, Indian Wedding, Festive Wear, Wedding Season, Silk Zari Tissue, Banarasi, Indian Designers, Indian Fashion ]","http://instagram.com/aditiguptaofficial","instagram.com","https://video-bom2-4.xx.fbcdn.net/o1/v/t2/f2/m86/AQPKO30t_JtOa1SEUEGZDe8kaC8hhmqdIlRETOjYX1xQj9D5wI9EtRyRgDV7TOvFJkA3_D5mx8SJx7MkMGRMkOuuJW7tKZCIhacCHts.mp4?_nc_cat=107&_nc_sid=b66105&_nc_ht=video-bom2-4.xx.fbcdn.net&_nc_ohc=B0OJb_CHg6QQ7kNvwGY1Bg8&efg=eyJ2ZW5jb2RlX3RhZyI6Inhwdl9wcm9ncmVzc2l2ZS5WSV9VU0VDQVNFX1BST0RVQ1RfVFlQRS4uQzMuNzIwLmRhc2hfYmFzZWxpbmVfMV92MSIsInhwdl9hc3NldF9pZCI6NzY2MTAwMjY5NTMxNTI3LCJhc3NldF9hZ2VfZGF5cyI6Mzg5LCJ2aV91c2VjYXNlX2lkIjoxMDA5OSwiZHVyYXRpb25fcyI6MzQsInVybGdlbl9zb3VyY2UiOiJ3d3cifQ%3D%3D&ccb=17-1&vs=b488a1c42acf8e42&_nc_vs=HBksFQIYUmlnX3hwdl9yZWVsc19wZXJtYW5lbnRfc3JfcHJvZC9GRDQxQTY1QjRFNEU4MDFENkJDMTA0NkQwNTg3NkY4MF92aWRlb19kYXNoaW5pdC5tcDQVAALIARIAFQIYR2lnX3hwdl9yZWVsc19wZXJtYW5lbnRfc3JfcHJvZC8xNTIyMjY5MzUyMjgzNjE5Xzc5ODE2MjU2Njk5MTExMjQwNTIubXA0FQICyAESACgAGAAbAogHdXNlX29pbAExEnByb2dyZXNzaXZlX3JlY2lwZQExFQAAJo6G7ObzsNwCFQIoAkMzLBdAQUzMzMzMzRgSZGFzaF9iYXNlbGluZV8xX3YxEQB1AGXmnQEA&_nc_gid=yV7OfFRLBWlOGqkPoAbmrg&_nc_ss=7b289&_nc_zt=28&oh=00_AQOAGMX0LfLVeuZFh2_R1xkIaYNPD1sp6BJ_ewgiphGCsA&oe=6AC91500","IN","2026-10-08 07:23"
"Honeyreels3","530838286777985","1857436808387901","https://www.facebook.com/ads/library/?id=1857436808387901","Inactive","Stopped","","2025-05-19","2025-12-26","221","","","","","INR","1","","","","","","","","","","VIDEO","","","facebook, instagram, audience_network, messenger","WATCH_MORE","","","","Benefit / claim","English","","","","","","","","","","","Landing / content page","honeyreels.net/landing/fbindex.html","🥰Click the 'Watch More'to enjoy the Full SERIES!🎬👉","💔💔📺📺Twenty years ago, Selena Carter Quinn jumped into a river to protect her two children, resulting in severe disfigurement and memory loss. She lived a tough life with her younger daughter after the incident. Years later, her daughter was framed and offended Jamie Goodwin. To apologize on her daughter's behalf, Selena knelt down and jumped off from a building, unaware that Jamie was the very son she had once risked her life to save...","https://www.honeyreels.net/landing/fbindex.html?id=10216&style_id=1&album_id=20433&sex=woman&utm_source=FB&media_app_id=1158676719205135&episode_id=36893&align=2&af_adset={{adset.name}}&af_ad={{ad.name}}&af_ad_id={{ad.id}}&af_adset_id={{adset.id}}&af_c_id={{campaign.id}}&auto_seconds=0","www.honeyreels.net","https://video-bom5-2.xx.fbcdn.net/o1/v/t2/f2/m412/AQMh62qq3sNYtRrCuD2qQT6GqYSriz7pxYGgpfwRrd5aZQ9I2R_tAKsMAEQHiTVj6rCPlIm_Hg9HMez0d2QtDWo.mp4?_nc_cat=102&_nc_sid=ef5aa3&_nc_ht=video-bom5-2.xx.fbcdn.net&_nc_ohc=sWu32fFAiOYQ7kNvwFReQqS&efg=eyJ2ZW5jb2RlX3RhZyI6Inhwdl9wcm9ncmVzc2l2ZS5WSV9VU0VDQVNFX1BST0RVQ1RfVFlQRS4uQzMuMzYwLmFzaWNfaHExX3NkX3Byb2dyZXNzaXZlIiwieHB2X2Fzc2V0X2lkIjoxMTY1MDAzNzM1MjMzMzQyLCJhc3NldF9hZ2VfZGF5cyI6MzE4LCJ2aV91c2VjYXNlX2lkIjoxMDY4MCwiZHVyYXRpb25fcyI6ODI0LCJ1cmxnZW5fc291cmNlIjoid3d3In0%3D&ccb=17-1&_nc_gid=kvRV-ShjCUdj-k5XYJFt9A&_nc_ss=7b289&_nc_zt=28&oh=00_AQMf5HdD1vAgmKyWcAxTAl0rdGZ2gao5Y2UkMQOjRqxNlg&oe=6ACD0F90","IN","2026-10-08 07:23"
"makeupbyshivanipaliwal","103919551939493","808267735465746","https://www.facebook.com/ads/library/?id=808267735465746","Inactive","Stopped","","2025-10-29","2025-11-04","6","","","","","INR","1","","","","","","","","","","VIDEO","","","instagram","VIEW_INSTAGRAM_PROFILE","","","","Creator / UGC","English","","","","","","","","","","","Facebook / Instagram","instagram.com/makeupbyshivanipaliwal","","Rosy cheeks, soft shimmer lids, and a glowing base — my recipe for glam 💕💄 Makeup @makeupbyshivanipaliwal  Hairstylist @hairstylist_sagar_rajpoot  Outfit @srikriti_  Jewellery @beautypalace_cc  Stylist @stylistshivanipaliwal","http://instagram.com/makeupbyshivanipaliwal","instagram.com","https://video-bom5-1.xx.fbcdn.net/o1/v/t2/f2/m367/AQP4GlJdfu3m5v2w9z5Rzh4NLpKWJzPnlPClWXTgJ0dyYRRyrfUTHb7xs_DwtFXj0hx2LhneoYySQmQ4Ii1mDxamnhTo4VPzBQkaROc.mp4?_nc_cat=109&_nc_sid=b66105&_nc_ht=video-bom5-1.xx.fbcdn.net&_nc_ohc=3dd_NUChiFsQ7kNvwH6zVex&efg=eyJ2ZW5jb2RlX3RhZyI6Inhwdl9wcm9ncmVzc2l2ZS5WSV9VU0VDQVNFX1BST0RVQ1RfVFlQRS4uQzMuNzIwLmRhc2hfYmFzZWxpbmVfMV92MSIsInhwdl9hc3NldF9pZCI6MjQ3NDQxMTc1NjUxNzUyNjYsImFzc2V0X2FnZV9kYXlzIjo0NjQsInZpX3VzZWNhc2VfaWQiOjEwMDk5LCJkdXJhdGlvbl9zIjoyMSwidXJsZ2VuX3NvdXJjZSI6Ind3dyJ9&ccb=17-1&vs=62c706d5cfaee701&_nc_vs=HBksFQIYQGlnX2VwaGVtZXJhbC9GMTQ0MDQyRDg5NEZBNzIxRTJCOEE0QkQwQ0UzMzI5MV92aWRlb19kYXNoaW5pdC5tcDQVAALIARIAFQIYR2lnX3hwdl9yZWVsc19wZXJtYW5lbnRfc3JfcHJvZC8xMDY5NzYxNzI4NDM4NzE3XzUwNjQ2NTA4MjU4MDI3NTgzODkubXA0FQICyAESACgAGAAbAogHdXNlX29pbAExEnByb2dyZXNzaXZlX3JlY2lwZQExFQAAJsTXhZyaqfRXFQIoAkMzLBdANSIMSbpeNRgSZGFzaF9iYXNlbGluZV8xX3YxEQB1AGXmnQEA&_nc_gid=RElQT_PINjM6ASdSgm8Rnw&_nc_ss=7b289&_nc_zt=28&oh=00_AQPI1yjd96cOXiGsd3ya1f85RQMkH44MnJFLYoCXMEWGsQ&oe=6ACCFBCA","IN","2026-10-08 07:23"
"zahirdamaso3567","110331838342927","758147953716228","https://www.facebook.com/ads/library/?id=758147953716228","Inactive","Stopped","","2025-10-05","2025-10-09","4","","","","","INR","1","","","","","","","","","","VIDEO","","","facebook, instagram","VIEW_INSTAGRAM_PROFILE","","","","","English","","","","","","","","","","","Facebook / Instagram","instagram.com/zahir_damaso","","ZD DAMASO  HQ DUBAI #jewelry #office #showroom #design #inspiration #explore #jewellery #interiordesign #3d #concept #ideas #jewellerydisplay #jewellerybox #making #manufacturing #zd #zddamaso #marchandise #leather #workmanship #madeinindia #market #dubai","http://instagram.com/zahir_damaso","instagram.com","https://video-bom2-4.xx.fbcdn.net/o1/v/t2/f2/m86/AQOQSiKQel3wGFcGglf__xZLHRM9uuxzWiJ6G6IMAWufMB5AVR0AP_6vZ3Rd0PhokmnTBrusHrK65HUg50s3dl_Q9H1pRZ1w2M_Pnrc.mp4?_nc_cat=106&_nc_sid=b66105&_nc_ht=video-bom2-4.xx.fbcdn.net&_nc_ohc=CTJv1jxLvfAQ7kNvwFy7wDu&efg=eyJ2ZW5jb2RlX3RhZyI6Inhwdl9wcm9ncmVzc2l2ZS5WSV9VU0VDQVNFX1BST0RVQ1RfVFlQRS4uQzMuNzIwLmRhc2hfYmFzZWxpbmVfMV92MSIsInhwdl9hc3NldF9pZCI6MjQ1NzEyNDQ1MTI1NzAzNjIsImFzc2V0X2FnZV9kYXlzIjozNjgsInZpX3VzZWNhc2VfaWQiOjEwMDk5LCJkdXJhdGlvbl9zIjo1MCwidXJsZ2VuX3NvdXJjZSI6Ind3dyJ9&ccb=17-1&vs=bb34d9ff63bbcf70&_nc_vs=HBksFQIYUmlnX3hwdl9yZWVsc19wZXJtYW5lbnRfc3JfcHJvZC9GNjQ1QUMwOEYzMTY3NDZGRTcyQ0U0RDFENTY1RjE4Nl92aWRlb19kYXNoaW5pdC5tcDQVAALIARIAFQIYR2lnX3hwdl9yZWVsc19wZXJtYW5lbnRfc3JfcHJvZC8xNTg0NzI2MDk2MjcxMjE5XzUxOTY4ODMxNTAzMDU4NTcxMDkubXA0FQICyAESACgAGAAbAogHdXNlX29pbAExEnByb2dyZXNzaXZlX3JlY2lwZQExFQAAJvSv483V2qVXFQIoAkMzLBdASPrhR64UexgSZGFzaF9iYXNlbGluZV8xX3YxEQB1AGXmnQEA&_nc_gid=RElQT_PINjM6ASdSgm8Rnw&_nc_ss=7b289&_nc_zt=28&oh=00_AQO07Wx-BXICC2kiiGuc8ZjrBjPUAGIh19ncHu9rg_-a9A&oe=6AC9074F","IN","2026-10-08 07:23"
"ottoluxlondon","393360001513181","1836787930250157","https://www.facebook.com/ads/library/?id=1836787930250157","Inactive","Stopped","","2025-10-20","2025-11-08","19","","","","","INR","1","","","","","","","","","","VIDEO","","","facebook, instagram","VIEW_INSTAGRAM_PROFILE","","","","","English","","","","","","","","","","","Facebook / Instagram","instagram.com/ottoluxlondon","","Mirror mirror on the wall who is the best Jeweller in the world? 😂😂😂😂 for the red carpet jewellery I have to say is CHOPARD ..  #highfashion #highjewelry #redcarpet #dreamy #diamonds #necklace","http://instagram.com/ottoluxlondon","instagram.com","https://video-bom5-2.xx.fbcdn.net/o1/v/t2/f2/m367/AQOiGQNXmc5LgBj96ayBGsL7FCXA59cv0bcJkPIAO_kq1jV7YfgJFadO7UBoyW8BQ7uaZ_yfvCDHF_tgWTaT7JiyGb6LMAh-itcFJs8.mp4?_nc_cat=104&_nc_sid=b66105&_nc_ht=video-bom5-2.xx.fbcdn.net&_nc_ohc=62bYIs2hnagQ7kNvwG2QYCj&efg=eyJ2ZW5jb2RlX3RhZyI6Inhwdl9wcm9ncmVzc2l2ZS5WSV9VU0VDQVNFX1BST0RVQ1RfVFlQRS4uQzMuNzIwLmRhc2hfYmFzZWxpbmVfMV92MSIsInhwdl9hc3NldF9pZCI6NTk1MDMyMzczMTM4MTc0LCJhc3NldF9hZ2VfZGF5cyI6NjI3LCJ2aV91c2VjYXNlX2lkIjoxMDA5OSwiZHVyYXRpb25fcyI6OTAsInVybGdlbl9zb3VyY2UiOiJ3d3cifQ%3D%3D&ccb=17-1&vs=583dee7d1c455c&_nc_vs=HBksFQIYQGlnX2VwaGVtZXJhbC8wNDRDQTc2NkI4M0U1MjY4OUE0Mzg5QUNBMEY2RDlCNV92aWRlb19kYXNoaW5pdC5tcDQVAALIARIAFQIYR2lnX3hwdl9yZWVsc19wZXJtYW5lbnRfc3JfcHJvZC8xNzEwOTkyNjYzMDk2NjAzXzkxOTg0NjQ2NDU2OTM2ODY0NjcubXA0FQICyAESACgAGAAbAogHdXNlX29pbAExEnByb2dyZXNzaXZlX3JlY2lwZQExFQAAJvzL2NO4y44CFQIoAkMzLBdAVoAAAAAAABgSZGFzaF9iYXNlbGluZV8xX3YxEQB1AGXmnQEA&_nc_gid=RElQT_PINjM6ASdSgm8Rnw&_nc_ss=7b289&_nc_zt=28&oh=00_AQOHFuQ39rlbUF9PwbcVM1gyYvGePn5u85548V7BjJFs0g&oe=6ACCF621","IN","2026-10-08 07:23"
"ottoluxlondon","393360001513181","1138979167771342","https://www.facebook.com/ads/library/?id=1138979167771342","Inactive","Stopped","","2025-10-06","2025-10-25","19","","","","","INR","1","","","","","","","","","","VIDEO","","","facebook, instagram","VIEW_INSTAGRAM_PROFILE","","","","","English","","","","","","","","","","","Facebook / Instagram","instagram.com/ottoluxlondon","","I am CHOPARD MAN today. My love for the diamonds.  #amazing #dream #love #highjewellery #style #redcarpet #hautecouture #diamonds #chopard #boucheron","http://instagram.com/ottoluxlondon","instagram.com","https://video-bom5-2.xx.fbcdn.net/o1/v/t2/f2/m86/AQMKNA5UHSPElNL88QlcAI0xE8tqSV9IYc6wlvpBkawz4AU5JLW67xUMuLSoxsikq4v9Z8HWiPVzDnPXmk6ID6b_hTVX6rH4DPAhm8M.mp4?_nc_cat=108&_nc_sid=b66105&_nc_ht=video-bom5-2.xx.fbcdn.net&_nc_ohc=hwf5ZXlLzC4Q7kNvwED_kyK&efg=eyJ2ZW5jb2RlX3RhZyI6Inhwdl9wcm9ncmVzc2l2ZS5WSV9VU0VDQVNFX1BST0RVQ1RfVFlQRS4uQzMuMzYwLmRhc2hfYmFzZWxpbmVfM192MSIsInhwdl9hc3NldF9pZCI6MTU4Mjk2NTUwNTc0ODg3MywiYXNzZXRfYWdlX2RheXMiOjM5OSwidmlfdXNlY2FzZV9pZCI6MTAwOTksImR1cmF0aW9uX3MiOjc1LCJ1cmxnZW5fc291cmNlIjoid3d3In0%3D&ccb=17-1&vs=99d8fa641ae4a052&_nc_vs=HBksFQIYUmlnX3hwdl9yZWVsc19wZXJtYW5lbnRfc3JfcHJvZC9GMTQwQzA4OEY5REZEMjkwRDUzRTM4MDQzRkE5MDI4MV92aWRlb19kYXNoaW5pdC5tcDQVAALIARIAFQIYR2lnX3hwdl9yZWVsc19wZXJtYW5lbnRfc3JfcHJvZC8zNTYwMjE4MDE3NDQ2MjIwXzc3Nzg1MjMxMDE3MDg3MDcwODAubXA0FQICyAESACgAGAAbAogHdXNlX29pbAExEnByb2dyZXNzaXZlX3JlY2lwZQExFQAAJpK-y4rc7M8FFQIoAkMzLBdAUvu2RaHKwRgSZGFzaF9iYXNlbGluZV8zX3YxEQB1AGXmnQEA&_nc_gid=w1f5ztsA2Av-VwdFXyccBQ&_nc_ss=7b289&_nc_zt=28&oh=00_AQN2lwZyl42fD-vzgAci9JkpFjVgexp2ELtPVW2JAmBGoA&oe=6AC91B41","IN","2026-10-08 07:23"
"Weva Photography","209475245735409","1.99023E+15","https://www.facebook.com/ads/library/?id=1990230075164710","Inactive","Stopped","","2025-10-17","2025-10-28","11","","","","","INR","1","","","","","","","","","","VIDEO","","","facebook, instagram","VIEW_INSTAGRAM_PROFILE","","","","Social proof; Creator / UGC; Seasonal / festive","English","","","","","","","","","","","Facebook / Instagram","instagram.com/wevaphotography","","A Celestial Brew | Wedding Teaser Cut of Aditya & Madhumita @madhumita.prabhakar  @adipapps Aditya and Madhumita’s Indian wedding teaser cut is here to make you feel the nostalgic essence of Indian weddings in its full glory! Celebrated at ‘Radisson GRT Resorts / Temple Bay’, the wedding decor and event planning have been beautifully curated by ‘The Wedding Experience’ and ‘Eventaura’. The wedding trousseau consists of elegant looks from ‘Kanakavalli’, ‘Label Naibah’ and ‘Frontier Naas Dubai’.  The wedding jewels were handpicked from the trendy collections of ‘Sukra Jewellery’. ‘MUA Gurleen Kaur Pannu’ and ‘Hairstylist Gaur Paswan’ curated the trendsetting wedding glam. Stay tuned to watch the full-length wedding film to enjoy the delightful details of Aditya and Madhumita’s Indian wedding festivities. MUA: @gurleenkaurpannu_mua Jewellery: @sukra_jewellery Outfits: @label_naibah @thekanakavalliedit @frontierraasdubai Hairstylist: @gaurpaswanofficial Venue: @radissongrt.resorts Event Planner: @theweddingexperience Hospitality Desk: @eventaura.co #sonyalphain #sonyindiaofficial #createwithsony @sonyalphain #WeddingTeaser #WeddingGoals#LoveAndTradition #LoveInEveryFrame #Weva","http://instagram.com/wevaphotography","instagram.com","https://video-bom5-1.xx.fbcdn.net/o1/v/t2/f2/m366/AQOwTjh3oNLZOilLfFdw3pBnb9W7y-x8ve5UWJhF8r72NUTh4znLo_YEVQQPG_sY_a4gvhV7u0WGBo8reArDoqomjtZ35xnttClEmS3NMFZx9Q.mp4?_nc_cat=109&_nc_sid=b66105&_nc_ht=video-bom5-1.xx.fbcdn.net&_nc_ohc=W8if8gbppMoQ7kNvwFXGssY&efg=eyJ2ZW5jb2RlX3RhZyI6Inhwdl9wcm9ncmVzc2l2ZS5WSV9VU0VDQVNFX1BST0RVQ1RfVFlQRS4uQzMuMTI3OC5kYXNoX2gyNjQtYmFzaWMtZ2VuMl83MjBwIiwieHB2X2Fzc2V0X2lkIjo0MjE0NTUyODY4ODE0NTA2LCJhc3NldF9hZ2VfZGF5cyI6NTI1LCJ2aV91c2VjYXNlX2lkIjoxMjM3NCwiZHVyYXRpb25fcyI6ODcsInVybGdlbl9zb3VyY2UiOiJ3d3cifQ%3D%3D&ccb=17-1&vs=6e57b906d7f12613&_nc_vs=HBksFQIYRWZiX2VwaGVtZXJhbC82MTQ4NTkwNTE1MDJFRTQyODU2QjNBQUJGMzk1RTZCNF9tdF8xX3ZpZGVvX2Rhc2hpbml0Lm1wNBUAAsgBEgAVAhhHaWdfeHB2X3JlZWxzX3Blcm1hbmVudF9zcl9wcm9kLzExODcxMDMyNzU5MjgwMDhfODUzNTM0NDI0MTU3ODYyMzA4Mi5tcDQVAgLIARIAKAAYABsCiAd1c2Vfb2lsATEScHJvZ3Jlc3NpdmVfcmVjaXBlATEVAAAm1PqP6qHH_A4VAigCQzMsF0BV3U_fO2RaGBlkYXNoX2gyNjQtYmFzaWMtZ2VuMl83MjBwEQB1AGWswQEA&_nc_gid=RElQT_PINjM6ASdSgm8Rnw&_nc_ss=7b289&_nc_zt=28&oh=00_AQM3oi4lLt0LkubA9ATJwuwyHXdzgbvu2MNITru2bTbUAg&oe=6ACCF45B","IN","2026-10-08 07:23"
"MK Jewels","189092651228536","1385229703251699","https://www.facebook.com/ads/library/?id=1385229703251699","Inactive","Stopped","","2025-10-15","2025-10-31","16","","","","","INR","1","","","","","","","","","","VIDEO","","","instagram","","","18","Diwali","Seasonal / festive","English","","","","","","","","","","","No link","","","This Diwali, bring home the blessings of Goddess Lakshmi with MK JEWELS. MK JEWELS offers 18kt & 22kt HUID Gold & IGI Certified Natural Diamond & Labgrown Diamond Jewellery. STORES 20 Patwa Chawl, BLG NO 80, Opp Mumbadevi Temple, Zaveri Bazaar, Mumbai - 02 8 Sneha, Lokhandwala Market, Andheri (W) Mumbai 1,2 A N Chambers, Turner Road, Bandra, Mumbai 4,5 Surbhi Complex, C G Road, Ahmedabad 6 Stellar, Sindhu Bhavan Road, Ahmedabad WEBSITE www.mkjewels.in CONTACT 8080007722 9297555000 #MkJewels #GoldJewellery #LakshmiJewellery #GoldNecklace #LakshmiMotifs [MK Jewels, Gold Jewellery, Diamond Jewellery, Lakshmi Jewellery, Lakshmi Set, Lakshmi Motif, Lakshmi Necklace, Gold Set, Gold Necklace]","","","https://video-bom2-4.xx.fbcdn.net/o1/v/t2/f2/m86/AQMJRMe7MFs8BPNwGg71T3Jh9QnV2XMc8FFnuYWnBakrd4VB5dU7WVX25RHQvrG2Z80silMZXsobxeHMVQICzU-LavTDHmOEgiVHU0U.mp4?_nc_cat=106&_nc_sid=b66105&_nc_ht=video-bom2-4.xx.fbcdn.net&_nc_ohc=I5ISW9hq4gMQ7kNvwECm_ZJ&efg=eyJ2ZW5jb2RlX3RhZyI6Inhwdl9wcm9ncmVzc2l2ZS5WSV9VU0VDQVNFX1BST0RVQ1RfVFlQRS4uQzMuNzIwLmRhc2hfYmFzZWxpbmVfMV92MSIsInhwdl9hc3NldF9pZCI6ODU1NTE4MDYwOTcxNTMzLCJhc3NldF9hZ2VfZGF5cyI6MzYxLCJ2aV91c2VjYXNlX2lkIjoxMDA5OSwiZHVyYXRpb25fcyI6MjAsInVybGdlbl9zb3VyY2UiOiJ3d3cifQ%3D%3D&ccb=17-1&vs=4a63c1dcc3e12a7a&_nc_vs=HBksFQIYUmlnX3hwdl9yZWVsc19wZXJtYW5lbnRfc3JfcHJvZC9DQjRDRjA5MDgyNTJBREZFRTlCOUFCNjVGNkVFNkFCM192aWRlb19kYXNoaW5pdC5tcDQVAALIARIAFQIYR2lnX3hwdl9yZWVsc19wZXJtYW5lbnRfc3JfcHJvZC8zMDAzNjE5MzY5ODQwNzQ0XzUyMjU3MjYyNDIxOTY5NDExMjgubXA0FQICyAESACgAGAAbAogHdXNlX29pbAExEnByb2dyZXNzaXZlX3JlY2lwZQExFQAAJpqY_KHahYUDFQIoAkMzLBdANLMzMzMzMxgSZGFzaF9iYXNlbGluZV8xX3YxEQB1AGXmnQEA&_nc_gid=5uo2rwMWH6I-XtDdv39Wlw&_nc_ss=7b289&_nc_zt=28&oh=00_AQOKJDa03KHmAnrdqAEjscc7dImnwY3CA3tHwfHSa_6wJA&oe=6AC91EC7","IN","2026-10-08 07:23"
"mayben_bijuteri","111407361706828","1018207090437414","https://www.facebook.com/ads/library/?id=1018207090437414","Inactive","Stopped","","2025-11-01","2025-11-04","3","","","","","INR","1","","","","","","","","","","VIDEO","","","instagram","VIEW_INSTAGRAM_PROFILE","","","","","English","","","","","","","","","","","Facebook / Instagram","instagram.com/mayben_bijuteri","","🛍️Satışlarımız Toptandır 📱 Bilgi ve Sipariş İçin 05422639124📞 🔺Fotoğraflar kendi çekimimiz olup izinsiz kullanılamaz❗ #küpe #bayanaksesuar #toptanbijuteri #womenaccessories #takı #bijuteri #fashion #fashionstyle #accessories #butik #kolye #bileklik #halhal #eminönü #taktakıştır #yüzük #moda #hediye #follow4follow #jewellery #likeforlikes #izmir #bodrum #muğla #marmaris #takı #xuping #ysx #istanbul #atmacaişmerkezi 🇹🇷","http://instagram.com/mayben_bijuteri","instagram.com","https://video-bom5-1.xx.fbcdn.net/o1/v/t2/f2/m86/AQOZwLJjvmItiqs2G6_9ywvZeCjnbQvPtOckl69TeiO4rEt5eGJjcNK0Jg0Zt6cSqQZPr9Vgo-8EFoYpGNrFsQcy_TFS76rfaMmEc3o.mp4?_nc_cat=111&_nc_sid=b66105&_nc_ht=video-bom5-1.xx.fbcdn.net&_nc_ohc=ptHieWaFvckQ7kNvwGUizKp&efg=eyJ2ZW5jb2RlX3RhZyI6Inhwdl9wcm9ncmVzc2l2ZS5WSV9VU0VDQVNFX1BST0RVQ1RfVFlQRS4uQzMuMzYwLmRhc2hfYmFzZWxpbmVfM192MSIsInhwdl9hc3NldF9pZCI6MTIwMjc0NTE0MTkxNzAzNiwiYXNzZXRfYWdlX2RheXMiOjM0MSwidmlfdXNlY2FzZV9pZCI6MTAwOTksImR1cmF0aW9uX3MiOjQzLCJ1cmxnZW5fc291cmNlIjoid3d3In0%3D&ccb=17-1&vs=c7d1640c62bae8f2&_nc_vs=HBksFQIYUmlnX3hwdl9yZWVsc19wZXJtYW5lbnRfc3JfcHJvZC83QTQ2MkNDQzhEMUVBREE4OTYyNDE1M0Q0MUQxRUVBQ192aWRlb19kYXNoaW5pdC5tcDQVAALIARIAFQIYR2lnX3hwdl9yZWVsc19wZXJtYW5lbnRfc3JfcHJvZC8yNDI5OTQ5NjA0MDg3NDA2XzUxOTMzNTc3MzY4MzY1ODI1NjEubXA0FQICyAESACgAGAAbAogHdXNlX29pbAExEnByb2dyZXNzaXZlX3JlY2lwZQExFQAAJtjVg8_9-KIEFQIoAkMzLBdARZaHKwIMShgSZGFzaF9iYXNlbGluZV8zX3YxEQB1AGXmnQEA&_nc_gid=OnlzgMmyU2ZwX05oqu1kYA&_nc_ss=7b289&_nc_zt=28&oh=00_AQNyGb0CYUxvnECIMCTjvJ9awuVF3y3z4gMki54kCDJaAw&oe=6AC92A88","IN","2026-10-08 07:23"
"SRK GEMS","105526717983283","824787120251711","https://www.facebook.com/ads/library/?id=824787120251711","Inactive","Stopped, Scaled ×2","","2025-10-22","2025-11-04","13","","","","","INR","2","","","","","","","","","","VIDEO","","","facebook, instagram","VIEW_INSTAGRAM_PROFILE","","","","Discount / offer; Premium / quality","English","","","","","","","","","","","Facebook / Instagram","instagram.com/srk_gems","","8 of the finest bubblegum pink Rubellite pieces. 133 carats! priced at a level unmatched in today’s market. Invest now, because this gem’s value is only set to soar higher. #rubellite #pinkrubellite #bubblegumpink #rubellitegemstone #finestgems #naturalrubellite #gemstonesupplier #gemstonesourcing #gemstonedealer #gemstonetrader #gemwholesaler #gemstoneexporter #gemmanufacturer #gemstonebusiness #gemstonesales #b2bgemtrade","http://instagram.com/srk_gems","instagram.com","https://video-bom5-1.xx.fbcdn.net/o1/v/t2/f2/m86/AQME6OD7-9_2QpqK0WWThw1CArat5--aizVjoRSu25t262ptFoCH33ppOGkI2OA158IJ5fPY6lpwO9dNMj8n_5mQEKIp86it-4YujpU.mp4?_nc_cat=109&_nc_sid=b66105&_nc_ht=video-bom5-1.xx.fbcdn.net&_nc_ohc=IDRb_qNrRdEQ7kNvwGzapPm&efg=eyJ2ZW5jb2RlX3RhZyI6Inhwdl9wcm9ncmVzc2l2ZS5WSV9VU0VDQVNFX1BST0RVQ1RfVFlQRS4uQzMuNzIwLmRhc2hfYmFzZWxpbmVfMV92MSIsInhwdl9hc3NldF9pZCI6ODM4NjU4MTQ1Mzk1NDQwLCJhc3NldF9hZ2VfZGF5cyI6MzU3LCJ2aV91c2VjYXNlX2lkIjoxMDA5OSwiZHVyYXRpb25fcyI6NjUsInVybGdlbl9zb3VyY2UiOiJ3d3cifQ%3D%3D&ccb=17-1&vs=410947c3e685ea11&_nc_vs=HBksFQIYUmlnX3hwdl9yZWVsc19wZXJtYW5lbnRfc3JfcHJvZC83NTRGRTgzODM5MTNFOTdEMTc4NjYxMUI1QUJGNURCQV92aWRlb19kYXNoaW5pdC5tcDQVAALIARIAFQIYR2lnX3hwdl9yZWVsc19wZXJtYW5lbnRfc3JfcHJvZC8xMzMxNzU0NTc1NDEwNTMyXzYzMzYxMDI3Mjc4MjA0MDkyMDQubXA0FQICyAESACgAGAAbAogHdXNlX29pbAExEnByb2dyZXNzaXZlX3JlY2lwZQExFQAAJuCLwY2qsP0CFQIoAkMzLBdAUE7peNT99BgSZGFzaF9iYXNlbGluZV8xX3YxEQB1AGXmnQEA&_nc_gid=ARFHcQW21dSW-6unnm2Z3w&_nc_ss=7b289&_nc_zt=28&oh=00_AQOMP4TVeBj0IDTjkoxIBrLq05zY66qNq1O_nvzdFs-PGQ&oe=6AC913FE","IN","2026-10-08 07:23"
"piyusharora.1","329228270266034","4182746938676678","https://www.facebook.com/ads/library/?id=4182746938676678","Inactive","Stopped","","2025-10-08","2025-10-14","6","","","","","INR","1","","","","","","","","","","VIDEO","","","instagram","VIEW_INSTAGRAM_PROFILE","","","","","English","","","","","","","","","","","Facebook / Instagram","instagram.com/piyusharora.1","","#standupcomedy #funny #comedy #explore #explorepage #trendingreels #foryoupage #viralreels #instaview","http://instagram.com/piyusharora.1","instagram.com","https://video-bom2-4.xx.fbcdn.net/o1/v/t2/f2/m86/AQPYyJJ-lW5iDwgdEqRjkKGyiTM26memMY7IZL1qOZQ8WhH48I8OEBzNU5URaf6Jh3w6WI3fuMTDgCKtJ4CvxB6ZQ3NBljY_MJUITss.mp4?_nc_cat=106&_nc_sid=b66105&_nc_ht=video-bom2-4.xx.fbcdn.net&_nc_ohc=FSaYZ1kHG0gQ7kNvwGdVM1h&efg=eyJ2ZW5jb2RlX3RhZyI6Inhwdl9wcm9ncmVzc2l2ZS5WSV9VU0VDQVNFX1BST0RVQ1RfVFlQRS4uQzMuMzYwLmRhc2hfYmFzZWxpbmVfM192MSIsInhwdl9hc3NldF9pZCI6MjU3NzQ3Mjg1MjYyNzczOSwiYXNzZXRfYWdlX2RheXMiOjM2NCwidmlfdXNlY2FzZV9pZCI6MTAwOTksImR1cmF0aW9uX3MiOjQ4LCJ1cmxnZW5fc291cmNlIjoid3d3In0%3D&ccb=17-1&vs=c9aa9873a55677ea&_nc_vs=HBksFQIYUmlnX3hwdl9yZWVsc19wZXJtYW5lbnRfc3JfcHJvZC81NzQxNzg4MzBEMDVCNEJFMTBCMDFCMjc3RDVFRDBCNV92aWRlb19kYXNoaW5pdC5tcDQVAALIARIAFQIYR2lnX3hwdl9yZWVsc19wZXJtYW5lbnRfc3JfcHJvZC8xMTg2ODYxNTg5OTMzNzcxXzI2NDExMDQ4NTc5NTMyNDczMzIubXA0FQICyAESACgAGAAbAogHdXNlX29pbAExEnByb2dyZXNzaXZlX3JlY2lwZQExFQAAJrbE5JzVjJQJFQIoAkMzLBdASA9cKPXCjxgSZGFzaF9iYXNlbGluZV8zX3YxEQB1AGXmnQEA&_nc_gid=QP1QW-IjamFU-I1smpqapg&_nc_ss=7b289&_nc_zt=28&oh=00_AQNecmFYslZF8xxVoTujVWapr4ZXpNz8vPgiGJlvABykLA&oe=6AC90617","IN","2026-10-08 07:23"
"Mannath","148170048563988","1423237742107235","https://www.facebook.com/ads/library/?id=1423237742107235","Inactive","Stopped","","2025-10-02","2025-11-15","44","","","","","INR","1","","","","","","","","","","VIDEO","","","facebook, instagram, audience_network, messenger, threads","SHOP_NOW","Code HM0531","2950","","","English","","","","","","","","","","","Product page","houseofmannath.com/products/semi-silk-saree-with-elephant-motif-border","Rs. 2,950","📌BOOK NOW Search code : HM0531 📌Shop link 🔗 https://houseofmannath.com/products/semi-silk-saree-with-elephant-motif-border 📌SHIPPING IN -40 working days STORE LOCATION 📍👇 Kochi- Lulumall  Kochi - Geetanjali jn, Vytilla bypass #newcollection #kochi #onlineshopping #newdesign #bestboutiquesinkochi","https://houseofmannath.com/products/semi-silk-saree-with-elephant-motif-border","houseofmannath.com","https://video-bom5-2.xx.fbcdn.net/o1/v/t2/f2/m366/AQMdoyzwHgwd93-ab1299fl8QAAJ0vNbtZpjAq4v1vuHIv1by8BK4Jd395JjAOxmW456pbffMCdU6UFdA3CpfWKZ3Y31TGzK3zk237239UeAKg.mp4?_nc_cat=104&_nc_sid=b66105&_nc_ht=video-bom5-2.xx.fbcdn.net&_nc_ohc=j-IhXRU5KkoQ7kNvwEKQVAW&efg=eyJ2ZW5jb2RlX3RhZyI6Inhwdl9wcm9ncmVzc2l2ZS5WSV9VU0VDQVNFX1BST0RVQ1RfVFlQRS4uQzMuNzIwLmRhc2hfaDI2NC1iYXNpYy1nZW4yXzcyMHAiLCJ4cHZfYXNzZXRfaWQiOjE0NjgwNTU0OTQ0MjIyNDMsImFzc2V0X2FnZV9kYXlzIjozNzAsInZpX3VzZWNhc2VfaWQiOjEwNzk5LCJkdXJhdGlvbl9zIjo4OSwidXJsZ2VuX3NvdXJjZSI6Ind3dyJ9&ccb=17-1&vs=9321e1b8a0cc64ef&_nc_vs=HBksFQIYRWZiX2VwaGVtZXJhbC9FRTQ1NEM1OEMzNTczM0Q0RUIzMjFDREI3NTNENzM5Ml9tdF8xX3ZpZGVvX2Rhc2hpbml0Lm1wNBUAAsgBEgAVAhhAZmJfcGVybWFuZW50L0M2NEVGOTRFNjUyODg5RkVENTlEQzBCODIxNEVCNkFEX2F1ZGlvX2Rhc2hpbml0Lm1wNBUCAsgBEgAoABgAGwKIB3VzZV9vaWwBMRJwcm9ncmVzc2l2ZV9yZWNpcGUBMRUAACbGu4vkicybBRUCKAJDMywXQFZzEm6XjVAYGWRhc2hfaDI2NC1iYXNpYy1nZW4yXzcyMHARAHUAZd6oAQA&_nc_gid=QP1QW-IjamFU-I1smpqapg&_nc_ss=7b289&_nc_zt=28&oh=00_AQOSCqIag_-kL00r8JTEw8_WEacJi4idb_YWkDM9KgMeEw&oe=6ACD1A08","IN","2026-10-08 07:23"
"En Stories Photography","420865751100660","1317190480107151","https://www.facebook.com/ads/library/?id=1317190480107151","Inactive","Stopped, Scaled ×2","","2025-10-08","2025-10-15","7","","","","","INR","2","","","","","","","","","","VIDEO","","","instagram","VIEW_INSTAGRAM_PROFILE","","","","Premium / quality; Creator / UGC","English","","","","","","","","","","","Facebook / Instagram","instagram.com/en_stories_production","","Every masterpiece from @emmadi_silver_jewellery_usa glows with elegance, crafted to catch light, tell stories and adorn confidence. Each piece is more than jewelry; it’s emotion sculpted in silver, radiating beauty from every angle. 💃: @swathinerella @sridevigrandhi1  💄: @sammy_beauty_studio  👗: @brandrbyrama  💎: @emmadi_silver_jewellery_usa  🎥: @en_stories_production  The harmony between @swathinerella & @sridevigrandhi1 brought the beauty to life, each move, each expression flowing with effortless connection. For me, shaping those moments and refining every emotion and expression is like tuning a musical instrument. Every frame resonating in perfect rhythm.  The depth and beauty of Lahu Munh Lag Gaya truly elevated this reel- a masterpiece crafted by Sanjay Leela Bhansali, and mesmerizing performances of Deepika Padukone and Ranveer Singh. Captured through the Canon R5 Mark II, with the 85mm f/1.4 and RF 28–70mm f/2, where color, detail, and depth come together to create this magic, proving why #canon remains a top choice for cinematic work. Always delighting me ❤️","http://instagram.com/en_stories_production","instagram.com","https://video-bom5-1.xx.fbcdn.net/o1/v/t2/f2/m86/AQMBswHzbxt3nF_7QC0bzQWQ49nRj-yHOTZTV7sDZ4rDBezdebrurcdZWTSraXVLYXpFFUj08vrcfPBxVCu4YhvBlBx9UZqsGcKuh_Q.mp4?_nc_cat=111&_nc_sid=b66105&_nc_ht=video-bom5-1.xx.fbcdn.net&_nc_ohc=o9HoHDNv-84Q7kNvwFNqJV2&efg=eyJ2ZW5jb2RlX3RhZyI6Inhwdl9wcm9ncmVzc2l2ZS5WSV9VU0VDQVNFX1BST0RVQ1RfVFlQRS4uQzMuNzIwLmRhc2hfYmFzZWxpbmVfMV92MSIsInhwdl9hc3NldF9pZCI6MTE3OTY1NTcwNDAwNTY0MSwiYXNzZXRfYWdlX2RheXMiOjM2NywidmlfdXNlY2FzZV9pZCI6MTAwOTksImR1cmF0aW9uX3MiOjUwLCJ1cmxnZW5fc291cmNlIjoid3d3In0%3D&ccb=17-1&vs=322f599d1fd9114&_nc_vs=HBksFQIYUmlnX3hwdl9yZWVsc19wZXJtYW5lbnRfc3JfcHJvZC83RjRDNzgxQkNEQjE2MjU4OEQ1QzRDRDQ4Q0ZEQTE4RF92aWRlb19kYXNoaW5pdC5tcDQVAALIARIAFQIYR2lnX3hwdl9yZWVsc19wZXJtYW5lbnRfc3JfcHJvZC8xMjUxMjA0MDUzNDQ0MTE1XzUxMTU0NjYxMDAyMTk4NTQwNzcubXA0FQICyAESACgAGAAbAogHdXNlX29pbAExEnByb2dyZXNzaXZlX3JlY2lwZQExFQAAJpKwjvP_uJgEFQIoAkMzLBdASTmZmZmZmhgSZGFzaF9iYXNlbGluZV8xX3YxEQB1AGXmnQEA&_nc_gid=QP1QW-IjamFU-I1smpqapg&_nc_ss=7b289&_nc_zt=28&oh=00_AQOikFqXoKx0mM3I8FnK2BAfUsZb0O-5CSs2qKQw6Q2w1A&oe=6AC933F0","IN","2026-10-08 07:23"
"Bóhdan Diamonds","583806351481338","3213782368797239","https://www.facebook.com/ads/library/?id=3213782368797239","Inactive","Stopped","","2025-10-30","2025-11-02","3","","","","","INR","1","","","","","","","","","","VIDEO","","","facebook, instagram, threads","LEARN_MORE","","","","Premium / quality","English","","","","","","","","","","","Homepage","bohdandiamonds.com","Not Loud, But Lasting","At BÓHDAN, we believe in quiet confidence, slow design, and considered luxury. Our jewellery doesn’t shout — it stays with you.","https://www.bohdandiamonds.com/","www.bohdandiamonds.com","https://video-bom5-1.xx.fbcdn.net/o1/v/t2/f2/m412/AQNZJJv1Ude0am1E7_vl1PYjX_VnztN4bkLUC7L9iO6wE64JAcUz52-9PHR62YIN23N_c4fz5vdBYDlYgsUpNW0fdjHOuxZ8xvLljix04A.mp4?_nc_cat=110&_nc_sid=ef5aa3&_nc_ht=video-bom5-1.xx.fbcdn.net&_nc_ohc=hk7ENevG9wwQ7kNvwFtVSKZ&efg=eyJ2ZW5jb2RlX3RhZyI6Inhwdl9wcm9ncmVzc2l2ZS5WSV9VU0VDQVNFX1BST0RVQ1RfVFlQRS4uQzMuMzYwLnN2ZV9zZCIsInhwdl9hc3NldF9pZCI6ODA4OTE2MTk4NDAyMDA4LCJhc3NldF9hZ2VfZGF5cyI6MzQzLCJ2aV91c2VjYXNlX2lkIjoxMDc5OSwiZHVyYXRpb25fcyI6MTgsInVybGdlbl9zb3VyY2UiOiJ3d3cifQ%3D%3D&ccb=17-1&_nc_gid=QP1QW-IjamFU-I1smpqapg&_nc_ss=7b289&_nc_zt=28&oh=00_AQMVyei2obCbt7MER7Wt5iZFXY_a383PE337lLLCVmEl9A&oe=6ACCF3AC","IN","2026-10-08 07:23"
"Saudamini Handloom","186670191761029","825417817099701","https://www.facebook.com/ads/library/?id=825417817099701","Inactive","Stopped","","2025-10-24","2025-11-01","8","","","","","INR","1","","","","","","","","","","VIDEO","","","facebook, instagram","VIEW_INSTAGRAM_PROFILE","","","","Creator / UGC","English","","","","","","","","","","","Facebook / Instagram","instagram.com/saudamini_handloom","","Woven in real zari, this collection is a trousseau of handloom masterpieces. Each piece woven with rich craftsmanship is a product of exclusive research and museum pieces that define the handloom heritage of Bharat.  This collection is a bride’s dream come true🌸 Jewellery @pngadgilandsons Muse @kuhoo_paranjape Makeup @nishant_tapkir_makeup  Saree Drape @draping_tejas  Look Design and Creative Direction @amru_tak #iwearhandloom #handloom #handwoven #paithani #saree #sareenotsorry #revival #makeinindia #reelsinstagram #reels #trending #trend #viralreels #vintage","http://instagram.com/saudamini_handloom","instagram.com","https://video-bom5-1.xx.fbcdn.net/o1/v/t2/f2/m86/AQOV3jvHXW8OkPOKoSaSBYgoiOk6T9zS4JgGePuZDbULMOMsaqrqjvNcGqQS4lZRGlqz3VdPAomppqxxk873QVQDwpaI2YoUOLZbNVE.mp4?_nc_cat=109&_nc_sid=b66105&_nc_ht=video-bom5-1.xx.fbcdn.net&_nc_ohc=iBStOW2mXmsQ7kNvwHJm4T5&efg=eyJ2ZW5jb2RlX3RhZyI6Inhwdl9wcm9ncmVzc2l2ZS5WSV9VU0VDQVNFX1BST0RVQ1RfVFlQRS4uQzMuMzYwLmRhc2hfYmFzZWxpbmVfM192MSIsInhwdl9hc3NldF9pZCI6MTExMjU5NzkyMDgwOTMzMSwiYXNzZXRfYWdlX2RheXMiOjQxOCwidmlfdXNlY2FzZV9pZCI6MTAwOTksImR1cmF0aW9uX3MiOjI4LCJ1cmxnZW5fc291cmNlIjoid3d3In0%3D&ccb=17-1&vs=7a7a8549f45a9875&_nc_vs=HBksFQIYUmlnX3hwdl9yZWVsc19wZXJtYW5lbnRfc3JfcHJvZC9GQjQ3NTZGQzU2NzExNkIzNUQ2RDVGRjc2QjI5NDlCRV92aWRlb19kYXNoaW5pdC5tcDQVAALIARIAFQIYRmlnX3hwdl9yZWVsc19wZXJtYW5lbnRfc3JfcHJvZC8yMjI5NDMxMDUwODM0ODgwXzU4NTk2MjI4NTA0NzY2OTE1My5tcDQVAgLIARIAKAAYABsCiAd1c2Vfb2lsATEScHJvZ3Jlc3NpdmVfcmVjaXBlATEVAAAm5oXIvdz5-QMVAigCQzMsF0A8btkWhysCGBJkYXNoX2Jhc2VsaW5lXzNfdjERAHUAZeadAQA&_nc_gid=BHsobHr2eoO9oqV2po7Z9A&_nc_ss=7b289&_nc_zt=28&oh=00_AQMrKBIu-4ypk0hhqPW9alE0i-ezqnhgAYtVW0BCCcL3dQ&oe=6AC91F56","IN","2026-10-08 07:23"
"c_rocus","109710711769617","1013592170899095","https://www.facebook.com/ads/library/?id=1013592170899095","Inactive","Stopped","","2025-10-26","2025-10-29","3","","","","","INR","1","","","","","","","","","","CAROUSEL","4","","instagram","VIEW_INSTAGRAM_PROFILE","","","","Premium / quality","English","","","","","","","","","","","Facebook / Instagram","instagram.com/c_rocus","","Lady Axadiata on diamonds 💍 💎💍💎 #axadiata #diamonds #jewellery #custommade #beyourself #shine #diamondsareagirlsbestfriend #luxury","http://instagram.com/c_rocus","instagram.com","https://scontent-bom5-2.xx.fbcdn.net/v/t39.35426-6/572847124_1459955788633003_1884601207082627282_n.jpg?_nc_cat=108&ccb=1-7&_nc_sid=c53f8f&_nc_ohc=kZUkntriRtIQ7kNvwFjVAe-&_nc_oc=AdqETUsGiZuWdgi7nl_rRYvXLumAeFVHFXISpfgAhL1roGqsIRadtdleUmNX1WWlGZ4&_nc_zt=14&_nc_ht=scontent-bom5-2.xx&_nc_gid=BHsobHr2eoO9oqV2po7Z9A&_nc_ss=7b289&oh=00_AQMpgziaZ9CYURTHx3CBG42C7flkGC4PPdmprt2P2IOKGQ&oe=6ACD25F5","IN","2026-10-08 07:23"
"The Jewellery Treasure","722702024262852","1.21306E+15","https://www.facebook.com/ads/library/?id=1213063203993780","Inactive","Stopped","","2025-10-16","2025-10-31","15","","","","","INR","1","","","","","","","","","","CAROUSEL","2","","facebook, instagram","VIEW_INSTAGRAM_PROFILE","","","Diwali; Festive season; Wedding season","Seasonal / festive","English","","","","","","","","","","","Facebook / Instagram","instagram.com/thejewellerytreasure_2024","The Jewellery Treasure","Where brilliance meets blue — timeless elegance redefined. #earring #sapphire #diamond #beauty #elegant #design #designer #procreate #freelancer #party #festive #2025 #designoftheday #dubai #mumbai #delhi #jaipur #diwali #weddingseason #season","http://instagram.com/thejewellerytreasure_2024","instagram.com","https://scontent-bom2-3.xx.fbcdn.net/v/t39.35426-6/565211163_798711459612143_2499056049119582326_n.jpg?_nc_cat=103&ccb=1-7&_nc_sid=c53f8f&_nc_ohc=7sWZHdhdreIQ7kNvwGGkeMB&_nc_oc=AdpmNIFUJs5hMhOn_UAOjJmPNd_FuqQHv9hcwdI-Kk4tXYpbsGJX2WeYFzkwzGd7Avg&_nc_zt=14&_nc_ht=scontent-bom2-3.xx&_nc_gid=w1f5ztsA2Av-VwdFXyccBQ&_nc_ss=7b289&oh=00_AQP2CBwfw7OKEviQ-IIm5CRGWBwDVo9HKcLZMYM5uWKhTQ&oe=6ACD0AC5","IN","2026-10-08 07:23"
"FRANCE 24 English","176585044433","663858243239749","https://www.facebook.com/ads/library/?id=663858243239749","Inactive","Stopped","","2025-10-27","2025-11-01","5","","","","","INR","1","","","","","","","","","","IMAGE","","","facebook","LEARN_MORE","","","","","English","","","","","","","","","","","Other page","france24.com/en/live-news","Two suspects arrested over Louvre museum jewellery heist","Suspects arrested over Louvre museum jewellery heist","https://www.france24.com/en/live-news/20251026-two-arrested-over-louvre-museum-heist-sources-close-to-the-investigation-say","france24.com","https://scontent-bom5-1.xx.fbcdn.net/v/t39.35426-6/572809202_673158839189700_6445682681249172708_n.jpg?_nc_cat=111&ccb=1-7&_nc_sid=c53f8f&_nc_ohc=X1TFTMyngRAQ7kNvwGYdTli&_nc_oc=Adqicb94cBhevJDdxiq-CXJSQAvy8DXq_H4Fi9yFz8d_cn6y8JoxZk_tu4bTsguhKjU&_nc_zt=14&_nc_ht=scontent-bom5-1.xx&_nc_gid=DF2l5jpKwRCOd9lzymso4Q&_nc_ss=7b289&oh=00_AQMHSb1MZsmrsq5o3aJYgzK0CjZFgaHjx_sXXSTB1M5L6Q&oe=6ACD04E0","IN","2026-10-08 07:23"
"sudarshanjewellers_","462235506972051","754615307608478","https://www.facebook.com/ads/library/?id=754615307608478","Inactive","Stopped","","2025-10-30","2026-01-02","64","","","","","INR","1","","","","","","","","","","VIDEO","","","facebook, instagram, audience_network, messenger","VIEW_INSTAGRAM_PROFILE","","","","","English","","","","","","","","","","","Facebook / Instagram","instagram.com/sudarshanjewellers_","","Our Desi Aad captures the essence of tradition in every detail. Adorn yourself in timeless beauty. 🌿✨ .  .  .  .  .  #goldjewellery #goldjewelry #jodhpur #jewellery #diamond#gold #chains #rings #viral #typography","http://instagram.com/sudarshanjewellers_","instagram.com","https://video-bom2-4.xx.fbcdn.net/o1/v/t2/f2/m412/AQN8D1b0tExv2Ri1fe_Xdz8U2UycWt-gcaZv2BqI_shKp0B-F5HTiSY9Vxf4PbBlUqwiOD14aa4yDTFNGjhwo5CX.mp4?_nc_cat=107&_nc_sid=ef5aa3&_nc_ht=video-bom2-4.xx.fbcdn.net&_nc_ohc=AIIOTBZelCgQ7kNvwH2aZ_G&efg=eyJ2ZW5jb2RlX3RhZyI6Inhwdl9wcm9ncmVzc2l2ZS5WSV9VU0VDQVNFX1BST0RVQ1RfVFlQRS4uQzMuNzIwLmFzaWNfaHEyX2hkX3Byb2dyZXNzaXZlIiwieHB2X2Fzc2V0X2lkIjoxMjM1MDAyNzQ4MDk5MzM4LCJhc3NldF9hZ2VfZGF5cyI6NDM0LCJ2aV91c2VjYXNlX2lkIjoxMDY4MCwiZHVyYXRpb25fcyI6MTIsInVybGdlbl9zb3VyY2UiOiJ3d3cifQ%3D%3D&ccb=17-1&_nc_gid=DF2l5jpKwRCOd9lzymso4Q&_nc_ss=7b289&_nc_zt=28&oh=00_AQN1gOr9ZjHuNNS6sM1lGc3RY57b7Jd141z-uCYJl1RBpw&oe=6ACD23A0","IN","2026-10-08 07:23"
"nicky_sanghera","112630977865149","449499491159713","https://www.facebook.com/ads/library/?id=449499491159713","Inactive","Stopped, Scaled ×2","","2024-04-28","2025-10-27","547","","","","","INR","2","","","","","","","","","","VIDEO","","","instagram","VIEW_INSTAGRAM_PROFILE","","","","","English","","","","","","","","","","","Facebook / Instagram","instagram.com/nicky_sanghera","","Old memories#Msuniverse2014#punjabistatus#pollywood#bollywood#proundindian#punjabisongs#punjabimodel 🇮🇳🏴󠁧󠁢󠁳󠁣󠁴󠁿🇬🇧","http://instagram.com/nicky_sanghera","instagram.com","https://video-bom5-2.xx.fbcdn.net/o1/v/t2/f2/m412/AQM8cMwxzGauF66ZsXW5iZ5zYA9vXwN3AvpvESaqMdk47fsgrukusc1A0FKzXfJGBUnLwvgeObh0HuoaQAl-FbY.mp4?_nc_cat=104&_nc_sid=ef5aa3&_nc_ht=video-bom5-2.xx.fbcdn.net&_nc_ohc=0SwBKQT-MhQQ7kNvwEoSYjI&efg=eyJ2ZW5jb2RlX3RhZyI6Inhwdl9wcm9ncmVzc2l2ZS5WSV9VU0VDQVNFX1BST0RVQ1RfVFlQRS4uQzMuNzIwLmFzaWNfaHEyX2hkX3Byb2dyZXNzaXZlIiwieHB2X2Fzc2V0X2lkIjoxNDUwODYzNjAzNDQ4MjAyLCJhc3NldF9hZ2VfZGF5cyI6MjA2LCJ2aV91c2VjYXNlX2lkIjoxMDY4MCwiZHVyYXRpb25fcyI6MzEsInVybGdlbl9zb3VyY2UiOiJ3d3cifQ%3D%3D&ccb=17-1&_nc_gid=hawDgmTupeFtCmavLWE9HQ&_nc_ss=7b289&_nc_zt=28&oh=00_AQPBElkSLAOU5aBd3rD-pU7STApafHIYvQl1T1foejF-Qg&oe=6ACD0B36","IN","2026-10-08 07:23"
"Luke Rose Jewellery","356011851157992","24336742222654968","https://www.facebook.com/ads/library/?id=24336742222654968","Inactive","Stopped","","2025-09-08","2025-12-10","93","","","","","INR","1","","","","","","","","","","VIDEO","","","facebook, instagram","VIEW_INSTAGRAM_PROFILE","","","","Creator / UGC","English","","","","","","","","","","","Facebook / Instagram","instagram.com/luke_rose_jewellery","","Luke's a huge fan of the UK band The @sugababes ,so we're so excited to be making the gorgeous @mutyabuena one of our popular solid gold ME & MY Abacus necklaces. . . . #sydneyjeweller #sugababes #jewelleryblogger #mutyabuena  #australianjewellery #jewelryobsessed","http://instagram.com/luke_rose_jewellery","instagram.com","https://video-bom5-1.xx.fbcdn.net/o1/v/t2/f2/m86/AQOK8dQG7Z_xb69CQ-9E8Xp60_fyNareHvFsGqd_y604K_sRlxdhP3jdiHfQpsTAyWnJdF2wGXVGlvMqlvPNW-W7u0hYqIWFVl7FY7M.mp4?_nc_cat=110&_nc_sid=b66105&_nc_ht=video-bom5-1.xx.fbcdn.net&_nc_ohc=uqIQL8YTfUcQ7kNvwFeQTxz&efg=eyJ2ZW5jb2RlX3RhZyI6Inhwdl9wcm9ncmVzc2l2ZS5WSV9VU0VDQVNFX1BST0RVQ1RfVFlQRS4uQzMuNzIwLmRhc2hfYmFzZWxpbmVfMV92MSIsInhwdl9hc3NldF9pZCI6MTE0ODQ0ODg4MDQ5ODA1MiwiYXNzZXRfYWdlX2RheXMiOjM5OSwidmlfdXNlY2FzZV9pZCI6MTAwOTksImR1cmF0aW9uX3MiOjE1LCJ1cmxnZW5fc291cmNlIjoid3d3In0%3D&ccb=17-1&vs=c87720a016a7bd24&_nc_vs=HBksFQIYUmlnX3hwdl9yZWVsc19wZXJtYW5lbnRfc3JfcHJvZC85MjQwMDM4OUFDMTMxNEI2NjJGM0JCREJBNDg1RTY5Ml92aWRlb19kYXNoaW5pdC5tcDQVAALIARIAFQIYR2lnX3hwdl9yZWVsc19wZXJtYW5lbnRfc3JfcHJvZC8yMTMzMjQxODU3MjA0MDMyXzU2NDk2NzM1MDk5NzkyMjE5ODMubXA0FQICyAESACgAGAAbAogHdXNlX29pbAExEnByb2dyZXNzaXZlX3JlY2lwZQExFQAAJojWhPnCoIoEFQIoAkMzLBdALwAAAAAAABgSZGFzaF9iYXNlbGluZV8xX3YxEQB1AGXmnQEA&_nc_gid=hawDgmTupeFtCmavLWE9HQ&_nc_ss=7b289&_nc_zt=28&oh=00_AQNMXUcfx9q9yfcv8Lo0jphhR_2y0fFH98WrUcjj3hk4jg&oe=6AC90FC7","IN","2026-10-08 07:23"
"Foshan Yanyi Jewelry-Lisa","716105948253649","2489507394883099","https://www.facebook.com/ads/library/?id=2489507394883099","Inactive","Stopped","","2025-10-29","2025-10-31","2","","","","","INR","1","","","","","","","","","","VIDEO","","","instagram","VIEW_INSTAGRAM_PROFILE","","","","","English","","","","","","","","","","","Facebook / Instagram","instagram.com/stainlesssteeljewelry_lisa","","Earrings 💫💫💫✨✨✨✨🥰🥰🥰#stainless #stainless_steel #jewelry #stainless #stainlesssteeljewelry #jewelryshop #jewellery #stainlessteeljewelry #jewels #goldjewelry #earrings #earring #goldearring #18kgold","http://instagram.com/stainlesssteeljewelry_lisa","instagram.com","https://video-bom5-1.xx.fbcdn.net/o1/v/t2/f2/m86/AQMRwYf6C2RZOcl_KHxErM11gfgy8M9ZA_BpPRkrzEqVqyGEKuUGOXZEeCQaTpHZ45Hv1JbhRYq-kD1tMU7nlHf2Rm4uJ03IL_P2t0k.mp4?_nc_cat=110&_nc_sid=b66105&_nc_ht=video-bom5-1.xx.fbcdn.net&_nc_ohc=E6PyY0u_CFwQ7kNvwHDuzK6&efg=eyJ2ZW5jb2RlX3RhZyI6Inhwdl9wcm9ncmVzc2l2ZS5WSV9VU0VDQVNFX1BST0RVQ1RfVFlQRS4uQzMuMzYwLmRhc2hfYmFzZWxpbmVfM192MSIsInhwdl9hc3NldF9pZCI6ODA1MzA0MDc5MDg2MTMxLCJhc3NldF9hZ2VfZGF5cyI6MzQ0LCJ2aV91c2VjYXNlX2lkIjoxMDA5OSwiZHVyYXRpb25fcyI6MTgsInVybGdlbl9zb3VyY2UiOiJ3d3cifQ%3D%3D&ccb=17-1&vs=9dbb6087a8f33039&_nc_vs=HBksFQIYUmlnX3hwdl9yZWVsc19wZXJtYW5lbnRfc3JfcHJvZC81RTQ4QUU0RUJEQzZFOTg2NjlDNkMyODQxMTA3QzI5OF92aWRlb19kYXNoaW5pdC5tcDQVAALIARIAFQIYR2lnX3hwdl9yZWVsc19wZXJtYW5lbnRfc3JfcHJvZC8xMzYzNTU4ODQxNzg2NDYyXzM0MjI5Nzg3ODYzODE0MTQ2NzEubXA0FQICyAESACgAGAAbAogHdXNlX29pbAExEnByb2dyZXNzaXZlX3JlY2lwZQExFQAAJubIj_numu4CFQIoAkMzLBdAMpU_fO2RaBgSZGFzaF9iYXNlbGluZV8zX3YxEQB1AGXmnQEA&_nc_gid=hawDgmTupeFtCmavLWE9HQ&_nc_ss=7b289&_nc_zt=28&oh=00_AQOzc_n31wnLTRlRkmF3RTlQ1eY0ooq2pVYpv-KxptSCVg&oe=6AC92C07","IN","2026-10-08 07:23"
"PALM EXPO Jewellery Hub","","913111830304802","https://www.facebook.com/ads/library/?id=913111830304802","Inactive","Stopped","","2024-01-18","2026-10-04","989","","","","","INR","1","","","","","","","","","","CAROUSEL","5","","instagram","VIEW_INSTAGRAM_PROFILE","Sale","","Christmas / New Year","Discount / offer","English","","","","","","","","","","","Facebook / Instagram","instagram.com/palm_expo_jewelry_hub","","🔹Another design in unisex bands with Nepali Mandala Chant🔹   Product description: 🔹Base: Copper, 🔹Adjustable ring holder🌟 Standard size of the ring: 21.23 mm diameter. Swipe to see more🩵 For any queries message us directly :) °°°°°°°°°°°°°°°°°°°°°°°°°°°°°°°°°°°°°°°°°°°°°°°°°°°°°°°°°°°° °°°°°°°°°°°°°°°°°°°°°°°°°°°°°°°°°°°°°°°°°°°°°°°°°°°°°°°°°°°° . . . . . . . . . . . . . . . . . . . . . . . . . . . . . . [Seo, seo friendly, insta algorithm, 2024, January, Unisex Bands, Unisex, Unisex Rings, Rings, Oxidised Rings, Oxidised Bands, Copper Bands, Copper Rings, German Silver Rings, Sale, Offers, Silverlookalike, Nepali Chants, Chants, Mandala Rings, Mandala Chants, Silver bands, Silver rings, Silver look rings, Insta Rings, Trendy Rings, German Silver, Oxidised Jewelry, Oxidised Jewellery, Copper Jewellery, Ring Collection, Silver look Ornaments, Lodhi special, Lodhi sale] . . . . . . . . . . . . . . . . . . . . . . . . . . . . #germansilver #rings #ring #oxidizedrings #oxidisedring #silverring #silverlookring #copperring #bands #unisexbands #unisexrings #unisex #sale #offer #etsy #smallbusiness #womeninbusiness #supportsmallbusiness #unisexjewelry #palmexpo #palmexpo2024 #newyear #2024","http://instagram.com/palm_expo_jewelry_hub","instagram.com","https://scontent-bom2-3.xx.fbcdn.net/v/t39.35426-6/420191774_1064437197943984_8497852344382403216_n.jpg?_nc_cat=101&ccb=1-7&_nc_sid=c53f8f&_nc_ohc=Ykhil0hCvkcQ7kNvwFfTFBy&_nc_oc=AdpUKPsIU8kpt2M1TOnMkocOtzI_BJ6SEtt_EAFNvcOntXRSc3c8EzQx4LRXznflxTc&_nc_zt=14&_nc_ht=scontent-bom2-3.xx&_nc_gid=hawDgmTupeFtCmavLWE9HQ&_nc_ss=7b289&oh=00_AQMikyN7RNEdZba4i4AucZNbV1JmhhNhZbiMi4xANqxrlQ&oe=6ACD047A","IN","2026-10-08 07:23"
"The Dhaare Jewellery","710745812124140","1966717077464978","https://www.facebook.com/ads/library/?id=1966717077464978","Inactive","Stopped","","2025-08-17","2025-10-08","52","","","","","INR","1","","","","","","","","","","VIDEO","","","facebook, instagram","VIEW_INSTAGRAM_PROFILE","","","","","English","","","","","","","","","","","Facebook / Instagram","instagram.com/thedhaare","","Traditional neck piece for your next event 😍 DM to know the price. #thedhaarejewels #traditionalneckpiece #neckpeice #traditionaljewellery #traditionaljewelry","http://instagram.com/thedhaare","instagram.com","https://video-bom2-3.xx.fbcdn.net/o1/v/t2/f2/m366/AQME18xWDX_7eK4irAEapcb5h-R5x7MdXqI2dChV81OcbtNJqlV8z-v2DrJou5206m0siOFSsk_dUuBwVRPhpCFtTdqCU419OcWzLuiIXg.mp4?_nc_cat=103&_nc_sid=ef5aa3&_nc_ht=video-bom2-3.xx.fbcdn.net&_nc_ohc=cE2BEubfITcQ7kNvwGtBefK&efg=eyJ2ZW5jb2RlX3RhZyI6Inhwdl9wcm9ncmVzc2l2ZS5WSV9VU0VDQVNFX1BST0RVQ1RfVFlQRS4uQzMuMzYwLnN2ZV9zZCIsInhwdl9hc3NldF9pZCI6NzQ3OTY5NjU4MDA2NjQwLCJhc3NldF9hZ2VfZGF5cyI6NDE2LCJ2aV91c2VjYXNlX2lkIjoxMDEyMiwiZHVyYXRpb25fcyI6MTMsInVybGdlbl9zb3VyY2UiOiJ3d3cifQ%3D%3D&ccb=17-1&_nc_gid=ABGsNorbcRSvVGofo2vDjQ&_nc_ss=7b289&_nc_zt=28&oh=00_AQMRJLiyYbWZ8nKovEQV9Koq2p9OAjyHICS-ZP2ZDtHK6w&oe=6ACD210F","IN","2026-10-08 07:23"
"Aqua Diamond & Jewels","","1417122582903942","https://www.facebook.com/ads/library/?id=1417122582903942","Inactive","Stopped","","2025-07-18","2025-10-13","87","","","","","INR","1","","","","","","","","","","VIDEO","","","facebook, instagram","INSTAGRAM_MESSAGE","","","","Seasonal / festive","English","","","","","","","","","","","Facebook / Instagram","instagram.com","","Our NRI client loved the collection we showed them on Video call for her wedding jewellery. 🌎✈️","https://www.instagram.com/","www.instagram.com","https://video-bom2-3.xx.fbcdn.net/o1/v/t2/f2/m367/AQPBu04DcgjObAcgEpc3GtX3xDTtdL1SNT-ah5MfSG3tgne3DRHGnS3JDpFkHT28LkBofeHPJuzgVXpO_3RfOXVmmyawFePQcp3J_kU.mp4?_nc_cat=103&_nc_sid=b66105&_nc_ht=video-bom2-3.xx.fbcdn.net&_nc_ohc=aLsS8W0uKWUQ7kNvwHUkTDH&efg=eyJ2ZW5jb2RlX3RhZyI6Inhwdl9wcm9ncmVzc2l2ZS5WSV9VU0VDQVNFX1BST0RVQ1RfVFlQRS4uQzMuNzIwLmRhc2hfYmFzZWxpbmVfMV92MSIsInhwdl9hc3NldF9pZCI6MTA0MjEwNTk1NzQ2NzA0MiwiYXNzZXRfYWdlX2RheXMiOjc2MiwidmlfdXNlY2FzZV9pZCI6MTAwOTksImR1cmF0aW9uX3MiOjIwLCJ1cmxnZW5fc291cmNlIjoid3d3In0%3D&ccb=17-1&vs=9cfaa210539400a6&_nc_vs=HBksFQIYQGlnX2VwaGVtZXJhbC9FRTQ1NDU2NTY2OTU3QTk5QkMxNEJFRTI2NzE4NUQ5RV92aWRlb19kYXNoaW5pdC5tcDQVAALIARIAFQIYRmlnX3hwdl9yZWVsc19wZXJtYW5lbnRfc3JfcHJvZC81Mjk5MjAzNDk0ODc0MTJfMzQwNzgwMzgyNDk4MjU5MTE5OC5tcDQVAgLIARIAKAAYABsCiAd1c2Vfb2lsATEScHJvZ3Jlc3NpdmVfcmVjaXBlATEVAAAmxI7Otsby2QMVAigCQzMsF0A0k3S8an76GBJkYXNoX2Jhc2VsaW5lXzFfdjERAHUAZeadAQA&_nc_gid=ABGsNorbcRSvVGofo2vDjQ&_nc_ss=7b289&_nc_zt=28&oh=00_AQMrFJXjdBALSLvdawx30UW1L7q_ra4Se1GIw--8olmnVA&oe=6ACD06A8","IN","2026-10-08 07:23"
"ishnaofficial","839133679280655","1142488594665926","https://www.facebook.com/ads/library/?id=1142488594665926","Inactive","Stopped","","2025-10-31","2025-11-04","4","","","","","INR","1","","","","","","","","","","IMAGE","","","instagram","VIEW_INSTAGRAM_PROFILE","","","","","English","","","","","","","","","","","Facebook / Instagram","instagram.com/ishnaofficial","","Not just worn — lived, felt, remembered ✨  #ishna #ishnaindia #fyp #explore","http://instagram.com/ishnaofficial","instagram.com","https://scontent-bom5-1.xx.fbcdn.net/v/t39.35426-6/573062746_1312683683921880_6604170059680130201_n.jpg?_nc_cat=105&ccb=1-7&_nc_sid=c53f8f&_nc_ohc=Oxu1R4RBokgQ7kNvwEpjbIw&_nc_oc=Adq2JEG5EeI9p8enW4y5FS7-RtbQTUGnE-y0N9TFjQ90_DD18sLmSI5b7SFf1z6-9R0&_nc_zt=14&_nc_ht=scontent-bom5-1.xx&_nc_gid=ABGsNorbcRSvVGofo2vDjQ&_nc_ss=7b289&oh=00_AQOIxlOlSZw-3E4v_NZL_AfCFZAgJ69Xx7AM7VDMBtjVwQ&oe=6ACD1EB9","IN","2026-10-08 07:23"
"Sue Mue","452699194815596","1780972156117861","https://www.facebook.com/ads/library/?id=1780972156117861","Inactive","Stopped","","2025-10-16","2025-10-27","11","","","","","INR","1","","","","","","","","","","VIDEO","","","instagram","SHOP_NOW","","","Festive season","New launch; Premium / quality; Creator / UGC; Seasonal / festive","English","","","","","","","","","","","Collection","suemue.in/collections/rumani","","Crafted as a pair, yet complete on their own -  Rumani bride and groom ensembles celebrate harmony, heritage, and the quiet poetry of togetherness. To shop our latest drop, WhatsApp or call us at +91 98100 24304. You can drop us an email at info@suemue.com and visit suemue.in. . . . . . #SueMue  { new collection, autumn winter, AW2025, threads, stories, artistry, luxury, bespoke, indian wear, reels, reel india, ocassionwear, legacy, wedding ready, wedding fashion, luxury, designerwear, couture collection, festive, timeless, modernethnic, indowestern } Jewellery courtesy @sachdeva.ritika @motifsbysurabhididwania","https://suemue.in/collections/rumani","suemue.in","https://video-bom5-2.xx.fbcdn.net/o1/v/t2/f2/m86/AQMBOnsVm0OEj283bmqrMxhrdrI750ZRqbQWLwGjQfuojndrhbJMzQx3M_qS2Z5yt1irooDAkHxcX6PZDEU7T9Kk7qAkjqtoixByky8.mp4?_nc_cat=102&_nc_sid=b66105&_nc_ht=video-bom5-2.xx.fbcdn.net&_nc_ohc=hNqDaC5uiYgQ7kNvwHy2oQh&efg=eyJ2ZW5jb2RlX3RhZyI6Inhwdl9wcm9ncmVzc2l2ZS5WSV9VU0VDQVNFX1BST0RVQ1RfVFlQRS4uQzMuMzYwLmRhc2hfYmFzZWxpbmVfM192MSIsInhwdl9hc3NldF9pZCI6MjUwNjk1NTEwODI3MzMwMDcsImFzc2V0X2FnZV9kYXlzIjozNTYsInZpX3VzZWNhc2VfaWQiOjEwMDk5LCJkdXJhdGlvbl9zIjoyNSwidXJsZ2VuX3NvdXJjZSI6Ind3dyJ9&ccb=17-1&vs=44ac05cca8329c00&_nc_vs=HBksFQIYUmlnX3hwdl9yZWVsc19wZXJtYW5lbnRfc3JfcHJvZC84RTRGOTBFN0Q3RkUyNkQ3MUIzRUVDNDU3RUI1OEFBMl92aWRlb19kYXNoaW5pdC5tcDQVAALIARIAFQIYRmlnX3hwdl9yZWVsc19wZXJtYW5lbnRfc3JfcHJvZC83NzMxNjA2MjkwNTIzMDlfNzE1NjcxNDU2ODA1NzI3NzQ2My5tcDQVAgLIARIAKAAYABsCiAd1c2Vfb2lsATEScHJvZ3Jlc3NpdmVfcmVjaXBlATEVAAAmnve37_aniFkVAigCQzMsF0A5btkWhysCGBJkYXNoX2Jhc2VsaW5lXzNfdjERAHUAZeadAQA&_nc_gid=ABGsNorbcRSvVGofo2vDjQ&_nc_ss=7b289&_nc_zt=28&oh=00_AQNgdlIq53J0LSFpvxbQzYl0iEZrgiv6Go6cJ7D6TWfsOQ&oe=6AC9122F","IN","2026-10-08 07:23"