#,Brand Name,Creator Handle,Paid Partnership Toggle,Followers,Avg Likes/Post,Avg Comments/Post,Avg ER%,Post Date,Post URL,Detection Method,Caption Preview
1,Palmonas,@anjali_tatrari,⚪ OFF (Collab Only),0,306,24,0.00%,2026-08-23,https://www.instagram.com/p/DcYcX_RtqRJ/,Post owned by partner (collab),"Impersonating my brother only made me realise how annoying he is! 😏 But when it comes to picking a Rakhi gift, he knows exactly what I’d love, and these Palmonas picks prove it! 😌✨  [Its A Tie, Rakshabandhan, Everyday luxury, Demi-fine jewellery, 18k"
2,Palmonas,@mohit.duseja,⚪ OFF (Collab Only),0,347,18,0.00%,2026-08-23,https://www.instagram.com/p/DcXznNSNf3x/,Post owned by partner (collab),"Boys, assemble! 🫡 Your Best Brother title isn’t going to earn itself... 😏  This Rakhi, go the extra mile. Gift your sister Palmonas! 💫✨  (P.S. Thank me later 😉)  [Its A Tie, Rakshabandhan, Everyday luxury, Demi-fine jewellery, 18k gold vermeil, Gold "
3,GIVA Jewellery,@perksofbeing_rajanna,⚪ OFF (Collab Only),0,170,20,0.00%,2026-08-22,https://www.instagram.com/p/DcWAnlSTVXA/,Post owned by partner (collab),"Different personalities. One thing in common: they all shine in silver. ✨  ( Rakhi, Pet Rakhi, Furry Sibling, Pawfect Bond, Furever Sibling, rakhi 2026, Silver Rakhi, Gifts for Sister, Rakhi for Brother, Rakhi for pets)  Shot and edited by @basusreej"
4,Palmonas,@_aaashiiii_,⚪ OFF (Collab Only),0,796,17,0.00%,2026-08-22,https://www.instagram.com/p/DcWL7mdoToE/,Post owned by partner (collab),"When your sibling says, “I don’t want anything for Rakhi,” you know that’s a lie. 😂 So just follow the clues, get the Palmonas × The Face Shop gift, and call it a win-win. 👀 She gets the jewellery and you get to raid her skincare. 🎀  *Offer exclusive"
5,Palmonas,@priya.p.varrier,⚪ OFF (Collab Only),0,18272,117,0.00%,2026-08-22,https://www.instagram.com/p/DcV3B_5SEF4/,Post owned by partner (collab),"Roasting each other is just our love language,I guess. 🤭✨ So, this Rakhi,let the sibling games begin and call it a tie with Palmonas! 💫  [Its A Tie, Rakshabandhan, Everyday luxury, Demi-fine jewellery, 18k gold vermeil, Gold tone jewellery, Timeless,"
6,Palmonas,@mehrpanchal,⚪ OFF (Collab Only),0,3,18,0.00%,2026-08-22,https://www.instagram.com/p/DcVNw9NTyk5/,Post owned by partner (collab),"I’ve officially used up my yearly brother-compliment quota, all thanks to Palmonas. He came through with a little jewellery, so I guess a little appreciation in return is fair. 😌💛   [Its A Tie, Rakshabandhan, Everyday luxury, Demi-fine jewellery, 18k"
7,GIVA Jewellery,@aarya_nagpal,⚪ OFF (Collab Only),0,240,29,0.00%,2026-08-21,https://www.instagram.com/p/DcThAOOhX-Q/,Post owned by partner (collab),"The outfit is only half the look!! GIVA's silver completes it.😉✨ . . .  ( Rakhi, Pet Rakhi, Furry Sibling, Furever Sibling, rakhi 2026, Silver Rakhi, Gifts for Sister, Rakhi for Brother, Rakhi for pets)  #AD #BondsSealedInSilver #explore #GIVAJewelle"
8,GIVA Jewellery,@suvekrawat14,⚪ OFF (Collab Only),0,3,9,0.00%,2026-08-21,https://www.instagram.com/p/DcTBycVNlSQ/,Post owned by partner (collab),"Your brother won’t ask for it, but he’s gonna love these Rakhi gifts.  ( Rakhi, rakhi 2026, Silver Rakhi, Gifts for Sister, Rakhi for Brother,)  #AD #BondsSealedInSilver #GIVAJewellery #FineSilverJewellery"
9,Palmonas,@ayoshitalukdar,⚪ OFF (Collab Only),0,395,29,0.00%,2026-08-21,https://www.instagram.com/p/DcTc2JbIdLb/,Post owned by partner (collab),"Sisterhood is having a built-in best friend, therapist, and certified menace all in one person.  This Rakhi, celebrate that beautifully chaotic bond with Palmonas!✨💛  [Its A Tie, Rakshabandhan, Everyday luxury, Demi-fine jewellery, 18k gold vermeil, "
10,Palmonas,@thefaceshopindia_official,⚪ OFF (Collab Only),0,531,586,0.00%,2026-08-21,https://www.instagram.com/p/DcS_xmwN3EG/,Post owned by partner (collab),"✨RAKHI GIVEAWAY ALERT!✨  Your forever partner-in-crime deserves a little something extra this Rakhi! 👭🏻💚  & That’s why @thefaceshopindia_official x @palmonas_official are teaming up to make sibling gifting twice as exciting, as we’re giving away ₹6,0"
11,Kalamandir Jewellers,@yashvi_vanani,⚪ OFF (Collab Only),30964,625,6,2.04%,2026-08-20,https://www.instagram.com/p/DcQy1hvPHmu/,Post owned by partner (collab),"Hey brides, if you’re shopping for your wedding jewellery, this might be the perfect time to start exploring Kalamandir Jewellers."
12,P. N. Gadgil Jewellers (PNG),@gurgaonmerijan,⚪ OFF (Collab Only),342665,3693,132,1.12%,2026-08-20,https://www.instagram.com/p/DcRFmP9hKPB/,Post owned by partner (collab),A legacy of fine craftsmanship has officially arrived in Gurugram! ✨
13,P. N. Gadgil Jewellers (PNG),@itikakamra,⚪ OFF (Collab Only),93906,999,35,1.10%,2026-08-20,https://www.instagram.com/p/DcRFpXoN_2i/,Post owned by partner (collab),*Where heritage meets the art of fine jewellery. ✨*
14,GIVA Jewellery,@parvathi_zony,⚪ OFF (Collab Only),0,3,143,0.00%,2026-08-20,https://www.instagram.com/p/DcQabRfRlbD/,Post owned by partner (collab),"Onam looks better with a little extra sparkle.  Drape your favourite saree, add your GIVA, and let the festivities shine.   (GIVA jewellery, GIVA jewellery exchange fest, Silver jewellery, Fine silver Jewellery)  #AD #Onam2026 #StyleSealedInSilver #G"
15,Palmonas,@navika_kotia,⚪ OFF (Collab Only),0,816,24,0.00%,2026-08-20,https://www.instagram.com/p/DcQur1EoYTN/,Post owned by partner (collab),"I finally cracked the sibling code 🤭: if they say they don’t care, they probably care the most!🌻✨  This Rakhi, let Palmonas say what neither of you ever will!🌻😌  [Its A Tie, Rakshabandhan, Everyday luxury, Demi-fine jewellery, 18k gold vermeil, Gold "
16,Palmonas,@thefaceshopindia_official,⚪ OFF (Collab Only),0,510,41,0.00%,2026-08-20,https://www.instagram.com/p/DcQcbwnN0Kn/,Post owned by partner (collab),"Somewhere between a jewellery stack and a skincare lies the sweet spot for Rakhi gifting and we’ve found it for you. 👀  Spend ₹2,999 at Palmonas and get The Face Shop skincare FREE. Spend ₹2,999 at The Face Shop and get a Palmonas bracelet FREE.  Bec"
17,Palmonas,@muskaanmohnott,⚪ OFF (Collab Only),0,2265,38,0.00%,2026-08-20,https://www.instagram.com/p/DcQFZMrs9be/,Post owned by partner (collab),"My brother really woke up and chose violence. 🙄 But luckily, he knew exactly how to make peace, with Palmonas! 🌻✨  [Its A Tie, Rakshabandhan, Everyday luxury, Demi-fine jewellery, 18k gold vermeil, Gold tone jewellery, Timeless, Shraddha Kapoor Jewel"
18,Kalamandir Jewellers,@mommyadventures_with_raahat,⚪ OFF (Collab Only),568051,4405,155,80.30%,2026-08-19,https://www.instagram.com/p/DcOJSTuM_uT/,Post owned by partner (collab),"Vadodara, the wait is finally over! ✨"
19,P. N. Gadgil Jewellers (PNG),@lokmat_sakhi,⚪ OFF (Collab Only),419846,245,1,5.88%,2026-08-19,https://www.instagram.com/p/DcON_x4jOIm/,Post owned by partner (collab),स्त्रीच्या सौंदर्याला पूर्णत्व देणारा आणि अखंड सौभाग्याचं प्रतीक असलेला दागिना म्हणजे 'मंगळसूत्र'! विश्वासाची परंपरा जपणाऱ्या पीएनजी ज्वेलर्स मध्ये सु
20,Sri Jagdamba Pearls,@nilakshidekaofficial,⚪ OFF (Collab Only),11868,461,9,3.97%,2026-08-19,https://www.instagram.com/p/DcN_MJCvKBU/,Post owned by partner (collab),100 years of pearls from @jagdambapearls a lifetime of a mother’s love. 🤍
21,Sri Jagdamba Pearls,@nikhitha_kale,⚪ OFF (Collab Only),14327,20204,72,141.53%,2026-08-19,https://www.instagram.com/p/DcLpHm6BMS4/,Post owned by partner (collab),"This Raksha Bandhan, gift something timeless with Sri Jagdamba Pearls."
22,GIVA Jewellery,@eshaanduggal,⚪ OFF (Collab Only),0,1806,20,0.00%,2026-08-19,https://www.instagram.com/p/DcOOhnKvLLY/,Post owned by partner (collab),"Last-minute purchase? We prefer to call it ✨perfect timing✨.  ( Rakhi, GIVA silver rakhi,  Furever Sibling, rakhi 2026, Silver Rakhi, Gifts for Sister, Rakhi for Brother)  #AD #BondsSealedInSilver #FureverSibling #GIVAJewellery #finesilverjewellery"
23,Palmonas,@shinydoshi15,⚪ OFF (Collab Only),0,39901,363,0.00%,2026-08-19,https://www.instagram.com/p/DcOLwVdo-Fp/,Post owned by partner (collab),"If roasting your sibling is a sport, my brother and I are pros! 🤭 But somewhere between the chaos, there’s always a little love, which was shared with Palmonas this Rakhi! 🌻😌✨   [Its A Tie, Rakshabandhan, Everyday luxury, Demi-fine jewellery, 18k gol"
24,P. N. Gadgil Jewellers (PNG),@gurugraminside,⚪ OFF (Collab Only),64482,277,26,47.08%,2026-08-18,https://www.instagram.com/p/DcLs3wFTxvx/,Post owned by partner (collab),"A fresh milestone in Gurugram, shaped in brilliance. ✨"
25,P. N. Gadgil Jewellers (PNG),@our_gurugram,⚪ OFF (Collab Only),153888,356,7,23.61%,2026-08-18,https://www.instagram.com/p/DcLoMSpvsQV/,Post owned by partner (collab),"Gurugram, your PNG story begins here."
26,Sri Jagdamba Pearls,@jagdambapearlsstore,⚪ OFF (Collab Only),38063,106,14,31.94%,2026-08-18,https://www.instagram.com/p/DcLDulpidMR/,Post owned by partner (collab),From a small pearl business to a legacy built for the future. ✨
27,GIVA Jewellery,@miliieee_,⚪ OFF (Collab Only),0,154,57,0.00%,2026-08-18,https://www.instagram.com/p/DcL82QVPyhq/,Post owned by partner (collab),"Forgot the Rakhi gift?   Consider this your sign to make that last-minute gift count. ✨  GIVA has you covered.   ( Rakhi, rakhi 2026, Silver Rakhi, Gifts for Sister, Rakhi for Brother,)  #AD #BondsSealedInSilver #GIVAJewellery #FineSilverJewellery"
28,Palmonas,@ashnoorkaur,⚪ OFF (Collab Only),0,110779,579,0.00%,2026-08-18,https://www.instagram.com/p/DcLjiR-s4WM/,Post owned by partner (collab),"When the director said “cut,” we clearly didn’t get the memo! 🤭 Ten years later, the bond and banter are still alive, and this Rakhi, Palmonas gave us another reason to celebrate it! 💖✨  [Its A Tie, Rakshabandhan, Everyday luxury, Demi-fine jewellery"
29,Palmonas,@lovechildbymasaba,⚪ OFF (Collab Only),0,767,825,0.00%,2026-08-18,https://www.instagram.com/p/DcLPoPstgFl/,Post owned by partner (collab),"This Rakhi, we’re celebrating the sibling who drives you crazy, steals your stuff, knows all your secrets, and somehow remains your favourite person.😌  So tell us: What’s one thing you’ll never stop fighting with your sibling about? 👀   Drop your ans"
30,Kalamandir Jewellers,@jhilmil_vashistha,⚪ OFF (Collab Only),23387,80,39,51.45%,2026-08-17,https://www.instagram.com/p/DcIjiEIKFns/,Post owned by partner (collab),They keep saying nobody understands what a girl actually wants. It’s not complicated. 🤍
31,GIVA Jewellery,@jhankal_nupur,⚪ OFF (Collab Only),0,291,32,0.00%,2026-08-17,https://www.instagram.com/p/DcJaxOjBaPr/,Post owned by partner (collab),"My brother pulled off THIS good a gift last minute, all thanks to GIVA Now.✨  ( Rakhi, Pet Rakhi, Furry Sibling, Pawfect Bond, Furever Sibling, rakhi 2026, Silver Rakhi, Gifts for Sister, Rakhi for Brother, Rakhi for pets)  #AD #BondsSealedInSilver #"
32,Palmonas,@vaishnavi_rao5,⚪ OFF (Collab Only),0,20192,102,0.00%,2026-08-17,https://www.instagram.com/p/DcIZfLKgqEM/,Post owned by partner (collab),"I have a sister, so naturally I have a full-time fashion critic! 🤭 This Rakhi, I thought I’d impress her with Palmonas… turns out she had the same idea…😌 Guess good taste runs in the family! 💅  [Its A Tie, Raksha bandhan, Everyday luxury, Demi-fine j"
33,Amrapali Jewels,@fortune.india,⚪ OFF (Collab Only),90209,149,2,16.88%,2026-08-16,https://www.instagram.com/p/DcGfBo3h8tH/,Post owned by partner (collab),"#Watch | Tarang Arora, CEO of Amrapali Jewels, believes the more technology and AI reshape jewellery-making, the more valuable human craftsmanship wil"
34,Kalamandir Jewellers,@pranali_mistry_,⚪ OFF (Collab Only),218070,2561,89,1.22%,2026-08-16,https://www.instagram.com/p/DcFk42nOU8M/,Post owned by partner (collab),WAIT IS OVER!! @kalamandirjewellers is now in Vadodara. And to mark this grand opening they are introducing “Shubh Aarambh Mahotsav” with up to 100% o
35,GIVA Jewellery,@ayushmaansaxena,⚪ OFF (Collab Only),0,1847,43,0.00%,2026-08-16,https://www.instagram.com/p/DcGWWJeyTCO/,Post owned by partner (collab),"I was gonna buy a gift for my sister… so obviously, I got one for myself too.   ( Rakhi, Pet Rakhi, Furry Sibling, Pawfect Bond, Furever Sibling, rakhi 2026, Silver Rakhi, Gifts for Sister, Rakhi for Brother, Rakhi for pets)  #AD #BondsSealedInSilver"
36,Palmonas,@heli_daruwala,⚪ OFF (Collab Only),0,3827,56,0.00%,2026-08-16,https://www.instagram.com/p/DcGcLdpNKga/,Post owned by partner (collab),"This Rakhi, I decided to be the nice sibling for once, and got my brother something from Palmonas! ✨🌻 Consider this my annual act of kindness…😏 “  [Its A Tie, Rakshabandhan, Everyday luxury, Demi-fine jewellery, 18k gold vermeil, Gold tone jewellery,"
37,GIVA Jewellery,@anurika_das,⚪ OFF (Collab Only),0,111,25,0.00%,2026-08-15,https://www.instagram.com/p/DcD5c04PDmO/,Post owned by partner (collab),"POV: your sister knows exactly what you want for Rakhi   ( Rakhi, rakhi 2026, Silver Rakhi, Gifts for Sister, Rakhi for Brother)  #AD #BondsSealedInSilver  #GIVAJewellery #FineSilverJewellery"
38,Amrapali Jewels,@tarang_arora,⚪ OFF (Collab Only),31621,585,25,1.93%,2026-08-14,https://www.instagram.com/p/DcBkal9IJi2/,Post owned by partner (collab),"A handful of dreams, set in stone and gold."
39,Sri Jagdamba Pearls,@ladhanifemina,⚪ OFF (Collab Only),141885,172,35,14.61%,2026-08-14,https://www.instagram.com/p/DcAlhmeupAG/,Post owned by partner (collab),Shree Jagdamba Pearls makes Raksha Bandhan gifting extra special. ✨❤️
40,Sri Jagdamba Pearls,@stargirl.madhu,⚪ OFF (Collab Only),6899,361,20,5.54%,2026-08-14,https://www.instagram.com/p/DcBXGTUKONV/,Post owned by partner (collab),Use my coupon code “madhuri12” to avail an extra 12% discount
41,GIVA Jewellery,@anmolbhatia_,⚪ OFF (Collab Only),0,3226,24,0.00%,2026-08-14,https://www.instagram.com/p/DcBY5sjAe4m/,Post owned by partner (collab),"I already know my sister’s gonna steal it from me.🥲♥️😂   ( Rakhi, Pet Rakhi, Furry Sibling, Pawfect Bond, Furever Sibling, rakhi 2026, Silver Rakhi, Gifts for Sister, Rakhi for Brother, Rakhi for pets)  #AD #BondsSealedInSilver #FureverSibling #GIVAJ"
42,Palmonas,@bhavyanureja,⚪ OFF (Collab Only),0,543,19,0.00%,2026-08-14,https://www.instagram.com/p/DcBRispCanf/,Post owned by partner (collab),"If you relate to this video, we clearly share the same instincts!😌🫶  And the Palmonas’ Freedom Sale is where those instincts lead us. 🌻✨  [Everyday luxury, Demi-fine jewellery, 18k gold vermeil, Gold tone jewellery, Timeless, Buy Now, Elegance, Affor"
43,Palmonas,@shraddhakapoor,⚪ OFF (Collab Only),0,184753,2290,0.00%,2026-08-14,https://www.instagram.com/p/DcBhYpbIn7v/,Post owned by partner (collab),Kanjoos bhaiyon ke liye good news laayi hoon
44,Kalamandir Jewellers,@priyayadav_,⚪ OFF (Collab Only),79756,1361,30,1.74%,2026-08-13,https://www.instagram.com/p/Db99vUINTIm/,Post owned by partner (collab),Because every woman remembers her first ❤️
45,Mor Jewellers,@makeupbyrumaisa_,⚪ OFF (Collab Only),2189,338,19,16.33%,2026-08-13,https://www.instagram.com/p/Db_CnYQMs_4/,Post owned by partner (collab),Bridal Campaign 26’✨✨
46,Sri Jagdamba Pearls,@yugmitadas__,🟢 ON (Formal Label),3953,676,77,19.07%,2026-08-13,https://www.instagram.com/p/Db-f9KWzfgi/,Post owned by partner (collab),Found the Prettiest Minimal Pearl Jewellery from @jagdambapearls ✨🪷🐚
47,Palmonas,@_themetaversesoul,⚪ OFF (Collab Only),0,438,64,0.00%,2026-08-13,https://www.instagram.com/p/Db_BFrKxDN2/,Post owned by partner (collab),"I was thinking about what freedom means to me, and with Palmonas, I realised it comes in layers. 🌻✨Because every day, I get to choose a little more for myself!  [Everyday luxury, Demi-fine jewellery, 18k gold vermeil, Gold tone jewellery, Timeless, B"
48,GRT Jewellers,@sirihanmanth,⚪ OFF (Collab Only),969440,21629,66,2.24%,2026-08-12,https://www.instagram.com/p/Db8GRR_NtV_/,Post owned by partner (collab),"When the people are precious, the memories are priceless, and the moments are unforgettable, let the gift be timeless too. ✨"
49,Mor Jewellers,@makeupbyrumaisa_,⚪ OFF (Collab Only),2189,338,19,16.33%,2026-08-12,https://www.instagram.com/p/Db8MybxM5zK/,Post owned by partner (collab),Coming Soon! ✨✨
50,Prince Jewellery,@i_prathibha,⚪ OFF (Collab Only),1111575,61028,238,5.51%,2026-08-12,https://www.instagram.com/p/Db8D3IiPa0G/,Post owned by partner (collab),⏱️ Spend 60 seconds with me & save ₹600/gram on Gold Jewellery @princejewelleryindia💰✨
51,GIVA Jewellery,@devishimadaan,⚪ OFF (Collab Only),0,17100,40,0.00%,2026-08-12,https://www.instagram.com/p/Db8S4vusSSn/,Post owned by partner (collab),Passing the camera and exposing each other 😂   Create fun content with your siblings. Use #MyntraGiva and #MyntraRakhiEdit. Tag @Myntra and @giva.co 📹✨  Top 10 winners will get Myntra gift vouchers worth Rs. 1000 🎫⭐️ **Applicable on GIVA products on 
52,GIVA Jewellery,@debaanjalii,⚪ OFF (Collab Only),0,735,19,0.00%,2026-08-12,https://www.instagram.com/p/Db8LkqdvH3N/,Post owned by partner (collab),"My brother was extra thoughtful this time,  looks like he finally understood the Rakhi gifting assignment. 😌  (Rakhi, Rakhi 2026, Silver Rakhi, Gifts for Sister, Rakhi for Brother)  #AD #BondsSealedInSilver #FureverSibling #GIVAJewellery #FineSilverJ"
53,GIVA Jewellery,@palaksindhwani,⚪ OFF (Collab Only),0,42171,428,0.00%,2026-08-12,https://www.instagram.com/p/Db8HO0PSDnH/,Post owned by partner (collab),"I picked silver. Because he deserves a rakhi and gift that lasts. ❤️  ( Rakhi, rakhi 2026, Silver Rakhi, Gifts for Sister, Rakhi for Brother)  #AD #BondsSealedInSilver #GIVAJewellery #FineSilverJewellery"
54,Kalamandir Jewellers,@rajshree31_,⚪ OFF (Collab Only),105651,3317,78,3.21%,2026-08-11,https://www.instagram.com/p/Db5e_rlz6_W/,Post owned by partner (collab),The perfect time to bring home that dream piece? Right now. ✨
55,Sri Jagdamba Pearls,@steerinstylewithshweta,⚪ OFF (Collab Only),28239,142,10,53.97%,2026-08-11,https://www.instagram.com/p/Db3BPc3xf4Q/,Post owned by partner (collab),"Bonds which are beautifully complicated, but the love behind them is always simple — that is the sibling bond. 🤍"
56,Sri Jagdamba Pearls,@aryaamazumder,⚪ OFF (Collab Only),0,0,0,0.00%,2026-08-11,https://www.instagram.com/p/Db5bU4aPRqv/,Post owned by partner (collab),"This Rakshabandhan, choose a gift that stays. Just like pearls, true bonds endure through the years."
57,Sri Jagdamba Pearls,@kits.talks,⚪ OFF (Collab Only),28436,330,16,1.22%,2026-08-11,https://www.instagram.com/p/Db4hkUMNgES/,Post owned by partner (collab),Some gifts are beautiful… and some become memories. 🤍✨
58,GIVA Jewellery,@hamidbarkzi07,⚪ OFF (Collab Only),0,2819,41,0.00%,2026-08-11,https://www.instagram.com/p/Db5pf5JiKUQ/,Post owned by partner (collab),"From annoying each other over the smallest things to always having each other’s back that’s what makes this bond so special Make this Raksha Bandhan shine brighter in silver with @giva.co 🫶🏻  ( Rakhi, Pet Rakhi, Furry Sibling, Pawfect Bond, Furever S"
59,C.H. Jewellers,@rashmi_kansara,⚪ OFF (Collab Only),76677,174,6,23.62%,2026-08-10,https://www.instagram.com/p/Db20gU_vsnv/,Post owned by partner (collab),✨ YOU ASKED. WE LISTENED. ✨
60,Sri Jagdamba Pearls,@vrinda__saxena_chandrawat,⚪ OFF (Collab Only),1004,59,6,6.57%,2026-08-10,https://www.instagram.com/p/Db3Jwg6BXQC/,Post owned by partner (collab),"Brothers, consider this your sign to skip the “what should I gift her?” panic this Rakhi. 😉✨"
61,Sri Jagdamba Pearls,@vaishalikokate27,⚪ OFF (Collab Only),52202,4032,115,7.95%,2026-08-10,https://www.instagram.com/p/Db27K8TNwPe/,Post owned by partner (collab),"Pearls, saree & a little sunshine… some things just belong together. 🤍☀️"
62,Sri Jagdamba Pearls,@saifaamreen_,⚪ OFF (Collab Only),25454,12617,53,49.78%,2026-08-10,https://www.instagram.com/p/Db247pNsUwa/,Post owned by partner (collab),Some gifts are more than just beautiful they carry a little piece of love. ✨
63,GIVA Jewellery,@iyogitabihani,⚪ OFF (Collab Only),0,11005,111,0.00%,2026-08-10,https://www.instagram.com/p/Db3BmRuJ0jN/,Post owned by partner (collab),"He understands my GIVA wishlist which makes him a 10/10 brother. ♥️  (Rakhi, rakhi 2026, Silver Rakhi, Gifts for Sister, Rakhi for Brother)  #AD #BondsSealedInSilver  #GIVAJewellery #FineSilverJewellery"
64,Palmonas,@gehnasippy11,⚪ OFF (Collab Only),0,1297,74,0.00%,2026-08-10,https://www.instagram.com/p/Db2_RYcvyMn/,Post owned by partner (collab),"Turns out my playlist and my jewellery have one thing in common: both are better with a little remix. 😉 Add a little bit of this, a little bit of that, and suddenly it’s giving Palmonas. 👀  [Everyday luxury, Demi-fine jewellery, 18k gold vermeil, Gol"
65,Mor Jewellers,@lybabutt,⚪ OFF (Collab Only),59429,11180,63,18.92%,2026-08-09,https://www.instagram.com/p/Db05nCgIUy6/,Post owned by partner (collab),2026 Bridal Campaign | Reception Look 🤍
66,Prince Jewellery,@shreee_offl,⚪ OFF (Collab Only),643414,30101,233,4.71%,2026-08-09,https://www.instagram.com/p/Db0fHhvT1iY/,Post owned by partner (collab),Aadi Special ✨ @princejewelleryindia
67,Prince Jewellery,@bhumika_basavaraj,⚪ OFF (Collab Only),2261117,28617,283,1.28%,2026-08-09,https://www.instagram.com/p/DbzsH3EKxyg/,Post owned by partner (collab),✨ Why stay confused when you can Save Double with @princejewelleryindia Jayanagar’s 300/300 Dual Savings Offer? 💛✨
68,Sri Jagdamba Pearls,@aryaamazumder,⚪ OFF (Collab Only),0,0,0,0.00%,2026-08-09,https://www.instagram.com/p/Db1M0jHE1gy/,Post owned by partner (collab),"This Rakshabandhan, choose a gift that stays. Just like pearls, true bonds endure through the years."
69,Sri Jagdamba Pearls,@picksby_siri,⚪ OFF (Collab Only),20701,794,2399,15.43%,2026-08-09,https://www.instagram.com/p/Db0hjYaOzzL/,Post owned by partner (collab),Some gifts become memories you cherish forever.
70,GIVA Jewellery,@thatcutestthing,⚪ OFF (Collab Only),0,497545,1306,0.00%,2026-08-09,https://www.instagram.com/p/Db0qy-OPbcC/,Post owned by partner (collab),"A little Raksha, a lot of Bandhan, and cutest silver rakhi✨  ( Rakhi, Pet Rakhi, Furry Sibling, Pawfect Bond, Furever Sibling, rakhi 2026, Silver Rakhi, Gifts for Sister, Rakhi for Brother, Rakhi for pets)  #AD #bondssealedinsilver #fureversibling #g"
71,Kalamandir Jewellers,@komalvora.official,⚪ OFF (Collab Only),275885,774,7,28.33%,2026-08-08,https://www.instagram.com/p/Dbw-cbzobow/,Post owned by partner (collab),"Kabhi-kabhi ek chhoti si khabar, bade sapno ki shuruaat ban jaati hai… 💎"
72,Sri Jagdamba Pearls,@indian_saritorialist,⚪ OFF (Collab Only),18549,216,33,1.35%,2026-08-08,https://www.instagram.com/p/DbxE8DphwnF/,Post owned by partner (collab),"Finding the apt gift for your sibling is an onerous task. I have made it easier for you. Earrings, bracelets, watches and jewellery sets to match your"
73,Sri Jagdamba Pearls,@deepti_chinaria,⚪ OFF (Collab Only),13437,155,18,1.29%,2026-08-08,https://www.instagram.com/p/Dbxa9gRxHTy/,Post owned by partner (collab),**”Some distances can’t be measured in miles… because love always finds a way home. 🤍✨”**
74,GIVA Jewellery,@raj_anadkat,⚪ OFF (Collab Only),0,2879,86,0.00%,2026-08-08,https://www.instagram.com/p/DbxwDUHgDCP/,Post owned by partner (collab),"Bro-sis ke saath ek ghar mein 24x7? 😂 Jahan bhau-bhau bhi hai aur prem-bhau bhi! Aap rahoge? 👀🤣  This Rakhi, seal every fight with a silver rakhi and a silver surprise ❤️  Use code RAJ15  for 15% off ✨  ( Rakhi, Pet Rakhi, Furry Sibling, Pawfect Bond"
75,C.H. Jewellers,@etc.byjiyal,⚪ OFF (Collab Only),30674,120,2,40.29%,2026-08-07,https://www.instagram.com/p/DbvnYrQzthh/,Post owned by partner (collab),You asked. We listened. 💛
76,GRT Jewellers,@roshniharipriyan,⚪ OFF (Collab Only),1694205,85192,179,5.04%,2026-08-07,https://www.instagram.com/p/DbvN8mEJuU8/,Post owned by partner (collab),A precious bond deserves a precious gift—one that shines through every memory and lasts a lifetime. ❤️✨
77,Hazoorilal Legacy,@roseroomcouture,⚪ OFF (Collab Only),86350,2022,26,2.37%,2026-08-07,https://www.instagram.com/p/DbvWw4RkycM/,Post owned by partner (collab),𝐓𝐰𝐨 𝐞𝐱𝐩𝐫𝐞𝐬𝐬𝐢𝐨𝐧𝐬 𝐨𝐟 𝐚𝐫𝐭𝐢𝐬𝐭𝐫𝐲. 𝐎𝐧𝐞 𝐬𝐡𝐚𝐫𝐞𝐝 𝐯𝐢𝐬𝐢𝐨𝐧.
78,Sri Jagdamba Pearls,@pallabi_paul_kundu,⚪ OFF (Collab Only),60424,3181,113,5.45%,2026-08-07,https://www.instagram.com/p/DbvGHfbvm0F/,Post owned by partner (collab),"Some gifts become memories you cherish forever. 💝 This Raksha Bandhan, my brother surprised me with this beautiful jewellery from Sri Jagdamba Pearls"
79,Sri Jagdamba Pearls,@jagdambapearlsstore,⚪ OFF (Collab Only),38063,106,14,31.94%,2026-08-07,https://www.instagram.com/p/DbuwkY4CLDz/,Post owned by partner (collab),"A hundred years, and still learning something new."
80,GIVA Jewellery,@priyankachaharchoudhary,⚪ OFF (Collab Only),0,197858,1561,0.00%,2026-08-07,https://www.instagram.com/p/DbvTjpnKFe0/,Post owned by partner (collab),"My brother actually read my GIVA Wishlist and acted on it  Use code PRIYANKA15 for 15% off  ( Rakhi, Pet Rakhi, Furry Sibling, Pawfect Bond, Furever Sibling, rakhi 2026, Silver Rakhi, Gifts for Sister, Rakhi for Brother, Rakhi for pets)  #AD #BondsSe"
81,GIVA Jewellery,@advik_1212,⚪ OFF (Collab Only),0,235,31,0.00%,2026-08-07,https://www.instagram.com/p/DbuZjlRzEbj/,Post owned by partner (collab),"From tiny hands to lifelong memories. We grow up, the bond doesn’t. Celebrate it in silver this Rakhi.  ( Rakhi, Pet Rakhi, Furry Sibling, Pawfect Bond, Furever Sibling, rakhi 2026, Silver Rakhi, Gifts for Sister, Rakhi for Brother, Rakhi for pets)  "
82,Mor Jewellers,@the.ghazall_,⚪ OFF (Collab Only),9908,1190,20,12.23%,2026-08-06,https://www.instagram.com/p/DbtYCrWtX3c/,Post owned by partner (collab),A glimpse of our latest campaign with @minahilmalik727
83,GIVA Jewellery,@rashi.real,⚪ OFF (Collab Only),0,21408,119,0.00%,2026-08-06,https://www.instagram.com/p/DbsuFEbyrKJ/,Post owned by partner (collab),"Made for the moments you’ll look back on with a smile. Gift silver. Celebrate forever.  Use code RAASHI15 for 15% off  ( Rakhi, Pet Rakhi, Furry Sibling, Pawfect Bond, Furever Sibling, rakhi 2026, Silver Rakhi, Gifts for Sister, Rakhi for Brother, Ra"
84,Palmonas,@rushaliyadavofc,⚪ OFF (Collab Only),0,1114,24,0.00%,2026-08-06,https://www.instagram.com/p/Dbss29cBhIL/,Post owned by partner (collab),"Exploring’s more fun when your favourite someone is Palmonas.🏝️ Because life’s too short for boring plus ones.🩷💫  [Everyday luxury, Demi-fine jewellery, 18k gold vermeil, Gold tone jewellery, Timeless, Buy Now, Elegance, Affordable luxury, Shop Now, "
85,GRT Jewellers,@divya_uruduga,⚪ OFF (Collab Only),1038161,30706,63,2.96%,2026-08-05,https://www.instagram.com/p/DbqRF2LToz4/,Post owned by partner (collab),"Some people are meant to stay for a lifetime, and some relationships deserve a gift that lasts just as long. ❤️✨"
86,Kalamandir Jewellers,@dancingtoes.20,⚪ OFF (Collab Only),182484,5900,50,3.26%,2026-08-05,https://www.instagram.com/p/DbpAiUbo1ta/,Post owned by partner (collab),Be the main character. ✨
87,Sri Jagdamba Pearls,@swathi_yashvin,⚪ OFF (Collab Only),18857,17,9,14.41%,2026-08-05,https://www.instagram.com/p/DbqEMery5uV/,Post owned by partner (collab),"Brothers, looking for the perfect gift for your sister? 🤍✨"
88,GIVA Jewellery,@pranaypachauri,⚪ OFF (Collab Only),0,2476,202,0.00%,2026-08-05,https://www.instagram.com/p/DbqJTg-tHHW/,Post owned by partner (collab),"Who does more for whom? We’ll let the comments decide.  Until then, our matching charms say it all🐾✨   Use code PRANAY15 for 15% off  ( Rakhi, Pet Rakhi, Furry Sibling, Pawfect Bond, Furever Sibling, rakhi 2026, Silver Rakhi, Gifts for Sister, Rakhi "
89,GIVA Jewellery,@meghanaagaonkar,⚪ OFF (Collab Only),0,450,67,0.00%,2026-08-05,https://www.instagram.com/p/DbqGlGGPmEu/,Post owned by partner (collab),"Forgot Rakhi? Not anymore.  Silver Rakhi is just a GIVA NOW away. ✨  ( Rakhi, Pet Rakhi, Furry Sibling, Pawfect Bond, Furever Sibling, rakhi 2026, Silver Rakhi, Gifts for Sister, Rakhi for Brother, Rakhi for pets)  #BondsSealedInSilver #FureverSiblin"
90,Amrapali Jewels,@tarang_arora,⚪ OFF (Collab Only),31621,585,25,1.93%,2026-08-04,https://www.instagram.com/p/Dbm5-fgoBwi/,Post owned by partner (collab),Not every treasure belongs in a vault. 💎
91,Hazoorilal Legacy,@roseroomcouture,⚪ OFF (Collab Only),86350,2022,26,2.37%,2026-08-04,https://www.instagram.com/p/Dbnl54CTm8A/,Post owned by partner (collab),"Grace finds conviction, softness finds strength."
92,Runway Nagaland,@runway_nagaland_crafts,⚪ OFF (Collab Only),22714,69,1,31.29%,2026-08-04,https://www.instagram.com/p/DbnC8wMyOn0/,Post owned by partner (collab),Tribal Brass Bangle ❤️
93,Sri Jagdamba Pearls,@the.naariverse,⚪ OFF (Collab Only),3556,2614,209,79.40%,2026-08-04,https://www.instagram.com/p/Dbnw8TIInXY/,Post owned by partner (collab),Use code ‘KSHITIJA12’  for 12% off!
94,Sri Jagdamba Pearls,@prettybutserious,🟢 ON (Formal Label),1133,128,15,12.72%,2026-08-04,https://www.instagram.com/p/DbnqGIKvfwh/,Post owned by partner (collab),"Some gifts are opened, but the best ones are remembered. 🤍"
95,GIVA Jewellery,@nisha_ravikrishnanoffl_,⚪ OFF (Collab Only),0,10435,65,0.00%,2026-08-04,https://www.instagram.com/p/DbnRqp4SswA/,Post owned by partner (collab),"Matching charms. Endless cuddles.  Some bonds deserve to be worn forever  Use code  NISHAR15 for 15% off  ( Rakhi, Pet Rakhi, Furry Sibling, Pawfect Bond, Furever Sibling, rakhi 2026, Silver Rakhi, Gifts for Sister, Rakhi for Brother, Rakhi for pets)"
96,Hazoorilal Legacy,@roseroomcouture,⚪ OFF (Collab Only),86350,2022,26,2.37%,2026-08-03,https://www.instagram.com/p/DblBTipzpk2/,Post owned by partner (collab),"The moments before the lights, the music, and the first walk."
97,Kalamandir Jewellers,@vishwaapandya,⚪ OFF (Collab Only),124259,2854,73,2.36%,2026-08-03,https://www.instagram.com/p/Dbk5LQaode2/,Post owned by partner (collab),"Gold rates might go up and down, but zero making charges? NOW THAT’S A WIN! 💥✨"
98,Sri Jagdamba Pearls,@be_sreya,🟢 ON (Formal Label),2343,686,7,29.62%,2026-08-03,https://www.instagram.com/p/DblDDxBS-I_/,Post owned by partner (collab),Celebrate this rakhi with @jagdambapearlsstore @jagdambapearls
99,GIVA Jewellery,@jiyasharmaa_,⚪ OFF (Collab Only),0,3348,101,0.00%,2026-08-03,https://www.instagram.com/p/DblZpNoy1Pe/,Post owned by partner (collab),"No matter how much we grow, we’re always just partners in crime. Celebrate your forever bond, sealed in silver with GIVA. ✨  Use code JIYAA15 for 15% off  ( Rakhi, Pet Rakhi, Furry Sibling, Pawfect Bond, Furever Sibling, rakhi 2026, Silver Rakhi, Gif"
100,Palmonas,@trysugar,⚪ OFF (Collab Only),0,1468,4282,0.00%,2026-08-03,https://www.instagram.com/p/DblUNaYDS2J/,Post owned by partner (collab),✨ GIVEAWAY ALERT ✨  One exciting giveaway  Two of your favourites  @palmonas_official × @trysugar are bringing you the chance to win an exclusive hamper filled with must-have goodies! 🎁  Here’s how to enter: 💛 Follow @palmonas_official & @trysugar 👯 
101,Palmonas,@mohit_hiranandani93,⚪ OFF (Collab Only),0,9757,72,0.00%,2026-08-03,https://www.instagram.com/p/Dbk-bm_IZvZ/,Post owned by partner (collab),"Ad.  Started the day chasing islands...🌴 Ended it chasing the perfect pour!🍹  If I’m going to do it all for the plot, I might as well look good doing it in Palmonas!✨  [Everyday luxury, Demi-fine jewellery, 18k gold vermeil, Gold tone jewellery, Time"
102,Prince Jewellery,@irfansview.official,⚪ OFF (Collab Only),1818246,72689,295,4.01%,2026-08-02,https://www.instagram.com/p/DbiQiDJBtQd/,Post owned by partner (collab),300 Fever 😅 wait for the end
103,Prince Jewellery,@prathima_thakur_,⚪ OFF (Collab Only),1153338,39942,112,3.47%,2026-08-02,https://www.instagram.com/p/DbiPK-Svhjv/,Post owned by partner (collab),✨ Ashada Special = Double Savings at @princejewelleryindia! 💛✨
104,GIVA Jewellery,@devashishofficial9,⚪ OFF (Collab Only),0,3,38,0.00%,2026-08-02,https://www.instagram.com/p/DbimPyjI6Xb/,Post owned by partner (collab),"From the beautifully packed gift box to the jewellery that she will treasure every day, GIVA understood the assignment.  Use code DEVASHISH15 to avail 15% off  ( Rakhi, Pet Rakhi, Furry Sibling, Pawfect Bond, Furever Sibling, rakhi 2026, Silver Rakhi"
105,Prince Jewellery,@pavithralakshmioffl,⚪ OFF (Collab Only),2023820,55274,173,2.74%,2026-08-01,https://www.instagram.com/p/Dbf2C2ITuMG/,Post owned by partner (collab),“AADI” la yen rendu “A” irukku theriyuma? 😉✨
106,GIVA Jewellery,@prashanth.amrutha,⚪ OFF (Collab Only),0,389,26,0.00%,2026-08-01,https://www.instagram.com/p/DbgDLs_vGu-/,Post owned by partner (collab),"This Raksha Bandhan, gift something they’ll never want to take off.  ( Rakhi, Pet Rakhi, Furry Sibling, Pawfect Bond, Furever Sibling, rakhi 2026, Silver Rakhi, Gifts for Sister, Rakhi for Brother, Rakhi for pets)  #BondsSealedInSilver #FureverSiblin"
107,Palmonas,@vartikaaa____,⚪ OFF (Collab Only),0,854,27,0.00%,2026-08-01,https://www.instagram.com/p/Dbf1q9XsjZY/,Post owned by partner (collab),"My toxic trait is thinking my bestie’s jewellery collection is just an extension of my own🤭   Lucky for me, she doesn’t believe in gatekeeping especially when it comes to her favourite Palmonas finds😌✨  Comment ‘Palmonas’ for links🔗   [Everyday luxur"
108,Kalamandir Jewellers,@yourstylewarder,⚪ OFF (Collab Only),30378,694,28,2.38%,2026-07-31,https://www.instagram.com/p/DbctRvwtHLs/,Post owned by partner (collab),My favourite part isn’t choosing the jewellery.
109,Kalyan Jewellers,@kavyamadhavanofficial,⚪ OFF (Collab Only),327698,64091,1349,19.97%,2026-07-31,https://www.instagram.com/p/DbdTInmk7nE/,Post owned by partner (collab),"Celebrate the spirit of Onam with joy, prosperity, and the perfect festive look from Laksyah Sarees."
110,GIVA Jewellery,@seeratwaliaa,⚪ OFF (Collab Only),0,2063,34,0.00%,2026-07-31,https://www.instagram.com/p/DbdRIqePUlp/,Post owned by partner (collab),"No celebration feels complete without the little protector💛 Matching charms for the most special bond this Raksha Bandhan!✨  Use code SEERAT15 for 15% off  ( Rakhi, Pet Rakhi, Furry Sibling, Pawfect Bond, Furever Sibling, rakhi 2026, Silver Rakhi, Gi"
111,Palmonas,@nidzzdigitaldiary,⚪ OFF (Collab Only),0,2859,26,0.00%,2026-07-31,https://www.instagram.com/p/DbdOqi8Sm_i/,Post owned by partner (collab),"No friendships were ruined… but our competitive sides definitely showed up! 👀 but even after all the chaos, she’s still my best friend! 🤭🌻✨  Now we need your verdict – whose look won this challenge? 😌 Let us know in the comments! ⭐ @palmonas_official"
112,C.H. Jewellers,@rjkshitij,🟢 ON (Formal Label),40940,409,12,1.03%,2026-07-30,https://www.instagram.com/p/DbZ55JpoJPp/,Post owned by partner (collab),LAST FEW DAYS TO GOOOO!
113,GIVA Jewellery,@thatpinterestgirl.__,⚪ OFF (Collab Only),0,877,47,0.00%,2026-07-30,https://www.instagram.com/p/DbahdoRt-Xv/,Post owned by partner (collab),"These are the kind of rakhis you’ll want to hold on to, year after year.   Use code SANJEEVANI15 for 15% off  ( Rakhi, Pet Rakhi, Furry Sibling, Pawfect Bond, Furever Sibling, rakhi 2026, Silver Rakhi, Gifts for Sister, Rakhi for Brother, Rakhi for p"
114,Palmonas,@aryanshii09,⚪ OFF (Collab Only),0,19045,77,0.00%,2026-07-30,https://www.instagram.com/p/DbasZQHope5/,Post owned by partner (collab),"Long-distance besties are proof that distance is just a number... 😌 Because they still get real-time updates on all the gossip... and every single purchase you make! 🤭✨  This Friendship Day, celebrate the person who’s always just a call away with a l"
115,GRT Jewellers,@mokshitha22,⚪ OFF (Collab Only),945022,34676,89,3.68%,2026-07-29,https://www.instagram.com/p/DbYIwTRNZht/,Post owned by partner (collab),Silver has never looked this captivating! ✨
116,GRT Jewellers,@bhumika_basavaraj,⚪ OFF (Collab Only),2261117,28617,283,1.28%,2026-07-29,https://www.instagram.com/p/DbYHSS4qRCn/,Post owned by partner (collab),"Tasked with a massive shopping list for my visiting NRI aunt, the newly renovated Malleshwaram showroom in Bengaluru was our ultimate destination. The"
117,GIVA Jewellery,@kunalraheja_165,⚪ OFF (Collab Only),0,137759,229,0.00%,2026-07-29,https://www.instagram.com/p/DbX97G_PSQs/,Post owned by partner (collab),"Everything you need to make Rakhi unforgettable silver rakhis, meaningful gifts, and GIVA. ✨  ( Rakhi, Pet Rakhi, Furry Sibling, Pawfect Bond, Furever Sibling, rakhi 2026, Silver Rakhi, Gifts for Sister, Rakhi for Brother, Rakhi for pets)  #BondsSeal"
118,GIVA Jewellery,@meenaaaall,⚪ OFF (Collab Only),0,1960,41,0.00%,2026-07-29,https://www.instagram.com/p/DbYN5lSvVMt/,Post owned by partner (collab),"The best brothers know that the best gifts come from GIVA.  Use code  BOND15 for 15% off  ( Rakhi, rakhi 2026, Silver Rakhi, Gifts for Sister, Rakhi for Brother)  #AD #BondsSealedInSilver  #GIVAJewellery #FineSilverJewellery"
119,Palmonas,@just_rishuuuuu,⚪ OFF (Collab Only),0,12024,302,0.00%,2026-07-29,https://www.instagram.com/p/DbYGSQ9NqSH/,Post owned by partner (collab),"I never thought a fashion emergency would become my favourite memory... 🥹✨ Who knew one tiny act of kindness would turn into a lifelong friendship? 🌻💗  Safe to say, I have Palmonas to thank for this one! 😌  [Everyday luxury, Demi-fine jewellery, 18k "
120,GIVA Jewellery,@pallakkshah,⚪ OFF (Collab Only),0,863,14,0.00%,2026-07-28,https://www.instagram.com/p/DbVm3p_oyLP/,Post owned by partner (collab),"The coolest thing you’ll wear this season? Your anklet✨  Use code PALK15 for 15%off   (GIVA jewellery, Style sealed in silver, Silver jewellery, Fine silver jewellery)   #AD #StyleSealedInSilver #GIVAJewellery #FineSilverJewellery"
121,GIVA Jewellery,@hellyshahofficial,⚪ OFF (Collab Only),0,16158,202,0.00%,2026-07-28,https://www.instagram.com/p/DbVkG1Iht8m/,Post owned by partner (collab),"Every Rakhi deserves a gift as special as the bond. This year, I’m choosing GIVA Men silver for my brother whihc is simple, timeless, and made to last. ✨  Use code HELLY15 for 15% off  ( Rakhi, Pet Rakhi, Furry Sibling, Pawfect Bond, Furever Sibling,"
122,Palmonas,@igpcom,⚪ OFF (Collab Only),0,680,1065,0.00%,2026-07-28,https://www.instagram.com/p/DbV3XINDffO/,Post owned by partner (collab),"Here’s to the friendships that are meant to last forever. 🫶  From graduation memories to every milestone after, some people stay by your side through thick and thin. 🩵  That’s why @palmonas_official X @igpcom are treating 5 lucky winners to 3 amazing"
123,Palmonas,@itusharkhanna,⚪ OFF (Collab Only),0,33929,185,0.00%,2026-07-28,https://www.instagram.com/p/DbVgLvJNUpj/,Post owned by partner (collab),"GRWM to meet my favourite inconvenience... the same person who’ll ask for “one tiny favour” and still expect a Friendship Day gift😌✨ Lucky for them, Palmonas has me covered🛍️  [Everyday luxury, Demi-fine jewellery, 18k gold vermeil, Gold tone jewelle"
124,Kalamandir Jewellers,@blogft.hirva,⚪ OFF (Collab Only),122064,5464,1435,5.65%,2026-07-27,https://www.instagram.com/p/DbSUzp-O7Nq/,Post owned by partner (collab),The right piece of jewellery doesn’t just complete an outfit—it becomes a part of your story.💕
125,Lalithaa Jewellery,@lalithaajewellerykannada_,⚪ OFF (Collab Only),11319,110,2,99.32%,2026-07-27,https://www.instagram.com/p/DbS4NiRiXgn/,Post owned by partner (collab),A graceful diamond flow for your most special moments 🌿💫..
126,GIVA Jewellery,@advik_1212,⚪ OFF (Collab Only),0,292,15,0.00%,2026-07-27,https://www.instagram.com/p/DbTD70Yvndt/,Post owned by partner (collab),"This Raksha Bandhan, don’t forget the one with paws. Celebrate your sibling and your furever sibling with GIVA.  ( Rakhi, Pet Rakhi, Furry Sibling, Pawfect Bond, Furever Sibling, rakhi 2026, Silver Rakhi, Gifts for Sister, Rakhi for Brother, Rakhi fo"
127,GIVA Jewellery,@bhanvi.malhotra,⚪ OFF (Collab Only),0,376,16,0.00%,2026-07-27,https://www.instagram.com/p/DbTDtEAK0ll/,Post owned by partner (collab),"The brother package is standard. The Silver Rakhi is the upgrade. 😉  Use code HUG15 for 15% off  ( Rakhi, Pet Rakhi, Furry Sibling, Pawfect Bond, Furever Sibling, rakhi 2026, Silver Rakhi, Gifts for Sister, Rakhi for Brother, Rakhi for pets)  #AD #Bo"
128,Palmonas,@drishti_kharbanda,⚪ OFF (Collab Only),0,3,24,0.00%,2026-07-27,https://www.instagram.com/p/DbS823WJwYB/,Post owned by partner (collab),"I mean... it’s a win-win! 🤭 She gets to be late, I get to romanticise getting ready, a little longer, with Palmonas! 😌✨  [Everyday luxury, Demi-fine jewellery, 18k gold vermeil, Gold tone jewellery, Timeless, Buy Now, Elegance, Affordable luxury, Sho"
129,Palmonas,@palmonas.me,⚪ OFF (Collab Only),0,321,8,0.00%,2026-07-26,https://www.instagram.com/p/DbQZOUbto-X/,Post owned by partner (collab),"From India to the UAE...this has been on our vision board for a while✨ Our very first store is now open at Reem Mall, Abu Dhabi, and we couldn't have asked for a better place to mark this milestone💛  The doors are officially open. Come say hello!👋  ["
130,GIVA Jewellery,@jainmanya__,⚪ OFF (Collab Only),0,1630,20,0.00%,2026-07-25,https://www.instagram.com/p/DbOB8pZqXvO/,Post owned by partner (collab),"This Raksha Bandhan, I’m gifting him a silver Rakhi and GIVA men’s silver jewellery he’ll actually wear every day.   Use code MANYAJ15 for 15% off  ( Rakhi, Pet Rakhi, rakhi 2026, Silver Rakhi, Gifts for Sister, Rakhi for Brother)  #AD #BondsSealedIn"
131,GIVA Jewellery,@prashanth.amrutha,⚪ OFF (Collab Only),0,278,22,0.00%,2026-07-25,https://www.instagram.com/p/DbNlawqvaHA/,Post owned by partner (collab),"Celebrate your furry sibling with GIVA’s Pet Collection.  ( Rakhi, Pet Rakhi, Furry Sibling, Pawfect Bond, Furever Sibling, rakhi 2026, Silver Rakhi, Gifts for Sister, Rakhi for Brother, Rakhi for pets)  #BondsSealedInSilver #FureverSibling #GIVAJewe"
132,Palmonas,@bahaar_art,⚪ OFF (Collab Only),0,7588,105,0.00%,2026-07-25,https://www.instagram.com/p/DbN6QIrISSu/,Post owned by partner (collab),"Gen Z showing us how it’s done! I’d like to formally apologise to every gold and silver piece I insisted on keeping apart😬  We had a good run… the Palmonas x Tanya Ghavri Collection changed my mind😌✨  [Everyday luxury, Demi-fine jewellery, 18k gold v"
133,Anopchand Tilokchand (AT Jewell,@rotary.bhilai,⚪ OFF (Collab Only),300,51,3,18.53%,2026-07-24,https://www.instagram.com/p/DbMA180zpmS/,Post owned by partner (collab),Get a chance to win gold and silver powered by AT Jewellers..
134,GIVA Jewellery,@avantikahundaal,⚪ OFF (Collab Only),0,3364,140,0.00%,2026-07-24,https://www.instagram.com/p/DbLFfPHPHJ6/,Post owned by partner (collab),"The easiest way to stop your sister from stealing your jewellery? Gift her GIVA this Rakhi.   Use code BOND15 for 15% off  ( Rakhi, Pet Rakhi, Furry Sibling, Pawfect Bond, Furever Sibling, rakhi 2026, Silver Rakhi, Gifts for Sister, Rakhi for Brother"
135,GIVA Jewellery,@prackritipavani,⚪ OFF (Collab Only),0,3708,41,0.00%,2026-07-24,https://www.instagram.com/p/DbLeHp8yuLD/,Post owned by partner (collab),"This Raksha Bandhan, choose a Rakhi that’s as timeless as your bond 🤍  🥁 Use code PRAKRITI15 for 15% off and get the perfect Rakhi for your sibling!   ( Rakhi, Pet Rakhi, Furry Sibling, Pawfect Bond, Furever Sibling, rakhi 2026, Silver Rakhi, Gifts f"
136,Palmonas,@nidz_20,⚪ OFF (Collab Only),0,26536,158,0.00%,2026-07-24,https://www.instagram.com/p/DbLOV45sBFC/,Post owned by partner (collab),"I fear Jewellery Maxxing has officially maxxed its way into my personality… thankfully, there’s a collection that completely gets it✨ Shop the Palmonas x Tanya Ghavri Collection now🛍️  [Everyday luxury, Demi-fine jewellery, 18k gold vermeil, Gold ton"
137,Palmonas,@tanghavri,⚪ OFF (Collab Only),0,402,16,0.00%,2026-07-24,https://www.instagram.com/p/DbK7p_rJ1JJ/,Post owned by partner (collab),"Looksmaxxing reimagined through jewellery!  My take on the trend with Palmonas “Jewellery Maxxing” ✨  Tanya Ghavri collection now live on @palmonas_official website, go shop now!  #TanyaGhavri #Palmonas #DemiFine"
138,Palmonas,@teeyachawla,⚪ OFF (Collab Only),0,821,46,0.00%,2026-07-24,https://www.instagram.com/p/DbKlbe0ha-y/,Post owned by partner (collab),"You know I wasn't going to miss this✨ Palmonas' newest store is now open at DLF Galleria, Gurgaon, and I just had to be there!  Let's just say... my step count went up, and so did my jewellery collection.🛍️💫  [Everyday luxury, Demi-fine jewellery, 18"
139,Epari Govindam Jewellers,@nagamaniepari,⚪ OFF (Collab Only),2482,142,5,5.93%,2026-07-23,https://www.instagram.com/p/DbJQPt3q4Im/,Post owned by partner (collab),A New chapter begins...16.07.2026
140,Kalamandir Jewellers,@visha_modi,⚪ OFF (Collab Only),141274,4569,53,3.27%,2026-07-23,https://www.instagram.com/p/DbH9L54gUIk/,Post owned by partner (collab),✨ Some memories are more than moments. They’re the jewellery that keeps them alive.
141,GIVA Jewellery,@iamshivshakti,⚪ OFF (Collab Only),0,5921,110,0.00%,2026-07-23,https://www.instagram.com/p/DbIqm-gtOEP/,Post owned by partner (collab),"Matching with the one who follows me everywhere🐾 The cutest twinning moment, sealed in silver✨  Use code SACHDEV15 for 15% off  ( Rakhi, Pet Rakhi, Furry Sibling, Pawfect Bond, Furever Sibling, rakhi 2026, Silver Rakhi, Gifts for Sister, Rakhi for Br"
142,Palmonas,@apurrva_soni,⚪ OFF (Collab Only),0,16955,113,0.00%,2026-07-23,https://www.instagram.com/p/DbIiXdbh8WE/,Post owned by partner (collab),"Just a girl, a date to get ready for, and a little Palmonas magic to make the look complete✨💛  Comment LINK for jewellery details!🛍️ @shraddhakapoor @palmonas_official   [Everyday luxury, Demi-fine jewellery, 18k gold vermeil, Gold tone jewellery, Ti"
143,Anopchand Tilokchand (AT Jewell,@retailjewellerindiaawards,⚪ OFF (Collab Only),6838,12,0,18.04%,2026-07-22,https://www.instagram.com/p/DbFvJ9UjLT-/,Post owned by partner (collab),Where timeless heritage is crafted in gold.
144,Anopchand Tilokchand (AT Jewell,@rotary.bhilai,⚪ OFF (Collab Only),300,51,3,18.53%,2026-07-22,https://www.instagram.com/p/DbFdB9RTd2v/,Post owned by partner (collab),Dori is proud to be associated with @atjewellers
145,C.H. Jewellers,@khushaliichauhan,⚪ OFF (Collab Only),6837,174,6,2.65%,2026-07-21,https://www.instagram.com/p/DbDnjaGpLTO/,Post owned by partner (collab),Aa Gold & Diamond Jewellery deal share na karu toh chale j nahi! 😍✨
146,Malabar Gold & Diamonds,@minediamondsbymalabar,⚪ OFF (Collab Only),5269,8529,50,162.83%,2026-07-21,https://www.instagram.com/p/DbDjlcLsH5p/,Post owned by partner (collab),"The elegance of nature, reflected in every detail."
147,GIVA Jewellery,@_srihanna_,⚪ OFF (Collab Only),0,5508,56,0.00%,2026-07-21,https://www.instagram.com/p/DbCbq0jIbnb/,Post owned by partner (collab),"Some sibling bonds come with wagging tails and endless cuddles. Celebrate your furever sibling this Rakhi 🐾   Use code SRI15 for 15% off  ( Rakhi, Pet Rakhi, Furry Sibling, Pawfect Bond, Furever Sibling, rakhi 2026, Silver Rakhi, Gifts for Sister, Ra"
148,Palmonas,@tanghavri,⚪ OFF (Collab Only),0,555,4,0.00%,2026-07-21,https://www.instagram.com/p/DbBRA7xDdDI/,Post owned by partner (collab),"If Tanya Ghavri had access to your jewellery box... it’d probably look a lot like the Palmonas x Tanya Ghavri Collection. 😉✨  [Tanya Ghavri, Everyday luxury, Demi-fine jewellery, 18k gold vermeil, Gold tone jewellery, Timeless, Shraddha Kapoor Jewell"
149,Mor Jewellers,@makeupbyrumaisa_,⚪ OFF (Collab Only),2189,338,19,16.33%,2026-07-20,https://www.instagram.com/p/DbBCgPAM8l-/,Post owned by partner (collab),A very late final post from my favourite look 😍🌟🌟
150,GIVA Jewellery,@asba_suryani1911,⚪ OFF (Collab Only),0,1012,54,0.00%,2026-07-20,https://www.instagram.com/p/DbBJk9Dv2up/,Post owned by partner (collab),"No matter the country, Rakhi always finds its way home.    Ship your Rakhi internationally with GIVA and celebrate the bond beyond borders.  ( Rakhi, Pet Rakhi, Furry Sibling, Pawfect Bond, Furever Sibling, rakhi 2026, Silver Rakhi, Gifts for Sister,"
151,Palmonas,@tanghavri,⚪ OFF (Collab Only),0,2550,39,0.00%,2026-07-20,https://www.instagram.com/p/DbBKL6JTNlE/,Post owned by partner (collab),"I’ve always believed jewellery is what brings an outfit to life. Now, I’ve turned that philosophy into a collection.  Presenting the Palmonas x Tanya Ghavri Collection, where every piece is designed exactly the way I love to style—layered, stacked, m"
152,Malabar Gold & Diamonds,@minediamondsbymalabar,⚪ OFF (Collab Only),5269,8529,50,162.83%,2026-07-19,https://www.instagram.com/p/Da-dGwJM1_9/,Post owned by partner (collab),Drawn from the Earth’s finest details.​
153,P. N. Gadgil Jewellers (PNG),@ankitapoddaar,⚪ OFF (Collab Only),28888,111,9,42.15%,2026-07-19,https://www.instagram.com/p/Da-dgcaKcYk/,Post owned by partner (collab),"Discovered a beautiful new jewellery spot in Charholi, Pune, and I just had to tell you about it!"
154,C.H. Jewellers,@lifewitheeya,⚪ OFF (Collab Only),68371,5616,29,8.26%,2026-07-18,https://www.instagram.com/p/Da763mJtizy/,Post owned by partner (collab),Aa Gold & Diamond Jewellery deal share na karu toh chale j nahi! 😍✨
155,C.H. Jewellers,@siimrankaur_,⚪ OFF (Collab Only),32498,34366,86,106.02%,2026-07-18,https://www.instagram.com/p/Da7JWdBzuP9/,Post owned by partner (collab),Aa Gold & Diamond Jewellery deal share na karu toh chale j nahi! 😍✨
156,Malabar Gold & Diamonds,@minediamondsbymalabar,⚪ OFF (Collab Only),5269,8529,50,162.83%,2026-07-18,https://www.instagram.com/p/Da72st9MXYh/,Post owned by partner (collab),A pattern that never stands still.
157,Amrapali Jewels,@tarang_arora,⚪ OFF (Collab Only),31621,585,25,1.93%,2026-07-17,https://www.instagram.com/p/Da5UgTjIO4w/,Post owned by partner (collab),Warning: Causes Staring 🆘
158,C.H. Jewellers,@panktipathak25,⚪ OFF (Collab Only),152269,7455,51,4.93%,2026-07-17,https://www.instagram.com/p/Da5arQTAG6M/,Post owned by partner (collab),Aa Gold & Diamond Jewellery deal share na karu toh chale j nahi! 😍✨
159,C.H. Jewellers,@rjpujaofficial,⚪ OFF (Collab Only),125298,1270,21,1.03%,2026-07-17,https://www.instagram.com/p/Da5HFpWpWan/,Post owned by partner (collab),Aa Gold & Diamond Jewellery deal share na karu toh chale j nahi! 😍✨
160,C.H. Jewellers,@rjkshitij,🟢 ON (Formal Label),40940,409,12,1.03%,2026-07-17,https://www.instagram.com/p/Da4lgf0vk0O/,Post owned by partner (collab),Aa Gold & Diamond Jewellery deal share na karu toh chale j nahi! 😍✨
161,GRT Jewellers,@athulyaofficial,⚪ OFF (Collab Only),2438174,41641,167,1.71%,2026-07-17,https://www.instagram.com/p/Da5OF7fteNJ/,Post owned by partner (collab),"Aadi has arrived, and I couldn’t be more excited to begin my Aadi Thanga Thiruvizha shopping at  GRT Jewellers."
162,Kalamandir Jewellers,@ishani_kamdar,⚪ OFF (Collab Only),9715,400,27,4.41%,2026-07-17,https://www.instagram.com/p/Da5NcdAt57O/,Post owned by partner (collab),"If you've been waiting for the right time to buy jewellery, this is it."
163,Malabar Gold & Diamonds,@esharkansara,⚪ OFF (Collab Only),540805,8621,109,1.61%,2026-07-17,https://www.instagram.com/p/Da5Z8n5MbjH/,Post owned by partner (collab),Need you guys to decide for me which one looks the best on me 🫠
164,Malabar Gold & Diamonds,@minediamondsbymalabar,⚪ OFF (Collab Only),5269,8529,50,162.83%,2026-07-17,https://www.instagram.com/p/Da5UjghMx6F/,Post owned by partner (collab),Poised in every detail.​
165,Anopchand Tilokchand (AT Jewell,@mirchiricha,🟢 ON (Formal Label),12204,4923,37,40.65%,2026-07-16,https://www.instagram.com/p/Da2_LSdofVE/,Post owned by partner (collab),Offer aisa ki jewellery khud bula rahi hai 👀✨
166,Anopchand Tilokchand (AT Jewell,@wandering_homiess,⚪ OFF (Collab Only),57715,626,6,1.10%,2026-07-16,https://www.instagram.com/p/Da18vN4BDkF/,Post owned by partner (collab),"✨ Double the Blessings, Double the Savings! ✨"
167,C.H. Jewellers,@etc.byjiyal,⚪ OFF (Collab Only),30674,120,2,40.29%,2026-07-16,https://www.instagram.com/p/Da3Im1JzoDF/,Post owned by partner (collab),Aa Gold & Diamond Jewellery deal share na karu toh chale j nahi! 😍✨
168,Malabar Gold & Diamonds,@minediamondsbymalabar,⚪ OFF (Collab Only),5269,8529,50,162.83%,2026-07-16,https://www.instagram.com/p/Da2re-uMFl6/,Post owned by partner (collab),"The elegance of nature, seen through organic forms."
169,GIVA Jewellery,@aditi.chajjed,⚪ OFF (Collab Only),0,313,35,0.00%,2026-07-16,https://www.instagram.com/p/Da20DbqvojX/,Post owned by partner (collab),"The perfect gift? It starts with GIVA.  Shot and edited by @escape.with.rashi   Use code WORTH15 for 15% off  (GIVA jewellery, Silver jewellery, Fine silver Jewellery)  #AD  #GIVAJewellery #StyleSealedInSilver #FineSilverJewellery"
170,Anopchand Tilokchand (AT Jewell,@raipurview,⚪ OFF (Collab Only),33396,6188,107,18.86%,2026-07-15,https://www.instagram.com/p/Daz_6ZDPwVC/,Post owned by partner (collab),"✨ Double the Blessings, Double the Savings! ✨"
171,Anopchand Tilokchand (AT Jewell,@thelocaltube,⚪ OFF (Collab Only),43744,4641,68,10.77%,2026-07-15,https://www.instagram.com/p/Daz2M2PK4Da/,Post owned by partner (collab),"Golden deals are here, Raipur! 💛"
172,Anopchand Tilokchand (AT Jewell,@the_punjabi_vlogs_raipur,⚪ OFF (Collab Only),28833,18886,73,65.76%,2026-07-15,https://www.instagram.com/p/DazdePdIKXG/,Post owned by partner (collab),"Double the Blessings, Double the Savings! ✨"
173,Anopchand Tilokchand (AT Jewell,@bhilai.sahar,⚪ OFF (Collab Only),125957,10543,99,8.45%,2026-07-15,https://www.instagram.com/p/DazN73tiUtQ/,Post owned by partner (collab),"✨ Double the Blessings, Double the Savings! ✨"
174,Malabar Gold & Diamonds,@minediamondsbymalabar,⚪ OFF (Collab Only),5269,8529,50,162.83%,2026-07-15,https://www.instagram.com/p/Da0PyG3sNDo/,Post owned by partner (collab),There’s a certain fascination in things that move with precision.
175,P. N. Gadgil Jewellers (PNG),@thegulabigirl,⚪ OFF (Collab Only),352874,1115,38,32.70%,2026-07-15,https://www.instagram.com/p/Da0YrXqtjld/,Post owned by partner (collab),Some promises are spoken. The most meaningful ones are simply lived. Celebrate every chapter of your journey with premium Platinum Love Bands at PNG J
176,Anopchand Tilokchand (AT Jewell,@anand.unfiltered,⚪ OFF (Collab Only),53167,4386,16,8.28%,2026-07-14,https://www.instagram.com/p/Dax3BSjMwzY/,Post owned by partner (collab),"✨ Double the Blessings, Double the Savings! ✨"
177,Anopchand Tilokchand (AT Jewell,@varshasahu.official,⚪ OFF (Collab Only),36465,321,32,97.10%,2026-07-14,https://www.instagram.com/p/Daw_2rFIper/,Post owned by partner (collab),"✨ Double the Blessings, Double the Savings! ✨"
178,Anopchand Tilokchand (AT Jewell,@foodie.raipurian,⚪ OFF (Collab Only),82925,61376,529,74.65%,2026-07-14,https://www.instagram.com/p/Daw_XKdupcS/,Post owned by partner (collab),"✨ Double the Blessings, Double the Savings! ✨"
179,Anopchand Tilokchand (AT Jewell,@ashikakotecha_,⚪ OFF (Collab Only),93038,2380,45,2.61%,2026-07-14,https://www.instagram.com/p/DawjS4yslMj/,Post owned by partner (collab),"✨ Double the Blessings, Double the Savings! ✨"
180,Anopchand Tilokchand (AT Jewell,@tasteofbhilai,⚪ OFF (Collab Only),46450,978,9,2.13%,2026-07-14,https://www.instagram.com/p/DawfHTqIA6J/,Post owned by partner (collab),"🏷 ✨ Double the Blessings, Double the Savings! ✨"
181,Malabar Gold & Diamonds,@minediamondsbymalabar,⚪ OFF (Collab Only),5269,8529,50,162.83%,2026-07-14,https://www.instagram.com/p/Daxj9JoMxie/,Post owned by partner (collab),A masterpiece hidden within the symmetry of honeycomb.💎
182,Malabar Gold & Diamonds,@athmika_sumithran,⚪ OFF (Collab Only),873564,16584,1218,2.04%,2026-07-14,https://www.instagram.com/p/DawoyBWTOYL/,Post owned by partner (collab),Some jewellery completes a look.
183,GIVA Jewellery,@avantikaa.j,⚪ OFF (Collab Only),0,769,30,0.00%,2026-07-14,https://www.instagram.com/p/Daw3p34TA5F/,Post owned by partner (collab),"The answer to every jewellery question✨  Use code AVANTIKA15 for 15% off  (GIVA jewellery, Silver jewellery, Fine silver Jewellery) #AD  #GIVAJewellery #StyleSealedInSilver #FineSilverJewellery"
184,Palmonas,@rishagowda_official,⚪ OFF (Collab Only),0,4142,8,0.00%,2026-07-14,https://www.instagram.com/p/Daxe7AeTnRT/,Post owned by partner (collab),"Bengaluru, you’ve got a new spot to add to your weekend itinerary! 🤩✨  Palmonas has opened their 75th store in Marathahalli, and everything here is making it impossible to leave empty-handed. 😌🤌💫  Visit the store NOW. 🛍️  [Everyday luxury, Demi-fine "
185,Anopchand Tilokchand (AT Jewell,@raipur_explore_,⚪ OFF (Collab Only),65770,1122,16,1.73%,2026-07-13,https://www.instagram.com/p/DavMjzYsdLb/,Post owned by partner (collab),"✨ Double the Blessings, Double the Savings! ✨"
186,Anopchand Tilokchand (AT Jewell,@bhiyaoooraipur,⚪ OFF (Collab Only),151216,279,5,18.85%,2026-07-13,https://www.instagram.com/p/DauglZBMBvI/,Post owned by partner (collab),"✨ Double the Blessings, Double the Savings! ✨"
187,Anopchand Tilokchand (AT Jewell,@__safarnaama_raipur__,⚪ OFF (Collab Only),57568,416,7,73.67%,2026-07-13,https://www.instagram.com/p/DaueBPgT_d7/,Post owned by partner (collab),Celebrate our 70th Anniversary with Central India’s biggest jewellery offer.
188,Anopchand Tilokchand (AT Jewell,@hiraipur,⚪ OFF (Collab Only),209667,763,104,41.38%,2026-07-13,https://www.instagram.com/p/DauURQ9Szh6/,Post owned by partner (collab),"✨ Double the Blessings, Double the Savings! ✨"
189,Anopchand Tilokchand (AT Jewell,@explore_with_shaili,⚪ OFF (Collab Only),46092,207,8,46.77%,2026-07-13,https://www.instagram.com/p/Dat_MPQTBlz/,Post owned by partner (collab),सोने की खरीदी पर ₹7000 की बचत 🧐😱
190,Malabar Gold & Diamonds,@minediamondsbymalabar,⚪ OFF (Collab Only),5269,8529,50,162.83%,2026-07-13,https://www.instagram.com/p/DavFa5NJxIv/,Post owned by partner (collab),Nature’s most remarkable patterns never go unnoticed.​
191,Malabar Gold & Diamonds,@nikimehra,⚪ OFF (Collab Only),575344,10531,969,2.00%,2026-07-13,https://www.instagram.com/p/Dau4rwazjz9/,Post owned by partner (collab),Some jewellery catches your eye. The right jewellery makes you look twice✨
192,P. N. Gadgil Jewellers (PNG),@rinee_19_,⚪ OFF (Collab Only),42986,7246,173,17.26%,2026-07-13,https://www.instagram.com/p/DavCLhtBwWe/,Post owned by partner (collab),"Found my newest obsession... and yes, it’s natural. 💙✨"
193,Sri Jagdamba Pearls,@jagdambapearlsstore,⚪ OFF (Collab Only),38063,106,14,31.94%,2026-07-13,https://www.instagram.com/p/DauQBVOizdB/,Post owned by partner (collab),Dr.AS Rao Nagar Store
194,GIVA Jewellery,@sushmitajoshii,⚪ OFF (Collab Only),0,352,31,0.00%,2026-07-13,https://www.instagram.com/p/DavFh--P-4J/,Post owned by partner (collab),"A symphony in silver  (Fine silver jewellery, Rose gold jewellery, Everyday jewellery, Cool girl jewellery)   #StyleSealedInSilver #GIVAJewellery #FineSilverJewellery #Thalassa"
195,Palmonas,@apeksha_porwal,⚪ OFF (Collab Only),0,2779,68,0.00%,2026-07-13,https://www.instagram.com/p/Dau66G0NiFL/,Post owned by partner (collab),"I’ve always had a heart for beautiful things... 💌✨ The kind you keep coming back to, the kind that becomes a part of you... And Palmonas is one of them!🪻💫  [Everyday luxury, Demi-fine jewellery, 18k gold vermeil, Gold tone jewellery, Timeless, Buy No"
196,Malabar Gold & Diamonds,@minediamondsbymalabar,⚪ OFF (Collab Only),5269,8529,50,162.83%,2026-07-12,https://www.instagram.com/p/DasYwOFsWJm/,Post owned by partner (collab),"Enchanting details, timeless allure."
197,Tanishq,@rahulmishra_7,⚪ OFF (Collab Only),959381,3462,41,36.52%,2026-07-12,https://www.instagram.com/p/Darbvtozkfg/,Post owned by partner (collab),"Thank you, REI AMI, for a beautiful first."
198,GIVA Jewellery,@parika_saini,⚪ OFF (Collab Only),0,3,22,0.00%,2026-07-12,https://www.instagram.com/p/Dar6rCuie2m/,Post owned by partner (collab),"Not gatekeeping this one 🤍  Turn your old jewellery into ₹500 vouchers per piece at GIVA ✨  Use code STEP15 for 15% off . . . (GIVA jewellery, GIVA jewellery exchange fest, Silver jewellery, Fine silver Jewellery) #AD #ArtificialDoSilverLo #GIVAJewel"
199,Anopchand Tilokchand (AT Jewell,@atjewellersbhilai,⚪ OFF (Collab Only),1480,305,8,21.24%,2026-07-11,https://www.instagram.com/p/Dao_Bm_sA9s/,Post owned by partner (collab),*A Heartfelt Thank You!* ❤️✨
200,Malabar Gold & Diamonds,@stylebyami,⚪ OFF (Collab Only),820564,35196,81,4.30%,2026-07-11,https://www.instagram.com/p/Dap1HqVNABn/,Post owned by partner (collab),"How do I actually pick jewellery? Not by gut feel, but by design. 💎✨"
201,P. N. Gadgil Jewellers (PNG),@nandinichatterjeee,⚪ OFF (Collab Only),84818,550,33,68.78%,2026-07-11,https://www.instagram.com/p/DapzTM5sjpk/,Post owned by partner (collab),"If you’ve been waiting for the perfect time to own natural diamonds... this might be it. Dropped by PNG Jewellers, NIBM Pune and fell in love with the"
202,Kalamandir Jewellers,@aditi_vinayak_dravid,⚪ OFF (Collab Only),217838,2081,28,96.87%,2026-07-10,https://www.instagram.com/p/DamszGyNjHF/,Post owned by partner (collab),The wait is officially over. ✨
203,Ulhas Jewellers,@pridora.by_ulhas,⚪ OFF (Collab Only),1371,14,0,1.05%,2026-07-10,https://www.instagram.com/p/DambpPbIC76/,Post owned by partner (collab),🏆⚽ Who do you think will lift the FIFA World Cup 2026 trophy? 🌍✨
204,Palmonas,@palmonas.me,⚪ OFF (Collab Only),0,152,6,0.00%,2026-07-10,https://www.instagram.com/p/DanhHgiNto1/,Post owned by partner (collab),"Some pieces make it into your jewellery box. 😌 The good ones never really make it back... They're a part of every rotation! 🤌✨  Palmonas has arrived in the UAE. Discover your next favourites, now online and in stores. 🇦🇪💫  [Palmonas, UAE, Palmonas In"
205,Malabar Gold & Diamonds,@minediamondsbymalabar,⚪ OFF (Collab Only),5269,8529,50,162.83%,2026-07-09,https://www.instagram.com/p/Dakuz84sw5U/,Post owned by partner (collab),Every detail moves with purpose.
206,GIVA Jewellery,@agranisinghh,⚪ OFF (Collab Only),0,3,18,0.00%,2026-07-09,https://www.instagram.com/p/Dakqe26TBnx/,Post owned by partner (collab),"Turn forgotten jewellery into your next GIVA obsession.✨  Use code  AGRANI15  for 15% off  (GIVA jewellery, GIVA jewellery exchange fest, Silver jewellery, Fine silver Jewellery)  #AD #ArtificialDoSilverLo #GIVAJewelleryExchangeFestIsBack #GIVAJewell"
207,Palmonas,@thecozyvibe,⚪ OFF (Collab Only),0,12655,61,0.00%,2026-07-09,https://www.instagram.com/p/Dak5B9Ig5xY/,Post owned by partner (collab),"Paris is for romantics...✨ but I’m just here... romanticising my jewellery! 😌🌻💫 The cafés, the streets, the sparkle... I’m choosing all of the above! 💖🤌  [Everyday luxury, Demi-fine jewellery, 18k gold vermeil, Gold tone jewellery, Timeless, Buy Now,"
208,C.H. Jewellers,@luckycharmss.95,⚪ OFF (Collab Only),1401,2298,4,164.42%,2026-07-08,https://www.instagram.com/p/Dag3-VOOMq0/,Post owned by partner (collab),A lifetime of love in one unforgettable moment ✨
209,Kalamandir Jewellers,@darshita.ttdp,⚪ OFF (Collab Only),45376,5218,53,11.62%,2026-07-08,https://www.instagram.com/p/DahTsp5s15v/,Post owned by partner (collab),"This isn’t a jewellery story. It’s a story about fear, confidence, and finally choosing myself."
210,Malabar Gold & Diamonds,@minediamondsbymalabar,⚪ OFF (Collab Only),5269,8529,50,162.83%,2026-07-08,https://www.instagram.com/p/DaiGUR5M9pF/,Post owned by partner (collab),Elegance lies in the details.
211,Malabar Gold & Diamonds,@minediamondsbymalabar,⚪ OFF (Collab Only),5269,8529,50,162.83%,2026-07-07,https://www.instagram.com/p/DafiKLhjF6G/,Post owned by partner (collab),"An ode to the Earth’s timeless beauty, crafted to perfection."
212,Mor Jewellers,@celebration.capturing,⚪ OFF (Collab Only),2236,322,27,15.66%,2026-07-07,https://www.instagram.com/p/DafgZoYKmE0/,Post owned by partner (collab),Bridal Campaign 2026
213,Palmonas,@caffeine_and_more,⚪ OFF (Collab Only),0,3104,98,0.00%,2026-07-07,https://www.instagram.com/p/DafccpBy43g/,Post owned by partner (collab),"Retail therapy hits different when every shelf gives you another reason to stay! 😌✨ Pretty corners, prettier jewellery, and the kind of store you accidentally spend an hour in... 💫🤌🛍️  One visit to the Palmonas store at Wave Courtyard, Noida is all i"
214,Malabar Gold & Diamonds,@minediamondsbymalabar,⚪ OFF (Collab Only),5269,8529,50,162.83%,2026-07-06,https://www.instagram.com/p/Dac6vQXMXlE/,Post owned by partner (collab),Precision has never looked so beautiful.​
215,Mor Jewellers,@sanasaqibofficial,⚪ OFF (Collab Only),65826,5048,74,7.78%,2026-07-06,https://www.instagram.com/p/DadaUlfIOW4/,Post owned by partner (collab),✨ Shalimar bride
216,GIVA Jewellery,@samruddhi_kori,⚪ OFF (Collab Only),0,3,12,0.00%,2026-07-06,https://www.instagram.com/p/DaccUl_o8a9/,Post owned by partner (collab),"Once you wear silver like this, there’s no going back.  Use code CHRM15 for 15% off   (GIVA jewellery, Silver jewellery, Fine silver Jewellery)  #AD #StyleSealedInSilver #GIVAJewellery #FineSilverJewellery"
217,GRT Jewellers,@meghashetty_officiall,⚪ OFF (Collab Only),1246575,54546,288,4.40%,2026-07-05,https://www.instagram.com/p/DaadVlvohcd/,Post owned by partner (collab),"A visit to GRT Jewellers is always an experience to cherish! ✨ I couldn’t stop admiring their versatile range of gold jewellery, contemporary diamond"
218,GRT Jewellers,@bhanuu_1006,⚪ OFF (Collab Only),1937522,59578,436,3.10%,2026-07-05,https://www.instagram.com/p/DaacRx9pSxE/,Post owned by partner (collab),Looking for trendy & stunning jewellery designs with the finest craftsmanship?
219,Malabar Gold & Diamonds,@minediamondsbymalabar,⚪ OFF (Collab Only),5269,8529,50,162.83%,2026-07-05,https://www.instagram.com/p/DaaV8wls9O3/,Post owned by partner (collab),A statement in every detail.
220,Mor Jewellers,@sanasaqibofficial,⚪ OFF (Collab Only),65826,5048,74,7.78%,2026-07-05,https://www.instagram.com/p/Daa6lcYIlU2/,Post owned by partner (collab),Shlima bridal campaign 2026_2027
221,Malabar Gold & Diamonds,@minediamondsbymalabar,⚪ OFF (Collab Only),5269,8529,50,162.83%,2026-07-04,https://www.instagram.com/p/DaXyWOwjMfz/,Post owned by partner (collab),Crafted to mesmerise and leave a lasting impression.
222,Mor Jewellers,@theremfilms_trf,⚪ OFF (Collab Only),283,776,31,285.22%,2026-07-04,https://www.instagram.com/p/DaXsYJZDJ6f/,Post owned by partner (collab),Walima Bridal Campaign 2026–2027 💍🤍
223,Palmonas,@komalsinghh___,⚪ OFF (Collab Only),0,11256,71,0.00%,2026-07-04,https://www.instagram.com/p/DaXaxkGATiV/,Post owned by partner (collab),"Turns out, Palmonas is just as much of a beach baby as I am! 🌊🤍🐚  [Everyday luxury, Demi-fine jewellery, 18k gold vermeil, Gold tone jewellery, Timeless, Buy Now, Elegance, Affordable luxury, Shop Now, Visit our jewellery store near you, Palmonas]  #"
224,GRT Jewellers,@teju_ashwini,⚪ OFF (Collab Only),1211959,50412,231,4.18%,2026-07-03,https://www.instagram.com/p/DaVNrIUTMxe/,Post owned by partner (collab),"Coimbatore, I am so excited to show you the grand, newly renovated GRT Jewellers showroom in Gandhipuram! Explore exquisite and stunning Gold, Diamond"
225,Malabar Gold & Diamonds,@minediamondsbymalabar,⚪ OFF (Collab Only),5269,8529,50,162.83%,2026-07-03,https://www.instagram.com/p/DaVRGKGMrDb/,Post owned by partner (collab),"The language of the Earth, translated into fine jewellery.​"
226,GIVA Jewellery,@anshuljr,⚪ OFF (Collab Only),0,3,86,0.00%,2026-07-03,https://www.instagram.com/p/DaVO6oYJaKm/,Post owned by partner (collab),"Every winning look starts with the right accessories.  Use code  ANSHUL15 for 15% off  (Fine silver jewellery, FIFA World cup 2026, Rose gold jewellery, Everyday jewellery, Cool girl jewellery)   #GIVAMEN #StyleSealedInSilver #GIVAJewellery #FineSilv"
227,Malabar Gold & Diamonds,@minediamondsbymalabar,⚪ OFF (Collab Only),5269,8529,50,162.83%,2026-07-02,https://www.instagram.com/p/DaSvnfADOK-/,Post owned by partner (collab),"An inspiration of elegance, brought to life in every detail."
228,Palmonas,@justjanvi,⚪ OFF (Collab Only),0,9952,55,0.00%,2026-07-02,https://www.instagram.com/p/DaSlxg_ByQt/,Post owned by partner (collab),"Can’t promise I’ll make it to the gym, but I’ll always show up with good jewellery! 😌✨  [Everyday luxury, Demi-fine jewellery, 18k gold vermeil, Gold tone jewellery, Timeless, Buy Now, Elegance, Affordable luxury, Shop Now, Visit our jewellery store "
229,Malabar Gold & Diamonds,@minediamondsbymalabar,⚪ OFF (Collab Only),5269,8529,50,162.83%,2026-07-01,https://www.instagram.com/p/DaP_PBAMSq-/,Post owned by partner (collab),For moments that deserve something extraordinary.
230,Palmonas,@mishreena_matta,⚪ OFF (Collab Only),0,2107,43,0.00%,2026-07-01,https://www.instagram.com/p/DaQUMG_PdGs/,Post owned by partner (collab),"My outfits have one non-negotiable: Palmonas! ✨🌻  It’s the one thing that makes every look feel complete. Safe to say, it’s part of the routine now! 😌  [Everyday luxury, Demi-fine jewellery, 18k gold vermeil, Gold tone jewellery, Timeless, Buy Now, E"
231,Palmonas,@faby_makeupartist,⚪ OFF (Collab Only),0,5347,76,0.00%,2026-07-01,https://www.instagram.com/p/DaQAstGNeqR/,Post owned by partner (collab),"There’s nothing like making memories in a new city... 🌆✨  Especially with jewellery that’s there for every moment! 💫  [Everyday luxury, Demi-fine jewellery, 18k gold vermeil, Gold tone jewellery, Timeless, Buy Now, Elegance, Affordable luxury, Shop N"
232,Mor Jewellers,@sanasaqibofficial,⚪ OFF (Collab Only),65826,5048,74,7.78%,2026-06-30,https://www.instagram.com/p/DaON7GQoplR/,Post owned by partner (collab),Can’t wait to share My upcoming Sahlima bride 👰 campaign for my upcoming brides ❤️💕 stay tuned
233,Senco Gold & Diamonds,@singini.chowdhury,🟢 ON (Formal Label),123719,1436,48,1.20%,2026-06-30,https://www.instagram.com/p/DaMv-evhH-1/,Post owned by partner (collab),Not every jewellery piece needs a big moment to make it out of your closet. Some are meant to make your halke-phulke moments special!
234,Anopchand Tilokchand (AT Jewell,@bhiyaoooraipur,⚪ OFF (Collab Only),151216,279,5,18.85%,2026-06-29,https://www.instagram.com/p/DaLGhXwsJ2Q/,Post owned by partner (collab),"Call 9639430003,9639020002"
235,Lalithaa Jewellery,@lalithaajewellerykannada_,⚪ OFF (Collab Only),11319,110,2,99.32%,2026-06-29,https://www.instagram.com/p/DaK0E2ciX-5/,Post owned by partner (collab),Effortless luxury in rose gold for every moment 🥂
236,Malabar Gold & Diamonds,@aparnathomas,🟢 ON (Formal Label),898678,14282,396,1.63%,2026-06-29,https://www.instagram.com/p/DaKPeJbPH01/,Post owned by partner (collab),A woman is a story told through many beautiful chapters.
237,Sri Jagdamba Pearls,@nikki_fashionworld,⚪ OFF (Collab Only),50046,107,60,33.42%,2026-06-29,https://www.instagram.com/p/DaKVj6NgKgO/,Post owned by partner (collab),✨ Shine brighter with timeless elegance at Jagadamba Pearls! ✨
238,Palmonas,@soundousmoufakir,⚪ OFF (Collab Only),0,734,23,0.00%,2026-06-29,https://www.instagram.com/p/DaK5VvGhcuk/,Post owned by partner (collab),"This monsoon, I can confirm a sharp rise in jewellery collections over the coming days ☔💫, driven by heavy showers from Palmonas’ Monsoon Sale! So, act accordingly and go shop now! 📢✨  [Everyday luxury, Demi-fine jewellery, 18k gold vermeil, Gold ton"
239,Malabar Gold & Diamonds,@pranwesha,⚪ OFF (Collab Only),508401,4287,58,85.47%,2026-06-28,https://www.instagram.com/p/DaIX-YCqvZi/,Post owned by partner (collab),"Every main character knows - it’s never just about the outfit, it’s about the finishing touch. 💎"
240,P. C. Chandra Jewellers,@shreellous,🟢 ON (Formal Label),165834,4274,106,2.64%,2026-06-28,https://www.instagram.com/p/DaIWy5rpVaH/,Post owned by partner (collab),"I’ve always found it difficult to part with old jewellery, not because of its value, but because of the memories attached to it."
241,Sri Jagdamba Pearls,@everydayy_seriess,⚪ OFF (Collab Only),21305,847,24,4.09%,2026-06-28,https://www.instagram.com/p/DaIAiAbRXpW/,Post owned by partner (collab),June month of pearls🤍
242,Palmonas,@underneat.in,⚪ OFF (Collab Only),0,648,8,0.00%,2026-06-28,https://www.instagram.com/p/DaHsdpFNFyR/,Post owned by partner (collab),"POV: The best part of the collab wasn’t the campaign. It was you.  From your everyday fits to your special occasion looks, you made the @palmonas_official × @underneat.in story your own.  Here’s a little love letter to our community and all the incre"
243,Palmonas,@priyanka_balbudhe23,⚪ OFF (Collab Only),0,6371,33,0.00%,2026-06-28,https://www.instagram.com/p/DaGL7heO0VT/,Post owned by partner (collab),"Just me, my playlist, miles of walking, and my favourite pieces from Palmonas! 🎶✨🤌  Turns out, the best travel companion is the one that goes with every outfit! 😌 At this point, they’ve seen just as much of New York as I have. 🤭🗽  [Everyday luxury, D"
244,Malabar Gold & Diamonds,@anmolbhatia_,⚪ OFF (Collab Only),1000307,10042,47,1.01%,2026-06-27,https://www.instagram.com/p/DaF2pn-vBg_/,Post owned by partner (collab),"Some jewellery catches your eye, but the NUWA Collection by @minediamondsbymalabar makes you stop and look closer. ✨"
245,B.C. Sen Jewellers,@sreenandashankar,⚪ OFF (Collab Only),399594,1130,26,28.95%,2026-06-26,https://www.instagram.com/p/DaCGI2_SIBL/,Post owned by partner (collab),Choosing the right jeweller makes all the difference when exchanging old gold. That’s why I chose @bcsenjewellers ..
246,Malabar Gold & Diamonds,@ishanibhattacharya,⚪ OFF (Collab Only),558704,22634,122,4.07%,2026-06-26,https://www.instagram.com/p/DaDLwsEzKTd/,Post owned by partner (collab),"Fell in love with the Nuwa Natural Diamond Collection by @minediamondsbymalabar ✨ Inspired by nature’s beauty, every piece blends natural diamonds, vi"
247,Senco Gold & Diamonds,@sonalimitra_,🟢 ON (Formal Label),307535,8969,62,2.94%,2026-06-26,https://www.instagram.com/p/DaDSSD9Pk7S/,Post owned by partner (collab),"Some outfit dilemmas never get old. Luckily, your jewellery doesn’t have to."
248,Palmonas,@getwetfitofficial,⚪ OFF (Collab Only),0,203,4,0.00%,2026-06-26,https://www.instagram.com/p/DaCgHiuttho/,Post owned by partner (collab),"Not your usual evening. Not your usual Pilates class. 🌊✨  Floating between balance and chaos, calm and laughter, we brought Pune’s first Aqua Pilates experience to life as the sun set around us.  A reminder that the best memories are often made when "
249,B.C. Sen Jewellers,@tanusreeshankar,⚪ OFF (Collab Only),227383,725,13,32.49%,2026-06-25,https://www.instagram.com/p/DZ_sbFuI5Nh/,Post owned by partner (collab),"When it came to exchanging my old gold, trust and transparency mattered the most."
250,Palmonas,@dishaagarwalllll,⚪ OFF (Collab Only),0,10021,90,0.00%,2026-06-25,https://www.instagram.com/p/DaAhJPUob31/,Post owned by partner (collab),"Every click is music to my ears, and Palmonas is playing all the right notes! 🎶✨  From the sparkle to the stacks, every little detail is pure serotonin! 😌🤌  [Everyday luxury, Demi-fine jewellery, 18k gold vermeil, Gold tone jewellery, Timeless, Buy N"
251,GRT Jewellers,@tamil_rithika,⚪ OFF (Collab Only),1830277,18461,46,1.01%,2026-06-24,https://www.instagram.com/p/DZ-GW_Qy8kf/,Post owned by partner (collab),"I walked into the grand GRT Jewellers showroom in Gandhipuram, Coimbatore thinking I’d explore a few silver designs, but ended up discovering an entir"
252,P. C. Chandra Jewellers,@adrija_roy_official,⚪ OFF (Collab Only),1035144,30024,304,2.93%,2026-06-24,https://www.instagram.com/p/DZ-E4cwgsAI/,Post owned by partner (collab),"A treasure that looks inherited, yet crafted for today."
253,Senco Gold & Diamonds,@itsrosidas,⚪ OFF (Collab Only),155309,2586,67,1.71%,2026-06-24,https://www.instagram.com/p/DZ-Gu7XJmk-/,Post owned by partner (collab),Not every thought needs overthinking.
254,Palmonas,@snigdha_officiall,⚪ OFF (Collab Only),0,11546,58,0.00%,2026-06-24,https://www.instagram.com/p/DZ-BFQcK9Zm/,Post owned by partner (collab),"Couldn’t hear me? That’s okay. The jewellery got the message across. And frankly, it said it better. ☔😌✨ What was the message, you ask?  Palmonas’ Monsoon Sale is LIVE. Go shop now! 💫  [Everyday luxury, Demi-fine jewellery, 18k gold vermeil, Gold ton"
255,Malabar Gold & Diamonds,@voguethics_official,⚪ OFF (Collab Only),1466241,46197,230,3.17%,2026-06-23,https://www.instagram.com/p/DZ7iiNqMuMl/,Post owned by partner (collab),Some jewellery catches your eye. Some stays on your mind ✨
256,Malabar Gold & Diamonds,@mirnaliniravi,🟢 ON (Formal Label),1486479,56846,294,3.84%,2026-06-23,https://www.instagram.com/p/DZ7cgaROXLc/,Post owned by partner (collab),There’s no better way to celebrate another year of growth than by investing in pieces that truly define who I am.
257,Mor Jewellers,@team.rameesha,⚪ OFF (Collab Only),549,73,6,14.54%,2026-06-23,https://www.instagram.com/p/DZ7SW3hCrz_/,Post owned by partner (collab),Team Bride // Assistant Bride // Mehndi
258,P. C. Chandra Jewellers,@megha_sidharth,⚪ OFF (Collab Only),222890,3334,48,1.52%,2026-06-23,https://www.instagram.com/p/DZ7akAaymvV/,Post owned by partner (collab),"I think most of us have that one jewellery box filled with pieces we haven’t worn in years. We rarely think about them, but what surprised me was real"
259,Sri Jagdamba Pearls,@ladhanifemina,⚪ OFF (Collab Only),141885,172,35,14.61%,2026-06-23,https://www.instagram.com/p/DZ7suU0PJ0z/,Post owned by partner (collab),Ehsaas E Pearls by Sri Jagdamba Pearls✨
260,Palmonas,@tarunaadhillon,⚪ OFF (Collab Only),0,17412,57,0.00%,2026-06-23,https://www.instagram.com/p/DZ7bFIFTv7G/,Post owned by partner (collab),"I believe every cinematic rain sequence deserves the perfect jewellery stack.. 🎬☔✨ Luckily, Palmonas and I share the same vision! 😌💖  And with the Monsoon Sale now live, building that stack has never looked better! 🌻💫  [Everyday luxury, Demi-fine jew"
261,Senco Gold & Diamonds,@shrutimajumdarr,⚪ OFF (Collab Only),48469,12718,49,26.34%,2026-06-22,https://www.instagram.com/p/DZ42u4UhTdd/,Post owned by partner (collab),"Corporate baddies, hear us out - we mean business!"
262,Palmonas,@ravinasharma_,⚪ OFF (Collab Only),0,5247,39,0.00%,2026-06-22,https://www.instagram.com/p/DZ5JfYzIMH0/,Post owned by partner (collab),"The weather may be unpredictable, but my love for jewellery isn’t... 😌⛈️✨  Especially during monsoon season, when every piece gives me a reason to step out! 😉✨  Palmonas’ Monsoon Sale is LIVE. Shop now! ⚡  [Everyday luxury, Demi-fine jewellery, 18k g"
263,Palmonas,@nyasajatavvvv,⚪ OFF (Collab Only),0,2696,15,0.00%,2026-06-22,https://www.instagram.com/p/DZ423evM9d1/,Post owned by partner (collab),"Whoever said “save it for a rainy day” had a point. We’re just talking about a different kind of saving🌦️  And since it’s already pouring outside, you might as well Get Drenched in Palmonas, too✨  Shop the Monsoon Sale now🛍️  [Everyday luxury, Demi-f"
264,Anopchand Tilokchand (AT Jewell,@siddharth.baradia,⚪ OFF (Collab Only),2447,218,10,9.37%,2026-06-21,https://www.instagram.com/p/DZ1QtoCCC-M/,Post owned by partner (collab),The sparkle you’ve been waiting for has officially arrived. AT Jewellers is thrilled to announce the grand launch of our brand-new showroom at Nehru N
265,Mor Jewellers,@team.rameesha,⚪ OFF (Collab Only),549,73,6,14.54%,2026-06-21,https://www.instagram.com/p/DZ23G6EiugJ/,Post owned by partner (collab),Team Bride // Assistant Artist//Baraat ❤️
266,P. C. Chandra Jewellers,@adrija_roy_official,⚪ OFF (Collab Only),1035144,30024,304,2.93%,2026-06-21,https://www.instagram.com/p/DZ1aa9vMobY/,Post owned by partner (collab),Some of the strongest forms of love are often the quietest.
267,Palmonas,@jagritikatyal,⚪ OFF (Collab Only),0,615,14,0.00%,2026-06-21,https://www.instagram.com/p/DZ1onZ4oTzV/,Post owned by partner (collab),"Dad’s price guessing skills? Questionable👀 The gifting game? Unmatched💛  This Father’s Day, celebrate him with pieces he’ll love at prices that’ll surprise him with @palmonas✨😌  [Everyday luxury, Demi-fine jewellery, 18k gold vermeil, Gold tone jewel"
268,Anopchand Tilokchand (AT Jewell,@atjewellersbhilai,⚪ OFF (Collab Only),1480,305,8,21.24%,2026-06-20,https://www.instagram.com/p/DZz10PKAz81/,Post owned by partner (collab),✨ Your Love Makes Us Shine Brighter ✨
269,Palmonas,@hastu__goyal,⚪ OFF (Collab Only),0,14053,61,0.00%,2026-06-20,https://www.instagram.com/p/DZzqVNCRY4R/,Post owned by partner (collab),"Walking through monsoon season like it’s a music video, because my jewellery refuses to have an indoor personality ☔  The Monsoon Sale is live, and apparently so is my shopping impulse! 🌧️  {Everyday luxury, Demi-fine jewellery, 18k gold vermeil, Gol"
270,Anopchand Tilokchand (AT Jewell,@atjewellersbhilai,⚪ OFF (Collab Only),1480,305,8,21.24%,2026-06-19,https://www.instagram.com/p/DZx0Eltgx0D/,Post owned by partner (collab),✨ What a Beginning! ✨
271,Anopchand Tilokchand (AT Jewell,@atjewellersbhilai,⚪ OFF (Collab Only),1480,305,8,21.24%,2026-06-19,https://www.instagram.com/p/DZx0Aq2ghKz/,Post owned by partner (collab),"Bhilai, you have truly overwhelmed us with your love! ❤️"
272,P. C. Chandra Jewellers,@garimasgoodlife,⚪ OFF (Collab Only),594976,25223,1597,4.51%,2026-06-19,https://www.instagram.com/p/DZwXvrOxdEY/,Post owned by partner (collab),"I had been wanting to style a chic gold bracelet with my watch for the longest time, but instead of buying new gold, I decided to explore a smarter op"
273,Sri Jagdamba Pearls,@shivani.rauv,⚪ OFF (Collab Only),367566,8925,27,2.44%,2026-06-19,https://www.instagram.com/p/DZwzS0Cuz6w/,Post owned by partner (collab),Visit www.jpearls.com and use my code [YOUR CODE] to avail an extra 5% OFF on top of the ongoing Flat 50% OFF across the entire Pearl & Gemstone Colle
274,Sri Jagdamba Pearls,@jagdambapearlsstore,⚪ OFF (Collab Only),38063,106,14,31.94%,2026-06-19,https://www.instagram.com/p/DZwXId9x0mS/,Post owned by partner (collab),Visit our store in lulu mall Bangalore ❤️
275,Palmonas,@prathawashere,⚪ OFF (Collab Only),0,15948,242,0.00%,2026-06-19,https://www.instagram.com/p/DZxZV18qBIr/,Post owned by partner (collab),"Every monsoon commute feels like a side quest I never signed up for... ☔😮‍💨  Meanwhile, my jewellery treats it like a minor inconvenience and carries the entire look home! 😌🌻✨   Shop the Monsoon Sale while the offers are pouring in!⚡  [Everyday luxur"
276,Malabar Gold & Diamonds,@bunnyvox,⚪ OFF (Collab Only),2127245,246375,718,11.62%,2026-06-18,https://www.instagram.com/p/DZuvdFNpuQb/,Post owned by partner (collab),I love jewellery that doesn’t just accessorize an outfit—it defines it.
277,Palmonas,@veronica_awungshi,⚪ OFF (Collab Only),0,11292,71,0.00%,2026-06-18,https://www.instagram.com/p/DZuhU-4SkKq/,Post owned by partner (collab),"If anyone asks, shopping the Palmonas’s Monsoon Season Sale counts as a productive use of screen time! 😌✨📱  My seasonal slump really didn’t stand a chance against a little sparkle! 🤭💫  Shop the sale NOW.  [Everyday luxury, Demi-fine jewellery, 18k go"
278,Mor Jewellers,@sanasaqibofficial,⚪ OFF (Collab Only),65826,5048,74,7.78%,2026-06-17,https://www.instagram.com/p/DZstsfKo2Lx/,Post owned by partner (collab),✨
279,Prince Jewellery,@luthuf_official,⚪ OFF (Collab Only),339260,21727,60,6.42%,2026-06-17,https://www.instagram.com/p/DZr3ZFnyM3M/,Post owned by partner (collab),💫Get Ready with Me to upgrade my Gold Jewellery Collections ! ✨
280,Palmonas,@khushibhardwaj_official,⚪ OFF (Collab Only),0,16410,383,0.00%,2026-06-17,https://www.instagram.com/p/DZr8LvZMEs0/,Post owned by partner (collab),"Something about the rain just convinces me that a little treat is necessary. ☔💍✨  And honestly? I'm not arguing with the weather...   So while the clouds do their thing, you do yours – shop the Monsoon Sale before the forecast changes. 😉🌧️  [Everyday"
281,Anopchand Tilokchand (AT Jewell,@atjewellersbhilai,⚪ OFF (Collab Only),1480,305,8,21.24%,2026-06-16,https://www.instagram.com/p/DZpZc9uJFxg/,Post owned by partner (collab),✨ A New Chapter of Trust & Elegance Begins ✨
282,Mor Jewellers,@theremfilms_trf,⚪ OFF (Collab Only),283,776,31,285.22%,2026-06-16,https://www.instagram.com/p/DZpIOxDsPX1/,Post owned by partner (collab),Presenting our Walima Bridal Campaign 2026–2027 💍🤍
283,Mor Jewellers,@sanasaqibofficial,⚪ OFF (Collab Only),65826,5048,74,7.78%,2026-06-16,https://www.instagram.com/p/DZouwjKqwn0/,Post owned by partner (collab),Our Walima bride campaign 2026-2027 for my upcoming brides inspo 💖
284,Sri Jagdamba Pearls,@__.laasya._,⚪ OFF (Collab Only),16534,3864,53,23.70%,2026-06-15,https://www.instagram.com/p/DZmIzRcKdp7/,Post owned by partner (collab),Timeless. Elegant. Always in style. ✨
285,Palmonas,@tishabhoomi5,⚪ OFF (Collab Only),0,50181,114,0.00%,2026-06-15,https://www.instagram.com/p/DZmy2APyWOW/,Post owned by partner (collab),"I love the rain. I love getting dressed up. ✨⛈️  Luckily, with Palmonas, I don't have to pick a favourite! 😌🌻✨ The Monsoon Sale is LIVE. Shop now!  [Everyday luxury, Demi-fine jewellery, 18k gold vermeil, Gold tone jewellery, Timeless, Buy Now, Elega"
286,Prince Jewellery,@nimma_smr,⚪ OFF (Collab Only),1149110,233887,937,20.44%,2026-06-14,https://www.instagram.com/p/DZjj7JHRfmr/,Post owned by partner (collab),👀 Nimma maneyalli iruva old gold-ge iga innu hecchu value! ✨
287,Khimji Jewellers,@_priyadarshini_das_,🟢 ON (Formal Label),15319,1579,33,10.53%,2026-06-13,https://www.instagram.com/p/DZgvq5GTp-M/,Post owned by partner (collab),Raja feels even more special when every step shines ✨💖
288,Mor Jewellers,@sanasaqibofficial,⚪ OFF (Collab Only),65826,5048,74,7.78%,2026-06-13,https://www.instagram.com/p/DZiPoZWoy5x/,Post owned by partner (collab),Wait for it... 👰🏻‍♀️✨
289,P. C. Chandra Jewellers,@saieemmanjrekar,⚪ OFF (Collab Only),2104683,66538,347,3.18%,2026-06-13,https://www.instagram.com/p/DZhu3qRikvu/,Post owned by partner (collab),"As someone who loves jewellery, I’ve always been fascinated by the finished piece."
290,Prince Jewellery,@archanachandhoke,🟢 ON (Formal Label),1489968,19336,68,1.30%,2026-06-13,https://www.instagram.com/p/DZhumaMOLny/,Post owned by partner (collab),👀 Unga Old Gold’ku ipo more value Kanna! ✨
291,Khimji Jewellers,@shanaya_dash,⚪ OFF (Collab Only),146802,920,26,64.51%,2026-06-12,https://www.instagram.com/p/DZfTruxowns/,Post owned by partner (collab),Raja feels even more special when every step shines ✨💖
292,Khimji Jewellers,@ankitamohanty_official,🟢 ON (Formal Label),36044,621,21,1.78%,2026-06-12,https://www.instagram.com/p/DZebvXLyeQB/,Post owned by partner (collab),"Raja calls for new payals, new memories, and new excitement with every step 💕✨"
293,Sri Jagdamba Pearls,@indian_saritorialist,⚪ OFF (Collab Only),18549,216,33,1.35%,2026-06-12,https://www.instagram.com/p/DZedLX4h0rU/,Post owned by partner (collab),"What it takes to make a fauji wife - chiffon sarees, pearls and tonnes of elegance."
294,Palmonas,@sadiaakhateeb,⚪ OFF (Collab Only),0,56170,453,0.00%,2026-06-12,https://www.instagram.com/p/DZfCL4BN4qw/,Post owned by partner (collab),"The reason Palmonas earned a permanent spot in my jewellery rotation is pretty simple. 😌  ✨ Tarnish-resistant ✨ Hypoallergenic & sensitive-skin friendly ✨ Effortlessly elevates every look ✨ Made to be worn on repeat  Safe to say, this is one casting "
295,Sri Jagdamba Pearls,@jagdambapearlsstore,⚪ OFF (Collab Only),38063,106,14,31.94%,2026-06-09,https://www.instagram.com/p/DZW5EsZCu-b/,Post owned by partner (collab),"A celebration of colour, craftsmanship, and timeless elegance."
296,Mor Jewellers,@malihabukhari__,⚪ OFF (Collab Only),6333,256,8,4.18%,2026-06-08,https://www.instagram.com/p/DZVFTNwNXQb/,Post owned by partner (collab),Eastern over anything!♥️ - the dress made me feel like a traditional baddie (thats what genz says)😃
297,Mor Jewellers,@sarteladiessalon,⚪ OFF (Collab Only),135922,13358,34,9.85%,2026-06-08,https://www.instagram.com/p/DZUS_7yktuh/,Post owned by partner (collab),Jewellery @morjewellersofficial
298,Sri Jagdamba Pearls,@steerinstylewithshweta,⚪ OFF (Collab Only),28239,142,10,53.97%,2026-06-08,https://www.instagram.com/p/DZUbHmPMPoz/,Post owned by partner (collab),"A good outfit, a coffee date, and jewellery that effortlessly pulls everything together. ✨"
299,Sri Jagdamba Pearls,@indian_saritorialist,⚪ OFF (Collab Only),18549,216,33,1.35%,2026-06-08,https://www.instagram.com/p/DZUh3zAgZHo/,Post owned by partner (collab),"If diamonds are forever, pearls are timeless."
300,Sri Jagdamba Pearls,@thesassy_fit_twirlgirl,⚪ OFF (Collab Only),56303,186,9,34.81%,2026-06-08,https://www.instagram.com/p/DZRodB2h9g2/,Post owned by partner (collab),Best and beautiful pearls from Shree Jagdamba pearls which has a legacy of 100 + years!
301,Sri Jagdamba Pearls,@vanyahundet,🟢 ON (Formal Label),36312,49985,514,139.07%,2026-06-07,https://www.instagram.com/p/DZRnKQqBlsA/,Post owned by partner (collab),✨ Visit 🛍
302,GRT Jewellers,@rashwin99,⚪ OFF (Collab Only),5326813,276355,4048,5.26%,2026-06-06,https://www.instagram.com/p/DZPtsIdC9jP/,Post owned by partner (collab),"In cricket and in life, I’ve always believed in letting my performance do the talking. My choice in jewellery is exactly the same. I prefer accessorie"
303,Mor Jewellers,@samya.sheraz.salon,⚪ OFF (Collab Only),96893,28471,100,29.49%,2026-06-06,https://www.instagram.com/p/DZP20VQtiEe/,Post owned by partner (collab),Barat makeup @samya.sheraz.salon
304,Sri Jagdamba Pearls,@the.naariverse,⚪ OFF (Collab Only),3556,2614,209,79.40%,2026-06-05,https://www.instagram.com/p/DZNFg12oV7A/,Post owned by partner (collab),Pearls : drops of magic from ocean 🤍
305,Sri Jagdamba Pearls,@prasanna_ghandikota,⚪ OFF (Collab Only),15741,124,4,81.85%,2026-06-05,https://www.instagram.com/p/DZM3Bw7p2hA/,Post owned by partner (collab),Pearls never go out of style ✨
306,Ulhas Jewellers,@narushadsouza,⚪ OFF (Collab Only),48562,7010,149,14.74%,2026-06-05,https://www.instagram.com/p/DZNRDYyhPPV/,Post owned by partner (collab),"This World Environment Day, we took a step towards a greener tomorrow."
307,Mor Jewellers,@samya.sheraz.salon,⚪ OFF (Collab Only),96893,28471,100,29.49%,2026-06-04,https://www.instagram.com/p/DZK9NaJIC7f/,Post owned by partner (collab),Sig Barat makeup @samya.sheraz.salon
308,Sri Jagdamba Pearls,@aafreenazaad,⚪ OFF (Collab Only),40815,7703,159,19.27%,2026-06-04,https://www.instagram.com/p/DZKVryFhFQr/,Post owned by partner (collab),"Some jewellery trends come and go, but pearls have always felt timeless to me. 🤍"
309,Ulhas Jewellers,@narushadsouza,⚪ OFF (Collab Only),48562,7010,149,14.74%,2026-06-04,https://www.instagram.com/p/DZKqOaTgPIJ/,Post owned by partner (collab),Celebrate World Environment Day & Win a Silver Pendant!
310,Lalithaa Jewellery,@vj_deepika_,🟢 ON (Formal Label),515454,5315,57,1.04%,2026-06-03,https://www.instagram.com/p/DZHCvTFzX4y/,Post owned by partner (collab),✨ Porur’s newest shopping destination is here! ✨
311,Sri Jagdamba Pearls,@pooja_creative14,⚪ OFF (Collab Only),95295,1130,26,1.21%,2026-06-03,https://www.instagram.com/p/DZHPdWCxP48/,Post owned by partner (collab),✨ Visit www.jpearls.com and use my code [POOJA55] to avail an extra 5% OFF on top of the ongoing Flat 50% OFF across the entire Pearl & Gemstone Colle
312,Sri Jagdamba Pearls,@amma_ratnam,⚪ OFF (Collab Only),47677,2906,30,6.16%,2026-06-03,https://www.instagram.com/p/DZHy4RrypwX/,Post owned by partner (collab),Visit www.jpearls.com and use my code VIJAYA55 to avail an extra 5% OFF on top of the ongoing Flat 50% OFF across the entire Pearl & Gemstone Collecti
313,Lalithaa Jewellery,@anja_achu,⚪ OFF (Collab Only),114411,4780,38,4.21%,2026-06-02,https://www.instagram.com/p/DZFtswWoVdP/,Post owned by partner (collab),✨ Porur’s newest shopping destination is here! ✨
314,Sri Jagdamba Pearls,@stargirl.madhu,⚪ OFF (Collab Only),6899,361,20,5.54%,2026-06-02,https://www.instagram.com/p/DZFcSLDqbUX/,Post owned by partner (collab),✨ Visit www.jpearls.com and use my code [star55] to avail an extra 5% OFF on top of the ongoing Flat 50% OFF across the entire Pearl & Gemstone Collec
315,Sri Jagdamba Pearls,@raginizone_,⚪ OFF (Collab Only),8077,3755,48,47.10%,2026-06-02,https://www.instagram.com/p/DZGEjICS9nG/,Post owned by partner (collab),✨ Visit www.jpearls.com and use my code RAGINI55 to avail an extra 5% OFF on top of the ongoing Flat 50% OFF across the entire Pearl & Gemstone Collec
316,Sri Jagdamba Pearls,@be_sreya,⚪ OFF (Collab Only),2343,686,7,29.62%,2026-06-02,https://www.instagram.com/p/DZFQM5PzB05/,Post owned by partner (collab),Visit www.jpearls.com and use my code [SREYA55] to avail an extra 5% OFF on top of the ongoing Flat 50% OFF across the entire Pearl & Gemstone Collect
317,GRT Jewellers,@prithinarayanan,⚪ OFF (Collab Only),207122,108861,219,52.66%,2026-05-28,https://www.instagram.com/p/DY4dm7XTFkk/,Post owned by partner (collab),Get ready with me! ✨
318,BlueStone,@muskaan.2602,⚪ OFF (Collab Only),82555,6942,37,8.45%,2026-05-27,https://www.instagram.com/p/DYy475mxunO/,Post owned by partner (collab),Protecting our heart with @bluestone_jewellery 🧿❤️
319,DP Abhushan (DP Jewellers),@mpleaguet20,⚪ OFF (Collab Only),60554,1800,13,3.00%,2026-05-27,https://www.instagram.com/p/DY1tgnnTO4_/,Post owned by partner (collab),D.P. Jewellers takes center stage as the Official Umpire Partner. 🤝
320,GRT Jewellers,@_mohanaasree,⚪ OFF (Collab Only),55341,2091,31,3.83%,2026-05-26,https://www.instagram.com/p/DYytJXFT52p/,Post owned by partner (collab),A little gold saved today can turn into something beautiful tomorrow ✨💛
321,Sri Jagdamba Pearls,@jagdambapearlsstore,⚪ OFF (Collab Only),38063,106,14,31.94%,2026-05-23,https://www.instagram.com/p/DYri5aJPTlv/,Post owned by partner (collab),"When customers notice the craftsmanship, it means everything ✨"
322,BlueStone,@shruti.agrawal9,🟢 ON (Formal Label),16954,27847,113,164.92%,2026-05-22,https://www.instagram.com/p/DYpBVsysiWs/,Post owned by partner (collab),POV: You can’t stop buying jewelry @bluestone_jewellery is the reason ✨💙
323,GIVA Jewellery,@kritisanon,⚪ OFF (Collab Only),0,236583,993,0.00%,2026-05-22,https://www.instagram.com/p/DYoxNMDvmy_/,Post owned by partner (collab),"Stepping into a new chapter with pieces that make my heart sing ✨  Because style isn’t just what you wear… it’s how you carry every moment.   Shining in silver…with GIVA. Style, sealed in silver.  #KritixGIVA #StyleSealedInSilver #KritiSanon #GIVAJew"
324,P. C. Chandra Jewellers,@nikifying,⚪ OFF (Collab Only),2002752,34334,261,1.73%,2026-05-19,https://www.instagram.com/p/DYhUj6vI9c2/,Post owned by partner (collab),I’ve always believed that the most beautiful things don’t try too hard to shine; they simply stay true to what they are. Just like natural diamonds.
325,BlueStone,@muskaan.2602,⚪ OFF (Collab Only),82555,6942,37,8.45%,2026-05-18,https://www.instagram.com/p/DYe5iZzp3oa/,Post owned by partner (collab),Adorned by him in @bluestone_jewellery elegance. ✨🧿
326,Sri Jagdamba Pearls,@jagdambapearlsstore,⚪ OFF (Collab Only),38063,106,14,31.94%,2026-05-18,https://www.instagram.com/p/DYeVxl7x3Om/,Post owned by partner (collab),Pearls delivered to your doorstep in just hours ✨🤍
327,Mor Jewellers,@zebaishofficial,⚪ OFF (Collab Only),14011,118,33,1.09%,2026-05-17,https://www.instagram.com/p/DYcyiajCADc/,Post owned by partner (collab),"Our best selling article from our Bridal collection,extensively embroidered with delicate handcrafted embellishments of dabka kora on luxurious deep f"
328,DP Abhushan (DP Jewellers),@playfulparenthood,⚪ OFF (Collab Only),485633,1709,840,52.49%,2026-05-15,https://www.instagram.com/p/DYWwew1JTwf/,Post owned by partner (collab),Jewellery that makes every outfit feel a little more special ✨
329,Mor Jewellers,@frmakeupstudioco,⚪ OFF (Collab Only),3194,48,11,1.87%,2026-05-15,https://www.instagram.com/p/DYWpQtQonEG/,Post owned by partner (collab),Bridal campaign 2026
330,GIVA Jewellery,@adityaroykapur,⚪ OFF (Collab Only),0,135768,1543,0.00%,2026-05-15,https://www.instagram.com/p/DYXDLF-oani/,Post owned by partner (collab),GIVAMEN For the man who commands attention.  #GIVAMen #GIVA #MenWantGiftsToo
331,Aisshpra Gems & Jewels,@theretailjeweller_india,⚪ OFF (Collab Only),19377,41,2,22.92%,2026-05-14,https://www.instagram.com/p/DYT1Lz-DEUs/,Post owned by partner (collab),India’s gold industry is adjusting to Prime Minister Narendra Modi’s call to curb non-essential gold buying and the hike in import duty to 15%.
332,Mor Jewellers,@frmakeupstudioco,⚪ OFF (Collab Only),3194,48,11,1.87%,2026-05-14,https://www.instagram.com/p/DYVGan3oYX7/,Post owned by partner (collab),A glimpse of the magic before the veil lifts… ✨
333,Malabar Gold & Diamonds,@prarthana.behere,⚪ OFF (Collab Only),2742071,23089,169,84.82%,2026-05-12,https://www.instagram.com/p/DYOizLKsjXm/,Post owned by partner (collab),परंपरा आणि भक्तीचा 'अधिक मास'! 🌸 या निमित्ताने @malabargoldanddiamonds मध्ये केलेली छोटीशी खरेदी.
334,Tanishq,@titancompanyltd,⚪ OFF (Collab Only),71614,5248,17,7.35%,2026-05-12,https://www.instagram.com/p/DYOlE__OPkI/,Post owned by partner (collab),"A love language that speaks through the little efforts, the quiet understanding, and all the unsaid moments. That’s a #SignOfTogetherness."
335,Ulhas Jewellers,@theretailjeweller_india,⚪ OFF (Collab Only),19377,41,2,22.92%,2026-05-12,https://www.instagram.com/p/DYO-gp3jLn9/,Post owned by partner (collab),"Ahead of its centenary, Goa-based Ulhas Jewellers has set out to create a coffee table book featuring wedding memories of customers who purchased and"
336,Sri Jagdamba Pearls,@jagdambapearlsstore,⚪ OFF (Collab Only),38063,106,14,31.94%,2026-05-11,https://www.instagram.com/p/DYM0K19CV9h/,Post owned by partner (collab),A glimpse from the vibrant conference at Employees’ State Insurance Corporation ✨
337,P. C. Chandra Jewellers,@adrija_roy_official,⚪ OFF (Collab Only),1035144,30024,304,2.93%,2026-05-10,https://www.instagram.com/p/DYJUHaFIq20/,Post owned by partner (collab),"Growing up, I never realised how many little things my mother did quietly, effortlessly, and with so much love. And somehow, even today, she still man"
338,GRT Jewellers,@ramyasub,⚪ OFF (Collab Only),1305269,31975,122,2.46%,2026-05-09,https://www.instagram.com/p/DYG8avNuikn/,Post owned by partner (collab),"Moms know everything about us, but do we know them just as well? 🤔"
339,BlueStone,@themillennialsoul_s,⚪ OFF (Collab Only),60175,18595,104,31.08%,2026-05-08,https://www.instagram.com/p/DYFBPiLoqwZ/,Post owned by partner (collab),Because love doesn’t need a date… just the right sparkle.
340,BlueStone,@shruti.agrawal9,🟢 ON (Formal Label),16954,27847,113,164.92%,2026-05-08,https://www.instagram.com/p/DYE6OmAs89N/,Post owned by partner (collab),Elevating basics with @bluestone_jewellery 💙
341,Sri Jagdamba Pearls,@bharghavi_rao,⚪ OFF (Collab Only),22073,115,23,62.86%,2026-05-07,https://www.instagram.com/p/DYCw630hFFK/,Post owned by partner (collab),Mother’s are the real super-human’s and they deserve the love and pampering🤍✨
342,Malabar Gold & Diamonds,@pranavi_manukonda,⚪ OFF (Collab Only),1540843,25067,155,1.64%,2026-05-06,https://www.instagram.com/p/DX_dp0fPatG/,Post owned by partner (collab),This isn’t regular jewellery shopping.
343,Sri Jagdamba Pearls,@_thecheguri_,⚪ OFF (Collab Only),158451,35592,137,22.55%,2026-05-06,https://www.instagram.com/p/DX_xWMNBiLm/,Post owned by partner (collab),There’s no bond like hers… and no gift that truly feels enough 💛
344,Sri Jagdamba Pearls,@jagdambapearlsstore,⚪ OFF (Collab Only),38063,106,14,31.94%,2026-05-06,https://www.instagram.com/p/DX_nz83iQAV/,Post owned by partner (collab),"This Mother’s Day, celebrate her with something as timeless as her love 💛"
345,Malabar Gold & Diamonds,@suzaaane.sharon,🟢 ON (Formal Label),738782,23107,128,3.15%,2026-05-05,https://www.instagram.com/p/DX8pHOTikfS/,Post owned by partner (collab),I walked into
346,Mor Jewellers,@sarteladiessalon,⚪ OFF (Collab Only),135922,13358,34,9.85%,2026-05-04,https://www.instagram.com/p/DX6u65pI5aq/,Post owned by partner (collab),👗 @revowstudio
347,Mor Jewellers,@sarteladiessalon,⚪ OFF (Collab Only),135922,13358,34,9.85%,2026-05-03,https://www.instagram.com/p/DX4Ut0dywY2/,Post owned by partner (collab),👗 @revowstudio
348,Tanishq,@fayedsouza,🟢 ON (Formal Label),2295789,6499,224,29.29%,2026-05-03,https://www.instagram.com/p/DX4KAlIMAeF/,Post owned by partner (collab),"Arun Narayan, CEO, Jewellery Division, Titan Company limited explains what is a Clarity viewer and how it helps the customer verify the clarity grade"
349,Tanishq,@fayedsouza,🟢 ON (Formal Label),2295789,6499,224,29.29%,2026-05-02,https://www.instagram.com/p/DX1p9acMtjN/,Post owned by partner (collab),"Is the diamond certificate not enough? Arun Narayan, CEO, Jewellery Division, Titan Company Limited explains."
350,Mor Jewellers,@sarteladiessalon,⚪ OFF (Collab Only),135922,13358,34,9.85%,2026-05-01,https://www.instagram.com/p/DXyq_Zig7yb/,Post owned by partner (collab),Jewellery @morjewellersofficial
351,Tanishq,@fayedsouza,🟢 ON (Formal Label),2295789,6499,224,29.29%,2026-05-01,https://www.instagram.com/p/DXyquRKBYOM/,Post owned by partner (collab),"Arun Narayan, CEO, Jewellery Division, Titan Company Limited talks about the Diamond Caratmeter at the Tanishq Diamond Expertise Centre which helps cu"
352,Aisshpra Gems & Jewels,@theretailjeweller_india,⚪ OFF (Collab Only),19377,41,2,22.92%,2026-04-30,https://www.instagram.com/p/DXvsrqNCTA_/,Post owned by partner (collab),"Aisshpra Gems & Jewels recently introduced a lucky draw initiative alongside the launch of its new store in Lucknow, using it strategically to drive c"
353,Anopchand Tilokchand (AT Jewell,@thespotlight_twp,⚪ OFF (Collab Only),5295,223,6,4.34%,2026-04-29,https://www.instagram.com/p/DXtjX4ekVvd/,Post owned by partner (collab),"Where timeless craftsmanship meets modern elegance. Every sparkle tells a story, every frame captures luxury. A cinematic glimpse of brilliance with A"
354,GRT Jewellers,@vj_kalyani,🟢 ON (Formal Label),240602,7747,75,3.25%,2026-04-22,https://www.instagram.com/p/DXcC0EqkSOO/,Post owned by partner (collab),It's the perfect time to start your investment in Gold! I make the most of this period and save smart with the GRT Insta Gold App starting from just ₹
355,L. Gopal & Sons Jewellers,@thebluewindow.ghy,⚪ OFF (Collab Only),11830,317,4,2.72%,2026-04-21,https://www.instagram.com/p/DXZS1SdiWSU/,Post owned by partner (collab),Something iconic is taking shape.
356,P. C. Chandra Jewellers,@ayushmannk,🟢 ON (Formal Label),16775221,86374,960,52.06%,2026-04-21,https://www.instagram.com/p/DXYe1f2DITM/,Post owned by partner (collab),"Some moments don’t ask for attention, they simply stay."
357,Aisshpra Gems & Jewels,@jewelbuzz_original,⚪ OFF (Collab Only),3105,366,0,11.80%,2026-04-20,https://www.instagram.com/p/DXW3CG-jBBo/,Post owned by partner (collab),JEWELBUZZ-Spread the Buzz
358,P. C. Chandra Jewellers,@nikifying,⚪ OFF (Collab Only),2002752,34334,261,1.73%,2026-04-19,https://www.instagram.com/p/DXTTwDoCGD8/,Post owned by partner (collab),"Akshaya Tritiya is not just a celebration of new beginnings but also a reminder of faith that stays strong, and hopes that continue to grow. ✨"
359,P. C. Chandra Jewellers,@itsmeabirchatterjee,⚪ OFF (Collab Only),605945,3478,22,57.79%,2026-04-19,https://www.instagram.com/p/DXTTYNAEth0/,Post owned by partner (collab),"On this auspicious day of Akshaya Tritiya, wishing you prosperity that grows, joy that stays, and memories that last forever."
360,Malabar Gold & Diamonds,@prarthana.behere,⚪ OFF (Collab Only),2742071,23089,169,84.82%,2026-04-18,https://www.instagram.com/p/DXRhGeKjGx7/,Post owned by partner (collab),"वर्षातल्या माझ्या सर्वात आवडत्या मुहूर्तासाठी तयारी! ✨ माझ्या परंपरा सोनेरी, शुद्ध आणि मनाच्या अगदी जवळ जपतेय फक्त @malabargoldanddiamonds सोबत. सर्वा"
361,P. C. Chandra Jewellers,@saieemmanjrekar,⚪ OFF (Collab Only),2104683,66538,347,3.18%,2026-04-18,https://www.instagram.com/p/DXRefhuozD6/,Post owned by partner (collab),May this Akshaya Tritiya bring you blessings that are as timeless as gold and as endless as faith.
362,P. C. Chandra Jewellers,@actresspaul,⚪ OFF (Collab Only),379240,19883,255,5.31%,2026-04-18,https://www.instagram.com/p/DXRFsPBiStj/,Post owned by partner (collab),"Warmest wishes to you this Akshaya Tritiya! May your life be filled with abundance, grace, and golden moments that last a lifetime."
363,P. C. Chandra Jewellers,@adrija_roy_official,⚪ OFF (Collab Only),1035144,30024,304,2.93%,2026-04-18,https://www.instagram.com/p/DXQ8PPEgLlp/,Post owned by partner (collab),They say what you begin on Akshaya Tritiya grows forever…
364,C. Krishniah Chetty & Co (CKC),@nethra_reddy__,⚪ OFF (Collab Only),296105,4513,79,1.55%,2026-04-17,https://www.instagram.com/p/DXPIqJPElSd/,Post owned by partner (collab),This Akshaya Tritiya felt a little different ✨
365,GRT Jewellers,@sri_satya_,⚪ OFF (Collab Only),1129214,136168,396,12.09%,2026-04-17,https://www.instagram.com/p/DXOQhBxhbLg/,Post owned by partner (collab),I recently visited the gorgeous GRT Jewellers showroom in Rajahmundry and was completely mesmerized! ✨ Did you know they feature an entire floor dedic
366,P. C. Chandra Jewellers,@officialvidhiyadav,🟢 ON (Formal Label),6015135,91196,834,1.53%,2026-04-17,https://www.instagram.com/p/DXPEuAJjRTh/,Post owned by partner (collab),From subtle to statement
367,GRT Jewellers,@ramyaapasupuleti,⚪ OFF (Collab Only),680574,45410,207,6.70%,2026-04-16,https://www.instagram.com/p/DXMWnwqEU9-/,Post owned by partner (collab),"Since my childhood, jewellery has been a beautiful way to celebrate milestones and hold onto precious memories. This Akshaya Tritiya, I visited GRT Je"
368,Sri Jagdamba Pearls,@hom_epreneur,⚪ OFF (Collab Only),100936,1588,82,1.66%,2026-04-16,https://www.instagram.com/p/DXMfpOlkUU9/,Post owned by partner (collab),Auspicious beginnings start here ✨
369,Sri Jagdamba Pearls,@jagdambapearlsstore,⚪ OFF (Collab Only),38063,106,14,31.94%,2026-04-16,https://www.instagram.com/p/DXLvKqBFFpm/,Post owned by partner (collab),Your family has always known this feeling
370,Sri Jagdamba Pearls,@theshishacouple_,⚪ OFF (Collab Only),47052,2372,112,5.28%,2026-04-15,https://www.instagram.com/p/DXJjcopExzn/,Post owned by partner (collab),Comment for LINK✨🥰
371,Aisshpra Gems & Jewels,@theretailjeweller_india,⚪ OFF (Collab Only),19377,41,2,22.92%,2026-04-14,https://www.instagram.com/p/DXGg0TVjAFH/,Post owned by partner (collab),"Aisshpra Gems and Jewels recently organized the Aisshpra Premier League cricket tournament, as part of its employee engagement agenda, bringing togeth"
372,Hira Panna Jewellers,@nidhisfoodandtravel,⚪ OFF (Collab Only),97890,1070,24,1.12%,2026-04-14,https://www.instagram.com/p/DXHNkcPEhq-/,Post owned by partner (collab),"‼️Special Offer😱 Get stunning harams, chains & vaddanams with just 6%-12% wastage - best value deals!"
373,Hira Panna Jewellers,@indu_official_1,⚪ OFF (Collab Only),10313,4717,6,45.81%,2026-04-14,https://www.instagram.com/p/DXF9gO6ARMG/,Post owned by partner (collab),Akshaya Tritiya ante gold konali…
374,P. C. Chandra Jewellers,@itsmeabirchatterjee,⚪ OFF (Collab Only),605945,3478,22,57.79%,2026-04-14,https://www.instagram.com/p/DXG92SKEkq1/,Post owned by partner (collab),There’s a quiet magic in beginning the year wrapped in tradition—where every detail holds meaning and every ritual feels timeless.
375,Aisshpra Gems & Jewels,@theretailjeweller_india,⚪ OFF (Collab Only),19377,41,2,22.92%,2026-04-13,https://www.instagram.com/p/DXERy4ADO0g/,Post owned by partner (collab),"Aisshpra Gems & Jewels has entered Gonda, Uttar Pradesh with its 15th showroom, continuing its focus on deeper penetration across Tier-2 and Tier-3 ma"
376,GRT Jewellers,@rituvarma,⚪ OFF (Collab Only),2281326,101087,302,4.44%,2026-04-13,https://www.instagram.com/p/DXEayERkmcj/,Post owned by partner (collab),"Some days call for new beginnings… This Akshaya Tritiya, celebrate the tradition of buying gold with something that welcomes growth, prosperity, and e"
377,Hira Panna Jewellers,@foodie_donga_official,⚪ OFF (Collab Only),2972,468,7,16.03%,2026-04-13,https://www.instagram.com/p/DXDopXYEd2F/,Post owned by partner (collab),Hirappanna jewellery 🫠❤️🕊️
378,GRT Jewellers,@simranchoudhary,🟢 ON (Formal Label),764212,56039,156,7.35%,2026-04-12,https://www.instagram.com/p/DXCFtDCEiCu/,Post owned by partner (collab),"Celebrating Akshaya Tritiya with GRT, is about growing your prosperity and welcoming all auspicious things into your life."
379,BlueStone,@shaleena_fightandflight,⚪ OFF (Collab Only),5562,252,14,4.80%,2026-04-11,https://www.instagram.com/p/DW_hWJ7ktHk/,Post owned by partner (collab),Built strong. Styled stronger. 🥊✨
380,GRT Jewellers,@varshini_sounderajan,⚪ OFF (Collab Only),1844115,104230,722,5.69%,2026-04-11,https://www.instagram.com/p/DW_f4cWhCWe/,Post owned by partner (collab),"Watching my mom adorn herself with her favorite GRT Jewellers’ collections made Akshaya Tritiya incredibly special. This year, I’m continuing that wit"
381,Hira Panna Jewellers,@this_iz_thanu,⚪ OFF (Collab Only),7546,2559,41,34.47%,2026-04-11,https://www.instagram.com/p/DW-yn2Lk2VV/,Post owned by partner (collab),Don’t. Miss the offer
382,Sri Jagdamba Pearls,@jagdambapearlsstore,⚪ OFF (Collab Only),38063,106,14,31.94%,2026-04-11,https://www.instagram.com/p/DW_c8sqPn0g/,Post owned by partner (collab),Real customers. Real experiences.Real trust
383,GRT Jewellers,@shanvisri,🟢 ON (Formal Label),1381162,30520,205,2.22%,2026-04-10,https://www.instagram.com/p/DW8470QiUvT/,Post owned by partner (collab),"This Akshaya Tritiya, I decided to start building my own legacy! I visited GRT Jewellers and found the most stunning sets for the festive season. 💛"
384,Hira Panna Jewellers,@gayathrireddyys,⚪ OFF (Collab Only),57952,4922,29,8.55%,2026-04-10,https://www.instagram.com/p/DW8_qV2kyWh/,Post owned by partner (collab),Special Offer:
385,Anopchand Tilokchand (AT Jewell,@withlove_shini,⚪ OFF (Collab Only),11845,342,13,3.00%,2026-04-09,https://www.instagram.com/p/DW6e6CVDMq2/,Post owned by partner (collab),"Twilight, but make it Indian 🤍"
386,GRT Jewellers,@divya_ganesan_official,⚪ OFF (Collab Only),1062611,81280,776,7.72%,2026-04-09,https://www.instagram.com/p/DW6ZWx4gVo6/,Post owned by partner (collab),"This year, for both Tamil Puthandu and Akshaya Tritiya, it’s my turn to invest! I visited GRT Jewellers and was completely blown away by their stunnin"
387,GRT Jewellers,@sahanasarvesh,⚪ OFF (Collab Only),238009,13994,123,5.93%,2026-04-08,https://www.instagram.com/p/DW397LvkgnU/,Post owned by partner (collab),"Not the best at finance, but thanks to GRT I’ve begun my investment journey!"
388,GRT Jewellers,@jahnavi.palamury,⚪ OFF (Collab Only),316131,71396,300,22.68%,2026-04-06,https://www.instagram.com/p/DWynJ1SEhwQ/,Post owned by partner (collab),It’s the perfect time to start your investment in Gold! I make the most of this period and save smart with the GRT Insta Gold App starting from just ₹
389,GRT Jewellers,@rishagowda_official,⚪ OFF (Collab Only),202601,6425,32,3.19%,2026-04-05,https://www.instagram.com/p/DWv_wMAkyaT/,Post owned by partner (collab),It’s the perfect time to start your investment in Gold! I make the most of this period and save smart with the GRT Insta Gold App starting from just ₹
390,GRT Jewellers,@poorni_gowdaaa,🟢 ON (Formal Label),40957,1226,16,3.03%,2026-04-05,https://www.instagram.com/p/DWv_M3LjOUI/,Post owned by partner (collab),It’s the perfect time to start your investment in Gold! I make the most of this period and save smart with the GRT Insta Gold App starting from just ₹
391,P. C. Chandra Jewellers,@pinkvilla,⚪ OFF (Collab Only),7286182,20047,33,27.56%,2026-04-05,https://www.instagram.com/p/DWv2am6SjkT/,Post owned by partner (collab),Riteish Deshmukh steals hearts with his charming response about his “perfect jewellery piece” at the Pinkvilla Awards 💫 Captured beautifully at the P.
392,P. C. Chandra Jewellers,@pinkvilla,⚪ OFF (Collab Only),7286182,20047,33,27.56%,2026-04-05,https://www.instagram.com/p/DWvhymJMzLh/,Post owned by partner (collab),"@mostlysane talks about her love for pant suits and reveals her favourite jewellery pieces at the Pinkvilla Awards, captured at the P.C. Chandra Jewel"
393,P. C. Chandra Jewellers,@pinkvilla,⚪ OFF (Collab Only),7286182,20047,33,27.56%,2026-04-05,https://www.instagram.com/p/DWvdpufhGXt/,Post owned by partner (collab),@shriya_saran1109 shares her unique style and the piece of jewellery she holds very close to her heart at the @p.c.chandrajewellers Experience Zone ❤️
394,P. C. Chandra Jewellers,@pinkvilla,⚪ OFF (Collab Only),7286182,20047,33,27.56%,2026-04-05,https://www.instagram.com/p/DWvMuqUBg2f/,Post owned by partner (collab),"@anupampkher breaks down his signature style at the Pinkvilla Awards, captured at the P.C. Chandra Jewellers Experience Zone ✨"
395,GRT Jewellers,@jananihere_,⚪ OFF (Collab Only),1229538,34625,82,2.82%,2026-04-04,https://www.instagram.com/p/DWs-cy_kUeP/,Post owned by partner (collab),I’ve always loved GRT Jewellers for their timeless and exquisite jewellery and discovering their contemporary diamond collection for my Reception was
396,Mor Jewellers,@glamera.warda,⚪ OFF (Collab Only),471,126,0,26.79%,2026-04-04,https://www.instagram.com/p/DWua7V2CMDa/,Post owned by partner (collab),"“Soft glam, timeless elegance ✨"
397,P. C. Chandra Jewellers,@pinkvilla,⚪ OFF (Collab Only),7286182,20047,33,27.56%,2026-04-04,https://www.instagram.com/p/DWtg1uiMc5I/,Post owned by partner (collab),@brettlee_58 decodes his style for the Pinkvilla Awards at the @p.c.chandrajewellers Experience Zone ✨
398,P. C. Chandra Jewellers,@pinkvilla,⚪ OFF (Collab Only),7286182,20047,33,27.56%,2026-04-04,https://www.instagram.com/p/DWtYFC_M1sB/,Post owned by partner (collab),@sayanigupta shares her style this season ✨
399,P. C. Chandra Jewellers,@pinkvilla,⚪ OFF (Collab Only),7286182,20047,33,27.56%,2026-04-04,https://www.instagram.com/p/DWs83OpMHMm/,Post owned by partner (collab),Congratulations @shefalishahofficial for winning the @p.c.chandrajewellers presents Special Jury Award - Best Actor - Female (OTT) at Pinkvilla Screen
400,P. C. Chandra Jewellers,@pinkvilla,⚪ OFF (Collab Only),7286182,20047,33,27.56%,2026-04-04,https://www.instagram.com/p/DWsvfKHslV6/,Post owned by partner (collab),@p.c.chandrajewellers Presents Stylish Mouldbreaker - Female - cheers to @shriya_saran1109! 🌟 Stylish Mouldbreaker Female at Pinkvilla Screen & Style
401,P. C. Chandra Jewellers,@pinkvilla,⚪ OFF (Collab Only),7286182,20047,33,27.56%,2026-04-04,https://www.instagram.com/p/DWsnXsGKs5Y/,Post owned by partner (collab),Hearty congratulations to @rakulpreet for winning @p.c.chandrajewellers presents Super Stylish Pathbreaker of the Year at Pinkvilla Screen and Style I
402,GRT Jewellers,@jananihere_,⚪ OFF (Collab Only),1229538,34625,82,2.82%,2026-04-03,https://www.instagram.com/p/DWqAHoygnkH/,Post owned by partner (collab),"Roshan and I chose GRT Jewellers for our Muhurtham, marking the beautiful start of our journey as husband and wife. It was such an auspicious moment w"
403,GRT Jewellers,@jananihere_,⚪ OFF (Collab Only),1229538,34625,82,2.82%,2026-04-02,https://www.instagram.com/p/DWnc8M3ETx2/,Post owned by partner (collab),"I’ve known GRT Jewellers for years, it’s always been one of those legacy brands you just grow up with."
404,Mor Jewellers,@zahrastudioz,⚪ OFF (Collab Only),72368,135,5,19.47%,2026-04-01,https://www.instagram.com/p/DWlo2w6jaL3/,Post owned by partner (collab),Get ready with us✨
405,Mor Jewellers,@zahrastudioz,⚪ OFF (Collab Only),72368,135,5,19.47%,2026-04-01,https://www.instagram.com/p/DWlUIh_jXEM/,Post owned by partner (collab),Get ready with us✨
406,Anopchand Tilokchand (AT Jewell,@makeupbyanushree_,⚪ OFF (Collab Only),17399,283,7,1.67%,2026-03-30,https://www.instagram.com/p/DWgHDVkgLrW/,Post owned by partner (collab),"Not heavy, not loud —"
407,Aisshpra Gems & Jewels,@lucknow.aisshpra,⚪ OFF (Collab Only),1663,59,12,4.36%,2026-03-29,https://www.instagram.com/p/DWeoLh3Ty-X/,Post owned by partner (collab),"“Your trust is our biggest sparkle ✨ Thank you for your wonderful feedback and for choosing Aisshpra Gems & Jewels, Hazratganj, Lucknow. Your love and"
408,Malabar Gold & Diamonds,@zoulbymalabar,⚪ OFF (Collab Only),24214,229,4,96.54%,2026-03-29,https://www.instagram.com/p/DWdNp3MiPiF/,Post owned by partner (collab),You showed up today.
409,Sri Jagdamba Pearls,@jagdambapearlsstore,⚪ OFF (Collab Only),38063,106,14,31.94%,2026-03-28,https://www.instagram.com/p/DWa0LSQgv6p/,Post owned by partner (collab),Our patrons are the true embodiment of timeless elegance. ✨
410,Malabar Gold & Diamonds,@zoulbymalabar,⚪ OFF (Collab Only),24214,229,4,96.54%,2026-03-27,https://www.instagram.com/p/DWYY0RViPVZ/,Post owned by partner (collab),How are you showing up today?
411,Malabar Gold & Diamonds,@zoulbymalabar,⚪ OFF (Collab Only),24214,229,4,96.54%,2026-03-26,https://www.instagram.com/p/DWV_8qZCLbs/,Post owned by partner (collab),Fill it up. All of it.
412,Malabar Gold & Diamonds,@zoulbymalabar,⚪ OFF (Collab Only),24214,229,4,96.54%,2026-03-25,https://www.instagram.com/p/DWS6HwdiDbE/,Post owned by partner (collab),A little bit of this. A little bit of that. Okay maybe a lot.
413,Malabar Gold & Diamonds,@zoulbymalabar,⚪ OFF (Collab Only),24214,229,4,96.54%,2026-03-23,https://www.instagram.com/p/DWN2A6BCLjt/,Post owned by partner (collab),Your persona defines your style.
414,Malabar Gold & Diamonds,@zoulbymalabar,⚪ OFF (Collab Only),24214,229,4,96.54%,2026-03-22,https://www.instagram.com/p/DWLOEoGCKFm/,Post owned by partner (collab),The ultimate game changer.
415,Malabar Gold & Diamonds,@zoulbymalabar,⚪ OFF (Collab Only),24214,229,4,96.54%,2026-03-21,https://www.instagram.com/p/DWJB6JsCFXJ/,Post owned by partner (collab),POV: Even AI picked your jewellery.
416,Aisshpra Gems & Jewels,@feverfmup,⚪ OFF (Collab Only),58950,4426,15,7.53%,2026-03-20,https://www.instagram.com/p/DWG14J0DGzI/,Post owned by partner (collab),"Grand opening of Aisshpra Gems & Jewels, Alambagh, by the bollywood actress Chitrangada Singh adding charm to the celebration 💎"
417,P. C. Chandra Jewellers,@realhinakhan,⚪ OFF (Collab Only),19284696,148535,1175,77.63%,2026-03-20,https://www.instagram.com/p/DWG5mppiK-n/,Post owned by partner (collab),"Kuch lamhe heere ki tarah hote hain… chhote, lekin behad qeemti. ✨"
418,P. N. Gadgil Jewellers (PNG),@bhadipa,⚪ OFF (Collab Only),818175,23845,109,2.93%,2026-03-17,https://www.instagram.com/p/DV_SPYcCGLl/,Post owned by partner (collab),सणाला खास बनवणारी निवड म्हणजे @pngjewellers
419,Malabar Gold & Diamonds,@zoulbymalabar,⚪ OFF (Collab Only),24214,229,4,96.54%,2026-03-15,https://www.instagram.com/p/DV5LdfEM0IJ/,Post owned by partner (collab),"Corporate, but make it personal with jewellery that speaks before you do."
420,GRT Jewellers,@theuntamedlenss,⚪ OFF (Collab Only),826223,73944,723,9.04%,2026-03-14,https://www.instagram.com/p/DV3Pz63mogD/,Post owned by partner (collab),Eid invites mean new outfits and the Ramzan Collection at GRT Jewellers has the perfect picks to surprise every look.
421,Malabar Gold & Diamonds,@zoulbymalabar,⚪ OFF (Collab Only),24214,229,4,96.54%,2026-03-14,https://www.instagram.com/p/DV2mmS9slkv/,Post owned by partner (collab),Swipe. Switch. Repeat.
422,Mor Jewellers,@makeupstudiobyzarnish,⚪ OFF (Collab Only),1561,244,13,16.58%,2026-03-14,https://www.instagram.com/p/DV3O1S6Df2i/,Post owned by partner (collab),Some Clips from our most Loved campaign ❤️
423,GRT Jewellers,@vithikasheru,⚪ OFF (Collab Only),1207994,23068,53,1.91%,2026-03-13,https://www.instagram.com/p/DVz9J0JjsMM/,Post owned by partner (collab),"Getting ready for my Ugadi shine with GRT Jewellers! I picked a Gold Lakshmi Haram for that authentic grandeur, and switched to a diamond blue sapphir"
424,Malabar Gold & Diamonds,@zoulbymalabar,⚪ OFF (Collab Only),24214,229,4,96.54%,2026-03-13,https://www.instagram.com/p/DV0LXnHiLKu/,Post owned by partner (collab),Some days it’s stacked. Some days it’s just one.
425,Ulhas Jewellers,@theretailjeweller_india,⚪ OFF (Collab Only),19377,41,2,22.92%,2026-03-13,https://www.instagram.com/p/DV0Zq9_DBGf/,Post owned by partner (collab),"Ulhas Jewellers recently participated in the Goa Carnival parade held across Margao, Panaji, Porvorim, Vasco and Mapusa, engaging with local spectator"
426,Malabar Gold & Diamonds,@zoulbymalabar,⚪ OFF (Collab Only),24214,229,4,96.54%,2026-03-12,https://www.instagram.com/p/DVxc-3hswSZ/,Post owned by partner (collab),Why settle for one vibe when you can be them all?
427,GRT Jewellers,@namratha__gowdaofficial,⚪ OFF (Collab Only),1196759,50245,73,4.20%,2026-03-11,https://www.instagram.com/p/DVvjqA3j_ws/,Post owned by partner (collab),"Getting ready for Ugadi with my favourite finds from GRT Jewellers! I styled a stunning antique gold Hiranmayi set for a festive look, and a delicate"
428,Malabar Gold & Diamonds,@zoulbymalabar,⚪ OFF (Collab Only),24214,229,4,96.54%,2026-03-11,https://www.instagram.com/p/DVvUpbyCKad/,Post owned by partner (collab),This trend? We approve.
429,Malabar Gold & Diamonds,@zoulbymalabar,⚪ OFF (Collab Only),24214,229,4,96.54%,2026-03-11,https://www.instagram.com/p/DVu-uEaiLmh/,Post owned by partner (collab),A ring for every move she is about to make.
430,Mor Jewellers,@makeupstudiobyzarnish,⚪ OFF (Collab Only),1561,244,13,16.58%,2026-03-11,https://www.instagram.com/p/DVv2wLTjfjc/,Post owned by partner (collab),Signature Bridal Look ❤️✨
431,Sri Jagdamba Pearls,@jagdambapearlsstore,⚪ OFF (Collab Only),38063,106,14,31.94%,2026-03-11,https://www.instagram.com/p/DVvNj_xESTB/,Post owned by partner (collab),Lightweight. Luminous. Unapologetically you. ✨
432,Malabar Gold & Diamonds,@zoulbymalabar,⚪ OFF (Collab Only),24214,229,4,96.54%,2026-03-10,https://www.instagram.com/p/DVsUDDPCNYv/,Post owned by partner (collab),From “keep it minimal”
433,Malabar Gold & Diamonds,@zoulbymalabar,⚪ OFF (Collab Only),24214,229,4,96.54%,2026-03-09,https://www.instagram.com/p/DVpu1u1CMFu/,Post owned by partner (collab),Pick your colour.
434,Mor Jewellers,@makeupstudiobyzarnish,⚪ OFF (Collab Only),1561,244,13,16.58%,2026-03-09,https://www.instagram.com/p/DVq_KisDVWX/,Post owned by partner (collab),Bridal campaign 2026✨
435,B.C. Sen Jewellers,@theamistory,⚪ OFF (Collab Only),588,108,3,19.02%,2026-03-08,https://www.instagram.com/p/DVnPlJ4gfed/,Post owned by partner (collab),Share it with someone who needs to hear this 💕
436,Sri Jagdamba Pearls,@jagdambapearlsstore,⚪ OFF (Collab Only),38063,106,14,31.94%,2026-03-08,https://www.instagram.com/p/DVnWv2UEU4r/,Post owned by partner (collab),"Our customers, our inspiration."
437,GRT Jewellers,@athmika_sumithran,⚪ OFF (Collab Only),873564,16584,1218,2.04%,2026-03-07,https://www.instagram.com/p/DVlJHmXEQUW/,Post owned by partner (collab),"To the women who know that big dreams are built with small, consistent steps—this one is for you."
438,P. N. Gadgil Jewellers (PNG),@mayurideshmukhofficialll,⚪ OFF (Collab Only),678257,5080,129,76.81%,2026-03-07,https://www.instagram.com/p/DVlAMHcDVya/,Post owned by partner (collab),"Luxury shines in many forms like dazzling cities, masterful craftsmanship, and iconic creations. Yet some brilliance is truly timeless."
439,Malabar Gold & Diamonds,@zoulbymalabar,⚪ OFF (Collab Only),24214,229,4,96.54%,2026-03-06,https://www.instagram.com/p/DViAOt3DCNo/,Post owned by partner (collab),Not every day is big. But every day is yours.
440,Mor Jewellers,@makeupstudiobyzarnish,⚪ OFF (Collab Only),1561,244,13,16.58%,2026-03-06,https://www.instagram.com/p/DVjPDY4DWVU/,Post owned by partner (collab),Stunning @thesaniahmed  in our signature modern look 💫
441,Mor Jewellers,@makeupstudiobyzarnish,⚪ OFF (Collab Only),1561,244,13,16.58%,2026-03-06,https://www.instagram.com/p/DVi9_4CjS0P/,Post owned by partner (collab),Gorgeous @thesaniahmed in our signature glam fusion look ✨
442,Malabar Gold & Diamonds,@zoulbymalabar,⚪ OFF (Collab Only),24214,229,4,96.54%,2026-03-05,https://www.instagram.com/p/DVfbchBDPwJ/,Post owned by partner (collab),Simple at first glance.
443,Sri Jagdamba Pearls,@jagdambapearlsstore,⚪ OFF (Collab Only),38063,106,14,31.94%,2026-03-05,https://www.instagram.com/p/DVgBZ-iiAZp/,Post owned by partner (collab),Wings weren’t given to her.
444,Malabar Gold & Diamonds,@zoulbymalabar,⚪ OFF (Collab Only),24214,229,4,96.54%,2026-03-04,https://www.instagram.com/p/DVc2tQPjJU8/,Post owned by partner (collab),Not every day calls for extra.
445,Malabar Gold & Diamonds,@zoulbymalabar,⚪ OFF (Collab Only),24214,229,4,96.54%,2026-03-03,https://www.instagram.com/p/DVaR4KKDN1E/,Post owned by partner (collab),Warning:
446,Aisshpra Gems & Jewels,@gorakhpur.aisshpra,⚪ OFF (Collab Only),2659,292,139,16.27%,2026-03-02,https://www.instagram.com/p/DVY1__SEpCn/,Post owned by partner (collab),Not every jewellery shines. Some commands attention.
447,Malabar Gold & Diamonds,@zoulbymalabar,⚪ OFF (Collab Only),24214,229,4,96.54%,2026-03-02,https://www.instagram.com/p/DVYPZ7pCM9s/,Post owned by partner (collab),Every Layer that matches your every mood.
448,Malabar Gold & Diamonds,@zoulbymalabar,⚪ OFF (Collab Only),24214,229,4,96.54%,2026-03-01,https://www.instagram.com/p/DVVbUZoiI9j/,Post owned by partner (collab),"When your bestie has completely different energy, but your jewellery still just… works!"
449,Malabar Gold & Diamonds,@zoulbymalabar,⚪ OFF (Collab Only),24214,229,4,96.54%,2026-02-28,https://www.instagram.com/p/DVSpYkAjwuR/,Post owned by partner (collab),Basic isn’t your thing.
450,B.C. Sen Jewellers,@theamistory,⚪ OFF (Collab Only),588,108,3,19.02%,2026-02-27,https://www.instagram.com/p/DVQ8WrygSK6/,Post owned by partner (collab),A little reminder that love begins with yourself- ‘ami’. 💗✨
451,Malabar Gold & Diamonds,@zoulbymalabar,⚪ OFF (Collab Only),24214,229,4,96.54%,2026-02-27,https://www.instagram.com/p/DVQrslvCE2l/,Post owned by partner (collab),Serve. Sprint. Reset.
452,Malabar Gold & Diamonds,@zoulbymalabar,⚪ OFF (Collab Only),24214,229,4,96.54%,2026-02-26,https://www.instagram.com/p/DVNyArJCGdQ/,Post owned by partner (collab),"For the girls who don’t wait for the spotlight, they bring their own."
453,BlueStone,@vibes_of_soumi,⚪ OFF (Collab Only),60016,946,15,1.60%,2026-02-25,https://www.instagram.com/p/DVLWD7eku0D/,Post owned by partner (collab),This look of Aishwarya rai has my heart now 🩵!
454,Malabar Gold & Diamonds,@zoulbymalabar,⚪ OFF (Collab Only),24214,229,4,96.54%,2026-02-25,https://www.instagram.com/p/DVLBw9ziGWx/,Post owned by partner (collab),Your vibe. Your pick. Your moment.
455,B.C. Sen Jewellers,@theamistory,⚪ OFF (Collab Only),588,108,3,19.02%,2026-02-24,https://www.instagram.com/p/DVJMTd_AUpA/,Post owned by partner (collab),She is not the muse. She is the masterpiece. ✨
456,Hazoorilal Legacy,@zooribyhazoorilallegacy,⚪ OFF (Collab Only),8864,47,1,54.90%,2026-02-24,https://www.instagram.com/p/DVJVP57kwpZ/,Post owned by partner (collab),Dressed for plans that weren’t planned.
457,Malabar Gold & Diamonds,@zoulbymalabar,⚪ OFF (Collab Only),24214,229,4,96.54%,2026-02-24,https://www.instagram.com/p/DVJD658jw3J/,Post owned by partner (collab),"From soft-core cute to low-key iconic,​​"
458,B.C. Sen Jewellers,@theamistory,⚪ OFF (Collab Only),588,108,3,19.02%,2026-02-23,https://www.instagram.com/p/DVGupVdgVoc/,Post owned by partner (collab),Where every beginning finds its glow.✨
459,Malabar Gold & Diamonds,@zoulbymalabar,⚪ OFF (Collab Only),24214,229,4,96.54%,2026-02-23,https://www.instagram.com/p/DVGCoGqCAc_/,Post owned by partner (collab),Minimal design.
460,Hazoorilal Legacy,@zooribyhazoorilallegacy,⚪ OFF (Collab Only),8864,47,1,54.90%,2026-02-22,https://www.instagram.com/p/DVETM7EEwS1/,Post owned by partner (collab),Dressed for plans that weren’t planned.
461,Malabar Gold & Diamonds,@zoulbymalabar,⚪ OFF (Collab Only),24214,229,4,96.54%,2026-02-22,https://www.instagram.com/p/DVDq3dBCHlf/,Post owned by partner (collab),Tap. Hold. Reveal your everyday style.
462,Malabar Gold & Diamonds,@zoulbymalabar,⚪ OFF (Collab Only),24214,229,4,96.54%,2026-02-22,https://www.instagram.com/p/DVDHd6OD6pO/,Post owned by partner (collab),The most powerful style statement is the one you wear every day.
463,B.C. Sen Jewellers,@theamistory,⚪ OFF (Collab Only),588,108,3,19.02%,2026-02-21,https://www.instagram.com/p/DVBgygTAYH1/,Post owned by partner (collab),Her favourite love story?
464,Hazoorilal Legacy,@zooribyhazoorilallegacy,⚪ OFF (Collab Only),8864,47,1,54.90%,2026-02-21,https://www.instagram.com/p/DVBmgR2E91I/,Post owned by partner (collab),Dressed for plans that weren’t planned.
465,Malabar Gold & Diamonds,@zoulbymalabar,⚪ OFF (Collab Only),24214,229,4,96.54%,2026-02-21,https://www.instagram.com/p/DVAho73iAwv/,Post owned by partner (collab),The brief said “formal.”​
466,B.C. Sen Jewellers,@theamistory,⚪ OFF (Collab Only),588,108,3,19.02%,2026-02-20,https://www.instagram.com/p/DU-8KmOgYGV/,Post owned by partner (collab),"Sip, sparkle, shine ✨"
467,Malabar Gold & Diamonds,@zoulbymalabar,⚪ OFF (Collab Only),24214,229,4,96.54%,2026-02-20,https://www.instagram.com/p/DU-J8LCCDFJ/,Post owned by partner (collab),"From morning meetings to evening plans, your jewellery is made to keep up with your every move.​"
468,Khimji Jewellers,@redfmodisha,⚪ OFF (Collab Only),2847,107,3,3.90%,2026-02-19,https://www.instagram.com/p/DU7g3BTgWXe/,Post owned by partner (collab),What a day it turned out to be ✨
469,Malabar Gold & Diamonds,@zoulbymalabar,⚪ OFF (Collab Only),24214,229,4,96.54%,2026-02-19,https://www.instagram.com/p/DU7nO6KiN5g/,Post owned by partner (collab),Stacking isn’t extra. It’s essential.
470,Ulhas Jewellers,@_goenchigazaali_,⚪ OFF (Collab Only),213,4868,87,2326.63%,2026-02-19,https://www.instagram.com/p/DU7e0XPksaL/,Post owned by partner (collab),Tag your hardworking goenkars below !
471,B.C. Sen Jewellers,@theamistory,⚪ OFF (Collab Only),588,108,3,19.02%,2026-02-18,https://www.instagram.com/p/DU5tiWNASar/,Post owned by partner (collab),Not just worn.
472,Malabar Gold & Diamonds,@zoulbymalabar,⚪ OFF (Collab Only),24214,229,4,96.54%,2026-02-18,https://www.instagram.com/p/DU5XqARiIp3/,Post owned by partner (collab),Sleek in Gold or Dual tone? Minimal or stacked?
473,Sri Jagdamba Pearls,@jagdambapearlsstore,⚪ OFF (Collab Only),38063,106,14,31.94%,2026-02-18,https://www.instagram.com/p/DU5t33eDwjp/,Post owned by partner (collab),Legacy meets momentum. 🌟
474,B.C. Sen Jewellers,@theamistory,⚪ OFF (Collab Only),588,108,3,19.02%,2026-02-17,https://www.instagram.com/p/DU3aUE4ARss/,Post owned by partner (collab),She doesn’t just wear a butterfly.
475,Sri Jagdamba Pearls,@jagdambapearlsstore,⚪ OFF (Collab Only),38063,106,14,31.94%,2026-02-17,https://www.instagram.com/p/DU2EagHCEd2/,Post owned by partner (collab),A legacy wrapped in lustre. A promise adorned in pearls.
476,B.C. Sen Jewellers,@theamistory,⚪ OFF (Collab Only),588,108,3,19.02%,2026-02-16,https://www.instagram.com/p/DU0qLP3gf2K/,Post owned by partner (collab),"A symbol of becoming, crafted for the woman who chose herself."
477,BlueStone,@razorpay,⚪ OFF (Collab Only),397858,1822,9,46.03%,2026-02-16,https://www.instagram.com/p/DU0ZxFREkBS/,Post owned by partner (collab),Gaurav Singh Kushwaha is joining the FTX26 stage.
478,DP Abhushan (DP Jewellers),@amourabydp,⚪ OFF (Collab Only),4297,48,1,1.16%,2026-02-16,https://www.instagram.com/p/DU0WopOiesE/,Post owned by partner (collab),"She’s bold in her choices, clear in her vision, and unapologetic about her shine."
479,DP Abhushan (DP Jewellers),@amourabydp,⚪ OFF (Collab Only),4297,48,1,1.16%,2026-02-16,https://www.instagram.com/p/DU0IHEHCfOQ/,Post owned by partner (collab),"Every girl carries strength, softness, ambition, and grace all at once. 💎"
480,Malabar Gold & Diamonds,@zoulbymalabar,⚪ OFF (Collab Only),24214,229,4,96.54%,2026-02-16,https://www.instagram.com/p/DU0nK0ICNIA/,Post owned by partner (collab),Introducing ZOUL Lifestyle Jewellery.
481,Sri Jagdamba Pearls,@jagdambapearlsstore,⚪ OFF (Collab Only),38063,106,14,31.94%,2026-02-16,https://www.instagram.com/p/DU0dav3iAA7/,Post owned by partner (collab),"From heritage to horizon, we are building the future of Indian jewellery, one vision at a time ✨"
482,B.C. Sen Jewellers,@theamistory,⚪ OFF (Collab Only),588,108,3,19.02%,2026-02-15,https://www.instagram.com/p/DUyDefHAaa8/,Post owned by partner (collab),She is ami.
483,B.C. Sen Jewellers,@theamistory,⚪ OFF (Collab Only),588,108,3,19.02%,2026-02-14,https://www.instagram.com/p/DUvc711Acsf/,Post owned by partner (collab),She wears her wings with quiet confidence.✨
484,DP Abhushan (DP Jewellers),@amourabydp,⚪ OFF (Collab Only),4297,48,1,1.16%,2026-02-14,https://www.instagram.com/p/DUvRhryCYfi/,Post owned by partner (collab),"For the ones who stayed, supported, and sparkled with you ✨"
485,Khimji Jewellers,@redfmodisha,⚪ OFF (Collab Only),2847,107,3,3.90%,2026-02-14,https://www.instagram.com/p/DUuZPTDCfbg/,Post owned by partner (collab),Make this Valentine’s Day unforgettable! 🌹 We’ve hidden a little sparkle all over the city. Can you find it? Participate in the Khimji Jewellers Loves
486,Malabar Gold & Diamonds,@zoulbymalabar,⚪ OFF (Collab Only),24214,229,4,96.54%,2026-02-14,https://www.instagram.com/p/DUvNL2cCEtG/,Post owned by partner (collab),"This Valentine’s, celebrate her — every day. ❤️"
487,Malabar Gold & Diamonds,@zoulbymalabar,⚪ OFF (Collab Only),24214,229,4,96.54%,2026-02-14,https://www.instagram.com/p/DUu42SmiEbu/,Post owned by partner (collab),"#ValentinesDay is a reminder that love isn’t just a feeling, it’s a promise, a connection, and a celebration of the moments that make us whole. Celebr"
488,Mor Jewellers,@samya.sheraz.salon,⚪ OFF (Collab Only),96893,28471,100,29.49%,2026-02-14,https://www.instagram.com/p/DUv2QquDJO1/,Post owned by partner (collab),Valima makeup @samya.sheraz.salon 🌟💖
489,B.C. Sen Jewellers,@theamistory,⚪ OFF (Collab Only),588,108,3,19.02%,2026-02-13,https://www.instagram.com/p/DUs5VjJgVaQ/,Post owned by partner (collab),"Crafted in luminous gold and encrusted with precision-set diamonds, this butterfly pendant set celebrates fine craftsmanship in every detail."
490,B.C. Sen Jewellers,@theamistory,⚪ OFF (Collab Only),588,108,3,19.02%,2026-02-13,https://www.instagram.com/p/DUsENwQAUjl/,Post owned by partner (collab),A delicate ode to becoming.🦋
491,DP Abhushan (DP Jewellers),@amourabydp,⚪ OFF (Collab Only),4297,48,1,1.16%,2026-02-13,https://www.instagram.com/p/DUtGqq2Cfty/,Post owned by partner (collab),"For the late-night talks, shared dreams, and lifelong memories 🥂"
492,P. C. Chandra Jewellers,@smrutiandonkar,⚪ OFF (Collab Only),809178,171758,591,21.30%,2026-02-13,https://www.instagram.com/p/DUsyh7FEt_j/,Post owned by partner (collab),Some love stories don’t need words—they just feel right. Celebrating a bond that grows stronger with every moment.
493,P. C. Chandra Jewellers,@adrija_roy_official,⚪ OFF (Collab Only),1035144,30024,304,2.93%,2026-02-13,https://www.instagram.com/p/DUsBjHHCPAQ/,Post owned by partner (collab),"This Valentine’s, I’m celebrating love in every form… the love I give, the love I receive, and the love I’m still learning to grow into."
494,BlueStone,@tanyaaak___,⚪ OFF (Collab Only),353274,1455,59,42.88%,2026-02-12,https://www.instagram.com/p/DUqUWZ_kxvZ/,Post owned by partner (collab),BlueStone turned our date into our most special memory 💍✨
495,DP Abhushan (DP Jewellers),@amourabydp,⚪ OFF (Collab Only),4297,48,1,1.16%,2026-02-12,https://www.instagram.com/p/DUpx0UwiVKs/,Post owned by partner (collab),The Girlhood Edit 💕
496,Khimji Jewellers,@arundhati_devika,⚪ OFF (Collab Only),570842,51335,142,9.02%,2026-02-12,https://www.instagram.com/p/DUpCPv9Esdr/,Post owned by partner (collab),He didn’t just give me a pendant… he gave me a promise I’ll wear close to my heart forever. 💎✨
497,P. C. Chandra Jewellers,@purnimamoktan,🟢 ON (Formal Label),465535,105066,2652,23.14%,2026-02-12,https://www.instagram.com/p/DUqJZUGD61d/,Post owned by partner (collab),"It’s not about perfection—it’s about connection. The kind of love that feels effortless, honest, and real."
498,B.C. Sen Jewellers,@theamistory,⚪ OFF (Collab Only),588,108,3,19.02%,2026-02-11,https://www.instagram.com/p/DUnwwiDAReT/,Post owned by partner (collab),Love yourself first. Choose with clarity and trust your own heart with kindness.
499,B.C. Sen Jewellers,@theamistory,⚪ OFF (Collab Only),588,108,3,19.02%,2026-02-11,https://www.instagram.com/p/DUnr0K8geGG/,Post owned by partner (collab),She chooses herself. Softly…Surely…Unapologetically. ✨
500,DP Abhushan (DP Jewellers),@amourabydp,⚪ OFF (Collab Only),4297,48,1,1.16%,2026-02-11,https://www.instagram.com/p/DUntAjbCefr/,Post owned by partner (collab),"This Galentine’s, celebrate the girls who’ve been your constant. 💗"
501,Khimji Jewellers,@redfmodisha,⚪ OFF (Collab Only),2847,107,3,3.90%,2026-02-11,https://www.instagram.com/p/DUnNRkCiUFe/,Post owned by partner (collab),Love is in the air… and treasure is near
502,P. C. Chandra Jewellers,@feverfmofficial,⚪ OFF (Collab Only),179958,13970,634,8.12%,2026-02-11,https://www.instagram.com/p/DUnatDCDJh2/,Post owned by partner (collab),When the mic goes live and the showroom lights up ✨🎙️
503,P. C. Chandra Jewellers,@mahakkagarwal,⚪ OFF (Collab Only),23687,52516,171,222.43%,2026-02-11,https://www.instagram.com/p/DUnA60cEQhY/,Post owned by partner (collab),manifesting a love like this🥰🧿
504,Sri Jagdamba Pearls,@jagdambapearlsstore,⚪ OFF (Collab Only),38063,106,14,31.94%,2026-02-11,https://www.instagram.com/p/DUm5qHKk5he/,Post owned by partner (collab),✨ Something truly special awaits you from Sri Jagdamba Pearls✨
505,B.C. Sen Jewellers,@theamistory,⚪ OFF (Collab Only),588,108,3,19.02%,2026-02-10,https://www.instagram.com/p/DUlNS8YgUhU/,Post owned by partner (collab),"‘ami’ - Before Anything Else — learning to pause, to listen, and to choose your own heart with kindness."
506,B.C. Sen Jewellers,@theamistory,⚪ OFF (Collab Only),588,108,3,19.02%,2026-02-10,https://www.instagram.com/p/DUk2E-bAQDg/,Post owned by partner (collab),"Rooted in self-love, growing in freedom."
507,B.C. Sen Jewellers,@theamistory,⚪ OFF (Collab Only),588,108,3,19.02%,2026-02-09,https://www.instagram.com/p/DUitebsAb91/,Post owned by partner (collab),Stay Tuned 💕
508,DP Abhushan (DP Jewellers),@amourabydp,⚪ OFF (Collab Only),4297,48,1,1.16%,2026-02-09,https://www.instagram.com/p/DUi3J0hCfrW/,Post owned by partner (collab),Some gifts are forgotten. The right one isn’t.
509,DP Abhushan (DP Jewellers),@amourabydp,⚪ OFF (Collab Only),4297,48,1,1.16%,2026-02-08,https://www.instagram.com/p/DUfyFxyiY1B/,Post owned by partner (collab),"This Galentine’s, skip the clichés."
510,B.C. Sen Jewellers,@theamistory,⚪ OFF (Collab Only),588,108,3,19.02%,2026-02-07,https://www.instagram.com/p/DUdYEwiATKa/,Post owned by partner (collab),Choosing A Beautiful Life For Myself.
511,DP Abhushan (DP Jewellers),@amourabydp,⚪ OFF (Collab Only),4297,48,1,1.16%,2026-02-07,https://www.instagram.com/p/DUdjuK8iUEK/,Post owned by partner (collab),The Girlhood Edit 💕
512,B.C. Sen Jewellers,@theamistory,⚪ OFF (Collab Only),588,108,3,19.02%,2026-02-06,https://www.instagram.com/p/DUaRBEMgbqT/,Post owned by partner (collab),Let’s paint the town pink. Red flags not invited.
513,B.C. Sen Jewellers,@theamistory,⚪ OFF (Collab Only),588,108,3,19.02%,2026-02-06,https://www.instagram.com/p/DUZi7XgAYvc/,Post owned by partner (collab),Choose Yourself. Choose ami.
514,Lalithaa Jewellery,@m.kirankumar_official,⚪ OFF (Collab Only),622601,53744,238,8.67%,2026-02-06,https://www.instagram.com/p/DUaqBWhksmQ/,Post owned by partner (collab),Adding WOW to Valentine’s ! We are introducing customizable pendants on which you can laser-engrave designs of your liking. It will be available durin
515,BlueStone,@arya__mahajan_,⚪ OFF (Collab Only),141449,4041,118,2.94%,2026-02-05,https://www.instagram.com/p/DUYFqWziEK7/,Post owned by partner (collab),Green flags dont wait for occasions😉
516,BlueStone,@shiivaniiarora,⚪ OFF (Collab Only),80169,12207,72,15.32%,2026-02-03,https://www.instagram.com/p/DUTJkQJEwNW/,Post owned by partner (collab),"By now, Karan definitely knows my jewellery taste."
517,BlueStone,@bhumika.satpute,⚪ OFF (Collab Only),23713,8797,51,37.32%,2026-02-02,https://www.instagram.com/p/DUQlYmxDCXK/,Post owned by partner (collab),It’s valentine week bby💕
518,PC Jeweller,@upwarriorz,⚪ OFF (Collab Only),167351,1533,23,93.05%,2026-02-02,https://www.instagram.com/p/DUPmqDLiODH/,Post owned by partner (collab),"Our season comes to an end, but the spirit remains ✨"
519,P. C. Chandra Jewellers,@itsmekratika,⚪ OFF (Collab Only),1716867,197455,1378,11.58%,2026-01-31,https://www.instagram.com/p/DUKZa3ODPEv/,Post owned by partner (collab),"Jewellery, for me, is never just a purchase—it’s a choice rooted in trust, meaning, and lasting value."
520,Tanishq,@rahulmishra_7,⚪ OFF (Collab Only),959381,3462,41,36.52%,2026-01-31,https://www.instagram.com/p/DUKsQpHk41H/,Post owned by partner (collab),ALCHEMY | PANCHBUTA • RAHUL MISHRA COUTURE SPRING 2016
521,Mor Jewellers,@samya.sheraz.salon,⚪ OFF (Collab Only),96893,28471,100,29.49%,2026-01-30,https://www.instagram.com/p/DUJP-pcDSnA/,Post owned by partner (collab),Signature Valima makeup @samya.sheraz.salon
522,PC Jeweller,@upwarriorz,⚪ OFF (Collab Only),167351,1533,23,93.05%,2026-01-30,https://www.instagram.com/p/DUHxh7RiHsR/,Post owned by partner (collab),"Not our day on the field, but we hold our heads high with these fighting moments!"
523,Malabar Gold & Diamonds,@twinmenot,⚪ OFF (Collab Only),125772,27349,138,21.86%,2026-01-29,https://www.instagram.com/p/DUF9d1QEZfp/,Post owned by partner (collab),The Vibe 😍
524,Tanishq,@shivani_bafna,🟢 ON (Formal Label),696893,6954,65,1.01%,2026-01-29,https://www.instagram.com/p/DUGMxODjWQm/,Post owned by partner (collab),life with krish has shifted everything that i’ve ever known... and i wanted a permanent symbol for this new version of me. 💫
525,BlueStone,@vibes_of_soumi,⚪ OFF (Collab Only),60016,946,15,1.60%,2026-01-28,https://www.instagram.com/p/DUDE_L6ktFf/,Post owned by partner (collab),Bluestone’s dainty dreams collection has my heart🤍✨
526,Malabar Gold & Diamonds,@tejasdhoke11,⚪ OFF (Collab Only),1280103,54576,374,4.29%,2026-01-28,https://www.instagram.com/p/DUDiI8ojEKQ/,Post owned by partner (collab),"#Contest Two hearts, one rhythm"
527,GRT Jewellers,@fariaabdullah,⚪ OFF (Collab Only),1166402,49480,303,4.27%,2026-01-27,https://www.instagram.com/p/DUA59SKjDlf/,Post owned by partner (collab),Stepping into the GRT Jewellers showroom in Nizamabad felt like discovering refined craftsmanship.
528,P. C. Chandra Jewellers,@ishitasalujaimageconsultancy,🟢 ON (Formal Label),1622894,4855,3161,49.40%,2026-01-26,https://www.instagram.com/p/DT-SvcdEwsu/,Post owned by partner (collab),Your neckline decides your jewellery ✨
529,GRT Jewellers,@fariaabdullah,⚪ OFF (Collab Only),1166402,49480,303,4.27%,2026-01-23,https://www.instagram.com/p/DT19EQqjMDF/,Post owned by partner (collab),"I am super excited to take you through the grand GRT Jewellers showroom here in Dwaraka Nagar, Nizamabad! ✨"
530,Mor Jewellers,@saimasalon_beauty,⚪ OFF (Collab Only),70851,1535,43,2.23%,2026-01-22,https://www.instagram.com/p/DT0MBskCB7v/,Post owned by partner (collab),Soft glam for the Barat bride ✨
531,Tanishq,@malavikamohanan_,🟢 ON (Formal Label),4593937,182264,760,3.98%,2026-01-22,https://www.instagram.com/p/DT0DZLajNKN/,Post owned by partner (collab),Episode 15 | Styling One on One Featuring @malavikamohanan aka me
532,Mor Jewellers,@saimasalon_beauty,⚪ OFF (Collab Only),70851,1535,43,2.23%,2026-01-21,https://www.instagram.com/p/DTxz50ICFUV/,Post owned by partner (collab),New bridal magic loading… ✨ Stay tuned.
533,Mor Jewellers,@sarteladiessalon,⚪ OFF (Collab Only),135922,13358,34,9.85%,2026-01-21,https://www.instagram.com/p/DTxDbZgCK5a/,Post owned by partner (collab),Signature Bride 👰
534,Malabar Gold & Diamonds,@tanyathevar,🟢 ON (Formal Label),191773,64698,497,34.00%,2026-01-20,https://www.instagram.com/p/DTu7q6WCPEZ/,Post owned by partner (collab),This is for the bride I will be someday ✨
535,Mor Jewellers,@sarteladiessalon,⚪ OFF (Collab Only),135922,13358,34,9.85%,2026-01-20,https://www.instagram.com/p/DTuVXfLiInK/,Post owned by partner (collab),Senior Artist Bridal Makeup 💄
536,P. C. Chandra Jewellers,@iammanishamalik,⚪ OFF (Collab Only),317422,32519,185,10.30%,2026-01-18,https://www.instagram.com/p/DTpY5EUjvDL/,Post owned by partner (collab),I don’t fit into one style; and neither do my diamonds.
537,Malabar Gold & Diamonds,@styletalks_pooja,🟢 ON (Formal Label),326950,9257,146,2.88%,2026-01-17,https://www.instagram.com/p/DTnPY0fCWTr/,Post owned by partner (collab),"Traditional weddings always feel very special to me.There’s so much richness already,the saree, the colours, the setting."
538,Prince Jewellery,@anchor_anushreeofficial,⚪ OFF (Collab Only),2325283,77260,304,3.34%,2026-01-17,https://www.instagram.com/p/DTnRib3kwgQ/,Post owned by partner (collab),🎊Sankranti Special Extended Offer - Jan 15th to Jan 26th 🪩@princejewelleryindia for this festive season ✨
539,Anopchand Tilokchand (AT Jewell,@atjewel,⚪ OFF (Collab Only),735,8,0,1.09%,2026-01-14,https://www.instagram.com/p/DTf_QjNkiLj/,Post owned by partner (collab),Some jewellery completes the look.
540,GRT Jewellers,@mehndi_jashnani,⚪ OFF (Collab Only),50116,32,32,13.07%,2026-01-14,https://www.instagram.com/p/DTfkeNAidFm/,Post owned by partner (collab),"A thoughtfully curated exhibition of the finest and rarest diamond jewellery designs, brought together with GRT Jewellers’ signature finesse and atten"
541,P. C. Chandra Jewellers,@saieemmanjrekar,⚪ OFF (Collab Only),2104683,66538,347,3.18%,2026-01-14,https://www.instagram.com/p/DTfgVlxCMGf/,Post owned by partner (collab),One day. Many looks. Diamonds for every version of you.
542,Prince Jewellery,@ramwithjaanu.official,🟢 ON (Formal Label),784657,97397,312,12.45%,2026-01-14,https://www.instagram.com/p/DTfU4t_j3ab/,Post owned by partner (collab),Prince Treatment 😅
543,Prince Jewellery,@suhailvlogger,⚪ OFF (Collab Only),440297,54971,259,12.54%,2026-01-14,https://www.instagram.com/p/DTe9cquEWLv/,Post owned by partner (collab),🎊Ponnana Pongal Offer - Jan 15th to Jan 26th 🪩@princejewelleryindia for this festive season ✨
544,Malabar Gold & Diamonds,@shwetarajan_,🟢 ON (Formal Label),196891,3432,74,1.78%,2026-01-11,https://www.instagram.com/p/DTXxzr9iEBq/,Post owned by partner (collab),A golden surprise for Mom’s special day ✨
545,P. C. Chandra Jewellers,@rxjvee,⚪ OFF (Collab Only),1279137,36156,166,2.84%,2026-01-11,https://www.instagram.com/p/DTXMQWdDVOa/,Post owned by partner (collab),Got my hands on these diamond beauties from @p.c.chandrajewellers and my brain immediately said: Let’s style it!✨
546,Khimji Jewellers,@debjani_deghuria,⚪ OFF (Collab Only),313214,2134,49,69.73%,2026-01-08,https://www.instagram.com/p/DTPXSilEiIp/,Post owned by partner (collab),So excited to share that Khimji Jewellers is now at Jajpur Road.
547,GRT Jewellers,@niharikakonidela,⚪ OFF (Collab Only),2545283,62510,187,2.46%,2026-01-06,https://www.instagram.com/p/DTK2J2UE5qJ/,Post owned by partner (collab),"This festive season, I’m exploring three varied gold and diamond styles at GRT Jewellers, each with its own elegance and charm."
548,Khimji Jewellers,@pihuumohapatra,⚪ OFF (Collab Only),341575,25732,141,7.57%,2026-01-06,https://www.instagram.com/p/DTJ441KCRer/,Post owned by partner (collab),"Jajpur Road fam, I just stepped into Khimji Jewellers' brand new showroom and I'm obsessed! 💖"
549,Khimji Jewellers,@cookiess_swain,⚪ OFF (Collab Only),1117751,52120,136,4.68%,2026-01-04,https://www.instagram.com/p/DTEqtKdks2a/,Post owned by partner (collab),I just upgraded my old gold at Khimji Jewellers and honestly… it feels like stepping into timeless elegance.
550,Malabar Gold & Diamonds,@arohikhurana_,⚪ OFF (Collab Only),1446847,126702,1258,8.84%,2026-01-04,https://www.instagram.com/p/DTGFUuyE_UM/,Post owned by partner (collab),Bride hoon toh thoda drama toh banta hai!💃✨
551,Anopchand Tilokchand (AT Jewell,@nidra_raipur,⚪ OFF (Collab Only),3994,12,0,30.46%,2026-01-03,https://www.instagram.com/p/DTDBHXRDbpL/,Post owned by partner (collab),Your perfect bridal glow awaits! ✨
552,Anopchand Tilokchand (AT Jewell,@nidra_raipur,⚪ OFF (Collab Only),3994,12,0,30.46%,2026-01-03,https://www.instagram.com/p/DTDAEmWjb-C/,Post owned by partner (collab),Make your wedding day unforgettable! ✨
553,GRT Jewellers,@deepika__das,⚪ OFF (Collab Only),1468347,23899,52,1.63%,2026-01-03,https://www.instagram.com/p/DTDKOyKDM_w/,Post owned by partner (collab),"Makar Sankranti is just around the corner, and I am here at GRT Jewellers to find the perfect match for my festive look! ✨"
554,P. C. Chandra Jewellers,@thepearshapedstylist,🟢 ON (Formal Label),669994,12258,127,1.85%,2026-01-03,https://www.instagram.com/p/DTDKcnnjIXb/,Post owned by partner (collab),One necklace. Infinite possibilities ✨
555,GRT Jewellers,@delnadavis_,⚪ OFF (Collab Only),874807,39607,163,4.55%,2026-01-02,https://www.instagram.com/p/DTAqu1PkwMH/,Post owned by partner (collab),"One saree, three stunning looks! ✨ This Pongal, I decided to style my saree with three unique gold and diamond sets from GRT Jewellers."
556,Khimji Jewellers,@prerna_pratikshya,⚪ OFF (Collab Only),290279,6176,49,2.14%,2026-01-02,https://www.instagram.com/p/DS_082ckTAn/,Post owned by partner (collab),"Jajpur Road, I’m so excited to share this with you – Khimji Jewellers is finally here! ✨"
557,Prince Jewellery,@irfansview.official,⚪ OFF (Collab Only),1818246,72689,295,4.01%,2026-01-02,https://www.instagram.com/p/DTAbarDkzjm/,Post owned by partner (collab),Alia’s Revenge Time 🥲
558,Malabar Gold & Diamonds,@keerthana.s.k,🟢 ON (Formal Label),204550,29177,323,14.42%,2026-01-01,https://www.instagram.com/p/DS99Bs3k0Ym/,Post owned by partner (collab),@malabargoldanddiamonds brings back all my wedding memories every single time. 💛
559,P. C. Chandra Jewellers,@feverfmofficial,⚪ OFF (Collab Only),179958,13970,634,8.12%,2026-01-01,https://www.instagram.com/p/DS9MmleCaR2/,Post owned by partner (collab),"This New Year, @PCCJ and @FeverFMOfficial are coming together with @CRY_India to add a splash of color to the lives of hundreds of little wonders acro"
560,Prince Jewellery,@vijayviruz,⚪ OFF (Collab Only),882694,34707,160,3.95%,2026-01-01,https://www.instagram.com/p/DS-E12ZiX7o/,Post owned by partner (collab),Spend Less & Shine More 🪩@princejewelleryindia for this festive season ✨
561,Prince Jewellery,@aditiprabhudeva,⚪ OFF (Collab Only),1121871,31901,274,2.87%,2026-01-01,https://www.instagram.com/p/DS98lloEdbF/,Post owned by partner (collab),Spend Less & Shine More 🪩@princejewelleryindia for this festive season ✨
562,Sri Jagdamba Pearls,@shwetashazz,⚪ OFF (Collab Only),49851,831,39,1.75%,2025-12-30,https://www.instagram.com/p/DS4W8EPkgP-/,Post owned by partner (collab),Witnessed the largest variety of pearl jewellery I’ve ever seen all under one roof 🤍✨
563,Anopchand Tilokchand (AT Jewell,@nidra_raipur,⚪ OFF (Collab Only),3994,12,0,30.46%,2025-12-29,https://www.instagram.com/p/DS2Y82SCfH1/,Post owned by partner (collab),Your future self called... she looks stunning in these photos! 📸🤍
564,Anopchand Tilokchand (AT Jewell,@cosmo_himani,⚪ OFF (Collab Only),11988,167,2,1.42%,2025-12-28,https://www.instagram.com/p/DSzHHGQkU1k/,Post owned by partner (collab),Timeless bridal beauty in @sabyasachiofficial ✨
565,Khimji Jewellers,@_iam.barish_,⚪ OFF (Collab Only),180391,5324,33,2.97%,2025-12-27,https://www.instagram.com/p/DSxI-Kuj-lJ/,Post owned by partner (collab),"Jajpur Road, a new chapter of brilliance is now here ✨"
566,Malabar Gold & Diamonds,@jisma_jiji_kizhakkarakattu,🟢 ON (Formal Label),472948,97322,309,20.64%,2025-12-27,https://www.instagram.com/p/DSxUaSiknDy/,Post owned by partner (collab),THE TOUCH THAT SEES…
567,Khimji Jewellers,@theretailjeweller_india,⚪ OFF (Collab Only),19377,41,2,22.92%,2025-12-26,https://www.instagram.com/p/DSt4-Q3jJES/,Post owned by partner (collab),“Design directions today need to reflect both regional tastes and changing customer behaviour.”
568,Malabar Gold & Diamonds,@makeupbynainagoel,🟢 ON (Formal Label),144848,3102,805,2.70%,2025-12-25,https://www.instagram.com/p/DSrRDG7koLL/,Post owned by partner (collab),"Styling bridal jewellery from Malabar Gold & Diamonds is all about proportion, placement, and elegance ✨"
569,P. C. Chandra Jewellers,@feverfmofficial,⚪ OFF (Collab Only),179958,13970,634,8.12%,2025-12-25,https://www.instagram.com/p/DSrU9XTjJAr/,Post owned by partner (collab),*The Dream Come True* 🎄
570,Sri Jagdamba Pearls,@jagdambapearlsstore,⚪ OFF (Collab Only),38063,106,14,31.94%,2025-12-25,https://www.instagram.com/p/DSrzeWPEYrV/,Post owned by partner (collab),Celebrating Christmas joy and welcoming the new year with sparkle ✨
571,Khimji Jewellers,@iritu_,⚪ OFF (Collab Only),355196,3225,147,94.94%,2025-12-24,https://www.instagram.com/p/DSpQan7kWzg/,Post owned by partner (collab),"Jajpur Road, a new chapter of brilliance is now here ✨"
572,Kalamandir Jewellers,@anushkarathod98,🟢 ON (Formal Label),1310165,7593,201,59.50%,2025-12-22,https://www.instagram.com/p/DSkXKBSCUUN/,Post owned by partner (collab),Want to win a platinum coin?
573,Khimji Jewellers,@arundhati_devika,⚪ OFF (Collab Only),570842,51335,142,9.02%,2025-12-21,https://www.instagram.com/p/DShW6bikpyH/,Post owned by partner (collab),"Jajpur Road, it’s time to shine ✨"
574,Anopchand Tilokchand (AT Jewell,@prernaa.makhariaa,⚪ OFF (Collab Only),371238,582,25,16.35%,2025-12-20,https://www.instagram.com/p/DSfGSp7jPmt/,Post owned by partner (collab),"Guess who’s making their Grand debut at JJS, SB By ATJ Jewellers. Same legacy. New attitude. @atjewellers"
575,Kalamandir Jewellers,@anushkarathod98,🟢 ON (Formal Label),1310165,7593,201,59.50%,2025-12-20,https://www.instagram.com/p/DSfMkjeCUoR/,Post owned by partner (collab),Indian families make this MISTAKE!!
576,Malabar Gold & Diamonds,@hindavi_satkar_patil,⚪ OFF (Collab Only),2060520,29888,172,1.46%,2025-12-20,https://www.instagram.com/p/DSe4xSwDGXA/,Post owned by partner (collab),Top Bridal Accessory Trend: Jewellery that tells your story ✨
577,P. C. Chandra Jewellers,@cs.ujjawalpahwa,⚪ OFF (Collab Only),805156,23917,1298,3.13%,2025-12-18,https://www.instagram.com/p/DSaETBiCMzJ/,Post owned by partner (collab),"When your gold receives its true value through a completely transparent exchange process, confidence comes naturally."
578,GRT Jewellers,@gayathri_yuvraaj,⚪ OFF (Collab Only),1591881,47984,227,3.03%,2025-12-17,https://www.instagram.com/p/DSXVkAzkji8/,Post owned by partner (collab),"The shopping spree continues! 🛍️ After the gold and diamonds, I explored the Silver section which has so many collections perfect for the festive seas"
579,Kalamandir Jewellers,@anushkarathod98,🟢 ON (Formal Label),1310165,7593,201,59.50%,2025-12-17,https://www.instagram.com/p/DSW09RHjexY/,Post owned by partner (collab),"Guys, I need your help."
580,Malabar Gold & Diamonds,@roshnichopra,⚪ OFF (Collab Only),619498,5501,91,90.29%,2025-12-17,https://www.instagram.com/p/DSW40gjDbHO/,Post owned by partner (collab),"Shaadi season, but make it styled ✨"
581,P. N. Gadgil Jewellers (PNG),@sambhajinagar_portfolio,⚪ OFF (Collab Only),51607,1849,19,3.62%,2025-12-17,https://www.instagram.com/p/DSXSd-siOcU/,Post owned by partner (collab),💎💍🥰 Pure Purple by PNG Jewellers arrives in Sambhaji Nagar.
582,P. N. Gadgil Jewellers (PNG),@waah_patna,⚪ OFF (Collab Only),240172,38206,218,16.00%,2025-12-17,https://www.instagram.com/p/DSW_e_dAaX6/,Post owned by partner (collab),"Bihar ki pracheen aur garv se bhari dharti par, 193 saalon ki yaadgaar virasat ka aagman hai."
583,P. N. Gadgil Jewellers (PNG),@supersambhajinagar_,⚪ OFF (Collab Only),147456,1076,13,73.88%,2025-12-17,https://www.instagram.com/p/DSWsVRsjHBU/,Post owned by partner (collab),Experience Royal Jewellery Elegance in Chhatrapati Sambhajinagar ✨
584,GRT Jewellers,@gayathri_yuvraaj,⚪ OFF (Collab Only),1591881,47984,227,3.03%,2025-12-15,https://www.instagram.com/p/DSSNQwBEiCJ/,Post owned by partner (collab),"When I think of Theni, I think of beautiful nature. But now, there’s another beautiful reason to visit, the grand new GRT Jewellers showroom! ✨"
585,C. Krishniah Chetty & Co (CKC),@historyofbangalore,⚪ OFF (Collab Only),93219,423,5,46.02%,2025-12-14,https://www.instagram.com/p/DSPw1S6E6o0/,Post owned by partner (collab),The Historical Gandaberunda at the Crystal Museum Salon.🦅
586,P. C. Chandra Jewellers,@grownuptales,⚪ OFF (Collab Only),767224,66189,396,8.68%,2025-12-11,https://www.instagram.com/p/DSH6g-ZkVyt/,Post owned by partner (collab),Transparency isn’t a promise — it’s a process.
587,Ulhas Jewellers,@mr.kurkurit,⚪ OFF (Collab Only),78288,1699,34,2.21%,2025-12-11,https://www.instagram.com/p/DSID209DHX5/,Post owned by partner (collab),🎄✨ Goa’s BIGGEST Christmas Tree is here… at Ulhas Jewellers! ✨🎄
588,C. Krishniah Chetty & Co (CKC),@hollywoodreporterindia,⚪ OFF (Collab Only),210851,158166,823,75.40%,2025-12-10,https://www.instagram.com/p/DSFXFEAk9tU/,Post owned by partner (collab),Watch as Diana Penty (@dianapenty) redefines chic one frame at a time.
589,Malabar Gold & Diamonds,@saanve.megghana,⚪ OFF (Collab Only),1144238,33765,96,2.96%,2025-12-09,https://www.instagram.com/p/DSCwBFNiJmP/,Post owned by partner (collab),Celebrating the Brides of India with @malabargoldanddiamonds jewellery that feels like memories carved in gold. ✨
590,Malabar Gold & Diamonds,@ishpreet_dang,⚪ OFF (Collab Only),1559731,225759,669,14.52%,2025-12-09,https://www.instagram.com/p/DSB_pnECNKD/,Post owned by partner (collab),"My first pooja after marriage felt like the start of a new chapter. For this moment, I wanted a look rooted in tradition - and @malabargoldanddiamonds"
591,Prince Jewellery,@onthegowithnushey,⚪ OFF (Collab Only),167001,1299,56,81.24%,2025-12-07,https://www.instagram.com/p/DR8yQlpE5YK/,Post owned by partner (collab),Plan in advance and purchase your dream jewellery at 0% wastage with @princejewelleryindia
592,Prince Jewellery,@lock_and_key_couple,⚪ OFF (Collab Only),323957,83123,209,25.72%,2025-12-06,https://www.instagram.com/p/DR6-J6qD2WV/,Post owned by partner (collab),Plan in advance and purchase your dream jewellery at 0% wastage with @princejewelleryindia
593,Waman Hari Pethe (WHP),@hiiighondreams,⚪ OFF (Collab Only),12134,48233,82,398.18%,2025-12-03,https://www.instagram.com/p/DRyc_jDE5vO/,Post owned by partner (collab),"Vasai, get ready to shine brighter than ever! ✨"
594,BlueStone,@_saranyaaaaaaa_7,⚪ OFF (Collab Only),52888,15749,51,29.88%,2025-11-30,https://www.instagram.com/p/DRrnjzpkhfc/,Post owned by partner (collab),Grwm-1 ❤️ @bluestone_jewellery
595,Mor Jewellers,@glitterssalon,⚪ OFF (Collab Only),13429,178,18,1.46%,2025-11-30,https://www.instagram.com/p/DRr-NsOAsZA/,Post owned by partner (collab),Super proud for this incredible team.
596,Mor Jewellers,@misasalonn,⚪ OFF (Collab Only),15446,417,5,2.74%,2025-11-29,https://www.instagram.com/p/DRpvJHJjNie/,Post owned by partner (collab),🤍
597,Mor Jewellers,@misasalonn,⚪ OFF (Collab Only),15446,417,5,2.74%,2025-11-29,https://www.instagram.com/p/DRpVvtPDPbs/,Post owned by partner (collab),Walima Signature bride🤍
598,Waman Hari Pethe (WHP),@mahekpundir,⚪ OFF (Collab Only),24226,375,117,2.04%,2025-11-29,https://www.instagram.com/p/DRoWiwciGDf/,Post owned by partner (collab),"Hello Vasai, your new jewellery obsession is here! 🔥"
599,Mor Jewellers,@glitterssalon,⚪ OFF (Collab Only),13429,178,18,1.46%,2025-11-26,https://www.instagram.com/p/DRhiDAWAp5f/,Post owned by partner (collab),"The ultimate glam make-over ❤️ @aleezaylizz brought such grace, confidence, and energy to the shoot. Not only is she stunning, but she truly got the a"
600,BlueStone,@sehjalsaxena21,⚪ OFF (Collab Only),56636,15220,109,27.07%,2025-11-24,https://www.instagram.com/p/DRcUDKck5CJ/,Post owned by partner (collab),Get Ready With Me For My 24th Birthday 🪩🧁
601,Mor Jewellers,@sarteladiessalon,⚪ OFF (Collab Only),135922,13358,34,9.85%,2025-11-23,https://www.instagram.com/p/DRZrAw8iJaT/,Post owned by partner (collab),Dress @zebaishofficial
602,Mor Jewellers,@sarteladiessalon,⚪ OFF (Collab Only),135922,13358,34,9.85%,2025-11-23,https://www.instagram.com/p/DRZKqLmCJmD/,Post owned by partner (collab),Dress @zebaishofficial
603,BlueStone,@vibes_of_soumi,⚪ OFF (Collab Only),60016,946,15,1.60%,2025-11-22,https://www.instagram.com/p/DRXL3YVEmil/,Post owned by partner (collab),Had the most wonderful experience at Bluestone and I genuinely couldn’t be more impressed.
604,Mor Jewellers,@sarteladiessalon,⚪ OFF (Collab Only),135922,13358,34,9.85%,2025-11-22,https://www.instagram.com/p/DRXF25RiFDt/,Post owned by partner (collab),Stay Tuned 🕊️
605,Waman Hari Pethe (WHP),@__prernamahadev__,⚪ OFF (Collab Only),313901,15880,160,5.11%,2025-11-22,https://www.instagram.com/p/DRXHZ_yDCDV/,Post owned by partner (collab),"The wait is over, Vasai! WHP Jewellers just opened its doors at Capital Mall and my heart is doing cartwheels."
606,BlueStone,@itsspoojachaudhary,🟢 ON (Formal Label),111442,1399,43,1.29%,2025-11-21,https://www.instagram.com/p/DRT3gkZk_as/,Post owned by partner (collab),Getting date-ready with Bluestone💙✨
607,P. C. Chandra Jewellers,@saieemmanjrekar,⚪ OFF (Collab Only),2104683,66538,347,3.18%,2025-11-21,https://www.instagram.com/p/DRTvh6lCObE/,Post owned by partner (collab),Where brilliance has no bounds.
608,Aisshpra Gems & Jewels,@htcityshowstoppers,⚪ OFF (Collab Only),133542,5285,29,3.98%,2025-11-20,https://www.instagram.com/p/DRROe9ND4MQ/,Post owned by partner (collab),"Manushi Chhillar (@manushi_chhillar) is the style icon, young girls look up to! Her fashion sense is so on point, and she nails every look with ease a"
609,P. C. Chandra Jewellers,@itsmeabirchatterjee,⚪ OFF (Collab Only),605945,3478,22,57.79%,2025-11-19,https://www.instagram.com/p/DRPAcV_Ep_z/,Post owned by partner (collab),"To every man who hustles hard, stands tall, and stays true…today’s your day!"
610,P. C. Chandra Jewellers,@vikrantmassey,🟢 ON (Formal Label),2646778,49645,410,1.89%,2025-11-19,https://www.instagram.com/p/DROp2fQCBfw/,Post owned by partner (collab),Men shine the brightest when they stop hiding and start feeling.
611,Waman Hari Pethe (WHP),@apurvapatil_30,⚪ OFF (Collab Only),230079,10527,30,4.59%,2025-11-19,https://www.instagram.com/p/DROoHE_DTwX/,Post owned by partner (collab),Stepping into the brand-new WHP Jewellers store in Capital Mall Vasai felt like walking into a world of sparkle! So excited to be part of this beautif
612,BlueStone,@barbells_to_bonds,⚪ OFF (Collab Only),73583,41610,381,57.07%,2025-11-18,https://www.instagram.com/p/DRM6vA2kcqV/,Post owned by partner (collab),Maldives fir se miss hogya 🥲
613,Mor Jewellers,@razatirmizephotography,⚪ OFF (Collab Only),17812,689,6,3.91%,2025-11-18,https://www.instagram.com/p/DRMfYuDgvcP/,Post owned by partner (collab),Bridal Camping Shoot for @almays.beauty.studio
614,P. C. Chandra Jewellers,@actresspaul,⚪ OFF (Collab Only),379240,19883,255,5.31%,2025-11-18,https://www.instagram.com/p/DRM_DlLkjGa/,Post owned by partner (collab),"To the Brothers, Friends, Mentors, and quiet Supporters who make life better in their own ways, cheers to you!"
615,P. C. Chandra Jewellers,@feverfmofficial,⚪ OFF (Collab Only),179958,13970,634,8.12%,2025-11-18,https://www.instagram.com/p/DRM-iCgCVAU/,Post owned by partner (collab),"It’s OK to cry. It’s OK to cook. It’s OK to be just you. Tap to watch India’s men redefine strength, this International Men’s Day!"
616,P. C. Chandra Jewellers,@thekolkatabuzz,⚪ OFF (Collab Only),1021091,14788,118,1.46%,2025-11-17,https://www.instagram.com/p/DRKBw9-E2-S/,Post owned by partner (collab),"Celebrating the strength, softness, hustle and heart of every man out there."
617,P. C. Chandra Jewellers,@girliyapa,🟢 ON (Formal Label),728209,771,7,10.70%,2025-11-17,https://www.instagram.com/p/DRJ_YimCMEF/,Post owned by partner (collab),"BRB, going to empty bhai’s wallet😎🥰"
618,Mor Jewellers,@emmasbeautyloungee,⚪ OFF (Collab Only),6252,19,3,36.65%,2025-11-16,https://www.instagram.com/p/DRG8bg_iOJ-/,Post owned by partner (collab),Bridal Campaign 25-26!✨
619,Khimji Jewellers,@timesfashionweek,⚪ OFF (Collab Only),281272,369,1,13.17%,2025-11-15,https://www.instagram.com/p/DRF5enxjGhj/,Post owned by partner (collab),Adhvaria Silks celebrates the richness of Hyderabad’s weaving traditions through luxurious textures and timelessly elegant sarees.
620,Khimji Jewellers,@timesfashionweek,⚪ OFF (Collab Only),281272,369,1,13.17%,2025-11-15,https://www.instagram.com/p/DRF1MFtDlDx/,Post owned by partner (collab),"Mia Magell Couture is a dance of contrasts — strength and softness, structure and fluidity, emotion and artistry."
621,Khimji Jewellers,@timesfashionweek,⚪ OFF (Collab Only),281272,369,1,13.17%,2025-11-15,https://www.instagram.com/p/DRFxzrcDlgj/,Post owned by partner (collab),"Reemly Mohanty celebrates the soul of Odisha handloom — weaving heritage, emotion, and modern artistry into every drape."
622,Khimji Jewellers,@timesfashionweek,⚪ OFF (Collab Only),281272,369,1,13.17%,2025-11-15,https://www.instagram.com/p/DRFv41pDrhx/,Post owned by partner (collab),"Nikita’s Couture brings contemporary elegance to the runway — refined silhouettes, artistic detailing, and a signature touch of modern sophistication."
623,Khimji Jewellers,@timesfashionweek,⚪ OFF (Collab Only),281272,369,1,13.17%,2025-11-15,https://www.instagram.com/p/DRFvcBPDnZd/,Post owned by partner (collab),"Utkalamrita unveils Manabasa Gurubar: An Ode to Mahalakshmi, celebrating Odisha’s GI-tagged weaves and divine motifs."
624,Khimji Jewellers,@timesfashionweek,⚪ OFF (Collab Only),281272,369,1,13.17%,2025-11-15,https://www.instagram.com/p/DRFcBaBDJmF/,Post owned by partner (collab),"Forever Naveen Kumar delivers couture at its most spectacular — hand-worked sequins, dramatic feather artistry, and silhouettes crafted with precision"
625,Khimji Jewellers,@timesfashionweek,⚪ OFF (Collab Only),281272,369,1,13.17%,2025-11-15,https://www.instagram.com/p/DRFZ086jC2y/,Post owned by partner (collab),"AuraA Designs stands for minimal elegance and intentional craftsmanship — clean silhouettes, soft palettes, and modern refinement."
626,Khimji Jewellers,@timesfashionweek,⚪ OFF (Collab Only),281272,369,1,13.17%,2025-11-15,https://www.instagram.com/p/DRFJh4xArmQ/,Post owned by partner (collab),KIIT School of Fashion Technology showcases Odisha Couture Confluence — a vibrant fusion of Odisha’s rich textile heritage and contemporary couture se
627,Mor Jewellers,@razatirmizephotography,⚪ OFF (Collab Only),17812,689,6,3.91%,2025-11-15,https://www.instagram.com/p/DRFC18qghco/,Post owned by partner (collab),Bridal camping shoot for my favorite @sarteladiessalon
628,BlueStone,@_saurav27,⚪ OFF (Collab Only),10569,813,61,8.28%,2025-11-14,https://www.instagram.com/p/DRCVentiZH1/,Post owned by partner (collab),Indulge in the luxury of @bluestone_jewellery — jewellery that defines sophistication.”
629,Khimji Jewellers,@timesfashionweek,⚪ OFF (Collab Only),281272,369,1,13.17%,2025-11-14,https://www.instagram.com/p/DRDAJmGgoNJ/,Post owned by partner (collab),"Before the colours light up the runway, black and white captures the essence — raw, real, and powerful."
630,Khimji Jewellers,@timesfashionweek,⚪ OFF (Collab Only),281272,369,1,13.17%,2025-11-14,https://www.instagram.com/p/DRC_8n0Ao5O/,Post owned by partner (collab),"Before the colours light up the runway, black and white captures the essence — raw, real, and powerful."
631,Khimji Jewellers,@timesfashionweek,⚪ OFF (Collab Only),281272,369,1,13.17%,2025-11-14,https://www.instagram.com/p/DRC8Q8QgvHK/,Post owned by partner (collab),"Before the colours light up the runway, black and white captures the essence — raw, real, and powerful."
632,Mor Jewellers,@sarteladiessalon,⚪ OFF (Collab Only),135922,13358,34,9.85%,2025-11-13,https://www.instagram.com/p/DQ_t_OIiPco/,Post owned by partner (collab),✨Principle Artist Bridal Makeup ✨
633,Mor Jewellers,@sarteladiessalon,⚪ OFF (Collab Only),135922,13358,34,9.85%,2025-11-12,https://www.instagram.com/p/DQ9MvV8iAp3/,Post owned by partner (collab),Stay tuned
634,BlueStone,@mahideswall,⚪ OFF (Collab Only),125993,16037,479,13.11%,2025-11-11,https://www.instagram.com/p/DQ6uF-Ekgsu/,Post owned by partner (collab),"Soft glam, gold details, and everything in between✨"
635,C. Krishniah Chetty & Co (CKC),@radiocitykannada,⚪ OFF (Collab Only),161458,335,1,20.89%,2025-11-10,https://www.instagram.com/p/DQ4eUAskhmO/,Post owned by partner (collab),"This Diwali, celebrate brilliance that shines beyond jewels. Discover the timeless artistry and heritage of C. Krishniah Chetty & Jewellers — where ev"
636,DP Abhushan (DP Jewellers),@thediamondtalk,⚪ OFF (Collab Only),232796,857,11,37.33%,2025-11-09,https://www.instagram.com/p/DQ0bfLlD6ze/,Post owned by partner (collab),Renu @thediamondtalk at D.P. Jewellers @dpjewellers
637,GRT Jewellers,@vaishusundarofficial,⚪ OFF (Collab Only),984919,23559,79,2.40%,2025-11-08,https://www.instagram.com/p/DQy8VtOkpLU/,Post owned by partner (collab),"After the gold and diamonds, I explored @grtjewellers’ incredible silver section and it is absolutely trending! From chic, everyday styles in the Oria"
638,Mor Jewellers,@samya.sheraz.salon,⚪ OFF (Collab Only),96893,28471,100,29.49%,2025-11-08,https://www.instagram.com/p/DQy749VjGbY/,Post owned by partner (collab),Coming up with some amazing bridal look ✨❤️
639,DP Abhushan (DP Jewellers),@thediamondtalk,⚪ OFF (Collab Only),232796,857,11,37.33%,2025-11-07,https://www.instagram.com/p/DQvNW7TiLmQ/,Post owned by partner (collab),Renu @thediamondtalk at D.P. Jewellers @dpjewellers
640,Mor Jewellers,@hajrahafsaphotography,⚪ OFF (Collab Only),9449,379,5,4.07%,2025-11-07,https://www.instagram.com/p/DQwmRPYjYFd/,Post owned by partner (collab),Bridal Shoot
641,GRT Jewellers,@vaishusundarofficial,⚪ OFF (Collab Only),984919,23559,79,2.40%,2025-11-04,https://www.instagram.com/p/DQoT2UHkt9E/,Post owned by partner (collab),"What a thrill to visit the 63rd @grtjewellers showroom right here in Guduvancheri! ✨ I had an amazing time exploring their breathtaking temple gold, d"
642,Mor Jewellers,@razatirmizephotography,⚪ OFF (Collab Only),17812,689,6,3.91%,2025-11-04,https://www.instagram.com/p/DQo_PYKgqEc/,Post owned by partner (collab),Bridal Camping Shoot for @almays.beauty.studio
643,Mor Jewellers,@hajrahafsaphotography,⚪ OFF (Collab Only),9449,379,5,4.07%,2025-11-04,https://www.instagram.com/p/DQosBpCDRxU/,Post owned by partner (collab),Bookings open till January 2026
644,Mor Jewellers,@irumkhansalon,⚪ OFF (Collab Only),40600,67,2,17.26%,2025-11-04,https://www.instagram.com/p/DQogA42jBRi/,Post owned by partner (collab),Signature Barat Makeup by Mariam Malik ❤️
645,DP Abhushan (DP Jewellers),@thediamondtalk,⚪ OFF (Collab Only),232796,857,11,37.33%,2025-11-03,https://www.instagram.com/p/DQk6hDhD2HE/,Post owned by partner (collab),Renu @thediamondtalk at D.P. Jewellers @dpjewellers
646,Amrapali Jewels,@houseofmasaba,⚪ OFF (Collab Only),834296,502,5,6.09%,2025-11-02,https://www.instagram.com/p/DQjsH7qDGzD/,Post owned by partner (collab),• Fine Jewellery By House Of Masaba & Amrapali Jewels •
647,Amrapali Jewels,@houseofmasaba,⚪ OFF (Collab Only),834296,502,5,6.09%,2025-11-02,https://www.instagram.com/p/DQi7WjRjNUh/,Post owned by partner (collab),• Fine Jewellery By House Of Masaba & Amrapali Jewels •
648,DP Abhushan (DP Jewellers),@thediamondtalk,⚪ OFF (Collab Only),232796,857,11,37.33%,2025-11-02,https://www.instagram.com/p/DQihr0HiOe-/,Post owned by partner (collab),Renu @thediamondtalk at D.P. Jewellers @dpjewellers
649,Amrapali Jewels,@houseofmasaba,⚪ OFF (Collab Only),834296,502,5,6.09%,2025-11-01,https://www.instagram.com/p/DQgs02KjK--/,Post owned by partner (collab),• Fine Jewellery By House Of Masaba & Amrapali Jewels •
650,Mor Jewellers,@saqib_event_pr,⚪ OFF (Collab Only),37147,68,27,25.73%,2025-11-01,https://www.instagram.com/p/DQhIPByjVMr/,Post owned by partner (collab),Creating timeless elegance for the perfect Barat look.
651,Tanishq,@nitibhakaul,⚪ OFF (Collab Only),1066370,22581,311,2.15%,2025-11-01,https://www.instagram.com/p/DQg4909CYCM/,Post owned by partner (collab),Episode 12| Styling one-on-one with @nitibhakaul
652,Amrapali Jewels,@masabagupta,⚪ OFF (Collab Only),1841284,16866,330,93.40%,2025-10-31,https://www.instagram.com/p/DQele6GkyiP/,Post owned by partner (collab),• Fine Jewellery By House Of Masaba & Amrapali Jewels •
653,Amrapali Jewels,@masabagupta,⚪ OFF (Collab Only),1841284,16866,330,93.40%,2025-10-31,https://www.instagram.com/p/DQejj6Wk4oM/,Post owned by partner (collab),• Fine Jewellery By House Of Masaba & Amrapali Jewels •
654,Amrapali Jewels,@masabagupta,⚪ OFF (Collab Only),1841284,16866,330,93.40%,2025-10-31,https://www.instagram.com/p/DQegSQ6iB1r/,Post owned by partner (collab),• Fine Jewellery by House of Masaba & Amrapali Jewels•
655,BlueStone,@5feetblogiee,⚪ OFF (Collab Only),28281,206,127,1.18%,2025-10-31,https://www.instagram.com/p/DQeOTeoEh9y/,Post owned by partner (collab),Lowkey obsessed with this look 💍
656,Mor Jewellers,@emmasbeautyloungee,⚪ OFF (Collab Only),6252,19,3,36.65%,2025-10-31,https://www.instagram.com/p/DQfSKuFiHZX/,Post owned by partner (collab),Walima Look💕
657,C.H. Jewellers,@aaloki.ch,⚪ OFF (Collab Only),12330,25,0,20.68%,2025-10-30,https://www.instagram.com/p/DQbsnUIDnIY/,Post owned by partner (collab),"Their two destinies are now harmoniously interwoven, marked by a vow that will not bend. We feel grateful to create the physical emblem of the beautif"
658,DP Abhushan (DP Jewellers),@thediamondtalk,⚪ OFF (Collab Only),232796,857,11,37.33%,2025-10-30,https://www.instagram.com/p/DQbBI2GjzXn/,Post owned by partner (collab),Renu @thediamondtalk at D.P. Jewellers @dpjewellers
659,Mor Jewellers,@saqib_event_pr,⚪ OFF (Collab Only),37147,68,27,25.73%,2025-10-30,https://www.instagram.com/p/DQcFwr3DX_s/,Post owned by partner (collab),Creating timeless elegance for the perfect Barat look.
660,C.H. Jewellers,@aaloki.ch,⚪ OFF (Collab Only),12330,25,0,20.68%,2025-10-29,https://www.instagram.com/p/DQZKkW6iLtm/,Post owned by partner (collab),"In this embrace, their future is secured, marked by the regal vow of Shyamal and Ria. Their bond is so unshakeable, and we are deeply honoured to cont"
661,Mor Jewellers,@emmasbeautyloungee,⚪ OFF (Collab Only),6252,19,3,36.65%,2025-10-29,https://www.instagram.com/p/DQX48jqCOS5/,Post owned by partner (collab),Bridal Campaingn 25’26!
662,C.H. Jewellers,@aaloki.ch,⚪ OFF (Collab Only),12330,25,0,20.68%,2025-10-28,https://www.instagram.com/p/DQWkJKYDvo5/,Post owned by partner (collab),"A flawless portrait of love, realized. The unparalleled brilliance of this design reflects the depth of devotion in Ria and Shyamal’s union."
663,DP Abhushan (DP Jewellers),@thediamondtalk,⚪ OFF (Collab Only),232796,857,11,37.33%,2025-10-28,https://www.instagram.com/p/DQVcWHRiDxt/,Post owned by partner (collab),Renu @thediamondtalk at D.P. Jewellers @dpjewellers
664,C.H. Jewellers,@aaloki.ch,⚪ OFF (Collab Only),12330,25,0,20.68%,2025-10-27,https://www.instagram.com/p/DQUCGMRjYLb/,Post owned by partner (collab),"The vow is sealed, and their joyous affirmation is everything. They radiate the pure happiness of their shared destiny, a moment marked by the Oval sh"
665,C.H. Jewellers,@aaloki.ch,⚪ OFF (Collab Only),12330,25,0,20.68%,2025-10-27,https://www.instagram.com/p/DQUBh8yEew7/,Post owned by partner (collab),"This absolutely beautiful moment is the true pillar of their future, for a love so deep it requires a permanent form. We are privileged to have our cr"
666,C.H. Jewellers,@aaloki.ch,⚪ OFF (Collab Only),12330,25,0,20.68%,2025-10-27,https://www.instagram.com/p/DQUA9DGjLdy/,Post owned by partner (collab),Congratulations to Shyamal and Ria. We feel a privileged to craft the piece that marks new beginnings. This defining moment is impeccably sealed with
667,Mor Jewellers,@saqib_event_pr,⚪ OFF (Collab Only),37147,68,27,25.73%,2025-10-27,https://www.instagram.com/p/DQUDH5QjU9K/,Post owned by partner (collab),Stay Royal ✨ Creating timeless elegance for the perfect Barat look.
668,P. C. Chandra Jewellers,@girliyapa,🟢 ON (Formal Label),728209,771,7,10.70%,2025-10-27,https://www.instagram.com/p/DQUIK3tiLnN/,Post owned by partner (collab),"Mahi be like: Soft look, strong game 💅"
669,BlueStone,@ruchika_chaawla,⚪ OFF (Collab Only),16450,496,20,3.14%,2025-10-22,https://www.instagram.com/p/DQHWqYyk_q6/,Post owned by partner (collab),"Between the hills of Manali and the shimmer of BlueStone, I found my kind of calm before the date 💍✨"
670,Mor Jewellers,@makeup_by_turabhaider,⚪ OFF (Collab Only),25621,827,2,3.24%,2025-10-22,https://www.instagram.com/p/DQHK_QijBBw/,Post owned by partner (collab),💄
671,Khimji Jewellers,@jasmine_rath,⚪ OFF (Collab Only),585273,39694,93,6.80%,2025-10-21,https://www.instagram.com/p/DQEJg_WEt1B/,Post owned by partner (collab),To be beautifully in love is to wear your heart like a masterpiece🤍✨
672,Mor Jewellers,@sarteladiessalon,⚪ OFF (Collab Only),135922,13358,34,9.85%,2025-10-21,https://www.instagram.com/p/DQELJLXiLnW/,Post owned by partner (collab),Bridal campaign 2025
673,P. C. Chandra Jewellers,@girliyapa,🟢 ON (Formal Label),728209,771,7,10.70%,2025-10-21,https://www.instagram.com/p/DQEDVkLiMan/,Post owned by partner (collab),Bhagwan ji please ek plate aisa moment lagado 🫣🥰
674,Ulhas Jewellers,@rajexx_07,⚪ OFF (Collab Only),44452,1004,7,2.28%,2025-10-21,https://www.instagram.com/p/DQDnmyUkQvf/,Post owned by partner (collab),Goa’s biggest Akash Kandeel by Ulhas Jewellers
675,BlueStone,@damselinthis.dress,⚪ OFF (Collab Only),113664,117805,326,103.93%,2025-10-20,https://www.instagram.com/p/DQCUgnQEfjk/,Post owned by partner (collab),Your girl’s doing GRWM videos now 🤭🤪
676,Khimji Jewellers,@iam_simrandash,⚪ OFF (Collab Only),573546,26867,213,4.72%,2025-10-20,https://www.instagram.com/p/DQByifOD-qf/,Post owned by partner (collab),"✨Under the golden glow of diyas, may every dream shimmer a little brighter"
677,Khimji Jewellers,@smaranika_panigrahi,⚪ OFF (Collab Only),127012,3,12,1.21%,2025-10-20,https://www.instagram.com/p/DQBLJcMCfP6/,Post owned by partner (collab),"May your Diwali sparkle with joy, prosperity, and timeless shine✨"
678,Ulhas Jewellers,@rajexx_07,⚪ OFF (Collab Only),44452,1004,7,2.28%,2025-10-19,https://www.instagram.com/p/DP_Fkv5AP--/,Post owned by partner (collab),Diwali vibes 🫶
679,Anopchand Tilokchand (AT Jewell,@atjeweller,⚪ OFF (Collab Only),1829,64,3,3.73%,2025-10-18,https://www.instagram.com/p/DP79-4ZiSnI/,Post owned by partner (collab),💎 Eternal Elegance in Every Sparkle
680,B.C. Sen Jewellers,@anweshaab,⚪ OFF (Collab Only),16253,577,18,3.67%,2025-10-18,https://www.instagram.com/p/DP8pHjRCabs/,Post owned by partner (collab),"This Dhanteras, invest in more than just metal- invest in a legacy. B.C. Sen Jewellers presents the Dhanalakshmi Collection, a breathtaking, wearable"
681,B.C. Sen Jewellers,@susmita_cjee,⚪ OFF (Collab Only),409469,16074,132,3.96%,2025-10-18,https://www.instagram.com/p/DP8UEwcAXTI/,Post owned by partner (collab),"This Dhanteras, as we light the lamps and welcome Maa Lakshmi into our homes, we present to you our divine Dhanalakshmi Collection. Inspired by the Go"
682,P. C. Chandra Jewellers,@itsmeabirchatterjee,⚪ OFF (Collab Only),605945,3478,22,57.79%,2025-10-18,https://www.instagram.com/p/DP8Um3IkjSk/,Post owned by partner (collab),"Here’s to new beginnings, good fortune, and that golden touch of prosperity."
683,P. C. Chandra Jewellers,@saieemmanjrekar,⚪ OFF (Collab Only),2104683,66538,347,3.18%,2025-10-18,https://www.instagram.com/p/DP7-3_fCE4A/,Post owned by partner (collab),"May your home light up with prosperity, positivity, and a little extra sparkle this festive season."
684,P. C. Chandra Jewellers,@actresspaul,⚪ OFF (Collab Only),379240,19883,255,5.31%,2025-10-18,https://www.instagram.com/p/DP7xKDME0sF/,Post owned by partner (collab),Shine Bright This Dhanteras!
685,Prince Jewellery,@pooja.sh_,⚪ OFF (Collab Only),1137988,108478,257,9.56%,2025-10-18,https://www.instagram.com/p/DP8T4ArD-dR/,Post owned by partner (collab),*YOUR OLD GOLD CAN BUY MORE GOLD THAN YOUR MONEY*💴
686,Tanishq,@mimichakraborty,⚪ OFF (Collab Only),3556500,31264,309,88.78%,2025-10-18,https://www.instagram.com/p/DP8MhlfEXTy/,Post owned by partner (collab),This Diwali wearing a piece of magic from Tanishq’s Mriganka collection. A collection that takes you to a magical realm. Beautiful pieces inspired fro
687,B.C. Sen Jewellers,@themillennialsguidetothegalaxy,⚪ OFF (Collab Only),15080,253,18,1.80%,2025-10-17,https://www.instagram.com/p/DP5ixoME0TV/,Post owned by partner (collab),Ready for a gold makeover in Kolkata? there is no better time to invest in timeless designs than NOW! Unlock tradition this Dhanalakshmi Utsav at B.C.
688,BlueStone,@pritikasarup_,⚪ OFF (Collab Only),13937,54955,32,394.55%,2025-10-17,https://www.instagram.com/p/DP6oqw8Egw5/,Post owned by partner (collab),"A little sparkle, a little self-love 💫"
689,Khimji Jewellers,@cookiess_swain,⚪ OFF (Collab Only),1117751,52120,136,4.68%,2025-10-17,https://www.instagram.com/p/DP5PSmqEm-E/,Post owned by partner (collab),"Saheed Nagar, Janpath shines brighter with Khimji Jewellers. ✨"
690,Mor Jewellers,@make_up.by.noreen,⚪ OFF (Collab Only),9687,11024,57,114.40%,2025-10-17,https://www.instagram.com/p/DP5_32TgfYC/,Post owned by partner (collab),Signature Valima look by @make_up.by.noreen  @nora_e_beauty_salon
691,Prince Jewellery,@its_shabana_,⚪ OFF (Collab Only),1614242,111052,373,6.90%,2025-10-17,https://www.instagram.com/p/DP6R3w3Ethx/,Post owned by partner (collab),*YOUR OLD GOLD CAN BUY MORE GOLD THAN YOUR MONEY*💴
692,Prince Jewellery,@lash_couplelife,⚪ OFF (Collab Only),697219,141296,628,20.36%,2025-10-17,https://www.instagram.com/p/DP6QwJxkcAE/,Post owned by partner (collab),YOUR OLD GOLD CAN BUY MORE GOLD THAN YOUR MONEY 💴
693,Prince Jewellery,@iamvaishnavioffl,⚪ OFF (Collab Only),1525024,61386,162,4.04%,2025-10-17,https://www.instagram.com/p/DP6DZbtkhPx/,Post owned by partner (collab),YOUR OLD GOLD CAN BUY MORE GOLD THAN YOUR MONEY💴
694,Senco Gold & Diamonds,@kiaraaliaadvani,⚪ OFF (Collab Only),35891056,355203,2006,99.53%,2025-10-17,https://www.instagram.com/p/DP6UsnMks2c/,Post owned by partner (collab),The festive season calls for timeless elegance! ✨
695,BlueStone,@keepingupwithslo,⚪ OFF (Collab Only),19676,17720,193,91.05%,2025-10-16,https://www.instagram.com/p/DP3riBrCNat/,Post owned by partner (collab),"from stealing her jewels to now gifting her new ones, no diwali has been complete without her presence 🤍"
696,GRT Jewellers,@poornima_ravii,⚪ OFF (Collab Only),850390,37988,291,4.50%,2025-10-16,https://www.instagram.com/p/DP3sxQokjqM/,Post owned by partner (collab),"Deepavali has always been my favourite time of the year — the lights, the joy, the dressing up ✨"
697,Khimji Jewellers,@asimapati_official___77,⚪ OFF (Collab Only),499694,9565,47,1.92%,2025-10-16,https://www.instagram.com/p/DP3Pp9skmqR/,Post owned by partner (collab),CUTTACK shines brighter with Khimji Jewellers. ✨
698,Khimji Jewellers,@komal.navdeepkaur,⚪ OFF (Collab Only),204909,435,26,22.55%,2025-10-16,https://www.instagram.com/p/DP25MlEEqMH/,Post owned by partner (collab),JHARSUGUDA shines brighter with Khimji Jewellers. ✨
699,Mor Jewellers,@duahasancinematography,⚪ OFF (Collab Only),103947,1497,15,1.46%,2025-10-16,https://www.instagram.com/p/DP32nQ1DIuj/,Post owned by partner (collab),Bookings are open
700,Senco Gold & Diamonds,@perfectlovebysenco,⚪ OFF (Collab Only),544,101,0,18.57%,2025-10-16,https://www.instagram.com/p/DP2y3LDgU48/,Post owned by partner (collab),This festive glow deserves something just as radiant.
701,Sri Jagdamba Pearls,@jagdambapearlsstore,⚪ OFF (Collab Only),38063,106,14,31.94%,2025-10-16,https://www.instagram.com/p/DP3N15WEeuh/,Post owned by partner (collab),Congratulations to all our lucky Gold Coin Winners! ✨
702,B.C. Sen Jewellers,@alankritajsoni,⚪ OFF (Collab Only),60943,5373,169,9.10%,2025-10-15,https://www.instagram.com/p/DP1AUB7Elws/,Post owned by partner (collab),Elevate your festive look this Dhanteras! I’m completely immersed in the stunning Dhanalakshmi Collection by @bcsenjewellers .This isn’t just gold; it
703,GRT Jewellers,@_varsha.dsouza_,⚪ OFF (Collab Only),1579920,110131,288,6.99%,2025-10-15,https://www.instagram.com/p/DP0y4RREhZM/,Post owned by partner (collab),"Getting ready for Deepavali always feels so special! ✨ This year, I’m celebrating with this breathtaking antique gold haram from @grtjewellers. Puttin"
704,Khimji Jewellers,@iam_simrandash,⚪ OFF (Collab Only),573546,26867,213,4.72%,2025-10-15,https://www.instagram.com/p/DP1YuXmD5Au/,Post owned by partner (collab),Bhubaneswar shines brighter with Khimji Jewellers. ✨
705,Khimji Jewellers,@pihuumohapatra,⚪ OFF (Collab Only),341575,25732,141,7.57%,2025-10-15,https://www.instagram.com/p/DP1XzDHiUD4/,Post owned by partner (collab),Angul shines brighter with Khimji Jewellers. ✨
706,Khimji Jewellers,@komal.navdeepkaur,⚪ OFF (Collab Only),204909,435,26,22.55%,2025-10-15,https://www.instagram.com/p/DP0Vt1fkvgU/,Post owned by partner (collab),Rourkela shines brighter with Khimji Jewellers. ✨
707,Khimji Jewellers,@smaranika_panigrahi,⚪ OFF (Collab Only),127012,3,12,1.21%,2025-10-15,https://www.instagram.com/p/DP0UKiQieJJ/,Post owned by partner (collab),Berhampur shines brighter with Khimji Jewellers. ✨
708,Senco Gold & Diamonds,@perfectlovebysenco,⚪ OFF (Collab Only),544,101,0,18.57%,2025-10-15,https://www.instagram.com/p/DP1c8KQgZio/,Post owned by partner (collab),"When the lights of the season begin to shimmer, let your style reflect that glow."
709,Senco Gold & Diamonds,@perfectlovebysenco,⚪ OFF (Collab Only),544,101,0,18.57%,2025-10-15,https://www.instagram.com/p/DP1chHDgXg0/,Post owned by partner (collab),Brilliance that outshines the season
710,DP Abhushan (DP Jewellers),@ujjain_wale_,⚪ OFF (Collab Only),448276,3085,28,69.48%,2025-10-14,https://www.instagram.com/p/DPy5NDhiJf8/,Post owned by partner (collab),"🎉✨ इस फेस्टिव सीज़न Ratlam के DP Jewellers, Central India’s Largest and Most Trusted Jewellery Brand, लेकर आए हैं सुख, समृद्धि और विश्वास का संगम ✨🎉"
711,DP Abhushan (DP Jewellers),@udaipurblog,⚪ OFF (Collab Only),489775,676,31,14.45%,2025-10-14,https://www.instagram.com/p/DPypjSfEZj-/,Post owned by partner (collab),"This festive season, celebrate tradition in style with DP Jewellers – Central India’s largest and most trusted jewellery brand! ✨"
712,DP Abhushan (DP Jewellers),@banswara_blog_,⚪ OFF (Collab Only),56215,1968,15,3.53%,2025-10-14,https://www.instagram.com/p/DPyqOfhE5K-/,Post owned by partner (collab),"🎉✨ इस फेस्टिव सीज़न मनाइए सुख, समृद्धि और विश्वास का संगम ✨🎉"
713,DP Abhushan (DP Jewellers),@ajmerfoodie,⚪ OFF (Collab Only),63959,1532,107,2.56%,2025-10-14,https://www.instagram.com/p/DPyiVOBE8_W/,Post owned by partner (collab),"✨ इस फेस्टिव सीज़न, परंपरा को मनाइए स्टाइल के साथ! 💫"
714,Khimji Jewellers,@riya_dey91,⚪ OFF (Collab Only),770628,22735,109,2.96%,2025-10-14,https://www.instagram.com/p/DPxriZMka3y/,Post owned by partner (collab),PURI shines brighter with Khimji Jewellers. ✨
715,BlueStone,@_.sanji.__,⚪ OFF (Collab Only),41851,2417,49,5.89%,2025-10-13,https://www.instagram.com/p/DPwANt4jXKj/,Post owned by partner (collab),GRWM for Diwali with @bluestonejewellery ❤️ to light up the night with elegance and charm. Let’s celebrate the festival of lights with a touch of time
716,DP Abhushan (DP Jewellers),@avantika_nagri,⚪ OFF (Collab Only),131969,1906,8,1.45%,2025-10-13,https://www.instagram.com/p/DPwSeXmEoI9/,Post owned by partner (collab),"This festive season, add a new stylish twist to tradition"
717,DP Abhushan (DP Jewellers),@lifestyle_with_divya_,⚪ OFF (Collab Only),26957,204,9,79.29%,2025-10-13,https://www.instagram.com/p/DPv4lnHj0xZ/,Post owned by partner (collab),"✨ This festive season, celebrate happiness, prosperity & trust with DP Jewellers. ✨"
718,DP Abhushan (DP Jewellers),@theratlammerijaan,⚪ OFF (Collab Only),202964,2488,35,1.24%,2025-10-12,https://www.instagram.com/p/DPsYaNgk54I/,Post owned by partner (collab),"🎉✨ इस फेस्टिव सीज़न Ratlam के DP Jewellers, Central India’s Largest and Most Trusted Jewellery Brand, लेकर आए हैं सुख, समृद्धि और विश्वास का संगम ✨🎉"
719,BlueStone,@butwhyvansh,⚪ OFF (Collab Only),84488,8388,60,10.00%,2025-10-11,https://www.instagram.com/p/DPqkHs0k9vR/,Post owned by partner (collab),Adding a little bling to the festive season with @bluestone_jewellery 💎✨
720,BlueStone,@elladverma,⚪ OFF (Collab Only),530499,22003,2288,4.58%,2025-10-11,https://www.instagram.com/p/DPqXz-rkTwR/,Post owned by partner (collab),Making festive season extra special with @bluestone_jewellery 💎✨
721,Mor Jewellers,@almays.beauty.studio,⚪ OFF (Collab Only),77993,40,2,5.47%,2025-10-11,https://www.instagram.com/p/DPrFR-_CEfJ/,Post owned by partner (collab),Signature Shalima Look 💕
722,Mor Jewellers,@misasalonn,⚪ OFF (Collab Only),15446,417,5,2.74%,2025-10-11,https://www.instagram.com/p/DPqsf4KjGcD/,Post owned by partner (collab),@morjewellersofficial
723,BlueStone,@yadd07.__official,⚪ OFF (Collab Only),52900,81138,622,154.56%,2025-10-10,https://www.instagram.com/p/DPoakmPieuC/,Post owned by partner (collab),Eega  samantha outfit❤️
724,DP Abhushan (DP Jewellers),@bhumishasoniii,⚪ OFF (Collab Only),94341,16632,76,17.71%,2025-10-10,https://www.instagram.com/p/DPn7DjvASQ2/,Post owned by partner (collab),Timeless grace in every delicate detail.
725,Mor Jewellers,@samya.sheraz.salon,⚪ OFF (Collab Only),96893,28471,100,29.49%,2025-10-10,https://www.instagram.com/p/DPoUSI1jADf/,Post owned by partner (collab),Our Signature team creating magic ✨
726,Mor Jewellers,@maidaharoonmakeupstudio,⚪ OFF (Collab Only),11841,10982,38,93.08%,2025-10-10,https://www.instagram.com/p/DPoSA_hDHw_/,Post owned by partner (collab),Signature Glam ✨💕
727,Mor Jewellers,@maidaharoonmakeupstudio,⚪ OFF (Collab Only),11841,10982,38,93.08%,2025-10-10,https://www.instagram.com/p/DPnoXOLDEJ8/,Post owned by partner (collab),Signature Bride ✨bookings are OPEN! Message to confirm your slot 💖
728,Mor Jewellers,@maidaharoonmakeupstudio,⚪ OFF (Collab Only),11841,10982,38,93.08%,2025-10-09,https://www.instagram.com/p/DPlHT95DNMu/,Post owned by partner (collab),Signature Bride 🤍
729,Senco Gold & Diamonds,@everlitebysenco,⚪ OFF (Collab Only),60147,10,0,1.72%,2025-10-08,https://www.instagram.com/p/DPiO7uHDbou/,Post owned by partner (collab),"The festive season is still on, and the spark remains. So pair your outfit with the best ones!"
730,Mor Jewellers,@samya.sheraz.salon,⚪ OFF (Collab Only),96893,28471,100,29.49%,2025-10-07,https://www.instagram.com/p/DPgZcqPiO0t/,Post owned by partner (collab),Bridal campaign 2025 @samya.sheraz.salon
731,Mor Jewellers,@almays.beauty.studio,⚪ OFF (Collab Only),77993,40,2,5.47%,2025-10-07,https://www.instagram.com/p/DPf9uy3CNju/,Post owned by partner (collab),"Radiating royal elegance on her big day ✨ This stunning Barat makeup look perfectly complements the deep red bridal attire, adorned with intricate gol"
732,BlueStone,@vidhiness,⚪ OFF (Collab Only),6582,3146,58,48.69%,2025-10-06,https://www.instagram.com/p/DPeJ_GIiXkN/,Post owned by partner (collab),"This season, I’m celebrating more than just the festivities."
733,Mor Jewellers,@samya.sheraz.salon,⚪ OFF (Collab Only),96893,28471,100,29.49%,2025-10-06,https://www.instagram.com/p/DPdqlx2CCPx/,Post owned by partner (collab),Stay tuned ✨⭐️
734,Senco Gold & Diamonds,@everlitebysenco,⚪ OFF (Collab Only),60147,10,0,1.72%,2025-10-06,https://www.instagram.com/p/DPdFWPXDHIp/,Post owned by partner (collab),"The festive season has already begun, so here's a list of jewellery that you can match and pair. You're welcome!"
735,Aisshpra Gems & Jewels,@radhikaatewhat,⚪ OFF (Collab Only),56322,93046,266,165.68%,2025-10-04,https://www.instagram.com/p/DPZXEBvCX5M/,Post owned by partner (collab),"✨ When jewellery looks this good, you have to see it in person! 💎"
736,Senco Gold & Diamonds,@everlitebysenco,⚪ OFF (Collab Only),60147,10,0,1.72%,2025-10-04,https://www.instagram.com/p/DPX7yEWjb_j/,Post owned by partner (collab),"When you're out and enjoying, don't get awestruck if you're flooded with compliments, because these pieces are beautiful."
737,P. C. Chandra Jewellers,@nikifying,⚪ OFF (Collab Only),2002752,34334,261,1.73%,2025-10-03,https://www.instagram.com/p/DPWLDdED3O4/,Post owned by partner (collab),Every piece of handcrafted gold and diamond jewellery from @pcchandrajewellers feels like a note in my personal song.
738,Tanishq,@anupamaparameswaran96,🟢 ON (Formal Label),16578657,767071,2998,4.64%,2025-10-03,https://www.instagram.com/p/DPWTCz0iYfP/,Post owned by partner (collab),Such a heartfelt surprise from @tanishqjewellery celebrating my 10 years on screen!
739,Mor Jewellers,@makeup_by_tayyabawaqas,⚪ OFF (Collab Only),35662,3262,24,9.22%,2025-10-02,https://www.instagram.com/p/DPTh8hrCBLd/,Post owned by partner (collab),✨
740,Anopchand Tilokchand (AT Jewell,@meenakshi_tuteja,⚪ OFF (Collab Only),57307,93,6,17.46%,2025-09-30,https://www.instagram.com/p/DPOKslVk62P/,Post owned by partner (collab),#MakeupByMeenakshiTuteja
741,Hazoorilal Legacy,@monzgupta,⚪ OFF (Collab Only),200118,3129,32,1.58%,2025-09-26,https://www.instagram.com/p/DPDXlg1gR_M/,Post owned by partner (collab),"Adorned in the exquisite Luminara Collection, I had the pleasure of celebrating Hazoorilal Legacy’s heritage and elegance at their flagship in Dubai H"
742,Mor Jewellers,@misasalonn,⚪ OFF (Collab Only),15446,417,5,2.74%,2025-09-26,https://www.instagram.com/p/DPDk_N1CH30/,Post owned by partner (collab),🤍
743,Mor Jewellers,@irumkhansalon,⚪ OFF (Collab Only),40600,67,2,17.26%,2025-09-24,https://www.instagram.com/p/DO_F6SsDE6o/,Post owned by partner (collab),Signature Nikkah Look!
744,B.C. Sen Jewellers,@susmita_cjee,⚪ OFF (Collab Only),409469,16074,132,3.96%,2025-09-22,https://www.instagram.com/p/DO5qkiwAWpD/,Post owned by partner (collab),"As the delicate fragrance of Shiuli blossoms ushers in the spirit of Durga Puja, may your days be touched with joy, harmony, and togetherness."
745,P. C. Chandra Jewellers,@swatimonga_,⚪ OFF (Collab Only),1295752,171325,356,13.25%,2025-09-22,https://www.instagram.com/p/DO5sJxKjeUq/,Post owned by partner (collab),Navratri vibes are here!
746,GRT Jewellers,@deshpande_akshata,⚪ OFF (Collab Only),168489,38692,224,23.10%,2025-09-21,https://www.instagram.com/p/DO3NjrbkbAH/,Post owned by partner (collab),Why wait for gold prices to drop when you can outsmart them? ✨
747,GRT Jewellers,@radhyaaraj,⚪ OFF (Collab Only),209906,4321,34,2.08%,2025-09-21,https://www.instagram.com/p/DO2pouzD_E5/,Post owned by partner (collab),"Join GRT’s Golden Eleven Flexi Jewellery Purchase Plan and bring home your dream gold, diamond, platinum or silver jewellery – the smart, hassle-free"
748,C. Krishniah Chetty & Co (CKC),@jainonlineofficial,⚪ OFF (Collab Only),22849,145,4,65.43%,2025-09-20,https://www.instagram.com/p/DO0T04EEaYU/,Post owned by partner (collab),"156 years of legacy, reimagined for the future"
749,Mor Jewellers,@sarteladiessalon,⚪ OFF (Collab Only),135922,13358,34,9.85%,2025-09-20,https://www.instagram.com/p/DO0wWGSCDJX/,Post owned by partner (collab),✨✨Coming soon…..
750,P. C. Chandra Jewellers,@single.handedly,⚪ OFF (Collab Only),2085210,351211,2069,16.94%,2025-09-20,https://www.instagram.com/p/DO0qyiOiBnj/,Post owned by partner (collab),"🌸 From Pujo’s flowers to a mother’s strength, she is love, she is power, she is Durga. 🌸"
751,Sri Jagdamba Pearls,@sunanda_roye,⚪ OFF (Collab Only),336465,15523,47,4.63%,2025-09-20,https://www.instagram.com/p/DO0VcK2kSpf/,Post owned by partner (collab),"✨ This festive season, shine with @jagdambapearls – 100 years of legacy in natural & certified pearls, now in Bengaluru! ✨"
752,Anopchand Tilokchand (AT Jewell,@meenakshi_tuteja,⚪ OFF (Collab Only),57307,93,6,17.46%,2025-09-19,https://www.instagram.com/p/DOxTZeikzBt/,Post owned by partner (collab),#MakeupByMeenakshiTuteja
753,C. Krishniah Chetty & Co (CKC),@coutureindia.show,⚪ OFF (Collab Only),33713,310,1,92.27%,2025-09-19,https://www.instagram.com/p/DOx6d6yk4wN/,Post owned by partner (collab),India’s Coolest Visual Merchandising – Runner Up
754,P. C. Chandra Jewellers,@boseoninsta,⚪ OFF (Collab Only),884339,88776,1116,10.16%,2025-09-19,https://www.instagram.com/p/DOyEcZ4EWsf/,Post owned by partner (collab),"Aatpoure, the Bengali saree drape that every Bangali home has seen for generations. 🌸 Today, I got to drape maa in this timeless style, and honestly…"
755,C.H. Jewellers,@amrinkhanofficial,⚪ OFF (Collab Only),81778,11788,113,14.55%,2025-09-18,https://www.instagram.com/p/DOvoR99kZuE/,Post owned by partner (collab),"Royal allure in emerald 💚✨ Crafted with golden embroidery and couture detailing, this masterpiece from Amrin Khan’s Kahaniya Collection is for the bri"
756,C.H. Jewellers,@amrinkhanofficial,⚪ OFF (Collab Only),81778,11788,113,14.55%,2025-09-18,https://www.instagram.com/p/DOvoKM-kej4/,Post owned by partner (collab),Grace in every gaze 💚 Thi green bridal lehenga from Kahaniya by Amrin Khan redefines elegance with intricate embroidery and a regal touch of tradition
757,C.H. Jewellers,@amrinkhanofficial,⚪ OFF (Collab Only),81778,11788,113,14.55%,2025-09-18,https://www.instagram.com/p/DOvnwGXEe8E/,Post owned by partner (collab),"A symphony of green 💚✨ From pastel hues to deep emerald tones, Amrin Khan’s Kahaniya Collection celebrates bridal grandeur through artistry, heritage,"
758,P. C. Chandra Jewellers,@paramita_pramanick,⚪ OFF (Collab Only),130512,699,17,54.92%,2025-09-18,https://www.instagram.com/p/DOv07e5iYcv/,Post owned by partner (collab),Cheyechhi maa ami tumi hote ❤️😍🤩
759,Anopchand Tilokchand (AT Jewell,@meenakshi_tuteja,⚪ OFF (Collab Only),57307,93,6,17.46%,2025-09-17,https://www.instagram.com/p/DOsYhSIkwvu/,Post owned by partner (collab),#MakeupByAnushreeTuteja
760,C.H. Jewellers,@amrinkhanofficial,⚪ OFF (Collab Only),81778,11788,113,14.55%,2025-09-17,https://www.instagram.com/p/DOtBfFQkTFW/,Post owned by partner (collab),"Timeless grace draped in golden hues — this masterpiece blends intricate embroidery with regal elegance, bringing tradition and glamour together in pe"
761,P. C. Chandra Jewellers,@_ritwi.k,🟢 ON (Formal Label),111091,9383,48,8.49%,2025-09-17,https://www.instagram.com/p/DOtgm7HEm9x/,Post owned by partner (collab),Cheyechhi maa ami tumi hote 🤍✨🌻
762,Khimji Jewellers,@ankita_mishra_18,⚪ OFF (Collab Only),102683,64321,399,63.03%,2025-09-16,https://www.instagram.com/p/DOqgJk5knj-/,Post owned by partner (collab),Mo maa & Tara gold obsession 😂
763,P. C. Chandra Jewellers,@mayazmakeover,⚪ OFF (Collab Only),295689,69773,390,23.73%,2025-09-16,https://www.instagram.com/p/DOql01Ik5sR/,Post owned by partner (collab),♥️মা এটা তোমার জন্যে!♥️ @mayakundu66 #CheyechiMaAmiTumiHote
764,Anopchand Tilokchand (AT Jewell,@meenakshi_tuteja,⚪ OFF (Collab Only),57307,93,6,17.46%,2025-09-14,https://www.instagram.com/p/DOk-kuEDNLQ/,Post owned by partner (collab),#MakeupByMeenakshiTuteja
765,C.H. Jewellers,@amrinkhanofficial,⚪ OFF (Collab Only),81778,11788,113,14.55%,2025-09-12,https://www.instagram.com/p/DOgFwQpETn3/,Post owned by partner (collab),KAHANIYA – Bridal Couture 2025
766,C.H. Jewellers,@amrinkhanofficial,⚪ OFF (Collab Only),81778,11788,113,14.55%,2025-09-12,https://www.instagram.com/p/DOftyUPkQTB/,Post owned by partner (collab),KAHANIYA – Bridal Couture 2025
767,Mor Jewellers,@uzairstudio_official,⚪ OFF (Collab Only),5028,16,0,34.31%,2025-09-12,https://www.instagram.com/p/DOgVKiYDBNt/,Post owned by partner (collab),@allurethesalon Bridal campaign 2025
768,Anopchand Tilokchand (AT Jewell,@makeupbyanushree_,⚪ OFF (Collab Only),17399,283,7,1.67%,2025-09-11,https://www.instagram.com/p/DOdbf41gXBj/,Post owned by partner (collab),"Understated glam, unforgettable moment 🕊️ #SoftEngagementGlam"
769,Mor Jewellers,@mehwiishamaar,⚪ OFF (Collab Only),12497,240,11,2.02%,2025-09-11,https://www.instagram.com/p/DOeKIN0jZdi/,Post owned by partner (collab),BRIDAL MAKEUP 2025
770,Khimji Jewellers,@snuti_das,⚪ OFF (Collab Only),321206,70253,516,22.03%,2025-09-10,https://www.instagram.com/p/DObBQDakwLX/,Post owned by partner (collab),Joining the sparkle at Khimji Jewellers’ grand opening in Angul!
771,P. C. Chandra Jewellers,@saieemmanjrekar,⚪ OFF (Collab Only),2104683,66538,347,3.18%,2025-09-09,https://www.instagram.com/p/DOYMBYVCVRL/,Post owned by partner (collab),"For me, jewellery is all about elegance and timeless beauty."
772,Mor Jewellers,@anum_mua,⚪ OFF (Collab Only),20981,100,8,51.87%,2025-09-08,https://www.instagram.com/p/DOWLgixiBVq/,Post owned by partner (collab),Ezza 🤍
773,Mor Jewellers,@anum_mua,⚪ OFF (Collab Only),20981,100,8,51.87%,2025-09-08,https://www.instagram.com/p/DOWLMzmiFxP/,Post owned by partner (collab),Ezza 🤍
774,Mor Jewellers,@anum_mua,⚪ OFF (Collab Only),20981,100,8,51.87%,2025-09-08,https://www.instagram.com/p/DOWJvJwCH8q/,Post owned by partner (collab),Ezza 🤍
775,Khimji Jewellers,@damsel._.diaries,⚪ OFF (Collab Only),51032,10548,54,20.78%,2025-09-07,https://www.instagram.com/p/DOTiGOhk-Ex/,Post owned by partner (collab),Angul glimmers with tradition and brilliance!
776,Mor Jewellers,@makeup_by_tayyabawaqas,⚪ OFF (Collab Only),35662,3262,24,9.22%,2025-09-07,https://www.instagram.com/p/DOTnfP4iJkU/,Post owned by partner (collab),Signature Barat ✨
777,C.H. Jewellers,@amrinkhanofficial,⚪ OFF (Collab Only),81778,11788,113,14.55%,2025-09-06,https://www.instagram.com/p/DORWnuME_rr/,Post owned by partner (collab),KAHANIYA – Bridal Couture 2025
778,C.H. Jewellers,@amrinkhanofficial,⚪ OFF (Collab Only),81778,11788,113,14.55%,2025-09-06,https://www.instagram.com/p/DORVK8IkyXm/,Post owned by partner (collab),KAHANIYA – Bridal Couture 2025
779,GRT Jewellers,@hemarajkumar_official,⚪ OFF (Collab Only),1402141,15679,48,1.12%,2025-09-06,https://www.instagram.com/p/DOQhGD_CSH9/,Post owned by partner (collab),"Be it a simple gold chain for every day, a stack of golden bangles for festivals, a bracelet for workdays, or a necklace for grand celebrations — gold"
780,Khimji Jewellers,@isitamohanty5,⚪ OFF (Collab Only),141487,13419,159,9.60%,2025-09-06,https://www.instagram.com/p/DOPl8qYkvHE/,Post owned by partner (collab),Thrilled to be part of a historic moment - Khimji Jewellers brings 90 years of legacy to Angul with the grand opening of their 10th showroom! ⭐️
781,Khimji Jewellers,@swatika_padhi,⚪ OFF (Collab Only),31733,2340,29,7.47%,2025-09-05,https://www.instagram.com/p/DOOebPok2_2/,Post owned by partner (collab),Thrilled to be part of a historic moment — Khimji Jewellers brings 90 years of legacy to Angul with the grand opening of their 10th showroom! ✨💛
782,Mor Jewellers,@usbadani,⚪ OFF (Collab Only),90224,849,42,98.89%,2025-09-05,https://www.instagram.com/p/DOOLFDQCEoX/,Post owned by partner (collab),Truly felt like a fairytale ✨ X @mabzbymahnoor_
783,GRT Jewellers,@pujita.ponnada,⚪ OFF (Collab Only),582411,33489,225,5.79%,2025-09-04,https://www.instagram.com/p/DOLW2qaj5IU/,Post owned by partner (collab),"There’s this one beautiful yellow gold set that I’ve been eyeing for a while now. Every time I visited GRT Jewellers, I’d stop and admire it ✨"
784,Mor Jewellers,@uzairstudio_official,⚪ OFF (Collab Only),5028,16,0,34.31%,2025-09-03,https://www.instagram.com/p/DOJgXr9jCQ_/,Post owned by partner (collab),@Allurethesalon Bridal campaign 2025
785,Mor Jewellers,@khayest_by_maryam,⚪ OFF (Collab Only),12629,371,21,3.11%,2025-09-02,https://www.instagram.com/p/DOGY_SciJLL/,Post owned by partner (collab),So many of you have been asking about the bridal jewellery all the credit goes to @morjewellersofficial 💍🤍 Their pieces added the perfect touch of ele
786,P. C. Chandra Jewellers,@itsmeabirchatterjee,⚪ OFF (Collab Only),605945,3478,22,57.79%,2025-09-02,https://www.instagram.com/p/DOGanqYEqYL/,Post owned by partner (collab),"Even on the busiest days filled with calls, meetings, and deadlines, I like keeping my look sharp yet effortless."
787,P. C. Chandra Jewellers,@itsmeabirchatterjee,⚪ OFF (Collab Only),605945,3478,22,57.79%,2025-09-01,https://www.instagram.com/p/DOD1LXYkt_l/,Post owned by partner (collab),"There’s something about a clean, simple style that speaks volumes without trying too hard."
788,Mor Jewellers,@uzairstudio_official,⚪ OFF (Collab Only),5028,16,0,34.31%,2025-08-31,https://www.instagram.com/p/DOBJTG7DM-H/,Post owned by partner (collab),Allurethesalon Bridal campaign 2025
789,PC Jeweller,@silverbypcj,⚪ OFF (Collab Only),175570,1131,2,64.58%,2025-08-29,https://www.instagram.com/p/DN8AfqtEuWj/,Post owned by partner (collab),"⏳ Don’t miss your chance to win exclusive silver gifts worth up to ₹10,000! ✨"
790,P. N. Gadgil Jewellers (PNG),@himanshee_4,⚪ OFF (Collab Only),575327,104410,223,18.19%,2025-08-28,https://www.instagram.com/p/DN4jgy4Eqyv/,Post owned by partner (collab),"💛 Since 1832, PNG Jewellers has been crafting trust, style & elegance."
791,PC Jeweller,@silverbypcj,⚪ OFF (Collab Only),175570,1131,2,64.58%,2025-08-28,https://www.instagram.com/p/DN5wzcbEkad/,Post owned by partner (collab),"🎓✨ This Teacher’s Day, let’s say thank you in silver style!"
792,PC Jeweller,@silverbypcj,⚪ OFF (Collab Only),175570,1131,2,64.58%,2025-08-28,https://www.instagram.com/p/DN5dZ1hktu3/,Post owned by partner (collab),"🎓✨ This Teacher’s Day, something silver special is coming your way!"
793,Mor Jewellers,@uzairstudio_official,⚪ OFF (Collab Only),5028,16,0,34.31%,2025-08-27,https://www.instagram.com/p/DN3Vj-92Bfd/,Post owned by partner (collab),Allurethesalon Bridal campaign 2025
794,Mor Jewellers,@naveedaiqbalbeautystudio,⚪ OFF (Collab Only),35036,1033,8,2.97%,2025-08-26,https://www.instagram.com/p/DN0ldOHWjt8/,Post owned by partner (collab),Perfect Barrat glam with soft subtle glowy makeover ✨🪔🪷🦢
795,GRT Jewellers,@kabooki_mua,⚪ OFF (Collab Only),56859,358,15,65.89%,2025-08-25,https://www.instagram.com/p/DNxJtDnWCd5/,Post owned by partner (collab),"From shopping to styling, from dream to reality — the wedding moment is here. 👰✨"
796,Lalithaa Jewellery,@saregamatvshows_,⚪ OFF (Collab Only),302861,642,10,21.56%,2025-08-25,https://www.instagram.com/p/DNx5IMp5J_X/,Post owned by partner (collab),Celebrate your Family Happiness with Lalithaa Jewellery 💍💍
797,Kalamandir Jewellers,@gaurikulkarni23,⚪ OFF (Collab Only),360990,15382,581,4.42%,2025-08-24,https://www.instagram.com/p/DNuqab80Czh/,Post owned by partner (collab),"बाप्पा येणार म्हटल्यावर सगळं बेस्ट असलं पाहिजे, म्हणूननच, मी बेस्ट ठिकाणी आले- @kalamandirjewellers , Borivali इथे.😃"
798,Mor Jewellers,@hajrahafsaphotography,⚪ OFF (Collab Only),9449,379,5,4.07%,2025-08-24,https://www.instagram.com/p/DNvW2JSWr5c/,Post owned by partner (collab),
799,Lalithaa Jewellery,@lalithaajewellerytelugu,⚪ OFF (Collab Only),28098,115,2,42.14%,2025-08-23,https://www.instagram.com/p/DNs5GUk5o7a/,Post owned by partner (collab),"✨ This Mahavir Janma Vanchan reminds us that true strength lies in compassion, peace, and humility. 🌼"
800,Mor Jewellers,@usbadani,⚪ OFF (Collab Only),90224,849,42,98.89%,2025-08-23,https://www.instagram.com/p/DNsmDBPUAZ0/,Post owned by partner (collab),Suna hai log ussay ankh bhar k dekhte hain🕯️✨🌙
801,Mor Jewellers,@reelsbyfaiza,⚪ OFF (Collab Only),7061,13398,35,190.25%,2025-08-23,https://www.instagram.com/p/DNsKdzL2pIA/,Post owned by partner (collab),"Not your usual glam — a modern vibe with bold energy, made to stand out. 💄✨ Coming Soon! ✨"
802,Mor Jewellers,@irumkhansalon,⚪ OFF (Collab Only),40600,67,2,17.26%,2025-08-22,https://www.instagram.com/p/DNqbw-TMzZo/,Post owned by partner (collab),Signature Nikkah Makeup by @mariam_malikk__
803,Mor Jewellers,@makeupby.zaraa,⚪ OFF (Collab Only),273,315,8,118.74%,2025-08-22,https://www.instagram.com/p/DNqavsGI7lz/,Post owned by partner (collab),• Bride of Tradition • ✨🪔
804,Mor Jewellers,@makeup_by_tayyabawaqas,⚪ OFF (Collab Only),35662,3262,24,9.22%,2025-08-21,https://www.instagram.com/p/DNoNuxLI4op/,Post owned by partner (collab),✨✨
805,Mor Jewellers,@anum_mua,⚪ OFF (Collab Only),20981,100,8,51.87%,2025-08-21,https://www.instagram.com/p/DNntF5Ks1my/,Post owned by partner (collab),🤍
806,Mor Jewellers,@misasalonn,⚪ OFF (Collab Only),15446,417,5,2.74%,2025-08-20,https://www.instagram.com/p/DNlrfmiI0qX/,Post owned by partner (collab),Signature party makeup💕
807,Mor Jewellers,@makeupby.zaraa,⚪ OFF (Collab Only),273,315,8,118.74%,2025-08-20,https://www.instagram.com/p/DNlBRtfK-Ss/,Post owned by partner (collab),"Creating timeless bridal beauty with our Signature touch by Zara. ✨flawless, radiant, and unforgettable.🪔"
808,Mor Jewellers,@allurethesalon,⚪ OFF (Collab Only),147745,211,6,14.69%,2025-08-20,https://www.instagram.com/p/DNks49MsXwT/,Post owned by partner (collab),Bridal campaign 2025✨
809,Mor Jewellers,@allurethesalon,⚪ OFF (Collab Only),147745,211,6,14.69%,2025-08-20,https://www.instagram.com/p/DNkqb1BspY-/,Post owned by partner (collab),Bridal campaign 2025✨
810,Mor Jewellers,@makeupby.zaraa,⚪ OFF (Collab Only),273,315,8,118.74%,2025-08-19,https://www.instagram.com/p/DNigoPCKtzv/,Post owned by partner (collab),•Campaign’25 of signature by Zara•
811,Mor Jewellers,@anum_mua,⚪ OFF (Collab Only),20981,100,8,51.87%,2025-08-18,https://www.instagram.com/p/DNgZ-lnsaWO/,Post owned by partner (collab),Ezza 🤍
812,Mor Jewellers,@naveedaiqbalbeautystudio,⚪ OFF (Collab Only),35036,1033,8,2.97%,2025-08-18,https://www.instagram.com/p/DNgDHotMpkY/,Post owned by partner (collab),Presenting our Beautiful signature Baraat bride ✨🪔🪞🕊️
813,Mor Jewellers,@misasalonn,⚪ OFF (Collab Only),15446,417,5,2.74%,2025-08-18,https://www.instagram.com/p/DNgDUPAIPRw/,Post owned by partner (collab),Signature Party makeup💕
814,Mor Jewellers,@misasalonn,⚪ OFF (Collab Only),15446,417,5,2.74%,2025-08-18,https://www.instagram.com/p/DNf4TDdIeq0/,Post owned by partner (collab),Signature party makeup💕
815,Mor Jewellers,@naveedaiqbalbeautystudio,⚪ OFF (Collab Only),35036,1033,8,2.97%,2025-08-18,https://www.instagram.com/p/DNfjCiPMrpR/,Post owned by partner (collab),Beautiful & mesmerising ✨🪔🪞🦢
816,Kalamandir Jewellers,@____ananya____,⚪ OFF (Collab Only),108615,476,58,49.26%,2025-08-17,https://www.instagram.com/p/DNdJKGap8de/,Post owned by partner (collab),Jewellery that screams legacy✨
817,Mor Jewellers,@makeup_by_tayyabawaqas,⚪ OFF (Collab Only),35662,3262,24,9.22%,2025-08-17,https://www.instagram.com/p/DNdkE0lswqy/,Post owned by partner (collab),✨✨
818,Mor Jewellers,@pr_stylingbyezza,⚪ OFF (Collab Only),633,28,6,5.54%,2025-08-17,https://www.instagram.com/p/DNdfJZXo8cJ/,Post owned by partner (collab),“DUA” 🌼🤍
819,Mor Jewellers,@makeup_by_tayyabawaqas,⚪ OFF (Collab Only),35662,3262,24,9.22%,2025-08-17,https://www.instagram.com/p/DNdeBfbM_A7/,Post owned by partner (collab),Signature Walima ✨
820,Mor Jewellers,@makeupby.zaraa,⚪ OFF (Collab Only),273,315,8,118.74%,2025-08-17,https://www.instagram.com/p/DNdZ2RJqlVM/,Post owned by partner (collab),سانسوں کی مالا ✨♥️
821,Amrapali Jewels,@amrapalimuseum,⚪ OFF (Collab Only),41020,467,6,1.16%,2025-08-16,https://www.instagram.com/p/DNZ2jcWOQWX/,Post owned by partner (collab),"Certain jewels hold sacred significance as they represent the divine status, opulence, and grandeur of a deity. On Janmashtami, we honour the exquisit"
822,Mor Jewellers,@allurethesalon,⚪ OFF (Collab Only),147745,211,6,14.69%,2025-08-15,https://www.instagram.com/p/DNX2iNXItDA/,Post owned by partner (collab),Bridal campaign 2025✨ A perfect shalima look with popped eyes and soft lips
823,Mor Jewellers,@allurethesalon,⚪ OFF (Collab Only),147745,211,6,14.69%,2025-08-14,https://www.instagram.com/p/DNWLHoCIjsn/,Post owned by partner (collab),Stay tuned of our upcoming bridal Campaign
824,Mor Jewellers,@classy_people_pakk,⚪ OFF (Collab Only),69272,64,13,11.24%,2025-08-14,https://www.instagram.com/p/DNVM2EWMmZt/,Post owned by partner (collab),Like | Share | Follow
825,Tanishq,@alayaf,🟢 ON (Formal Label),2074395,35902,386,1.75%,2025-08-14,https://www.instagram.com/p/DNVjxMQIcj7/,Post owned by partner (collab),"From curious creator to poised presenter, shining in every role I play. ✨"
826,GRT Jewellers,@arunakrithi,⚪ OFF (Collab Only),287075,48963,432,17.21%,2025-08-12,https://www.instagram.com/p/DNQQuf3J5Vf/,Post owned by partner (collab),Why to wear same old gold jewellery in every party when you can think smart and choose smart plans!!!
827,Mor Jewellers,@madihakhanmua,⚪ OFF (Collab Only),504779,7472,152,1.51%,2025-08-12,https://www.instagram.com/p/DNQH-vZIXA-/,Post owned by partner (collab),Junior Makeup Artist Nikah Bridal Makeover at Lahore Salon @madihakhanbridalstudioo
828,GRT Jewellers,@risha_niranjan,⚪ OFF (Collab Only),107689,1524,18,1.43%,2025-08-11,https://www.instagram.com/p/DNOCHXXTcpx/,Post owned by partner (collab),Why wait for gold prices to drop when you can outsmart them? ✨
829,GRT Jewellers,@vj_deepika_,🟢 ON (Formal Label),515454,5315,57,1.04%,2025-08-11,https://www.instagram.com/p/DNN4juEzOvs/,Post owned by partner (collab),Jewellery as timeless as your love — and as smart as your savings. ✨
830,Kalamandir Jewellers,@mansikatariaa,⚪ OFF (Collab Only),54397,7668,969,15.88%,2025-08-11,https://www.instagram.com/p/DNOE-DIMdXB/,Post owned by partner (collab),Walked in for my sister’s wedding jewellery… walked out with my heart (and cart) full 💛✨
831,Mor Jewellers,@sana.tmakeupstudio,⚪ OFF (Collab Only),59915,90,7,16.26%,2025-08-11,https://www.instagram.com/p/DNONzAWIQrq/,Post owned by partner (collab),چراغِ حسن، روشنیِ دل
832,Mor Jewellers,@sana.tmakeupstudio,⚪ OFF (Collab Only),59915,90,7,16.26%,2025-08-10,https://www.instagram.com/p/DNLnRvDoT4P/,Post owned by partner (collab),چراغِ حسن، روشنیِ دل”
833,Mor Jewellers,@sana.tmakeupstudio,⚪ OFF (Collab Only),59915,90,7,16.26%,2025-08-09,https://www.instagram.com/p/DNI_ySwoHp5/,Post owned by partner (collab),چراغِ حسن، روشنیِ دل”
834,P. C. Chandra Jewellers,@thatcutestthing,⚪ OFF (Collab Only),1132978,340058,864,30.09%,2025-08-09,https://www.instagram.com/p/DNIkQRyPcSh/,Post owned by partner (collab),"Some bonds don’t need words, just traditions that shine forever✨"
835,Kalamandir Jewellers,@aarjaveeshah,⚪ OFF (Collab Only),15856,1703,39,10.99%,2025-08-08,https://www.instagram.com/p/DNFJBQXPBCy/,Post owned by partner (collab),"From dainty diamonds to trendsetting designs, Kalamandir has it all. ✨"
836,Mor Jewellers,@malihabukhari__,⚪ OFF (Collab Only),6333,256,8,4.18%,2025-08-06,https://www.instagram.com/p/DNBHsMsNG24/,Post owned by partner (collab),- Signature Walima Look BY MALIHA BUKHARI🌸✨
837,PC Jeweller,@silverbypcj,⚪ OFF (Collab Only),175570,1131,2,64.58%,2025-08-06,https://www.instagram.com/p/DNBH7U4SA6o/,Post owned by partner (collab),✨ Introducing Silver by PCJ – your new destination for timeless elegance in silver.✨
838,PC Jeweller,@silverbypcj,⚪ OFF (Collab Only),175570,1131,2,64.58%,2025-08-05,https://www.instagram.com/p/DM-Tu2HS9J4/,Post owned by partner (collab),✨ Now on Instagram – Silver by PCJ – your exclusive space for timeless silver treasures! ✨
839,PC Jeweller,@silverbypcj,⚪ OFF (Collab Only),175570,1131,2,64.58%,2025-08-05,https://www.instagram.com/p/DM9o1eaSAUW/,Post owned by partner (collab),✨ Introducing our exclusive Silver by PCJ collection – now on Instagram!
840,GRT Jewellers,@janani_ashokkumar,⚪ OFF (Collab Only),1275370,21803,85,1.72%,2025-08-04,https://www.instagram.com/p/DM7oUIByFHw/,Post owned by partner (collab),"The festive vibes continue at GRT Jewellers this Aadi, and I’m loving every bit of it! 💛"
841,Kalamandir Jewellers,@raveena_tekwani,⚪ OFF (Collab Only),205448,188152,880,92.01%,2025-08-04,https://www.instagram.com/p/DM7pd7VSe75/,Post owned by partner (collab),"Ahmedabad ki galiyon se leke jewellery stores tak — jab har cheez ho sparkling, samajh jao Suvarna Mahotsav 3.0 aa gaya hai! 💍✨"
842,Mor Jewellers,@malihabukhari__,⚪ OFF (Collab Only),6333,256,8,4.18%,2025-08-04,https://www.instagram.com/p/DM73HJuNnD4/,Post owned by partner (collab),Presenting our stunning Walima bride in the viral Diamond Glass Skin Finish — exclusively by Maliha Bukhari 💎💄
843,Prince Jewellery,@sathishkumardsatz,⚪ OFF (Collab Only),1601623,51014,324,3.21%,2025-08-04,https://www.instagram.com/p/DM7yRiHxMXb/,Post owned by partner (collab),Ada Pavi……
844,Mor Jewellers,@malihabukhari__,⚪ OFF (Collab Only),6333,256,8,4.18%,2025-08-02,https://www.instagram.com/p/DM21chxtm0T/,Post owned by partner (collab),-Glipmse🌸✨
845,Kalamandir Jewellers,@pujajoshi_official,🟢 ON (Formal Label),639186,14930,88,2.35%,2025-08-01,https://www.instagram.com/p/DMzLrYRPnyb/,Post owned by partner (collab),"From heritage polki to modern diamonds, I found it all here. Come experience the beauty of #Kalamandir – because jewelry should be as unforgettable as"
846,GRT Jewellers,@priyabalakumaran_gp,⚪ OFF (Collab Only),742859,28177,277,3.83%,2025-07-31,https://www.instagram.com/p/DMxi1jJxw1J/,Post owned by partner (collab),"Sacred spaces deserve nothing less than the finest — and this Aadi Perukku, we bring you grace in every form. From radiant silver pooja articles to or"
847,GRT Jewellers,@priyabalakumaran_gp,⚪ OFF (Collab Only),742859,28177,277,3.83%,2025-07-30,https://www.instagram.com/p/DMuEGXMxVt0/,Post owned by partner (collab),"Aadi Perukku is a day to celebrate prosperity, positivity, and new beginnings."
848,Mor Jewellers,@weddingzbyafnan,⚪ OFF (Collab Only),1522,9638,72,638.03%,2025-07-30,https://www.instagram.com/p/DMug4n2SBK3/,Post owned by partner (collab),"Beauty in simplicity, grace in every glance Walima glow.🤍"
849,P. C. Chandra Jewellers,@itsmeabirchatterjee,⚪ OFF (Collab Only),605945,3478,22,57.79%,2025-07-30,https://www.instagram.com/p/DMu2Z7ayYcb/,Post owned by partner (collab),They say jewellery tells a story—here’s mine.
850,Kalamandir Jewellers,@yourstylewarder,⚪ OFF (Collab Only),30378,694,28,2.38%,2025-07-29,https://www.instagram.com/p/DMsemOPB9c6/,Post owned by partner (collab),"From Temple bells to Sunset vows, every wedding has a story. And every story deserves jewellery that speaks its mood 🤎"
851,Mor Jewellers,@hamdasofficial,⚪ OFF (Collab Only),71517,4928,66,6.98%,2025-07-28,https://www.instagram.com/p/DMqEr8Ho1Bu/,Post owned by partner (collab),Signature Walima by Hamda & Sana🥀
852,Mor Jewellers,@hamdasofficial,⚪ OFF (Collab Only),71517,4928,66,6.98%,2025-07-27,https://www.instagram.com/p/DMneLsFI20o/,Post owned by partner (collab),Signature Walima by Hamda & Sana🥀
853,P. C. Chandra Jewellers,@thepinnuthakral,⚪ OFF (Collab Only),123865,8675,154,7.13%,2025-07-27,https://www.instagram.com/p/DMnGMYey4V2/,Post owned by partner (collab),"The Indian aesthetic is truly where tradition meets trend — a beautiful dance of colour, culture, and timeless jewellery that lets you express your st"
854,Kalamandir Jewellers,@visha_modi,⚪ OFF (Collab Only),141274,4569,53,3.27%,2025-07-25,https://www.instagram.com/p/DMhOOlKAqYN/,Post owned by partner (collab),😌 Jewellery that honours tradition. Offers that celebrate you.
855,DP Abhushan (DP Jewellers),@bhumishasoniii,⚪ OFF (Collab Only),94341,16632,76,17.71%,2025-07-24,https://www.instagram.com/p/DMfI7IeyIEc/,Post owned by partner (collab),"Don’t walk, run coz the Bangle & Chain fest is now live at DP jweller store udaipur frm 21st- 31st july"
856,Mor Jewellers,@zainabaeeeee,⚪ OFF (Collab Only),3184,174,28,6.38%,2025-07-24,https://www.instagram.com/p/DMfxQeTtLy0/,Post owned by partner (collab),The perfect valima look you are looking for ✨
857,DP Abhushan (DP Jewellers),@himani_hada_28,⚪ OFF (Collab Only),32144,5766,38,18.06%,2025-07-23,https://www.instagram.com/p/DMdASmkSwC8/,Post owned by partner (collab),Who knew lightweight could shine so heavy?
858,Mor Jewellers,@rameeshariazstudio,⚪ OFF (Collab Only),100706,1056,80,1.13%,2025-07-23,https://www.instagram.com/p/DMdJS1MoVs5/,Post owned by partner (collab),Senior Artist Bride with Signature touchups 🤍
859,GRT Jewellers,@janani_ashokkumar,⚪ OFF (Collab Only),1275370,21803,85,1.72%,2025-07-22,https://www.instagram.com/p/DMZpDePy5_y/,Post owned by partner (collab),What’s better than buying jewellery during Aadi? Getting surprise gifts with it! 💛
860,Kalamandir Jewellers,@paru_n_guru,⚪ OFF (Collab Only),668610,132695,3923,20.43%,2025-07-22,https://www.instagram.com/p/DMZlpodSvmV/,Post owned by partner (collab),માસ્ટર માઈન્ડ જીજાજી...😂😂😂
861,Mor Jewellers,@makeupbyrumaisa_,⚪ OFF (Collab Only),2189,338,19,16.33%,2025-07-22,https://www.instagram.com/p/DMan9wdshi_/,Post owned by partner (collab),"In the final chapter of Gulnaar, everything softens."
862,Mor Jewellers,@misasalonn,⚪ OFF (Collab Only),15446,417,5,2.74%,2025-07-22,https://www.instagram.com/p/DMZ-wtcuND_/,Post owned by partner (collab),♥️
863,Senco Gold & Diamonds,@everlitebysenco,⚪ OFF (Collab Only),60147,10,0,1.72%,2025-07-22,https://www.instagram.com/p/DMaE71YxuPi/,Post owned by partner (collab),"If you’re a “get it all at once”, then this necklace is meant for you. It’s sleek, elegant and effortless. 😍 Shop now! 🛍️"
864,GRT Jewellers,@meghnalokesh,🟢 ON (Formal Label),708939,37044,225,5.26%,2025-07-21,https://www.instagram.com/p/DMXpL_pJmz1/,Post owned by partner (collab),Finally! The newly launched GRT Jewellers showroom in Vizianagaram is open and it’s truly a jewellery lover’s paradise! ✨
865,Kalamandir Jewellers,@priyanka_nazareth,⚪ OFF (Collab Only),21520,538,15,2.57%,2025-07-21,https://www.instagram.com/p/DMXrtA8plyd/,Post owned by partner (collab),"Some moments stay etched in time, like the first look in the mirror, the sound of bangles, the weight of tradition, and the promise of forever."
866,Mor Jewellers,@rameeshariazstudio,⚪ OFF (Collab Only),100706,1056,80,1.13%,2025-07-21,https://www.instagram.com/p/DMXx-5aoZ7t/,Post owned by partner (collab),Senior Artist Bride with Signature touchups ❤️
867,Senco Gold & Diamonds,@everlitebysenco,⚪ OFF (Collab Only),60147,10,0,1.72%,2025-07-21,https://www.instagram.com/p/DMXCFM4RHXy/,Post owned by partner (collab),We couldn’t gatekeep anymore. 👀
868,Mor Jewellers,@misasalonn,⚪ OFF (Collab Only),15446,417,5,2.74%,2025-07-20,https://www.instagram.com/p/DMV2hy2ooBq/,Post owned by partner (collab),Signature Barat look♥️
869,Mor Jewellers,@rameeshariazstudio,⚪ OFF (Collab Only),100706,1056,80,1.13%,2025-07-20,https://www.instagram.com/p/DMU1u_jIGNC/,Post owned by partner (collab),Senior Artist Bride with Signature touchups 🩵
870,Mor Jewellers,@rameeshariazstudio,⚪ OFF (Collab Only),100706,1056,80,1.13%,2025-07-19,https://www.instagram.com/p/DMS_OjQy4OV/,Post owned by partner (collab),Senior Artist Bride with Signature touchups💖
871,Senco Gold & Diamonds,@everlitebysenco,⚪ OFF (Collab Only),60147,10,0,1.72%,2025-07-18,https://www.instagram.com/p/DMPTF0Vx_iJ/,Post owned by partner (collab),"The declaration is right in front of you, we know it all, okay? 🤭"
872,DP Abhushan (DP Jewellers),@rushitajain,⚪ OFF (Collab Only),20366,1957,12,9.67%,2025-07-17,https://www.instagram.com/p/DMNfT36ziYI/,Post owned by partner (collab),"✨ Everyday elegance, redefined @amourabydp @dpjewellers"
873,DP Abhushan (DP Jewellers),@whatriawore,⚪ OFF (Collab Only),49935,26,21,9.43%,2025-07-17,https://www.instagram.com/p/DMNf_jAJ5fs/,Post owned by partner (collab),"@amourabydp is a brand by @dpjewellers , offering fine jewelry crafted with perfection for today’s modern women. The designs are minimal yet unique, m"
874,DP Abhushan (DP Jewellers),@rishinatalreja,⚪ OFF (Collab Only),94176,531,17,58.27%,2025-07-17,https://www.instagram.com/p/DMNYirPt3g9/,Post owned by partner (collab),"Timeless elegance, reimagined. ✨"
875,GRT Jewellers,@kavya_gowdaaaaofficial,⚪ OFF (Collab Only),1390287,11962,74,86.58%,2025-07-17,https://www.instagram.com/p/DMMufFSSi3b/,Post owned by partner (collab),"From graceful silver pooja articles to breathtaking gold and diamond jewellery, every corner at GRT Jewellers feels like a celebration of culture and"
876,Lalithaa Jewellery,@reshma_reshu_22,⚪ OFF (Collab Only),175519,4083,41,2.35%,2025-07-17,https://www.instagram.com/p/DMNFxftxUfn/,Post owned by partner (collab),Diamond lovers ku spl offer only in @lalithaajewellery_  @lalithaajewellery_  #reelitfeelit #jewellery
877,Senco Gold & Diamonds,@everlitebysenco,⚪ OFF (Collab Only),60147,10,0,1.72%,2025-07-17,https://www.instagram.com/p/DMM2yRWxx5M/,Post owned by partner (collab),The hints were received and we already know that your eyes are on this. 👀♥️
878,DP Abhushan (DP Jewellers),@dishajethwanii,⚪ OFF (Collab Only),19336,733,48,4.04%,2025-07-16,https://www.instagram.com/p/DMKPl03J5FK/,Post owned by partner (collab),Sometimes all you need is a little sparkle to feel complete. 👸🤍🐬
879,Kalamandir Jewellers,@mommyadventures_with_raahat,⚪ OFF (Collab Only),568051,4405,155,80.30%,2025-07-16,https://www.instagram.com/p/DMKwnauy9Rr/,Post owned by partner (collab),Paise bacha liye? Ab invest bhi smartly karo!✨
880,Mor Jewellers,@makeupbyrumaisa_,⚪ OFF (Collab Only),2189,338,19,16.33%,2025-07-16,https://www.instagram.com/p/DMLN0HlMCV6/,Post owned by partner (collab),✨Gulnaar – مہندی✨
881,Senco Gold & Diamonds,@everlitebysenco,⚪ OFF (Collab Only),60147,10,0,1.72%,2025-07-16,https://www.instagram.com/p/DMKL2ycR2rW/,Post owned by partner (collab),"Sincere apologies to keep you waiting, here are the top picks of July, which received a lot of love from y’all! 💕"
882,GRT Jewellers,@laxmireddy75,⚪ OFF (Collab Only),104130,666,15,65.50%,2025-07-15,https://www.instagram.com/p/DMIbxeCRfkr/,Post owned by partner (collab),💫 Turn Your Jewellery Dreams Into Reality – The Smart Way! 💫
883,GRT Jewellers,@aarya.lakshmi_,🟢 ON (Formal Label),65243,1999,28,3.11%,2025-07-15,https://www.instagram.com/p/DMHbNBkTbYN/,Post owned by partner (collab),#Ad Bring home the jewellery you’ve always dreamed of – the smart way! ✨
884,Tanishq,@rahulmishra_7,⚪ OFF (Collab Only),959381,3462,41,36.52%,2025-07-15,https://www.instagram.com/p/DMIYa2yzZ5L/,Post owned by partner (collab),BECOMING LOVE • RAHUL MISHRA COUTURE FALL 2025
885,GRT Jewellers,@itsepsiba,⚪ OFF (Collab Only),88123,3883,32,4.44%,2025-07-14,https://www.instagram.com/p/DMF_GAhzwxo/,Post owned by partner (collab),💫 Indulge in the elegance you deserve.
886,Senco Gold & Diamonds,@everlitebysenco,⚪ OFF (Collab Only),60147,10,0,1.72%,2025-07-14,https://www.instagram.com/p/DMFoawaRujF/,Post owned by partner (collab),Your personality has been revealed and this time we are absolutely correct! 😍
887,C.H. Jewellers,@meg_happiness,⚪ OFF (Collab Only),91774,956,31,1.08%,2025-07-13,https://www.instagram.com/p/DMCfjElRoMy/,Post owned by partner (collab),✨ Vadodara’s BIGGEST jewellery sale is here! ✨
888,C.H. Jewellers,@themomtag,⚪ OFF (Collab Only),7481,8,12,27.07%,2025-07-13,https://www.instagram.com/p/DMCcoMvIcdE/,Post owned by partner (collab),Siddhi Baat No Bakwas Sale Is Live !!!
889,Kalamandir Jewellers,@rj_yuvraaj,⚪ OFF (Collab Only),384432,14994,242,3.96%,2025-07-13,https://www.instagram.com/p/DMDLZprMzMh/,Post owned by partner (collab),તમને Shopping માં કેટલો time લાગે?
890,P. C. Chandra Jewellers,@thepinnuthakral,⚪ OFF (Collab Only),123865,8675,154,7.13%,2025-07-13,https://www.instagram.com/p/DMDQxA4SEbH/,Post owned by partner (collab),"One look, infinite stories, and that’s exactly why I love mixing Indo-Western styles."
891,Ulhas Jewellers,@linotchka,⚪ OFF (Collab Only),10639,519,20,5.07%,2025-07-13,https://www.instagram.com/p/DMCojettMRl/,Post owned by partner (collab),"From our engagement to the promise of forever, we’re so glad to have chosen our jewellery from @ulhasjewellers"
892,C.H. Jewellers,@kananbbhatt,⚪ OFF (Collab Only),69795,495,20,73.94%,2025-07-12,https://www.instagram.com/p/DMAY0sMtKDB/,Post owned by partner (collab),✨Vadodara’s Biggest Jewllery Sale is HERE✨
893,GRT Jewellers,@meghnalokesh,🟢 ON (Formal Label),708939,37044,225,5.26%,2025-07-12,https://www.instagram.com/p/DL_2s-IpoJf/,Post owned by partner (collab),"Vizianagaram, get ready for a jewellery experience like never before!✨"
894,Kalamandir Jewellers,@kria.thinkyoung,⚪ OFF (Collab Only),85070,383,44,50.28%,2025-07-12,https://www.instagram.com/p/DMAApuyNE1j/,Post owned by partner (collab),"Surat sheher nahi, emotion hai 💛"
895,C.H. Jewellers,@myakiraa,⚪ OFF (Collab Only),3821,305,2,8.08%,2025-07-11,https://www.instagram.com/p/DL-Qb5aTKpQ/,Post owned by partner (collab),HELLO VADODARA 📰 BIG NEWS!!
896,C.H. Jewellers,@khushaliichauhan,⚪ OFF (Collab Only),6837,174,6,2.65%,2025-07-11,https://www.instagram.com/p/DL92sn-Tm3H/,Post owned by partner (collab),Styling your big day — without breaking the bank 💫
897,C.H. Jewellers,@lifewitheeya,⚪ OFF (Collab Only),68371,5616,29,8.26%,2025-07-11,https://www.instagram.com/p/DL92L4QTvR3/,Post owned by partner (collab),"Barodians, it’s time!"
898,C.H. Jewellers,@panktipathak25,⚪ OFF (Collab Only),152269,7455,51,4.93%,2025-07-11,https://www.instagram.com/p/DL9OcWONrKl/,Post owned by partner (collab),Vadodara’s Biggest Jewellery Sale is HERE 😍
899,GRT Jewellers,@kavya_gowdaaaaofficial,⚪ OFF (Collab Only),1390287,11962,74,86.58%,2025-07-11,https://www.instagram.com/p/DL9Xa57Ix5B/,Post owned by partner (collab),"From bold gold chokers to breathtaking diamond necklaces, GRT Jewellers is the place you need to be this Ashada!"
900,Senco Gold & Diamonds,@everlitebysenco,⚪ OFF (Collab Only),60147,10,0,1.72%,2025-07-11,https://www.instagram.com/p/DL9_ECWxnXu/,Post owned by partner (collab),"Take this as a fashion advice, trust us, after this, you’ll not think otherwise! 🤩"
901,C.H. Jewellers,@rjkshitij,🟢 ON (Formal Label),40940,409,12,1.03%,2025-07-10,https://www.instagram.com/p/DL7pVO3IaK5/,Post owned by partner (collab),✨ Vadodara’s Biggest Jewellery Sale is HERE! ✨
902,C.H. Jewellers,@mommyadventures_with_raahat,⚪ OFF (Collab Only),568051,4405,155,80.30%,2025-07-10,https://www.instagram.com/p/DL7X3NETqAx/,Post owned by partner (collab),If you’re planning to buy gold or diamond jewellery anytime soon — you have to check this out.
903,Mor Jewellers,@hamdasofficial,⚪ OFF (Collab Only),71517,4928,66,6.98%,2025-07-09,https://www.instagram.com/p/DL5JmfuoL8n/,Post owned by partner (collab),Signature Barat Bride by Hamda & Sana 🥀
904,GRT Jewellers,@krishithapanda,🟢 ON (Formal Label),645932,45189,435,7.06%,2025-07-08,https://www.instagram.com/p/DL2YJvUSaj3/,Post owned by partner (collab),There’s a whole lot more waiting for you at GRT Jewellers newest store in Hassan.
905,Mor Jewellers,@hamdasofficial,⚪ OFF (Collab Only),71517,4928,66,6.98%,2025-07-08,https://www.instagram.com/p/DL2lVFZo7rT/,Post owned by partner (collab),Walima Bride by Team💕
906,Senco Gold & Diamonds,@everlitebysenco,⚪ OFF (Collab Only),60147,10,0,1.72%,2025-07-08,https://www.instagram.com/p/DL2WvTpxZud/,Post owned by partner (collab),"This is a reminder for you to embrace, celebrate and love the you, within you! ♥️"
907,Mor Jewellers,@hamdasofficial,⚪ OFF (Collab Only),71517,4928,66,6.98%,2025-07-07,https://www.instagram.com/p/DL0ADLaIaZW/,Post owned by partner (collab),Walima Bride by Team💕
908,Senco Gold & Diamonds,@everlitebysenco,⚪ OFF (Collab Only),60147,10,0,1.72%,2025-07-07,https://www.instagram.com/p/DLzLQ8ExWAK/,Post owned by partner (collab),"Get ready to answer tons of questions, because the heads will definitely turn back to you. Shop now! 😍"
909,GRT Jewellers,@krishithapanda,🟢 ON (Formal Label),645932,45189,435,7.06%,2025-07-06,https://www.instagram.com/p/DLxKyFoylFx/,Post owned by partner (collab),Namaskara Hassan! 🤗
910,Mor Jewellers,@hamdasofficial,⚪ OFF (Collab Only),71517,4928,66,6.98%,2025-07-06,https://www.instagram.com/p/DLxb0QKoJ5s/,Post owned by partner (collab),Walima Bride by Team💕
911,P. C. Chandra Jewellers,@thepinnuthakral,⚪ OFF (Collab Only),123865,8675,154,7.13%,2025-07-06,https://www.instagram.com/p/DLw28MLSAGI/,Post owned by partner (collab),"Sometimes, one striking piece of jewellery says more than a thousand words ever could. It’s never about more — it’s about meaning, presence, and style"
912,Mor Jewellers,@khayest_by_maryam,⚪ OFF (Collab Only),12629,371,21,3.11%,2025-07-05,https://www.instagram.com/p/DLu3HXlNgqE/,Post owned by partner (collab),"Matte eyes with bold lips always been my personal favourite combo! 🤍✨ Most clients go for shimmery/glittery eyes (which I love creating too), but toda"
913,P. C. Chandra Jewellers,@itsmeabirchatterjee,⚪ OFF (Collab Only),605945,3478,22,57.79%,2025-07-05,https://www.instagram.com/p/DLueu2KSRm-/,Post owned by partner (collab),"Every piece I wear tells a part of my story, the lessons I’ve learnt, the people I fight for, and the promises I’ve made to myself."
914,GRT Jewellers,@subha_rajendren,🟢 ON (Formal Label),135208,8574,66,6.39%,2025-07-01,https://www.instagram.com/p/DLjisHPTags/,Post owned by partner (collab),"I’ve always believed in making meaningful choices when it comes to savings ✅ and now, I’ve found the perfect way to own the jewellery ⚜️ I love — with"
915,P. C. Chandra Jewellers,@dr.dc13,⚪ OFF (Collab Only),109449,10395,98,9.59%,2025-07-01,https://www.instagram.com/p/DLjXBtpz_Wy/,Post owned by partner (collab),"Every doctor’s journey is filled with sleepless nights, emotional trials, and moments that leave a lasting impact. 🩺"
916,Senco Gold & Diamonds,@everlitebysenco,⚪ OFF (Collab Only),60147,10,0,1.72%,2025-06-30,https://www.instagram.com/p/DLhCeK0xor_/,Post owned by partner (collab),⏰ Reminder : Your outfit might be planned in a hurry but jewellery should be effortless and charming!💖
917,Senco Gold & Diamonds,@everlitebysenco,⚪ OFF (Collab Only),60147,10,0,1.72%,2025-06-29,https://www.instagram.com/p/DLef0yyxHOl/,Post owned by partner (collab),Your jewellery collection is literally screaming to get these! 👀
918,Senco Gold & Diamonds,@everlitebysenco,⚪ OFF (Collab Only),60147,10,0,1.72%,2025-06-28,https://www.instagram.com/p/DLcJqHUxc0_/,Post owned by partner (collab),We have this mood 24x7. 🤌🏼Comment below if you feel the same! 👀
919,Senco Gold & Diamonds,@kartikaaryan,⚪ OFF (Collab Only),50308828,566030,1886,1.13%,2025-06-27,https://www.instagram.com/p/DLZ3_wjtb4Y/,Post owned by partner (collab),"Style is personal, especially when every piece tells a story.With ahambysenco, I wear what reflects me, strength, individuality and more."
920,Senco Gold & Diamonds,@everlitebysenco,⚪ OFF (Collab Only),60147,10,0,1.72%,2025-06-27,https://www.instagram.com/p/DLZHzYTR_Qt/,Post owned by partner (collab),"We aren’t lying, you should check out yourself. Shop now! 🎀✨"
921,C. Krishniah Chetty & Co (CKC),@ocabcgs,⚪ OFF (Collab Only),3042,215,1,7.11%,2025-06-26,https://www.instagram.com/p/DLXn4lUTvVD/,Post owned by partner (collab),"An unforgettable evening, beautifully frozen in time ."
922,Senco Gold & Diamonds,@everlitebysenco,⚪ OFF (Collab Only),60147,10,0,1.72%,2025-06-26,https://www.instagram.com/p/DLWqsvCRwPY/,Post owned by partner (collab),A boring outfit? Simply stack these and get ready for the compliments! 🙌🏼
923,Senco Gold & Diamonds,@everlitebysenco,⚪ OFF (Collab Only),60147,10,0,1.72%,2025-06-25,https://www.instagram.com/p/DLUYrb9RSmS/,Post owned by partner (collab),"The beauty of this piece reflects on your soul. Wear it, to feel it! ✨"
924,Senco Gold & Diamonds,@everlitebysenco,⚪ OFF (Collab Only),60147,10,0,1.72%,2025-06-24,https://www.instagram.com/p/DLSFYeOR90c/,Post owned by partner (collab),"This looks like a perfect pair and if you don’t agree, then you’re definitely losing out on something. Shop now!"
925,Senco Gold & Diamonds,@everlitebysenco,⚪ OFF (Collab Only),60147,10,0,1.72%,2025-06-24,https://www.instagram.com/p/DLRpHSIxvGt/,Post owned by partner (collab),Here’s your daily reminder to glow and nevet forget that gold never gets old! ✨🙌🏼
926,Senco Gold & Diamonds,@everlitebysenco,⚪ OFF (Collab Only),60147,10,0,1.72%,2025-06-23,https://www.instagram.com/p/DLPwHYEIrLr/,Post owned by partner (collab),Isn’t it? This piece is small yet has the power to elevate every other outfit. Unbelievable? Then check this out!
927,Senco Gold & Diamonds,@everlitebysenco,⚪ OFF (Collab Only),60147,10,0,1.72%,2025-06-23,https://www.instagram.com/p/DLO9oslR1ry/,Post owned by partner (collab),Your accessories can make you bloom too. Wanna see how? Simply try this on!
928,C. Krishniah Chetty & Co (CKC),@ckcsons,⚪ OFF (Collab Only),12595,3014,8,23.99%,2025-06-21,https://www.instagram.com/p/DLKpFUoyIQP/,Post owned by partner (collab),"🎸Specially Music-Inspired Collection: Discover designs that echo musical motifs—treble clefs, notes, and lyrical engravings.🎺"
929,Senco Gold & Diamonds,@everlitebysenco,⚪ OFF (Collab Only),60147,10,0,1.72%,2025-06-21,https://www.instagram.com/p/DLJpx7sxK5-/,Post owned by partner (collab),Makes everything look better. Don’t forget to stack up your fingers before heading out!
930,Senco Gold & Diamonds,@everlitebysenco,⚪ OFF (Collab Only),60147,10,0,1.72%,2025-06-20,https://www.instagram.com/p/DLIHGd7RP8P/,Post owned by partner (collab),"Allow it, wear it, and see the difference it makes to your outfits. Shop now!"
931,Senco Gold & Diamonds,@everlitebysenco,⚪ OFF (Collab Only),60147,10,0,1.72%,2025-06-20,https://www.instagram.com/p/DLHnO_JxiKV/,Post owned by partner (collab),"We aren’t taking the blame if people keep asking you about these rings, cause hey, they’re actually very  beautiful. Shop now!"
932,BlueStone,@medussa_meenabazaar_kolkata,⚪ OFF (Collab Only),5577,29,0,53.64%,2025-06-19,https://www.instagram.com/p/DLFK_5KT37D/,Post owned by partner (collab),Where timeless charm meets tiny treasures — @bluestone_jewellery presents a delightful collection crafted especially for kids!
933,Mor Jewellers,@malihabukhari__,⚪ OFF (Collab Only),6333,256,8,4.18%,2025-06-19,https://www.instagram.com/p/DLFdqPoNj3k/,Post owned by partner (collab),-Dilruba🪔
934,Senco Gold & Diamonds,@everlitebysenco,⚪ OFF (Collab Only),60147,10,0,1.72%,2025-06-19,https://www.instagram.com/p/DLFV7uZRRK0/,Post owned by partner (collab),Let your style be all about the universe and it’s magic! 🪄
935,Senco Gold & Diamonds,@everlitebysenco,⚪ OFF (Collab Only),60147,10,0,1.72%,2025-06-19,https://www.instagram.com/p/DLEtNC-R9jQ/,Post owned by partner (collab),"Why wear 1 when you can layer it and have fun? Get these beautiful lightweight, stackable chains and let the heads turn towards you! 👀♥️"
936,C. Krishniah Chetty & Co (CKC),@ocabcgs,⚪ OFF (Collab Only),3042,215,1,7.11%,2025-06-18,https://www.instagram.com/p/DLDLesyzkzj/,Post owned by partner (collab),🎟️ Tickets now available on BookMyShow
937,Sri Jagdamba Pearls,@sunanda_roye,⚪ OFF (Collab Only),336465,15523,47,4.63%,2025-06-18,https://www.instagram.com/p/DLC21IZS4nc/,Post owned by partner (collab),Walk in & experience the Biggest Pearl & Gemstones Sale in India only at @Jagdambapearlsstore @ Jagdamba Pearls @ LuluBangalore @ ForumSouth ✨
938,Mor Jewellers,@malihabukhari__,⚪ OFF (Collab Only),6333,256,8,4.18%,2025-06-15,https://www.instagram.com/p/DK7V1j2Noue/,Post owned by partner (collab),💍 Jewellery: @morjewellersofficial
939,BlueStone,@medussa_meenabazaar_kolkata,⚪ OFF (Collab Only),5577,29,0,53.64%,2025-06-14,https://www.instagram.com/p/DK4kXwOTULm/,Post owned by partner (collab),Crafted to Captivate. Made to Shine. ✨
940,BlueStone,@medussa_meenabazaar_kolkata,⚪ OFF (Collab Only),5577,29,0,53.64%,2025-06-13,https://www.instagram.com/p/DK18ibVzv5w/,Post owned by partner (collab),Own the spotlight. ✨
941,Khimji Jewellers,@isitamohanty5,⚪ OFF (Collab Only),141487,13419,159,9.60%,2025-06-09,https://www.instagram.com/p/DKrelxDSkO-/,Post owned by partner (collab),"✨ Shine brighter than the diamonds you wear. Elegance, redefined. 💎 #DiamondDreams #ElegancePersonified #JewelleryLove"
942,Mor Jewellers,@malihabukhari__,⚪ OFF (Collab Only),6333,256,8,4.18%,2025-06-08,https://www.instagram.com/p/DKpO7K-tafy/,Post owned by partner (collab),✨ The ultimate Barat bridal transformation 💫
943,C. Krishniah Chetty & Co (CKC),@feverbengaluru,⚪ OFF (Collab Only),10062,282,4,2.85%,2025-06-06,https://www.instagram.com/p/DKjrKwdSdwU/,Post owned by partner (collab),*A Wedding To Remember: Presenting Magnificent Weddings by C. Krishniah Chetty Group Of Jewellers*
944,Tanishq,@bruisedpassports,⚪ OFF (Collab Only),1201633,5357,142,45.77%,2025-06-05,https://www.instagram.com/p/DKghTUMT0NR/,Post owned by partner (collab),"Standing under the Northern Lights on a freezing night, just you and I 🌟❄️💚💚"
945,Mor Jewellers,@malihabukhari__,⚪ OFF (Collab Only),6333,256,8,4.18%,2025-06-04,https://www.instagram.com/p/DKe65qltevV/,Post owned by partner (collab),دلربا 🪔
946,C. Krishniah Chetty & Co (CKC),@indigomusicdotcom,⚪ OFF (Collab Only),81773,132,2,16.55%,2025-06-03,https://www.instagram.com/p/DKb4JXzNRl_/,Post owned by partner (collab),"Interrogation log, 10:45 PM:"
947,Tanishq,@nikimehra,⚪ OFF (Collab Only),575344,10531,969,2.00%,2025-06-03,https://www.instagram.com/p/DKcOV2QPMGs/,Post owned by partner (collab),Where are my Leo girls at?🤪
948,Mor Jewellers,@malihabukhari__,⚪ OFF (Collab Only),6333,256,8,4.18%,2025-06-01,https://www.instagram.com/p/DKXkxMlNgBO/,Post owned by partner (collab),بارات کی دلہن ۔۔۔🥀✨
949,Sri Jagdamba Pearls,@makeupbyaanchalbalaraj,⚪ OFF (Collab Only),24276,7755,11,31.99%,2025-06-01,https://www.instagram.com/p/DKW_4A0TRAN/,Post owned by partner (collab),✨ Radiating grace and tradition ✨
950,GRT Jewellers,@saai_gayatri,⚪ OFF (Collab Only),790843,13657,154,1.75%,2025-05-31,https://www.instagram.com/p/DKTVUoJzZPP/,Post owned by partner (collab),"தேனி மக்களே, ஒரு பொன்னான ஆரம்பத்திற்க்கு தயாராகுங்கள்! 💫"
951,Amrapali Jewels,@masabagupta,⚪ OFF (Collab Only),1841284,16866,330,93.40%,2025-05-30,https://www.instagram.com/p/DKSDJGzoK0F/,Post owned by partner (collab),"@karanjohar wears the ‘Crescent Palm Trench Coat Set’, accented with the house charms - the ‘Palm’ & the ‘Matsya’, along with hand embroidered ‘Son Ch"
952,C. Krishniah Chetty & Co (CKC),@indigomusicdotcom,⚪ OFF (Collab Only),81773,132,2,16.55%,2025-05-30,https://www.instagram.com/p/DKRrk9SK_i2/,Post owned by partner (collab),Make your dream wedding come true with 'Magnificent Weddings' by C. Krishniah Chetty Group of Jewellers! ✨
953,GRT Jewellers,@srideviashok_official,⚪ OFF (Collab Only),1096274,3161,42,29.23%,2025-05-30,https://www.instagram.com/p/DKRkLt_TB2j/,Post owned by partner (collab),"தேனி மக்களே, ஒரு பொன்னான ஆரம்பத்திற்க்கு தயாராகுங்கள்!"
954,Kalamandir Jewellers,@nishkalulla,⚪ OFF (Collab Only),141740,40135,135,28.41%,2025-05-29,https://www.instagram.com/p/DKPOiwzyYCO/,Post owned by partner (collab),STOP SCROLLING! You need to see this
955,Kalamandir Jewellers,@bhavin_333,⚪ OFF (Collab Only),4125589,91043,345,2.22%,2025-05-28,https://www.instagram.com/p/DKMuVZmhCJV/,Post owned by partner (collab),Who says date nights can’t shine a little brighter?
956,Mor Jewellers,@malihabukhari__,⚪ OFF (Collab Only),6333,256,8,4.18%,2025-05-28,https://www.instagram.com/p/DKMzwkOIK_P/,Post owned by partner (collab),Our stunning Barat bride exudes regal charm and timeless beauty—because every bride deserves her royal moment.✨
957,Tanishq,@nikimehra,⚪ OFF (Collab Only),575344,10531,969,2.00%,2025-05-28,https://www.instagram.com/p/DKM10jVIUWx/,Post owned by partner (collab),Cannes-t-stop obsessing over this entire look- the baby blue couture look paired with my Élan by @tanishqjewellery diamonds 💍
958,GRT Jewellers,@saai_gayatri,⚪ OFF (Collab Only),790843,13657,154,1.75%,2025-05-26,https://www.instagram.com/p/DKHgdbhxa4l/,Post owned by partner (collab),"Valliyur, your golden era is here! ✨"
959,Anopchand Tilokchand (AT Jewell,@meenakshi_tuteja,⚪ OFF (Collab Only),57307,93,6,17.46%,2025-05-24,https://www.instagram.com/p/DKBxd6nMJl-/,Post owned by partner (collab),#MakeupByMeenakshiTuteja
960,C.H. Jewellers,@roopalshahshah,⚪ OFF (Collab Only),766389,11666,114,1.54%,2025-05-24,https://www.instagram.com/p/DKCqUwiB8NC/,Post owned by partner (collab),A masterpiece in ombré — this pure Banarasi Meenakari Bandhej saree from @praptis_redefine_urself weaves together heritage and elegance. ✨
961,GRT Jewellers,@srideviashok_official,⚪ OFF (Collab Only),1096274,3161,42,29.23%,2025-05-24,https://www.instagram.com/p/DKCNEO1TByG/,Post owned by partner (collab),Vanakkam everyone! Big news for Valliyur! 🎉
962,Mor Jewellers,@malihabukhari__,⚪ OFF (Collab Only),6333,256,8,4.18%,2025-05-24,https://www.instagram.com/p/DKCesbGNiJy/,Post owned by partner (collab),-Bridal Campaign 2025 | Barat Edition 🌹
963,Tanishq,@nikimehra,⚪ OFF (Collab Only),575344,10531,969,2.00%,2025-05-24,https://www.instagram.com/p/DKCmyMFoqa4/,Post owned by partner (collab),A little French Riviera rendervous with Élan by @tanishqjewellery 🩵🦋 💍
964,C.H. Jewellers,@roopalshahshah,⚪ OFF (Collab Only),766389,11666,114,1.54%,2025-05-21,https://www.instagram.com/p/DJ67jcfscEw/,Post owned by partner (collab),✨ Grace in every drape ✨
965,Anopchand Tilokchand (AT Jewell,@meenakshi_tuteja,⚪ OFF (Collab Only),57307,93,6,17.46%,2025-05-20,https://www.instagram.com/p/DJ4GeMkzXRR/,Post owned by partner (collab),#MakeupByMeenakshiTuteja
966,C.H. Jewellers,@roopalshahshah,⚪ OFF (Collab Only),766389,11666,114,1.54%,2025-05-20,https://www.instagram.com/p/DJ2-F4VC5rV/,Post owned by partner (collab),Beautiful Ajrakh saree by @praptis_redefine_urself
967,C. Krishniah Chetty & Co (CKC),@taher_merchant,⚪ OFF (Collab Only),16470,404,19,2.57%,2025-05-19,https://www.instagram.com/p/DJ0gIx0PIlc/,Post owned by partner (collab),My deepest gratitude to all the generous donors who have contributed towards my fundraiser at the @tcsw10k . Your support means the world to me ❤️
968,C.H. Jewellers,@roopalshahshah,⚪ OFF (Collab Only),766389,11666,114,1.54%,2025-05-19,https://www.instagram.com/p/DJ1WHZas_kC/,Post owned by partner (collab),"Wrapped in heritage, draped in earth — this pure hand block Ajrakh print saree is from @praptis_redefine_urself adorned with intricate mirror handwork"
969,BlueStone,@razorpay,⚪ OFF (Collab Only),397858,1822,9,46.03%,2025-05-18,https://www.instagram.com/p/DJyr3k3SQQy/,Post owned by partner (collab),"Gaurav Singh Kushwaha, Founder & CEO of @bluestone_jewellery is making fashion fearless and functional."
970,BlueStone,@razorpay,⚪ OFF (Collab Only),397858,1822,9,46.03%,2025-05-18,https://www.instagram.com/p/DJyrgQlShIJ/,Post owned by partner (collab),"Gaurav Singh Kushwaha (Founder & CEO, @bluestone_jewellery) is making jewellery shine online."
971,C. Krishniah Chetty & Co (CKC),@crashdotclub,⚪ OFF (Collab Only),3385,357,0,10.59%,2025-05-16,https://www.instagram.com/p/DJt6O08PWmn/,Post owned by partner (collab),"Unsolicited advice? Take what works, tune out the rest. 😎"
972,GRT Jewellers,@kabooki_mua,⚪ OFF (Collab Only),56859,358,15,65.89%,2025-05-16,https://www.instagram.com/p/DJtupVWvPBL/,Post owned by partner (collab),And just like that… Kaviya’s Muhurtham look is complete! ✨
973,Anopchand Tilokchand (AT Jewell,@meenakshi_tuteja,⚪ OFF (Collab Only),57307,93,6,17.46%,2025-05-15,https://www.instagram.com/p/DJqrtSKMJ-w/,Post owned by partner (collab),#MakeupByMeenakshiTuteja
974,C. Krishniah Chetty & Co (CKC),@snehamakeovers27,⚪ OFF (Collab Only),14143,22894,63,162.32%,2025-05-14,https://www.instagram.com/p/DJolchUuNcT/,Post owned by partner (collab),The prettiest @ash_never_mind for her cousins wedding!!❤️
975,Senco Gold & Diamonds,@everlitebysenco,⚪ OFF (Collab Only),60147,10,0,1.72%,2025-05-14,https://www.instagram.com/p/DJofAm8RHhd/,Post owned by partner (collab),"It’s going to be a full circle, the moment you style them. Shop now!"
976,Aisshpra Gems & Jewels,@radhikaatewhat,⚪ OFF (Collab Only),56322,93046,266,165.68%,2025-05-12,https://www.instagram.com/p/DJj4Lh-z_K1/,Post owned by partner (collab),✨ Golden deal alert at Aisshpra Park Road! Enjoy flat 9.99% making charges on selected gold products .These exclusive pieces won’t be found anywhere e
977,Senco Gold & Diamonds,@everlitebysenco,⚪ OFF (Collab Only),60147,10,0,1.72%,2025-05-12,https://www.instagram.com/p/DJjBTu_RtyI/,Post owned by partner (collab),Everybody agrees that we have the best lightweight jewellery for your everyday. ✨What’s stopping you from exploring our Infinity collection?
978,C. Krishniah Chetty & Co (CKC),@weddings_by_br,⚪ OFF (Collab Only),8168,139,6,1.79%,2025-05-11,https://www.instagram.com/p/DJg1GU9TKQ-/,Post owned by partner (collab),From kanyadaanam to mangalasutram the beginning of an eternal bond.
979,GRT Jewellers,@devadarshnichetan,🟢 ON (Formal Label),199604,26568,83,13.35%,2025-05-11,https://www.instagram.com/p/DJgJZHYReFO/,Post owned by partner (collab),Happy Mother’s Day! 🌸
980,P. C. Chandra Jewellers,@nayab.midha,⚪ OFF (Collab Only),3051490,123907,654,4.08%,2025-05-11,https://www.instagram.com/p/DJgI7YNRlSg/,Post owned by partner (collab),She held my hand before I knew how to stand.
981,Senco Gold & Diamonds,@everlitebysenco,⚪ OFF (Collab Only),60147,10,0,1.72%,2025-05-11,https://www.instagram.com/p/DJfppy2ysZu/,Post owned by partner (collab),"To every mother, be it amma, maa, aai, bebe, you have different names, but the love is constant. Your sacrifices, your warmth is unmatched and this ti"
982,Senco Gold & Diamonds,@everlitebysenco,⚪ OFF (Collab Only),60147,10,0,1.72%,2025-05-10,https://www.instagram.com/p/DJeg7POP2xj/,Post owned by partner (collab),"She’s your first style icon, gift her something timeless and effortless. Shop now from link in bio!"
983,Senco Gold & Diamonds,@everlitebysenco,⚪ OFF (Collab Only),60147,10,0,1.72%,2025-05-10,https://www.instagram.com/p/DJeRe-ZPTJL/,Post owned by partner (collab),"Till date we’ve just been interacting with y’all offline, but this time we decided to hit the streets for a quick mother’s day rapid fire and oh boy!"
984,Senco Gold & Diamonds,@everlitebysenco,⚪ OFF (Collab Only),60147,10,0,1.72%,2025-05-10,https://www.instagram.com/p/DJeDuDXR52F/,Post owned by partner (collab),Let the moments sparkle even more with a gift of love that she’ll cherish forever. Buy now! ♥️
985,C. Krishniah Chetty & Co (CKC),@sonuvenugopaal,⚪ OFF (Collab Only),454827,27755,520,6.22%,2025-05-09,https://www.instagram.com/p/DJbnWTySlMc/,Post owned by partner (collab),Band ✅ Baaja ✅ Budget ✅
986,C. Krishniah Chetty & Co (CKC),@raadyaofficial,⚪ OFF (Collab Only),51386,1781,69,3.60%,2025-05-09,https://www.instagram.com/p/DJbl5Bov4AB/,Post owned by partner (collab),"Discover the perfect piece to your self and your loved ones, Crafted with luxury!! beautiful jewellery collection @ckcjewellers the royal timeless ele"
987,C. Krishniah Chetty & Co (CKC),@weddings_by_br,⚪ OFF (Collab Only),8168,139,6,1.79%,2025-05-08,https://www.instagram.com/p/DJY6ibYzq-Z/,Post owned by partner (collab),From kanyadaanam to mangalasutram the beginning of an eternal bond.
988,Senco Gold & Diamonds,@instantbollywood,⚪ OFF (Collab Only),42925508,984,53,0.24%,2025-05-07,https://www.instagram.com/p/DJWBGCMN2XZ/,Post owned by partner (collab),"Mumbai, we’ve brought the sparkle to your daily commute!"
989,Senco Gold & Diamonds,@viralbhayani,⚪ OFF (Collab Only),15722608,2195,51,1.43%,2025-05-07,https://www.instagram.com/p/DJV3k4qoy-s/,Post owned by partner (collab),"Mumbai, we’ve brought the sparkle to your daily commute!"
990,Tanishq,@divyanshak,⚪ OFF (Collab Only),420456,8370,60,2.01%,2025-05-07,https://www.instagram.com/p/DJWjR9ipXa3/,Post owned by partner (collab),My mom taught me that confidence makes every bridal look shine 💜
991,GRT Jewellers,@anjana_rangan,⚪ OFF (Collab Only),1421742,10543,138,75.14%,2025-05-06,https://www.instagram.com/p/DJUBXFfyrro/,Post owned by partner (collab),I had to see it to believe it!
992,Tanishq,@i__ivana_,🟢 ON (Formal Label),2337109,235055,751,10.09%,2025-05-05,https://www.instagram.com/p/DJRVI8kT7e0/,Post owned by partner (collab),"My sister’s wedding look inspired me, but today, I’ve recreated it in my own style!"
993,Anopchand Tilokchand (AT Jewell,@meenakshisalons,⚪ OFF (Collab Only),10785,832,4,7.76%,2025-05-03,https://www.instagram.com/p/DJLXucQo3yy/,Post owned by partner (collab),From skincare to spotlight—your bridal journey starts here.
994,Anopchand Tilokchand (AT Jewell,@atjeweller,⚪ OFF (Collab Only),1829,64,3,3.73%,2025-05-03,https://www.instagram.com/p/DJLWiIsxyEB/,Post owned by partner (collab),Oceanic Elegance!!
995,P. C. Chandra Jewellers,@nikifying,⚪ OFF (Collab Only),2002752,34334,261,1.73%,2025-04-30,https://www.instagram.com/p/DJDrwUti8Ii/,Post owned by partner (collab),"May this Akshaya Tritiya fill your life with prosperity, grace, and golden moments that stay in your heart forever."
996,GRT Jewellers,@milananagaraj,🟢 ON (Formal Label),1285378,99757,81,7.77%,2025-04-29,https://www.instagram.com/p/DJBvlkPzV4X/,Post owned by partner (collab),"Once, as a little girl, I remember the feeling of receiving my first gift. This Akshaya Tritiya, as a new mother, I wanted to give Pari more than just"
997,GRT Jewellers,@priyankamjain___0207,⚪ OFF (Collab Only),1042228,101085,497,9.75%,2025-04-29,https://www.instagram.com/p/DJBVtNvzco5/,Post owned by partner (collab),"Sometimes all you need is a reason, or no reason at all, if you’re anything like me. 💃🏻"
998,P. C. Chandra Jewellers,@tanvimehtasrivastava,⚪ OFF (Collab Only),132635,666,68,55.36%,2025-04-29,https://www.instagram.com/p/DJCURV0SJ4r/,Post owned by partner (collab),"From treasured heirlooms like the classic temple jewelry to modern masterpieces like thes statement diamonds at PC Chandra Jewellers, they celebrate t"
999,Senco Gold & Diamonds,@ahambysenco,⚪ OFF (Collab Only),704,11787,57,1682.47%,2025-04-29,https://www.instagram.com/p/DJB9XzjSfsz/,Post owned by partner (collab),"Wear your strength, carry your pride, live your purpose. Command attention with every move—own your presence with confidence."
1000,Senco Gold & Diamonds,@ahambysenco,⚪ OFF (Collab Only),704,11787,57,1682.47%,2025-04-29,https://www.instagram.com/p/DJB49ywsDta/,Post owned by partner (collab),"Command attention with every move you make—own your presence, own your presence with confidence."
1001,Senco Gold & Diamonds,@ahambysenco,⚪ OFF (Collab Only),704,11787,57,1682.47%,2025-04-29,https://www.instagram.com/p/DJB2unzyxWg/,Post owned by partner (collab),"Bold and contemporary, this men’s bracelet features 1.94 carats of striking diamonds, set in richly crafted 18K gold."
1002,Senco Gold & Diamonds,@everlitebysenco,⚪ OFF (Collab Only),60147,10,0,1.72%,2025-04-29,https://www.instagram.com/p/DJBtLBFRyiP/,Post owned by partner (collab),"With us beside you, you’ll never! Keep your festive spark intact with our beautiful, everyday pieces."
1003,Senco Gold & Diamonds,@everlitebysenco,⚪ OFF (Collab Only),60147,10,0,1.72%,2025-04-29,https://www.instagram.com/p/DJBp0ZSRIBr/,Post owned by partner (collab),Bless your new beginnings with abundance and joy. Let the auspicious hours begin with everlite happiness! ✨
1004,Senco Gold & Diamonds,@everlitebysenco,⚪ OFF (Collab Only),60147,10,0,1.72%,2025-04-29,https://www.instagram.com/p/DJBOk_GRtrY/,Post owned by partner (collab),"Put on your best self, and let the golden charm bless your special days! ✨"
1005,Sri Jagdamba Pearls,@sunanda_roye,⚪ OFF (Collab Only),336465,15523,47,4.63%,2025-04-29,https://www.instagram.com/p/DJBwzynSjhT/,Post owned by partner (collab),Sri @jagdambapearls  from Hyderabad is now open at @lulumallbengaluru & @forumsouthbengaluru
1006,Prince Jewellery,@kavya_gowdaaaaofficial,⚪ OFF (Collab Only),1390287,11962,74,86.58%,2025-04-28,https://www.instagram.com/p/DI-9MZWID_i/,Post owned by partner (collab),Svagata Bengaluru 🙏
1007,C. Krishniah Chetty & Co (CKC),@shreyaanachappa,⚪ OFF (Collab Only),106720,391311,2643,369.15%,2025-04-27,https://www.instagram.com/p/DI8-sj7Tt_n/,Post owned by partner (collab),Kodava Podiya for the win again ♥️
1008,Prince Jewellery,@dhanu__achar,⚪ OFF (Collab Only),706240,113257,246,16.07%,2025-04-27,https://www.instagram.com/p/DI8qZECygZK/,Post owned by partner (collab),Svagata Bengaluru 🙏 Wait till End 😊
1009,C. Krishniah Chetty & Co (CKC),@crashdotclub,⚪ OFF (Collab Only),3385,357,0,10.59%,2025-04-26,https://www.instagram.com/p/DI6fvyaPI6j/,Post owned by partner (collab),"What if we told you that the wedding you’ve always imagined—glowing in elegance, adorned in exquisite jewellery, and surrounded by magic-could be brou"
1010,GRT Jewellers,@ranjani.raghavan,⚪ OFF (Collab Only),1065429,25416,158,2.40%,2025-04-26,https://www.instagram.com/p/DI5TUwhzmM6/,Post owned by partner (collab),"That was not all, this Akshaya Tritiya I found yet another beautiful set at GRT Jewellers. This gorgeous diamond set truly caught my eye. The detailin"
1011,C. Krishniah Chetty & Co (CKC),@crashdotclub,⚪ OFF (Collab Only),3385,357,0,10.59%,2025-04-25,https://www.instagram.com/p/DI3sHiMPtFM/,Post owned by partner (collab),Which moment feels closest to home (or heart) for you? 🥰
1012,Tanishq,@anupamaparameswaran96,🟢 ON (Formal Label),16578657,767071,2998,4.64%,2025-04-25,https://www.instagram.com/p/DI3sKEcpLpn/,Post owned by partner (collab),"After playing brides on screen so many times, I finally got to create a bridal look that feels truly mine. Choosing this elegant Kundan haaram and ban"
1013,C. Krishniah Chetty & Co (CKC),@crashdotclub,⚪ OFF (Collab Only),3385,357,0,10.59%,2025-04-24,https://www.instagram.com/p/DI1GbVsvnib/,Post owned by partner (collab),Every bride’s moment is unique.
1014,GRT Jewellers,@srigouripriya,⚪ OFF (Collab Only),1033526,192793,627,18.71%,2025-04-24,https://www.instagram.com/p/DI0eJjizCFc/,Post owned by partner (collab),"After that exquisite vintage gold set from GRT Jewellers, I found this breathtaking navratna diamond set — a beautiful vibrant design that felt both t"
1015,Aisshpra Gems & Jewels,@arushi_tripathii,⚪ OFF (Collab Only),37154,163,23,50.44%,2025-04-23,https://www.instagram.com/p/DIyoia_PpMC/,Post owned by partner (collab),Celebrate Akshay Tritya with @aisshprajewels – Where Prosperity Meets Elegance ✨
1016,Aisshpra Gems & Jewels,@shishta_maurya,⚪ OFF (Collab Only),132675,974,17,74.78%,2025-04-23,https://www.instagram.com/p/DIygd30pd9P/,Post owned by partner (collab),"This Akshaya Tritiya, let your jewellery speak of prosperity and grace."
1017,C. Krishniah Chetty & Co (CKC),@shreyasraoo,⚪ OFF (Collab Only),66596,705,9,1.07%,2025-04-23,https://www.instagram.com/p/DIyo6qgioyH/,Post owned by partner (collab),I think this is the best time to get married! 💍 Imagine a dream wedding in 15L 😮 and the jewellery from @ckcjewellers
1018,C. Krishniah Chetty & Co (CKC),@crashdotclub,⚪ OFF (Collab Only),3385,357,0,10.59%,2025-04-23,https://www.instagram.com/p/DIx1K4-RJIb/,Post owned by partner (collab),What’s your floral flair? 🌺
1019,Sri Jagdamba Pearls,@bhavya_chandrika,⚪ OFF (Collab Only),95892,10,0,1.09%,2025-04-23,https://www.instagram.com/p/DIyyJbRtJyx/,Post owned by partner (collab),@jagdambapearlsstore
1020,Tanishq,@radhikaofficial,⚪ OFF (Collab Only),3559313,54152,204,1.53%,2025-04-22,https://www.instagram.com/p/DIvyP7mMQRs/,Post owned by partner (collab),"Touched by this beautiful gesture from @tanishqjewellery - a Kaali Ghaanti to mark new beginnings. The craft, the tradition, the meaning behind every"
1021,GRT Jewellers,@ranjani.raghavan,⚪ OFF (Collab Only),1065429,25416,158,2.40%,2025-04-20,https://www.instagram.com/p/DIqIvMQTzjz/,Post owned by partner (collab),"ಅಕ್ಷಯ ತೃತೀಯಕ್ಕೆ ನಿಮ್ಮ ಆರೋಗ್ಯ, ಸಂಪತ್ತು, ಸಂತೋಷವೆಲ್ಲ ಅಕ್ಷಯವಾಗಲಿ ♥️"
1022,Prince Jewellery,@vennila_veedu,🟢 ON (Formal Label),249773,4576,88,1.87%,2025-04-20,https://www.instagram.com/p/DIq1dieyn4T/,Post owned by partner (collab),Vanakkam Kovai Makkaley!
1023,GRT Jewellers,@srigouripriya,⚪ OFF (Collab Only),1033526,192793,627,18.71%,2025-04-19,https://www.instagram.com/p/DIn-jQmThzn/,Post owned by partner (collab),"Stepped into GRT Jewellers to find the perfect gold set for Akshaya Tritiya— and I couldn’t be happier! Elegant designs, timeless beauty, and amazing"
1024,Hira Panna Jewellers,@bridesofvisakhapatnam,⚪ OFF (Collab Only),3702,199,2,5.46%,2025-04-19,https://www.instagram.com/p/DInaPw2RpSV/,Post owned by partner (collab),♥️♥️
1025,C. Krishniah Chetty & Co (CKC),@radiocitykannada,⚪ OFF (Collab Only),161458,335,1,20.89%,2025-04-16,https://www.instagram.com/p/DIge4IniAc0/,Post owned by partner (collab),ಮಹಾಕುಂಭ ಮೇಳದ ನೆನಪನ್ನ  treasure ಮಾಡುವ ಮಹಾಕುಂಭಮೇಳ ನಾಣ್ಯ CKC Jewellers ಲ್ಲಿ!
1026,P. C. Chandra Jewellers,@itsmeabirchatterjee,⚪ OFF (Collab Only),605945,3478,22,57.79%,2025-04-15,https://www.instagram.com/p/DIdZ6KqyPHM/,Post owned by partner (collab),"Poila Baisakh brings with it joy, tradition, and timeless memories. From the warmth of home-cooked meals to the soul of Rabindra Sangeet, it’s a celeb"
1027,P. C. Chandra Jewellers,@actresspaul,⚪ OFF (Collab Only),379240,19883,255,5.31%,2025-04-15,https://www.instagram.com/p/DIdXyymBJ3N/,Post owned by partner (collab),It starts with ‘Shubho Noboborsho’ in my mother’s handwriting and ends with love on the dining table.
1028,P. C. Chandra Jewellers,@adrija_roy_official,⚪ OFF (Collab Only),1035144,30024,304,2.93%,2025-04-15,https://www.instagram.com/p/DIdEB2CRxBh/,Post owned by partner (collab),PC Chandra Jewellers and I wish you all a very happy and prosperous Poila Baishakh!
1029,C. Krishniah Chetty & Co (CKC),@crashdotclub,⚪ OFF (Collab Only),3385,357,0,10.59%,2025-04-14,https://www.instagram.com/p/DIbfhnlvHN2/,Post owned by partner (collab),Hear it from those who chose magnificence 😍
1030,P. C. Chandra Jewellers,@itsmeabirchatterjee,⚪ OFF (Collab Only),605945,3478,22,57.79%,2025-04-14,https://www.instagram.com/p/DIbmX-Myyda/,Post owned by partner (collab),"Jewellery to me, is more than an adornment; it’s an emotion. A silent witness to our moments, our milestones, our memories."
1031,Prince Jewellery,@namma_ooru_couple,🟢 ON (Formal Label),400644,63750,161,15.95%,2025-04-14,https://www.instagram.com/p/DIakxEFqVed/,Post owned by partner (collab),Akshaya Tritiya is Here & Prosperity is Near✨
1032,Prince Jewellery,@salma.arun_official,⚪ OFF (Collab Only),374385,43309,5,11.57%,2025-04-13,https://www.instagram.com/p/DIYHlXpRhu2/,Post owned by partner (collab),Akshaya Tritiya is Here & Prosperity is Near✨
1033,Prince Jewellery,@mokshitha22,⚪ OFF (Collab Only),945022,34676,89,3.68%,2025-04-11,https://www.instagram.com/p/DITxwDvv9pr/,Post owned by partner (collab),ಸ್ವಾಗತ ಬೆಂಗಳೂರು 🙏🏻
1034,C. Krishniah Chetty & Co (CKC),@feverbengaluru,⚪ OFF (Collab Only),10062,282,4,2.85%,2025-04-10,https://www.instagram.com/p/DIQYNS6Sx96/,Post owned by partner (collab),RJ Shaayan in conversation with @vinod_hayagriv MD @ckcjewellers @ckcsons
1035,Prince Jewellery,@danieljainraj,⚪ OFF (Collab Only),230847,13171,59,5.73%,2025-04-10,https://www.instagram.com/p/DIQ1z9bvH0x/,Post owned by partner (collab),Ipovae Unga GOLD'eh Lock Pannunga !!
1036,GRT Jewellers,@samyukthaviswanathan,⚪ OFF (Collab Only),590029,31730,126,5.40%,2025-04-08,https://www.instagram.com/p/DIL_pDCzPR1/,Post owned by partner (collab),"I wanted something extra special to celebrate Tamil New Year, so I stopped by GRT Jewellers—and wow, I was spoiled for choice! ✨"
1037,C. Krishniah Chetty & Co (CKC),@crashdotclub,⚪ OFF (Collab Only),3385,357,0,10.59%,2025-04-07,https://www.instagram.com/p/DIJhq3HRqV6/,Post owned by partner (collab),"All the Glamour, All the Shine, Made Just for You!"
1038,C. Krishniah Chetty & Co (CKC),@crashdotclub,⚪ OFF (Collab Only),3385,357,0,10.59%,2025-04-07,https://www.instagram.com/p/DIJhWJ8vyo6/,Post owned by partner (collab),They chose elegance. They chose ease. They chose magnificence 😍
1039,C. Krishniah Chetty & Co (CKC),@crashdotclub,⚪ OFF (Collab Only),3385,357,0,10.59%,2025-04-07,https://www.instagram.com/p/DIJg2RLIvT1/,Post owned by partner (collab),"The perfect day, captured forever—because some moments deserve to be relived again and again! 🥰"
1040,Prince Jewellery,@irfansview.official,🟢 ON (Formal Label),1818246,72689,295,4.01%,2025-04-06,https://www.instagram.com/p/DIGANbpypBt/,Post owned by partner (collab),அடுத்த Purchase-க்கு Alia Ready ஆயிட்டாங்க 🥲❤️ @princejewelleryindia
1041,Anopchand Tilokchand (AT Jewell,@cosmo_himani,⚪ OFF (Collab Only),11988,167,2,1.42%,2025-04-04,https://www.instagram.com/p/DICH7z9Bpsm/,Post owned by partner (collab),"A vision in pink, glowing with bridal bliss! 💕💫"
1042,C. Krishniah Chetty & Co (CKC),@mindiafilms,⚪ OFF (Collab Only),11530,32,0,28.04%,2025-04-04,https://www.instagram.com/p/DICRnCaIAVx/,Post owned by partner (collab),C Krishniah Chetty isn’t just a name—it’s a legacy.
1043,DP Abhushan (DP Jewellers),@santoshkatariaofficial,⚪ OFF (Collab Only),575,47,1,8.46%,2025-04-04,https://www.instagram.com/p/DIBDRWkRK9C/,Post owned by partner (collab),"एक गर्व भरा पल, एक सुनहरी यात्रा का उत्सव!"
1044,Prince Jewellery,@indiaglitz_tamil,⚪ OFF (Collab Only),1076551,4744,7,44.14%,2025-04-04,https://www.instagram.com/p/DIBmg-SPRpA/,Post owned by partner (collab),Celebrate Akshaya Tritiya with Prince Jewellery! 'Pay Rs- 1000 and lock your Gold price today 'Book in advance.Don't miss out on FREE gold worth ₹2000
1045,Anopchand Tilokchand (AT Jewell,@meenakshisalons,⚪ OFF (Collab Only),10785,832,4,7.76%,2025-04-02,https://www.instagram.com/p/DH8aubMPLzI/,Post owned by partner (collab),📍 “Your dream look is just an appointment away!” 💕
1046,BlueStone,@swasikavj,⚪ OFF (Collab Only),1709701,19078,127,1.12%,2025-04-01,https://www.instagram.com/p/DH57JWBPffm/,Post owned by partner (collab),Chasing my dreams ⭐️✨
1047,P. C. Chandra Jewellers,@pinkvilla,⚪ OFF (Collab Only),7286182,20047,33,27.56%,2025-03-31,https://www.instagram.com/p/DH3D1aGqWP6/,Post owned by partner (collab),@sanjanasanghi96 shines bright with grace and confidence at the Pinkvilla Screen and Style Icons Awards!
1048,Prince Jewellery,@indiaglitz_tamil,⚪ OFF (Collab Only),1076551,4744,7,44.14%,2025-03-31,https://www.instagram.com/p/DH3MTmePCkO/,Post owned by partner (collab),"""Celebrate Akshaya Tritiya with Prince Jewellery! ✨""Pay Rs: 1000 and lock your Gold price today """
1049,P. C. Chandra Jewellers,@jannatzubair29,⚪ OFF (Collab Only),51618306,348932,4555,68.48%,2025-03-30,https://www.instagram.com/p/DH0tRnws57j/,Post owned by partner (collab),"This Eid, celebrate love, celebrate togetherness, but most importantly, celebrate yourself! ✨"
1050,Lalithaa Jewellery,@lalithaajewellerytelugu,⚪ OFF (Collab Only),28098,115,2,42.14%,2025-03-29,https://www.instagram.com/p/DHyMLuuTrRu/,Post owned by partner (collab),Wishing You a Prosperous Ugadi! ✨
1051,BlueStone,@hellokitty.india,⚪ OFF (Collab Only),41201,0,0,0.00%,2025-03-28,https://www.instagram.com/p/DHvSe_bIr5h/,Post owned by partner (collab),Crafted with love and sprinkled with Hello Kitty magic. ✨ Discover the exquisite detail of the Bluestone x Hello Kitty and Friends collection.
1052,C. Krishniah Chetty & Co (CKC),@taher_merchant,⚪ OFF (Collab Only),16470,404,19,2.57%,2025-03-28,https://www.instagram.com/p/DHvipYZvhkQ/,Post owned by partner (collab),"A simple act of kindness can make a big difference to these children, join me as I try to raise funds to provide student scholarships to over 500 chil"
1053,P. C. Chandra Jewellers,@pinkvilla,⚪ OFF (Collab Only),7286182,20047,33,27.56%,2025-03-28,https://www.instagram.com/p/DHvLXyhKWuD/,Post owned by partner (collab),@p.c.chandrajewellers presents the Best Debut (Female) award to @nitanshigoelofficial for her outstanding performance in Laapataa Ladies at the Pinkvi
1054,P. C. Chandra Jewellers,@pinkvilla,⚪ OFF (Collab Only),7286182,20047,33,27.56%,2025-03-28,https://www.instagram.com/p/DHvCmUEqdGF/,Post owned by partner (collab),@p.c.chandrajewellers presents Most Stylish Mould Breaker (Female) to @sanjanasanghi96! ✨🏆
1055,P. C. Chandra Jewellers,@pinkvilla,⚪ OFF (Collab Only),7286182,20047,33,27.56%,2025-03-27,https://www.instagram.com/p/DHt-nOITAHN/,Post owned by partner (collab),"@p.c.chandrajewellers presents the ""Best Actor - TV (Female)"" award to Rupali Ganguly for her outstanding performance in Anupama at the Pinkvilla Scre"
1056,Hazoorilal Legacy,@navneetrandhawa,⚪ OFF (Collab Only),57916,31,28,10.37%,2025-03-26,https://www.instagram.com/p/DHqVXgByxe8/,Post owned by partner (collab),"From desk to dinner, I absolutely love how effortlessly Zoori by @hazoorilallegacy elevates any look. These dainty, stackable pieces are my go-to for"
1057,Senco Gold & Diamonds,@everlitebysenco,⚪ OFF (Collab Only),60147,10,0,1.72%,2025-03-25,https://www.instagram.com/p/DHoANmQP6EA/,Post owned by partner (collab),Get yourself wrapped in the shades of sophistication!
1058,C. Krishniah Chetty & Co (CKC),@ckcsons,⚪ OFF (Collab Only),12595,3014,8,23.99%,2025-03-24,https://www.instagram.com/p/DHlZvzHSSeJ/,Post owned by partner (collab),C. Krishniah Chetty Foundation believes in the power of dreams and supports young minds through its Scholarship Program.
1059,Senco Gold & Diamonds,@everlitebysenco,⚪ OFF (Collab Only),60147,10,0,1.72%,2025-03-24,https://www.instagram.com/p/DHlYLZ1PEOD/,Post owned by partner (collab),This transition is all you need to sparkle amidst the crowd!
1060,Senco Gold & Diamonds,@everlitebysenco,⚪ OFF (Collab Only),60147,10,0,1.72%,2025-03-24,https://www.instagram.com/p/DHkrPlMx9fX/,Post owned by partner (collab),"‼️STOP‼️ Before you scroll up, let us know in the comments section which one would you style with your outfit! 🤌💕"
1061,Sri Jagdamba Pearls,@veenasubramanyam,⚪ OFF (Collab Only),4216,85,12,2.32%,2025-03-24,https://www.instagram.com/p/DHlLYV4snci/,Post owned by partner (collab),Pearls: A symbol of grace and sophistication
1062,C. Krishniah Chetty & Co (CKC),@crashdotclub,⚪ OFF (Collab Only),3385,357,0,10.59%,2025-03-22,https://www.instagram.com/p/DHf5L-vicbV/,Post owned by partner (collab),"The moment of truth is here. The whispers, the doubts, the scepticism-all of it leads to one stunning revelation by none other than @chaitucotha"
1063,GRT Jewellers,@nayani_pavani,⚪ OFF (Collab Only),913465,35101,122,3.86%,2025-03-22,https://www.instagram.com/p/DHgUu3WvA40/,Post owned by partner (collab),"Ugadi celebrations call for elegance, styling and a touch of sparkle! ✨"
1064,Lalithaa Jewellery,@saregamatvshows_,⚪ OFF (Collab Only),302861,642,10,21.56%,2025-03-20,https://www.instagram.com/p/DHa27ORSCf5/,Post owned by partner (collab),Malar’s jewellery purchase in Lalitha jewellery✨❤️
1065,Tanishq,@rivaahbytanishq,⚪ OFF (Collab Only),91812,15600,101,17.10%,2025-03-18,https://www.instagram.com/p/DHVznT0h8_K/,Post owned by partner (collab),"Adorned in tradition, designed for grandeur, each pearl and intricate detail whispers stories of heritage craftsmanship. For your enchanting Mehendi c"
1066,GRT Jewellers,@chaitra_vasudevan_official_,🟢 ON (Formal Label),483103,5836,17,1.21%,2025-03-17,https://www.instagram.com/p/DHTLc4rSsK9/,Post owned by partner (collab),"Ugadi calls for gold, glam, and a whole lot of sparkle! ✨"
1067,Khimji Jewellers,@timesfashionweek,⚪ OFF (Collab Only),281272,369,1,13.17%,2025-03-16,https://www.instagram.com/p/DHQ-zELhzlR/,Post owned by partner (collab),Fueling the Runway with Hustle Energy Drink! 🚀
1068,Khimji Jewellers,@timesfashionweek,⚪ OFF (Collab Only),281272,369,1,13.17%,2025-03-16,https://www.instagram.com/p/DHQ9bF6B6PM/,Post owned by partner (collab),A Perfect Blend of Glamour & Flavor! 🍸✨
1069,Khimji Jewellers,@timesfashionweek,⚪ OFF (Collab Only),281272,369,1,13.17%,2025-03-16,https://www.instagram.com/p/DHQ81WUhUOb/,Post owned by partner (collab),Timeless Elegance by Chandrani Pearls! ✨
1070,Khimji Jewellers,@timesfashionweek,⚪ OFF (Collab Only),281272,369,1,13.17%,2025-03-16,https://www.instagram.com/p/DHQ8UC7BhUO/,Post owned by partner (collab),Abhishek Roy Unveils a Spectacular Showcase! ✨
1071,Khimji Jewellers,@timesfashionweek,⚪ OFF (Collab Only),281272,369,1,13.17%,2025-03-16,https://www.instagram.com/p/DHQ8KiQBiqT/,Post owned by partner (collab),Abhishek Roy Unveils a Spectacular Showcase! ✨
1072,Khimji Jewellers,@timesfashionweek,⚪ OFF (Collab Only),281272,369,1,13.17%,2025-03-16,https://www.instagram.com/p/DHQvkNph0nF/,Post owned by partner (collab),Sustainable Elegance by JD Birla Institute! ✨
1073,Khimji Jewellers,@timesfashionweek,⚪ OFF (Collab Only),281272,369,1,13.17%,2025-03-16,https://www.instagram.com/p/DHQTml5BllF/,Post owned by partner (collab),Unveiling Elegance with Harish Akkisetty! ✨
1074,Amrapali Jewels,@casarthakahuja,⚪ OFF (Collab Only),3804021,13914,148,36.97%,2025-03-15,https://www.instagram.com/p/DHOYtofy0Oy/,Post owned by partner (collab),I was surprised to find out that today one can start a business in jewellery with much lesser capital that I’d imagined…
1075,Sri Jagdamba Pearls,@getpeppywithme,⚪ OFF (Collab Only),5865,16,0,28.99%,2025-03-15,https://www.instagram.com/p/DHOI-8fJiH8/,Post owned by partner (collab),✨ Jagadamba Pearls First-Ever Exchange Offer! ✨
1076,Senco Gold & Diamonds,@everlitebysenco,⚪ OFF (Collab Only),60147,10,0,1.72%,2025-03-13,https://www.instagram.com/p/DHISq89x63d/,Post owned by partner (collab),Accepting the different layers of your persona and glistening in every shade is an art and you’re an artist. Get your spark!
1077,Senco Gold & Diamonds,@everlitebysenco,⚪ OFF (Collab Only),60147,10,0,1.72%,2025-03-11,https://www.instagram.com/p/DHDNfPPRuGA/,Post owned by partner (collab),"Cheers to every shade of womanhood. Accept, embrace and take a step ahead towards the everlite journey of YOU!"
1078,Senco Gold & Diamonds,@everlitebysenco,⚪ OFF (Collab Only),60147,10,0,1.72%,2025-03-10,https://www.instagram.com/p/DHAfljfRgdL/,Post owned by partner (collab),"Women have the superpower of being everything all at once. Embrace it, rise through all the odds and shine on!"
1079,C. Krishniah Chetty & Co (CKC),@crashdotclub,⚪ OFF (Collab Only),3385,357,0,10.59%,2025-03-09,https://www.instagram.com/p/DG-9p2HvQVt/,Post owned by partner (collab),Are some things tooooo good to be true? Maybe not! 😇
1080,Khimji Jewellers,@timesfashionweek,⚪ OFF (Collab Only),281272,369,1,13.17%,2025-03-09,https://www.instagram.com/p/DG_buoaBqKe/,Post owned by partner (collab),✨ The runway witnessed pure magic as @samantchauhan closed Day 2 of Calcutta Times Fashion Week 2025 with an unforgettable showcase! ✨
1081,Khimji Jewellers,@timesfashionweek,⚪ OFF (Collab Only),281272,369,1,13.17%,2025-03-09,https://www.instagram.com/p/DG_bJishVLK/,Post owned by partner (collab),Day 2 of Calcutta Times Fashion Week 2025 witnessed an awe-inspiring runway presentation by @iifdkolkata 🎭✨ From bold innovations to timeless craftsma
1082,Khimji Jewellers,@timesfashionweek,⚪ OFF (Collab Only),281272,369,1,13.17%,2025-03-09,https://www.instagram.com/p/DG_a7D9hv6J/,Post owned by partner (collab),Day 2 of Calcutta Times Fashion Week 2025 witnessed an awe-inspiring runway presentation by @iifdkolkata 🎭✨ From bold innovations to timeless craftsma
1083,Khimji Jewellers,@timesfashionweek,⚪ OFF (Collab Only),281272,369,1,13.17%,2025-03-09,https://www.instagram.com/p/DG_a0CAhQIL/,Post owned by partner (collab),Day 2 of Calcutta Times Fashion Week 2025 witnessed an awe-inspiring runway presentation by @iifdkolkata 🎭✨ From bold innovations to timeless craftsma
1084,Khimji Jewellers,@timesfashionweek,⚪ OFF (Collab Only),281272,369,1,13.17%,2025-03-09,https://www.instagram.com/p/DG_USr8Bvac/,Post owned by partner (collab),Day 2 of Calcutta Times Fashion Week 2025 lit up the runway as @roy_calcutta_official delivered a breathtaking showcase of regal elegance and modern d
1085,Khimji Jewellers,@timesfashionweek,⚪ OFF (Collab Only),281272,369,1,13.17%,2025-03-09,https://www.instagram.com/p/DG_TK0zhFzH/,Post owned by partner (collab),Day 2 of Calcutta Times Fashion Week 2025 lit up the runway as @roy_calcutta_official delivered a breathtaking showcase of regal elegance and modern d
1086,Khimji Jewellers,@timesfashionweek,⚪ OFF (Collab Only),281272,369,1,13.17%,2025-03-09,https://www.instagram.com/p/DG_S_H2hHFt/,Post owned by partner (collab),Day 2 of Calcutta Times Fashion Week 2025 lit up the runway as @roy_calcutta_official delivered a breathtaking showcase of regal elegance and modern d
1087,P. C. Chandra Jewellers,@adhyaaparajita,⚪ OFF (Collab Only),530490,16186,50,3.06%,2025-03-08,https://www.instagram.com/p/DG7gXddRcvh/,Post owned by partner (collab),"To all the women who choose themselves every day, who embrace their worth unapologetically—I celebrate YOU! The jewellery I wear from P.C. Chandra Jew"
1088,Senco Gold & Diamonds,@everlitebysenco,⚪ OFF (Collab Only),60147,10,0,1.72%,2025-03-08,https://www.instagram.com/p/DG7puC8xI_L/,Post owned by partner (collab),"To the women, no actually let’s rewind!"
1089,C. Krishniah Chetty & Co (CKC),@crashdotclub,⚪ OFF (Collab Only),3385,357,0,10.59%,2025-03-07,https://www.instagram.com/p/DG59h45oA5Y/,Post owned by partner (collab),A high-stakes investigation. A room full of sceptics.
1090,C. Krishniah Chetty & Co (CKC),@crashdotclub,⚪ OFF (Collab Only),3385,357,0,10.59%,2025-03-06,https://www.instagram.com/p/DG3JBuFSYHf/,Post owned by partner (collab),Something extraordinary is in the air 😌
1091,Senco Gold & Diamonds,@everlitebysenco,⚪ OFF (Collab Only),60147,10,0,1.72%,2025-03-06,https://www.instagram.com/p/DG2O_jRRlMj/,Post owned by partner (collab),"With the sparkling moment, head out and embrace the shades of womanhood!"
1092,C. Krishniah Chetty & Co (CKC),@crashdotclub,⚪ OFF (Collab Only),3385,357,0,10.59%,2025-03-05,https://www.instagram.com/p/DG0elTsPxOa/,Post owned by partner (collab),The most talked-about revelation is stirring curiosity everywhere 😶
1093,C. Krishniah Chetty & Co (CKC),@crashdotclub,⚪ OFF (Collab Only),3385,357,0,10.59%,2025-03-04,https://www.instagram.com/p/DGxDRhXIixK/,Post owned by partner (collab),"Secrets, Suspense & A Revelation That Defies Logic!"
1094,Lalithaa Jewellery,@lalithaajewellerytelugu,⚪ OFF (Collab Only),28098,115,2,42.14%,2025-03-03,https://www.instagram.com/p/DGvF2D8TqPS/,Post owned by partner (collab),"Our Lakshmi Mugappu Collection is a tribute to tradition, blending divine blessings with timeless craftsmanship."
1095,Senco Gold & Diamonds,@perfectlovebysenco,⚪ OFF (Collab Only),544,101,0,18.57%,2025-02-27,https://www.instagram.com/p/DGkPAs1hc_0/,Post owned by partner (collab),"Enhance your style with these 0.32-carat diamond stud earrings in 18K yellow gold. Featuring Hearts and Arrows cut solitaires, their brilliance and pr"
1096,Tanishq,@alexander_noel_janam,⚪ OFF (Collab Only),1233649,662863,5141,54.15%,2025-02-27,https://www.instagram.com/p/DGk8gDYtC52/,Post owned by partner (collab),Stepping into the wedding season with my own flair! Here’s my take on Main Keya Hai Hai.
1097,Senco Gold & Diamonds,@perfectlovebysenco,⚪ OFF (Collab Only),544,101,0,18.57%,2025-02-26,https://www.instagram.com/p/DGhrcaxhouf/,Post owned by partner (collab),"Celebrate your love with this exquisite 18K yellow gold ring from Senco Perfect Love. Featuring a 0.27 carat Hearts and Arrows diamond, encircled by a"
1098,B.C. Sen Jewellers,@theamistory,⚪ OFF (Collab Only),588,108,3,19.02%,2025-02-25,https://www.instagram.com/p/DGf8-6uhSW_/,Post owned by partner (collab),"‘𝒂𝒎𝒊’ - not just an accessory, but the confidence you wear! ✨"
1099,Senco Gold & Diamonds,@perfectlovebysenco,⚪ OFF (Collab Only),544,101,0,18.57%,2025-02-25,https://www.instagram.com/p/DGf3JaXJSHt/,Post owned by partner (collab),"This 18K yellow gold pendant features a captivating circular design, adorned with 0.77 carats of diamonds. At its heart, a radiant Hearts and Arrows s"
1100,P. C. Chandra Jewellers,@pcchandra.goldlitesdiva,⚪ OFF (Collab Only),5498,159,0,2.90%,2025-02-24,https://www.instagram.com/p/DGcnYK5So3f/,Post owned by partner (collab),"✨ A Day of Giving, Learning & Heartfelt Moments! ✨"
1101,P. C. Chandra Jewellers,@pcchandra.goldlitesdiva,⚪ OFF (Collab Only),5498,159,0,2.90%,2025-02-24,https://www.instagram.com/p/DGcnLC1KATP/,Post owned by partner (collab),"✨ A Day of Giving, Learning & Heartfelt Moments! ✨"
1102,P. C. Chandra Jewellers,@pcchandra.goldlitesdiva,⚪ OFF (Collab Only),5498,159,0,2.90%,2025-02-24,https://www.instagram.com/p/DGcmAs1yeKw/,Post owned by partner (collab),"✨ A Day of Giving, Learning & Heartfelt Moments! ✨"
1103,Senco Gold & Diamonds,@perfectlovebysenco,⚪ OFF (Collab Only),544,101,0,18.57%,2025-02-24,https://www.instagram.com/p/DGdiPibvPkl/,Post owned by partner (collab),"Shine bright with these 0.2 carat solitaire men’s earrings in 18k yellow gold. Featuring a star design and a Hearts & Arrows cut diamond, they combine"
1104,Senco Gold & Diamonds,@perfectlovebysenco,⚪ OFF (Collab Only),544,101,0,18.57%,2025-02-24,https://www.instagram.com/p/DGdDVF9hPTf/,Post owned by partner (collab),"Crafted in 18K yellow gold, this 0.71-carat Heart & Arrows cut solitaire diamond chain pendant exudes timeless elegance. Its layered design and precis"
1105,Senco Gold & Diamonds,@perfectlovebysenco,⚪ OFF (Collab Only),544,101,0,18.57%,2025-02-24,https://www.instagram.com/p/DGcu_kZpGEM/,Post owned by partner (collab),"Celebrate timeless love with this 0.38-carat Hearts & Arrows cut diamond ring. Featuring a radiant solitaire surrounded by sparkling diamonds, its pre"
1106,Senco Gold & Diamonds,@everlitebysenco,⚪ OFF (Collab Only),60147,10,0,1.72%,2025-02-24,https://www.instagram.com/p/DGce4gTxDGm/,Post owned by partner (collab),"Still looking for the perfect piece to amp up your brunch look? Think no more, and get these Everlite pieces to create some magical moments!"
1107,Tanishq,@sakshisindwani,⚪ OFF (Collab Only),711418,19558,220,2.78%,2025-02-23,https://www.instagram.com/p/DGabTmHzoyK/,Post owned by partner (collab),Soulmates? Soulmates ♥️ 🧿@raghavarora1 DEAL 🤝
1108,Senco Gold & Diamonds,@everlitebysenco,⚪ OFF (Collab Only),60147,10,0,1.72%,2025-02-21,https://www.instagram.com/p/DGUwpRHR_Lm/,Post owned by partner (collab),Serve a little extra oomph and make your evenings all about endless sparkle and everlasting shimmer!
1109,Senco Gold & Diamonds,@everlitebysenco,⚪ OFF (Collab Only),60147,10,0,1.72%,2025-02-19,https://www.instagram.com/p/DGP0d4MRmaE/,Post owned by partner (collab),"If you’re into words like “OTT” and “Maximalist glam” then these stunning pieces are just made for YOU! Get these and wherever you go, becomes your ru"
1110,Hazoorilal Legacy,@kiran.malikofficial,⚪ OFF (Collab Only),113851,1111,39,1.01%,2025-02-18,https://www.instagram.com/p/DGN6Qg8y5wG/,Post owned by partner (collab),KIRAN MALIK X HAZOORILAL LEGACY
1111,P. C. Chandra Jewellers,@pcchandra.goldlitesdiva,⚪ OFF (Collab Only),5498,159,0,2.90%,2025-02-17,https://www.instagram.com/p/DGKp3muyMEF/,Post owned by partner (collab),"With confidence and charisma, Samarpita Chattopadhyay has secured her place as the 1st Runner-Up of P.C. Chandra Goldlites Diva 2025. A journey filled"
1112,P. C. Chandra Jewellers,@pcchandra.goldlitesdiva,⚪ OFF (Collab Only),5498,159,0,2.90%,2025-02-17,https://www.instagram.com/p/DGKpoK5yiek/,Post owned by partner (collab),👑 The Crown Finds Its Queen! 👑
1113,P. C. Chandra Jewellers,@pcchandra.goldlitesdiva,⚪ OFF (Collab Only),5498,159,0,2.90%,2025-02-17,https://www.instagram.com/p/DGKpYL6Kc5H/,Post owned by partner (collab),"With unwavering dedication and elegance, Anju Pandey takes her place as the 2nd Runner-Up of P.C. Chandra Goldlites Diva 2025. A moment of triumph tha"
1114,Tanishq,@rivaahbytanishq,⚪ OFF (Collab Only),91812,15600,101,17.10%,2025-02-17,https://www.instagram.com/p/DGLd05DtQ81/,Post owned by partner (collab),"Not every bride takes a step towards forever—some take leaps, twirls, and grooves."
1115,Tanishq,@tigerbabyofficial,⚪ OFF (Collab Only),146147,20408,96,14.03%,2025-02-17,https://www.instagram.com/p/DGLHdggMhhf/,Post owned by partner (collab),"Not every bride takes a step toward forever—some take leaps, twirls, and grooves. #TigerTelly"
1116,Tanishq,@rivaahbytanishq,⚪ OFF (Collab Only),91812,15600,101,17.10%,2025-02-17,https://www.instagram.com/p/DGK2tcRt0yq/,Post owned by partner (collab),"A bride, a beat, and a moment like never before. Stay tuned."
1117,GRT Jewellers,@tejaswimadivada,⚪ OFF (Collab Only),1144541,554,40,5.20%,2025-02-16,https://www.instagram.com/p/DGIRgq2yWBE/,Post owned by partner (collab),"Exciting news, Rajahmundry! ✨"
1118,P. C. Chandra Jewellers,@pcchandra.goldlitesdiva,⚪ OFF (Collab Only),5498,159,0,2.90%,2025-02-16,https://www.instagram.com/p/DGJOOmWS-wK/,Post owned by partner (collab),"👑 A night of beauty, confidence, and dreams come true – presenting our winners! 👑"
1119,P. C. Chandra Jewellers,@pcchandra.goldlitesdiva,⚪ OFF (Collab Only),5498,159,0,2.90%,2025-02-16,https://www.instagram.com/p/DGJK_y6yTH7/,Post owned by partner (collab),"🎶 Style, elegance, and rhythm – the perfect symphony on the ramp!"
1120,P. C. Chandra Jewellers,@pcchandra.goldlitesdiva,⚪ OFF (Collab Only),5498,159,0,2.90%,2025-02-16,https://www.instagram.com/p/DGI7y9LSGSF/,Post owned by partner (collab),"💃 the stage is set! Lights, camera, judges! Who will take the crown? 👑👸"
1121,P. C. Chandra Jewellers,@pcchandra.goldlitesdiva,⚪ OFF (Collab Only),5498,159,0,2.90%,2025-02-16,https://www.instagram.com/p/DGIsldgSDim/,Post owned by partner (collab),"The guests are seated, the spotlight is ready—let the journey to the crown begin! 👑✨"
1122,P. C. Chandra Jewellers,@pcchandra.goldlitesdiva,⚪ OFF (Collab Only),5498,159,0,2.90%,2025-02-16,https://www.instagram.com/p/DGIew8PSU0z/,Post owned by partner (collab),Getting ready to dazzle! 🔥💄 Backstage magic is underway... Stay tuned for a night of glamour!
1123,P. C. Chandra Jewellers,@pcchandra.goldlitesdiva,⚪ OFF (Collab Only),5498,159,0,2.90%,2025-02-16,https://www.instagram.com/p/DGIWsiJSycw/,Post owned by partner (collab),✨ From Blueprint to Brilliance! ✨
1124,Hazoorilal Legacy,@kiran.malikofficial,⚪ OFF (Collab Only),113851,1111,39,1.01%,2025-02-15,https://www.instagram.com/p/DGGJCgXJIwC/,Post owned by partner (collab),Hazoorilal Legacy X Kiran Malik
1125,Senco Gold & Diamonds,@everlitebysenco,⚪ OFF (Collab Only),60147,10,0,1.72%,2025-02-15,https://www.instagram.com/p/DGFugPUxxPL/,Post owned by partner (collab),"Falling in love often includes an individual, but the feelings revolve around two, building a strong foundation of everlasting memories!"
1126,Senco Gold & Diamonds,@everlitebysenco,⚪ OFF (Collab Only),60147,10,0,1.72%,2025-02-15,https://www.instagram.com/p/DGFdME7x8lT/,Post owned by partner (collab),Are you ready to head out for a beautiful date? Then jazz up your look with a token of love to  make your special someone feel extra special and creat
1127,Senco Gold & Diamonds,@everlitebysenco,⚪ OFF (Collab Only),60147,10,0,1.72%,2025-02-15,https://www.instagram.com/p/DGFTyPKRuWD/,Post owned by partner (collab),"While love lingers on like a beautiful breeze, it also makes us stay firm!"
1128,B.C. Sen Jewellers,@sanjbee,⚪ OFF (Collab Only),711322,5299,51,75.22%,2025-02-14,https://www.instagram.com/p/DGDvbSsSuqQ/,Post owned by partner (collab),the ami story 🎀
1129,GRT Jewellers,@tejaswimadivada,⚪ OFF (Collab Only),1144541,554,40,5.20%,2025-02-14,https://www.instagram.com/p/DGDYrCAyP3C/,Post owned by partner (collab),Stepping into the all-new GRT Rajahmundry showroom felt like entering a world of timeless beauty!✨
1130,P. C. Chandra Jewellers,@ishika.kanade,⚪ OFF (Collab Only),280940,8466,66,3.04%,2025-02-13,https://www.instagram.com/p/DGAxOKtvrl1/,Post owned by partner (collab),"This Valentine’s Day, celebrate love with a gift as timeless as your bond. ✨"
1131,Senco Gold & Diamonds,@perfectlovebysenco,⚪ OFF (Collab Only),544,101,0,18.57%,2025-02-12,https://www.instagram.com/p/DF-IutIhRB4/,Post owned by partner (collab),Elegance meets tradition with this 0.32-carat diamond mangalsutra in 18K yellow gold. Featuring a graceful V-shaped pendant with a circular studded dr
1132,Senco Gold & Diamonds,@perfectlovebysenco,⚪ OFF (Collab Only),544,101,0,18.57%,2025-02-12,https://www.instagram.com/p/DF-IKdfBF-u/,Post owned by partner (collab),Celebrate Love That Shines Forever!
1133,Senco Gold & Diamonds,@perfectlovebysenco,⚪ OFF (Collab Only),544,101,0,18.57%,2025-02-12,https://www.instagram.com/p/DF-HntfhRzL/,Post owned by partner (collab),"These 0.36-carat diamond men’s studs in 18K yellow gold feature a Hearts & Arrows cut solitaire, surrounded by radiant accents. Perfect love by Senco"
1134,BlueStone,@familyonadrive,⚪ OFF (Collab Only),4462,0,0,0.00%,2025-02-11,https://www.instagram.com/p/DF7DbyxC5yJ/,Post owned by partner (collab),"3 years, countless memories, and one little white lie for a big surprise! 💍❤️"
1135,Kalamandir Jewellers,@thetarotales,⚪ OFF (Collab Only),445366,20394,107,4.60%,2025-02-09,https://www.instagram.com/p/DF1t6XCKhQw/,Post owned by partner (collab),"Say it in Style, and seal it with Sparkle! A Proposal to remember, a sparkle to cherish forever!"
1136,Aisshpra Gems & Jewels,@radhikaatewhat,⚪ OFF (Collab Only),56322,93046,266,165.68%,2025-02-08,https://www.instagram.com/p/DFzWw8dzPzN/,Post owned by partner (collab),Make your Valentine’s Day unforgettable with @aisshprajewels ✨ Spotted these gorgeous diamond pieces from their U&Me collection at 20% off! Because lo
1137,Kalamandir Jewellers,@kushalkikhushi,⚪ OFF (Collab Only),398480,473067,1601,119.12%,2025-02-07,https://www.instagram.com/p/DFws-Yspace/,Post owned by partner (collab),Surprise your partner this Valentine’s Day by taking her to the nearest @kalamandirjewellers store and gifting her these Heart shaped labgrown Diamond
1138,Aisshpra Gems & Jewels,@thesaubhagyadixit,⚪ OFF (Collab Only),293581,104566,2011,36.30%,2025-02-06,https://www.instagram.com/p/DFuwk2VJ8lh/,Post owned by partner (collab),"This Valentine’s Day Apnapan jataiye, sirf apno k sath nahi apne aap se bhi with U&Me collection from @aisshprajewels . 💕"
1139,Lalithaa Jewellery,@lalithaajewellerykannada_,⚪ OFF (Collab Only),11319,110,2,99.32%,2025-02-05,https://www.instagram.com/p/DFsHbnah6c8/,Post owned by partner (collab),The divine love of Meenakshi & Sundareswarar isn't just a story—it's a feeling we carry in our hearts❤️
1140,Amrapali Jewels,@tarang_arora,⚪ OFF (Collab Only),31621,585,25,1.93%,2025-01-31,https://www.instagram.com/p/DFf9AQPoeh0/,Post owned by partner (collab),Amrapali Jewels at #DJWE2025 @djwe.qa @amirigems @amrapalijewels
1141,Senco Gold & Diamonds,@perfectlovebysenco,⚪ OFF (Collab Only),544,101,0,18.57%,2025-01-29,https://www.instagram.com/p/DFaH5MDptDh/,Post owned by partner (collab),This 0.34-carat Hearts & Arrow cut solitaire diamond ring in 18K yellow gold is a radiant symbol of perfect love. With remarkable brilliance and timel
1142,Senco Gold & Diamonds,@perfectlovebysenco,⚪ OFF (Collab Only),544,101,0,18.57%,2025-01-29,https://www.instagram.com/p/DFZ9R4th7wx/,Post owned by partner (collab),"This 0.21-carat diamond ring in 18K gold, with a Hearts and Arrows solitaire and diamond-studded sides, is a stunning symbol of love. Its brilliance c"
1143,Senco Gold & Diamonds,@perfectlovebysenco,⚪ OFF (Collab Only),544,101,0,18.57%,2025-01-29,https://www.instagram.com/p/DFZ1OzSJhbh/,Post owned by partner (collab),"This 0.21-carat diamond ring in 18K gold, with a Hearts and Arrows solitaire and diamond-studded sides, is a stunning symbol of love. Its brilliance c"
1144,C. Krishniah Chetty & Co (CKC),@ckcsons,⚪ OFF (Collab Only),12595,3014,8,23.99%,2025-01-26,https://www.instagram.com/p/DFRXTqbtLWb/,Post owned by partner (collab),"Celebrating the Pillars of Democracy, Strengthened by the Pillars of C Krishniah Chetty – Knowledge, Heritage, Legacy, and Information. United in Valu"
1145,C. Krishniah Chetty & Co (CKC),@priyankachatterjee,⚪ OFF (Collab Only),0,0,0,0.00%,2025-01-24,https://www.instagram.com/p/DFNJWsYq4YZ/,Post owned by partner (collab),"Indulge in the allure of luxury. These exotic premium fragrances are a journey for the senses, crafted to leave a lasting impression."
1146,Senco Gold & Diamonds,@dpiff_official,⚪ OFF (Collab Only),1286592,1263,6,9.87%,2025-01-24,https://www.instagram.com/p/DFNPkPZSSeC/,Post owned by partner (collab),"Dadasaheb Phalke International Film Festival 2025, a celebration of cinematic brilliance, finds its radiance amplified by Senco Gold & Diamonds, its d"
1147,Senco Gold & Diamonds,@dpiff_official,⚪ OFF (Collab Only),1286592,1263,6,9.87%,2025-01-24,https://www.instagram.com/p/DFNNnA0y88_/,Post owned by partner (collab),"A beacon of Indian cinema celebrating artistic excellence, Dadasaheb Phalke International Film Festival 2025, finds a distinguished co-powered by part"
1148,Senco Gold & Diamonds,@dpiff_official,⚪ OFF (Collab Only),1286592,1263,6,9.87%,2025-01-24,https://www.instagram.com/p/DFNKBlaSCk1/,Post owned by partner (collab),Dadasaheb Phalke International Film Festival 2025 proudly welcomes Senco Gold and Diamonds as its esteemed Co-Powered by Partner. This significant ass
1149,Amrapali Jewels,@masabagupta,⚪ OFF (Collab Only),1841284,16866,330,93.40%,2025-01-21,https://www.instagram.com/p/DFFopJJsBNu/,Post owned by partner (collab),• Fine Jewellery By House of Masaba & Amrapali Jewels •
1150,Amrapali Jewels,@masabagupta,⚪ OFF (Collab Only),1841284,16866,330,93.40%,2025-01-21,https://www.instagram.com/p/DFFCR-gID00/,Post owned by partner (collab),• Fine Jewellery By House of Masaba & Amrapali Jewels •
1151,Amrapali Jewels,@masabagupta,⚪ OFF (Collab Only),1841284,16866,330,93.40%,2025-01-20,https://www.instagram.com/p/DFDVoR3Iyx0/,Post owned by partner (collab),The ‘Nirbhau Nirvair Nimrata’ Neckpiece
1152,Amrapali Jewels,@masabagupta,⚪ OFF (Collab Only),1841284,16866,330,93.40%,2025-01-20,https://www.instagram.com/p/DFDKR2toVfU/,Post owned by partner (collab),• Fine Jewellery By House of Masaba & Amrapali Jewels •
1153,Amrapali Jewels,@masabagupta,⚪ OFF (Collab Only),1841284,16866,330,93.40%,2025-01-20,https://www.instagram.com/p/DFDCgL3uSAc/,Post owned by partner (collab),• Fine Jewellery by House of Masaba & Amrapali Jewels •
1154,Amrapali Jewels,@masabagupta,⚪ OFF (Collab Only),1841284,16866,330,93.40%,2025-01-20,https://www.instagram.com/p/DFDBYy6uEfx/,Post owned by partner (collab),It’s Time. #Houseofmasaba #finejewellery #amrapalijewels
1155,C. Krishniah Chetty & Co (CKC),@joann.arts,⚪ OFF (Collab Only),492,67,1,14.08%,2025-01-19,https://www.instagram.com/p/DFAlOjLy9uX/,Post owned by partner (collab),"Joann's Performing Arts Company in collaboration with C. Krishniah Chetty Group of Jewellers brings to you, EKAM- The longing of one's soul to embrace"
1156,B.C. Sen Jewellers,@ushoshisengupta,⚪ OFF (Collab Only),45283,579,18,1.32%,2025-01-16,https://www.instagram.com/p/DE4CEQhTJZu/,Post owned by partner (collab),"To me, a diamond is more than a precious gem—it’s a shining testament to all I have accomplished and a symbol of all that I am destined to achieve. Ea"
1157,Hazoorilal Legacy,@sharnamli,⚪ OFF (Collab Only),56049,455,166,1.11%,2025-01-13,https://www.instagram.com/p/DExAoNLSlVr/,Post owned by partner (collab),From India to UAE - The @hazoorilallegacy continues ✨
1158,GRT Jewellers,@iam.savithri,🟢 ON (Formal Label),1309006,33253,80,2.55%,2025-01-10,https://www.instagram.com/p/DEo-emdTHEC/,Post owned by partner (collab),"This Makara Sankranthi, I found the perfect jewellery to complement my festive look at GRT Jewellers. From a radiant gold set that exudes elegance to"
1159,C. Krishniah Chetty & Co (CKC),@crashdotclub,⚪ OFF (Collab Only),3385,357,0,10.59%,2025-01-09,https://www.instagram.com/p/DEl5GkToTsF/,Post owned by partner (collab),"Under @chaitucotha 's leadership,"
1160,P. C. Chandra Jewellers,@soniakashyap_,🟢 ON (Formal Label),713849,17134,159,2.42%,2025-01-09,https://www.instagram.com/p/DEmv98CSSut/,Post owned by partner (collab),"Sometimes, all it takes is the perfect diamond to make a moment unforgettable. ✨"
1161,B.C. Sen Jewellers,@alankritajsoni,⚪ OFF (Collab Only),60943,5373,169,9.10%,2025-01-08,https://www.instagram.com/p/DEjYdFwpC6L/,Post owned by partner (collab),"Whether marking a milestone or becoming a cherished heirloom, natural diamonds from @bcsenjewellers are a celebration of rarity, brilliance, and the e"
1162,GRT Jewellers,@chaitrareddy_official,⚪ OFF (Collab Only),1766610,39159,197,2.23%,2025-01-04,https://www.instagram.com/p/DEZ-YbfzN9l/,Post owned by partner (collab),"Stepping into Pongal celebrations with style! At GRT Jewellers, I found the perfect gold elegance for my saree and sparkling diamond charm for my lehe"
1163,P. C. Chandra Jewellers,@nikifying,⚪ OFF (Collab Only),2002752,34334,261,1.73%,2025-01-01,https://www.instagram.com/p/DERJHQRCx8m/,Post owned by partner (collab),"Here’s to a new year, a new beginning, and a collection that’s always in style. Whether it’s a dazzling necklace, elegant earrings, or timeless bangle"
1164,C. Krishniah Chetty & Co (CKC),@ckcsons,⚪ OFF (Collab Only),12595,3014,8,23.99%,2024-12-31,https://www.instagram.com/p/DEOy65TSn9-/,Post owned by partner (collab),2024 has been a year of brilliance and unparalleled artistry for C. Krishniah Chetty Group of Jewellers. ✨
1165,C. Krishniah Chetty & Co (CKC),@indian_jeweller,⚪ OFF (Collab Only),133958,163,1,12.30%,2024-12-31,https://www.instagram.com/p/DEOma06oM9m/,Post owned by partner (collab),Celebrating Excellence in Jewellery Design!
1166,Senco Gold & Diamonds,@everlitebysenco,⚪ OFF (Collab Only),60147,10,0,1.72%,2024-12-31,https://www.instagram.com/p/DEQN0HuywSE/,Post owned by partner (collab),"While time ticks towards a new chapter, adorn it with jewels that matter!"
1167,BlueStone,@tamaralashvi,⚪ OFF (Collab Only),156128,0,0,0.00%,2024-12-30,https://www.instagram.com/p/DENDpCtzLJv/,Post owned by partner (collab),Rate this beauty out of 10! 💎✨ I fell in love with this gorgeous bracelet the moment I laid eyes on it! @bluestone_jewellery truly knows how to create
1168,Senco Gold & Diamonds,@everlitebysenco,⚪ OFF (Collab Only),60147,10,0,1.72%,2024-12-30,https://www.instagram.com/p/DEMXC9lR9x2/,Post owned by partner (collab),"Crafted for the dreamer in you, that glows lifelong!"
1169,Senco Gold & Diamonds,@everlitebysenco,⚪ OFF (Collab Only),60147,10,0,1.72%,2024-12-27,https://www.instagram.com/p/DEFMYOtviOv/,Post owned by partner (collab),"It’s always wise to go beyond the usual, because you never know how your stars are aligned. Shop now from the #ZodiacCollection!"
1170,C. Krishniah Chetty & Co (CKC),@ckcsons,⚪ OFF (Collab Only),12595,3014,8,23.99%,2024-12-25,https://www.instagram.com/p/DD_MX53SFOl/,Post owned by partner (collab),"As Santa’s sleigh bells ring, fireplaces crackle, and carolers sing, there’s another sound of Christmas that you just can’t resist and we bet you can"
1171,Anopchand Tilokchand (AT Jewell,@saurabhbaradia,⚪ OFF (Collab Only),2796,216,4,7.93%,2024-12-23,https://www.instagram.com/p/DD7kQYgNMKg/,Post owned by partner (collab),"Christmas decoration of AT Flagship Store - Anopchand Tilokchad Jewellers , Sadar Bazar, Raipur #SBbyAT @atjewellers"
1172,Anopchand Tilokchand (AT Jewell,@nidra_raipur,⚪ OFF (Collab Only),3994,12,0,30.46%,2024-12-18,https://www.instagram.com/p/DDuDxTBPiv2/,Post owned by partner (collab),Nidra presents the Divine Radiance Look for the AT Jewels event—a perfect blend of elegance and charm.
1173,Anopchand Tilokchand (AT Jewell,@nidra_raipur,⚪ OFF (Collab Only),3994,12,0,30.46%,2024-12-18,https://www.instagram.com/p/DDuDukQPgal/,Post owned by partner (collab),Nidra presents the Divine Radiance Look for the AT Jewels event—a perfect blend of elegance and charm.
1174,Anopchand Tilokchand (AT Jewell,@nidra_raipur,⚪ OFF (Collab Only),3994,12,0,30.46%,2024-12-17,https://www.instagram.com/p/DDrV5eEvSr-/,Post owned by partner (collab),✨ Ethereal Grace ✨
1175,Tanishq,@nitibhakaul,⚪ OFF (Collab Only),1066370,22581,311,2.15%,2024-12-17,https://www.instagram.com/p/DDryvo3BRr5/,Post owned by partner (collab),From childhood memories to timeless treasures ✨✨ Looking back at the little girl I was and cherishing the woman I’ve become — all with Mom’s love and
1176,Aisshpra Gems & Jewels,@mumma_and_junior,⚪ OFF (Collab Only),47042,405,24,91.37%,2024-12-15,https://www.instagram.com/p/DDmtmBjTB3g/,Post owned by partner (collab),"“✨ Lucknow just got a whole lot more dazzling, and we couldn’t be more excited to share the news! 💎"
1177,Aisshpra Gems & Jewels,@shreya_parihar__,⚪ OFF (Collab Only),24824,1364,57,5.73%,2024-12-11,https://www.instagram.com/p/DDcUxAatQ0R/,Post owned by partner (collab),“Adorning timeless elegance with stunning pieces from ✨Aisshpra✨ Perfectly crafted to elevate every look! 💎 #Aisshpra #JewelleryLove #eleganceredefine
1178,Ulhas Jewellers,@mr.kurkurit,⚪ OFF (Collab Only),78288,1699,34,2.21%,2024-12-06,https://www.instagram.com/p/DDPYuAQNGkp/,Post owned by partner (collab),@ulhasjewellers presents to you one of Goa’s biggest Christmas Tree 🎄❤️✨
1179,Hira Panna Jewellers,@sandeep_fp,⚪ OFF (Collab Only),5613,3621,26,64.99%,2024-07-06,https://www.instagram.com/p/C9E5OHyxRKa/,Post owned by partner (collab),@akshitaxp
