#,Hierarchy Tier,Brand Name,State / Origin (HQ),Creator Handle,Followers,Views / Plays,Likes,Comments,Like-to-View %,Creator ER%,Post Date,Direct Instagram URL,Boost Status & Classification,Caption Preview
1,Tier 1: Toggle ON + Boosted,Senco Gold & Diamonds,West Bengal (HQ: Kolkata),@sonalimitra_,307535,108001427,76755,219,0.07%,25.03%,2026-06-26,https://www.instagram.com/p/DaDSSD9Pk7S/,"🚀 Heavily Boosted (Paid Ad Spend): High view count (108,001,427) with sub-0.35% like rate (0.07%) indicates paid ThruPlay ad campaign","Some outfit dilemmas never get old. Luckily, your jewellery doesn’t have to."
2,Tier 1: Toggle ON + Boosted,BlueStone,"Pan-India / Karnataka (HQ: Bengaluru, D2C)",@shruti.agrawal9,16954,92311482,59470,75,0.06%,351.22%,2026-05-08,https://www.instagram.com/p/DYE6OmAs89N/,"🚀 Heavily Boosted (Paid Ad Spend): High view count (92,311,482) with sub-0.35% like rate (0.06%) indicates paid ThruPlay ad campaign",Elevating basics with @bluestone_jewellery 💙
3,Tier 1: Toggle ON + Boosted,BlueStone,"Pan-India / Karnataka (HQ: Bengaluru, D2C)",@itsspoojachaudhary,111442,78524258,96061,218,0.12%,86.39%,2025-11-21,https://www.instagram.com/p/DRT3gkZk_as/,"🚀 Heavily Boosted (Paid Ad Spend): High view count (78,524,258) with sub-0.35% like rate (0.12%) indicates paid ThruPlay ad campaign",Getting date-ready with Bluestone💙✨
4,Tier 1: Toggle ON + Boosted,Tanishq,"Pan-India / Karnataka (HQ: Bengaluru, Titan)",@fayedsouza,2295789,65434812,38739,93,0.06%,1.69%,2026-05-01,https://www.instagram.com/p/DXyquRKBYOM/,"🚀 Heavily Boosted (Paid Ad Spend): High view count (65,434,812) with sub-0.35% like rate (0.06%) indicates paid ThruPlay ad campaign","Arun Narayan, CEO, Jewellery Division, Titan Company Limited talks about the Diamond Caratmeter at the Tanishq Diamond Expertise Centre which helps cu"
5,Tier 1: Toggle ON + Boosted,BlueStone,"Pan-India / Karnataka (HQ: Bengaluru, D2C)",@shruti.agrawal9,16954,25869394,3,46,0.00%,0.29%,2026-05-22,https://www.instagram.com/p/DYpBVsysiWs/,"🚀 Heavily Boosted (Paid Ad Spend): High view count (25,869,394) with sub-0.35% like rate (0.0%) indicates paid ThruPlay ad campaign",POV: You can’t stop buying jewelry @bluestone_jewellery is the reason ✨💙
6,Tier 1: Toggle ON + Boosted,Senco Gold & Diamonds,West Bengal (HQ: Kolkata),@singini.chowdhury,123719,21459300,17342,94,0.08%,14.09%,2026-06-30,https://www.instagram.com/p/DaMv-evhH-1/,"🚀 Heavily Boosted (Paid Ad Spend): High view count (21,459,300) with sub-0.35% like rate (0.08%) indicates paid ThruPlay ad campaign",Not every jewellery piece needs a big moment to make it out of your closet. Some are meant to make your halke-phulke moments special!
7,Tier 1: Toggle ON + Boosted,Malabar Gold & Diamonds,Kerala (HQ: Kozhikode),@mirnaliniravi,1486479,12710434,6476,40,0.05%,0.44%,2026-06-23,https://www.instagram.com/p/DZ7cgaROXLc/,"🚀 Heavily Boosted (Paid Ad Spend): High view count (12,710,434) with sub-0.35% like rate (0.05%) indicates paid ThruPlay ad campaign",There’s no better way to celebrate another year of growth than by investing in pieces that truly define who I am.
8,Tier 1: Toggle ON + Boosted,Khimji Jewellers,Odisha (HQ: Bhubaneswar),@ankitamohanty_official,36044,2311866,4083,31,0.18%,11.41%,2026-06-12,https://www.instagram.com/p/DZebvXLyeQB/,"🚀 Heavily Boosted (Paid Ad Spend): High view count (2,311,866) with sub-0.35% like rate (0.18%) indicates paid ThruPlay ad campaign","Raja calls for new payals, new memories, and new excitement with every step 💕✨"
9,Tier 1: Toggle ON + Boosted,Khimji Jewellers,Odisha (HQ: Bhubaneswar),@_priyadarshini_das_,15319,1286202,3776,52,0.29%,24.99%,2026-06-13,https://www.instagram.com/p/DZgvq5GTp-M/,"🚀 Heavily Boosted (Paid Ad Spend): High view count (1,286,202) with sub-0.35% like rate (0.29%) indicates paid ThruPlay ad campaign",Raja feels even more special when every step shines ✨💖
10,Tier 1: Toggle ON + Boosted,C.H. Jewellers,Gujarat (HQ: Vadodara),@rjkshitij,40940,1237940,1829,6,0.15%,4.48%,2025-07-10,https://www.instagram.com/p/DL7pVO3IaK5/,"🚀 Heavily Boosted (Paid Ad Spend): High view count (1,237,940) with sub-0.35% like rate (0.15%) indicates paid ThruPlay ad campaign",✨ Vadodara’s Biggest Jewellery Sale is HERE! ✨
11,Tier 1: Toggle ON + Boosted,Malabar Gold & Diamonds,Kerala (HQ: Kozhikode),@keerthana.s.k,204550,1156881,4121,81,0.36%,2.05%,2026-01-01,https://www.instagram.com/p/DS99Bs3k0Ym/,🚀 Boosted (Paid Ad Spend): High view multiplier (5.66x followers) with low engagement rate (0.36%),@malabargoldanddiamonds brings back all my wedding memories every single time. 💛
12,Tier 1: Toggle ON + Boosted,Malabar Gold & Diamonds,Kerala (HQ: Kozhikode),@styletalks_pooja,326950,1023886,5081,71,0.50%,1.58%,2026-01-17,https://www.instagram.com/p/DTnPY0fCWTr/,"🔍 Likely Boosted (Targeted Ad): Disproportionate views (1,023,886) relative to likes (5,081)","Traditional weddings always feel very special to me.There’s so much richness already,the saree, the colours, the setting."
13,Tier 1: Toggle ON + Boosted,GRT Jewellers,Tamil Nadu (HQ: Chennai),@devadarshnichetan,199604,1012240,6600,20,0.65%,3.32%,2025-05-11,https://www.instagram.com/p/DJgJZHYReFO/,🚀 Boosted (Paid Ad Spend): High view multiplier (5.07x followers) with low engagement rate (0.65%),Happy Mother’s Day! 🌸
14,Tier 1: Toggle ON + Boosted,P. C. Chandra Jewellers,West Bengal (HQ: Kolkata),@shreellous,165834,657219,3112,84,0.47%,1.93%,2026-06-28,https://www.instagram.com/p/DaIWy5rpVaH/,"🔍 Likely Boosted (Targeted Ad): Disproportionate views (657,219) relative to likes (3,112)","I’ve always found it difficult to part with old jewellery, not because of its value, but because of the memories attached to it."
15,Tier 2: Toggle ON + Organic,Tanishq,"Pan-India / Karnataka (HQ: Bengaluru, Titan)",@anupamaparameswaran96,16578657,18791181,271123,937,1.44%,1.64%,2025-04-25,https://www.instagram.com/p/DI3sKEcpLpn/,"⚪ Standard Organic: Normal organic engagement curve (1.44% like rate, 1.13x reach)","After playing brides on screen so many times, I finally got to create a bridal look that feels truly mine. Choosing this elegant Kundan haaram and ban"
16,Tier 2: Toggle ON + Organic,Tanishq,"Pan-India / Karnataka (HQ: Bengaluru, Titan)",@anupamaparameswaran96,16578657,5123710,201950,332,3.94%,1.22%,2025-10-03,https://www.instagram.com/p/DPWTCz0iYfP/,"⚪ Standard Organic: Normal organic engagement curve (3.94% like rate, 0.31x reach)",Such a heartfelt surprise from @tanishqjewellery celebrating my 10 years on screen!
17,Tier 2: Toggle ON + Organic,Prince Jewellery,Tamil Nadu (HQ: Chennai),@archanachandhoke,1489968,3884590,57949,136,1.49%,3.90%,2026-06-13,https://www.instagram.com/p/DZhumaMOLny/,"⚪ Standard Organic: Normal organic engagement curve (1.49% like rate, 2.61x reach)",👀 Unga Old Gold’ku ipo more value Kanna! ✨
18,Tier 2: Toggle ON + Organic,Kalamandir Jewellers,Gujarat (HQ: Surat),@pujajoshi_official,639186,2783486,114777,214,4.12%,17.99%,2025-08-01,https://www.instagram.com/p/DMzLrYRPnyb/,"📈 Viral Organic Reach: High organic views (2,783,486) accompanied by strong like rate (4.12%)","From heritage polki to modern diamonds, I found it all here. Come experience the beauty of #Kalamandir – because jewelry should be as unforgettable as"
19,Tier 2: Toggle ON + Organic,Prince Jewellery,Tamil Nadu (HQ: Chennai),@irfansview.official,1818246,2486446,55112,34,2.22%,3.03%,2025-04-06,https://www.instagram.com/p/DIGANbpypBt/,"⚪ Standard Organic: Normal organic engagement curve (2.22% like rate, 1.37x reach)",அடுத்த Purchase-க்கு Alia Ready ஆயிட்டாங்க 🥲❤️ @princejewelleryindia
20,Tier 2: Toggle ON + Organic,P. C. Chandra Jewellers,West Bengal (HQ: Kolkata),@officialvidhiyadav,6015135,2485711,57979,480,2.33%,0.97%,2026-04-17,https://www.instagram.com/p/DXPEuAJjRTh/,"⚪ Standard Organic: Normal organic engagement curve (2.33% like rate, 0.41x reach)",From subtle to statement
21,Tier 2: Toggle ON + Organic,GRT Jewellers,Tamil Nadu (HQ: Chennai),@milananagaraj,1285378,2413653,98527,38,4.08%,7.67%,2025-04-29,https://www.instagram.com/p/DJBvlkPzV4X/,"⚪ Standard Organic: Normal organic engagement curve (4.08% like rate, 1.88x reach)","Once, as a little girl, I remember the feeling of receiving my first gift. This Akshaya Tritiya, as a new mother, I wanted to give Pari more than just"
22,Tier 2: Toggle ON + Organic,Tanishq,"Pan-India / Karnataka (HQ: Bengaluru, Titan)",@i__ivana_,2337109,2212013,58919,246,2.66%,2.53%,2025-05-05,https://www.instagram.com/p/DJRVI8kT7e0/,"⚪ Standard Organic: Normal organic engagement curve (2.66% like rate, 0.95x reach)","My sister’s wedding look inspired me, but today, I’ve recreated it in my own style!"
23,Tier 2: Toggle ON + Organic,P. C. Chandra Jewellers,West Bengal (HQ: Kolkata),@purnimamoktan,465535,1960181,32179,123,1.64%,6.94%,2026-02-12,https://www.instagram.com/p/DUqJZUGD61d/,"⚪ Standard Organic: Normal organic engagement curve (1.64% like rate, 4.21x reach)","It’s not about perfection—it’s about connection. The kind of love that feels effortless, honest, and real."
24,Tier 2: Toggle ON + Organic,Malabar Gold & Diamonds,Kerala (HQ: Kozhikode),@jisma_jiji_kizhakkarakattu,472948,1789130,107300,399,6.00%,22.77%,2025-12-27,https://www.instagram.com/p/DSxUaSiknDy/,"⚪ Standard Organic: Normal organic engagement curve (6.0% like rate, 3.78x reach)",THE TOUCH THAT SEES…
25,Tier 2: Toggle ON + Organic,Tanishq,"Pan-India / Karnataka (HQ: Bengaluru, Titan)",@malavikamohanan_,4593937,934168,31578,183,3.38%,0.69%,2026-01-22,https://www.instagram.com/p/DT0DZLajNKN/,"⚪ Standard Organic: Normal organic engagement curve (3.38% like rate, 0.2x reach)",Episode 15 | Styling One on One Featuring @malavikamohanan aka me
26,Tier 2: Toggle ON + Organic,GRT Jewellers,Tamil Nadu (HQ: Chennai),@iam.savithri,1309006,777576,10672,89,1.37%,0.82%,2025-01-10,https://www.instagram.com/p/DEo-emdTHEC/,"⚪ Standard Organic: Normal organic engagement curve (1.37% like rate, 0.59x reach)","This Makara Sankranthi, I found the perfect jewellery to complement my festive look at GRT Jewellers. From a radiant gold set that exudes elegance to"
27,Tier 2: Toggle ON + Organic,GRT Jewellers,Tamil Nadu (HQ: Chennai),@shanvisri,1381162,774179,6971,41,0.90%,0.51%,2026-04-10,https://www.instagram.com/p/DW8470QiUvT/,"⚪ Standard Organic: Normal organic engagement curve (0.9% like rate, 0.56x reach)","This Akshaya Tritiya, I decided to start building my own legacy! I visited GRT Jewellers and found the most stunning sets for the festive season. 💛"
28,Tier 2: Toggle ON + Organic,Prince Jewellery,Tamil Nadu (HQ: Chennai),@ramwithjaanu.official,784657,597243,19686,17,3.30%,2.51%,2026-01-14,https://www.instagram.com/p/DTfU4t_j3ab/,"⚪ Standard Organic: Normal organic engagement curve (3.3% like rate, 0.76x reach)",Prince Treatment 😅
29,Tier 2: Toggle ON + Organic,GRT Jewellers,Tamil Nadu (HQ: Chennai),@meghnalokesh,708939,516641,11333,68,2.19%,1.61%,2025-07-21,https://www.instagram.com/p/DMXpL_pJmz1/,"⚪ Standard Organic: Normal organic engagement curve (2.19% like rate, 0.73x reach)",Finally! The newly launched GRT Jewellers showroom in Vizianagaram is open and it’s truly a jewellery lover’s paradise! ✨
30,Tier 2: Toggle ON + Organic,GRT Jewellers,Tamil Nadu (HQ: Chennai),@krishithapanda,645932,500581,4009,17,0.80%,0.62%,2025-07-08,https://www.instagram.com/p/DL2YJvUSaj3/,"⚪ Standard Organic: Normal organic engagement curve (0.8% like rate, 0.77x reach)",There’s a whole lot more waiting for you at GRT Jewellers newest store in Hassan.
31,Tier 2: Toggle ON + Organic,Tanishq,"Pan-India / Karnataka (HQ: Bengaluru, Titan)",@shivani_bafna,696893,481636,6311,35,1.31%,0.91%,2026-01-29,https://www.instagram.com/p/DUGMxODjWQm/,"⚪ Standard Organic: Normal organic engagement curve (1.31% like rate, 0.69x reach)",life with krish has shifted everything that i’ve ever known... and i wanted a permanent symbol for this new version of me. 💫
32,Tier 2: Toggle ON + Organic,GRT Jewellers,Tamil Nadu (HQ: Chennai),@krishithapanda,645932,458881,5485,16,1.20%,0.85%,2025-07-06,https://www.instagram.com/p/DLxKyFoylFx/,"⚪ Standard Organic: Normal organic engagement curve (1.2% like rate, 0.71x reach)",Namaskara Hassan! 🤗
33,Tier 2: Toggle ON + Organic,Malabar Gold & Diamonds,Kerala (HQ: Kozhikode),@aparnathomas,898678,455001,4717,67,1.04%,0.53%,2026-06-29,https://www.instagram.com/p/DaKPeJbPH01/,"⚪ Standard Organic: Normal organic engagement curve (1.04% like rate, 0.51x reach)",A woman is a story told through many beautiful chapters.
34,Tier 2: Toggle ON + Organic,P. C. Chandra Jewellers,West Bengal (HQ: Kolkata),@soniakashyap_,713849,454052,28346,80,6.24%,3.98%,2025-01-09,https://www.instagram.com/p/DEmv98CSSut/,"⚪ Standard Organic: Normal organic engagement curve (6.24% like rate, 0.64x reach)","Sometimes, all it takes is the perfect diamond to make a moment unforgettable. ✨"
35,Tier 2: Toggle ON + Organic,P. C. Chandra Jewellers,West Bengal (HQ: Kolkata),@girliyapa,728209,451631,4558,3,1.01%,0.63%,2025-10-27,https://www.instagram.com/p/DQUIK3tiLnN/,"⚪ Standard Organic: Normal organic engagement curve (1.01% like rate, 0.62x reach)","Mahi be like: Soft look, strong game 💅"
36,Tier 2: Toggle ON + Organic,GRT Jewellers,Tamil Nadu (HQ: Chennai),@simranchoudhary,764212,449353,6580,45,1.46%,0.87%,2026-04-12,https://www.instagram.com/p/DXCFtDCEiCu/,"⚪ Standard Organic: Normal organic engagement curve (1.46% like rate, 0.59x reach)","Celebrating Akshaya Tritiya with GRT, is about growing your prosperity and welcoming all auspicious things into your life."
37,Tier 2: Toggle ON + Organic,GRT Jewellers,Tamil Nadu (HQ: Chennai),@chaitra_vasudevan_official_,483103,397319,4772,15,1.20%,0.99%,2025-03-17,https://www.instagram.com/p/DHTLc4rSsK9/,"⚪ Standard Organic: Normal organic engagement curve (1.2% like rate, 0.82x reach)","Ugadi calls for gold, glam, and a whole lot of sparkle! ✨"
38,Tier 2: Toggle ON + Organic,Malabar Gold & Diamonds,Kerala (HQ: Kozhikode),@suzaaane.sharon,738782,343785,7576,28,2.20%,1.03%,2026-05-05,https://www.instagram.com/p/DX8pHOTikfS/,"⚪ Standard Organic: Normal organic engagement curve (2.2% like rate, 0.47x reach)",I walked into
39,Tier 2: Toggle ON + Organic,P. C. Chandra Jewellers,West Bengal (HQ: Kolkata),@girliyapa,728209,331956,8985,39,2.71%,1.24%,2025-11-17,https://www.instagram.com/p/DRJ_YimCMEF/,"⚪ Standard Organic: Normal organic engagement curve (2.71% like rate, 0.46x reach)","BRB, going to empty bhai’s wallet😎🥰"
40,Tier 2: Toggle ON + Organic,GRT Jewellers,Tamil Nadu (HQ: Chennai),@meghnalokesh,708939,313618,3531,40,1.13%,0.50%,2025-07-12,https://www.instagram.com/p/DL_2s-IpoJf/,"⚪ Standard Organic: Normal organic engagement curve (1.13% like rate, 0.44x reach)","Vizianagaram, get ready for a jewellery experience like never before!✨"
41,Tier 2: Toggle ON + Organic,Tanishq,"Pan-India / Karnataka (HQ: Bengaluru, Titan)",@fayedsouza,2295789,295811,1378,15,0.47%,0.06%,2026-05-03,https://www.instagram.com/p/DX4KAlIMAeF/,"⚪ Standard Organic: Normal organic engagement curve (0.47% like rate, 0.13x reach)","Arun Narayan, CEO, Jewellery Division, Titan Company limited explains what is a Clarity viewer and how it helps the customer verify the clarity grade"
42,Tier 2: Toggle ON + Organic,Tanishq,"Pan-India / Karnataka (HQ: Bengaluru, Titan)",@alayaf,2074395,291716,4809,57,1.65%,0.23%,2025-08-14,https://www.instagram.com/p/DNVjxMQIcj7/,"⚪ Standard Organic: Normal organic engagement curve (1.65% like rate, 0.14x reach)","From curious creator to poised presenter, shining in every role I play. ✨"
43,Tier 2: Toggle ON + Organic,P. C. Chandra Jewellers,West Bengal (HQ: Kolkata),@vikrantmassey,2646778,288987,11821,268,4.09%,0.46%,2025-11-19,https://www.instagram.com/p/DROp2fQCBfw/,"⚪ Standard Organic: Normal organic engagement curve (4.09% like rate, 0.11x reach)",Men shine the brightest when they stop hiding and start feeling.
44,Tier 2: Toggle ON + Organic,Prince Jewellery,Tamil Nadu (HQ: Chennai),@vennila_veedu,249773,254939,3153,39,1.24%,1.28%,2025-04-20,https://www.instagram.com/p/DIq1dieyn4T/,"⚪ Standard Organic: Normal organic engagement curve (1.24% like rate, 1.02x reach)",Vanakkam Kovai Makkaley!
45,Tier 2: Toggle ON + Organic,Malabar Gold & Diamonds,Kerala (HQ: Kozhikode),@makeupbynainagoel,144848,230760,1861,65,0.81%,1.33%,2025-12-25,https://www.instagram.com/p/DSrRDG7koLL/,"⚪ Standard Organic: Normal organic engagement curve (0.81% like rate, 1.59x reach)","Styling bridal jewellery from Malabar Gold & Diamonds is all about proportion, placement, and elegance ✨"
46,Tier 2: Toggle ON + Organic,P. C. Chandra Jewellers,West Bengal (HQ: Kolkata),@ayushmannk,16775221,230073,5814,48,2.53%,0.03%,2026-04-21,https://www.instagram.com/p/DXYe1f2DITM/,"⚪ Standard Organic: Normal organic engagement curve (2.53% like rate, 0.01x reach)","Some moments don’t ask for attention, they simply stay."
47,Tier 2: Toggle ON + Organic,P. C. Chandra Jewellers,West Bengal (HQ: Kolkata),@_ritwi.k,111091,198726,17270,108,8.69%,15.64%,2025-09-17,https://www.instagram.com/p/DOtgm7HEm9x/,"⚪ Standard Organic: Normal organic engagement curve (8.69% like rate, 1.79x reach)",Cheyechhi maa ami tumi hote 🤍✨🌻
48,Tier 2: Toggle ON + Organic,Tanishq,"Pan-India / Karnataka (HQ: Bengaluru, Titan)",@fayedsouza,2295789,168909,691,15,0.41%,0.03%,2026-05-02,https://www.instagram.com/p/DX1p9acMtjN/,"⚪ Standard Organic: Normal organic engagement curve (0.41% like rate, 0.07x reach)","Is the diamond certificate not enough? Arun Narayan, CEO, Jewellery Division, Titan Company Limited explains."
49,Tier 2: Toggle ON + Organic,Kalamandir Jewellers,Gujarat (HQ: Surat),@anushkarathod98,1310165,149479,722,29,0.48%,0.06%,2025-12-17,https://www.instagram.com/p/DSW09RHjexY/,"⚪ Standard Organic: Normal organic engagement curve (0.48% like rate, 0.11x reach)","Guys, I need your help."
50,Tier 2: Toggle ON + Organic,Kalamandir Jewellers,Gujarat (HQ: Surat),@anushkarathod98,1310165,133090,458,25,0.34%,0.04%,2025-12-22,https://www.instagram.com/p/DSkXKBSCUUN/,"⚪ Standard Organic: Normal organic engagement curve (0.34% like rate, 0.1x reach)",Want to win a platinum coin?
51,Tier 2: Toggle ON + Organic,Kalamandir Jewellers,Gujarat (HQ: Surat),@anushkarathod98,1310165,132734,1162,32,0.88%,0.09%,2025-12-20,https://www.instagram.com/p/DSfMkjeCUoR/,"⚪ Standard Organic: Normal organic engagement curve (0.88% like rate, 0.1x reach)",Indian families make this MISTAKE!!
52,Tier 2: Toggle ON + Organic,Prince Jewellery,Tamil Nadu (HQ: Chennai),@namma_ooru_couple,400644,124266,2217,4,1.78%,0.55%,2025-04-14,https://www.instagram.com/p/DIakxEFqVed/,"⚪ Standard Organic: Normal organic engagement curve (1.78% like rate, 0.31x reach)",Akshaya Tritiya is Here & Prosperity is Near✨
53,Tier 2: Toggle ON + Organic,GRT Jewellers,Tamil Nadu (HQ: Chennai),@vj_kalyani,240602,111576,3,23,0.00%,0.01%,2026-04-22,https://www.instagram.com/p/DXcC0EqkSOO/,"⚪ Standard Organic: Normal organic engagement curve (0.0% like rate, 0.46x reach)",It's the perfect time to start your investment in Gold! I make the most of this period and save smart with the GRT Insta Gold App starting from just ₹
54,Tier 2: Toggle ON + Organic,P. C. Chandra Jewellers,West Bengal (HQ: Kolkata),@ishitasalujaimageconsultancy,1622894,100590,1309,23,1.30%,0.08%,2026-01-26,https://www.instagram.com/p/DT-SvcdEwsu/,"⚪ Standard Organic: Normal organic engagement curve (1.3% like rate, 0.06x reach)",Your neckline decides your jewellery ✨
55,Tier 2: Toggle ON + Organic,Lalithaa Jewellery,Tamil Nadu (HQ: Chennai),@vj_deepika_,515454,91558,3,27,0.00%,0.01%,2026-06-03,https://www.instagram.com/p/DZHCvTFzX4y/,"⚪ Standard Organic: Normal organic engagement curve (0.0% like rate, 0.18x reach)",✨ Porur’s newest shopping destination is here! ✨
56,Tier 2: Toggle ON + Organic,P. C. Chandra Jewellers,West Bengal (HQ: Kolkata),@thepearshapedstylist,669994,84421,526,16,0.62%,0.08%,2026-01-03,https://www.instagram.com/p/DTDKcnnjIXb/,"⚪ Standard Organic: Normal organic engagement curve (0.62% like rate, 0.13x reach)",One necklace. Infinite possibilities ✨
57,Tier 2: Toggle ON + Organic,Malabar Gold & Diamonds,Kerala (HQ: Kozhikode),@tanyathevar,191773,79907,1023,28,1.28%,0.55%,2026-01-20,https://www.instagram.com/p/DTu7q6WCPEZ/,"⚪ Standard Organic: Normal organic engagement curve (1.28% like rate, 0.42x reach)",This is for the bride I will be someday ✨
58,Tier 2: Toggle ON + Organic,GRT Jewellers,Tamil Nadu (HQ: Chennai),@vj_deepika_,515454,57009,3,25,0.01%,0.01%,2025-08-11,https://www.instagram.com/p/DNN4juEzOvs/,"⚪ Standard Organic: Normal organic engagement curve (0.01% like rate, 0.11x reach)",Jewellery as timeless as your love — and as smart as your savings. ✨
59,Tier 2: Toggle ON + Organic,Malabar Gold & Diamonds,Kerala (HQ: Kozhikode),@shwetarajan_,196891,52020,806,14,1.55%,0.42%,2026-01-11,https://www.instagram.com/p/DTXxzr9iEBq/,"⚪ Standard Organic: Normal organic engagement curve (1.55% like rate, 0.26x reach)",A golden surprise for Mom’s special day ✨
60,Tier 2: Toggle ON + Organic,GRT Jewellers,Tamil Nadu (HQ: Chennai),@subha_rajendren,135208,51711,554,22,1.07%,0.43%,2025-07-01,https://www.instagram.com/p/DLjisHPTags/,"⚪ Standard Organic: Normal organic engagement curve (1.07% like rate, 0.38x reach)","I’ve always believed in making meaningful choices when it comes to savings ✅ and now, I’ve found the perfect way to own the jewellery ⚜️ I love — with"
61,Tier 2: Toggle ON + Organic,GRT Jewellers,Tamil Nadu (HQ: Chennai),@aarya.lakshmi_,65243,49733,729,15,1.47%,1.14%,2025-07-15,https://www.instagram.com/p/DMHbNBkTbYN/,"⚪ Standard Organic: Normal organic engagement curve (1.47% like rate, 0.76x reach)",#Ad Bring home the jewellery you’ve always dreamed of – the smart way! ✨
62,Tier 2: Toggle ON + Organic,GRT Jewellers,Tamil Nadu (HQ: Chennai),@poorni_gowdaaa,40957,40773,3,9,0.01%,0.03%,2026-04-05,https://www.instagram.com/p/DWv_M3LjOUI/,"⚪ Standard Organic: Normal organic engagement curve (0.01% like rate, 1.0x reach)",It’s the perfect time to start your investment in Gold! I make the most of this period and save smart with the GRT Insta Gold App starting from just ₹
63,Tier 2: Toggle ON + Organic,P. C. Chandra Jewellers,West Bengal (HQ: Kolkata),@girliyapa,728209,24731,305,2,1.23%,0.04%,2025-10-21,https://www.instagram.com/p/DQEDVkLiMan/,"⚪ Standard Organic: Normal organic engagement curve (1.23% like rate, 0.03x reach)",Bhagwan ji please ek plate aisa moment lagado 🫣🥰
64,Tier 2: Toggle ON + Organic,C.H. Jewellers,Gujarat (HQ: Vadodara),@rjkshitij,40940,10679,271,4,2.54%,0.67%,2026-07-17,https://www.instagram.com/p/Da4lgf0vk0O/,"⚪ Standard Organic: Normal organic engagement curve (2.54% like rate, 0.26x reach)",Aa Gold & Diamond Jewellery deal share na karu toh chale j nahi! 😍✨
65,Tier 2: Toggle ON + Organic,Sri Jagdamba Pearls,Telangana (HQ: Hyderabad),@yugmitadas__,3953,5826,3,59,0.05%,1.57%,2026-08-13,https://www.instagram.com/p/Db-f9KWzfgi/,"⚪ Standard Organic: Normal organic engagement curve (0.05% like rate, 1.47x reach)",Found the Prettiest Minimal Pearl Jewellery from @jagdambapearls ✨🪷🐚
66,Tier 2: Toggle ON + Organic,Sri Jagdamba Pearls,Telangana (HQ: Hyderabad),@vanyahundet,36312,5740,45,40,0.78%,0.23%,2026-06-07,https://www.instagram.com/p/DZRnKQqBlsA/,"⚪ Standard Organic: Normal organic engagement curve (0.78% like rate, 0.16x reach)",✨ Visit 🛍
67,Tier 2: Toggle ON + Organic,Sri Jagdamba Pearls,Telangana (HQ: Hyderabad),@be_sreya,2343,5465,97,3,1.77%,4.27%,2026-08-03,https://www.instagram.com/p/DblDDxBS-I_/,"⚪ Standard Organic: Normal organic engagement curve (1.77% like rate, 2.33x reach)",Celebrate this rakhi with @jagdambapearlsstore @jagdambapearls
68,Tier 2: Toggle ON + Organic,Sri Jagdamba Pearls,Telangana (HQ: Hyderabad),@prettybutserious,1133,4829,67,17,1.39%,7.41%,2026-08-04,https://www.instagram.com/p/DbnqGIKvfwh/,"⚪ Standard Organic: Normal organic engagement curve (1.39% like rate, 4.26x reach)","Some gifts are opened, but the best ones are remembered. 🤍"
69,Tier 2: Toggle ON + Organic,C.H. Jewellers,Gujarat (HQ: Vadodara),@rjkshitij,40940,4143,70,1,1.69%,0.17%,2026-07-30,https://www.instagram.com/p/DbZ55JpoJPp/,"⚪ Standard Organic: Normal organic engagement curve (1.69% like rate, 0.1x reach)",LAST FEW DAYS TO GOOOO!
70,Tier 2: Toggle ON + Organic,Anopchand Tilokchand (AT Jewell,Chhattisgarh (HQ: Raipur),@mirchiricha,12204,3253,43,4,1.32%,0.39%,2026-07-16,https://www.instagram.com/p/Da2_LSdofVE/,"⚪ Standard Organic: Normal organic engagement curve (1.32% like rate, 0.27x reach)",Offer aisa ki jewellery khud bula rahi hai 👀✨
71,Tier 3: Toggle OFF + Boosted,GIVA Jewellery,"Pan-India / Karnataka (HQ: Bengaluru, D2C)",@kritisanon,0,491624347,236583,993,0.05%,0.00%,2026-05-22,https://www.instagram.com/p/DYoxNMDvmy_/,🚀 Heavily Boosted (Paid Ad Spend): Paid media views detected,"Stepping into a new chapter with pieces that make my heart sing ✨  Because style isn’t just what you wear… it’s how you carry every moment.   Shining in silver…with GIVA. Style, sealed in silver.  #KritixGIVA #StyleSealedInSilver #KritiSanon #GIVAJew"
72,Tier 3: Toggle OFF + Boosted,GIVA Jewellery,"Pan-India / Karnataka (HQ: Bengaluru, D2C)",@kunalraheja_165,0,349239071,137759,229,0.04%,0.00%,2026-07-29,https://www.instagram.com/p/DbX97G_PSQs/,🚀 Heavily Boosted (Paid Ad Spend): Paid media views detected,"Everything you need to make Rakhi unforgettable silver rakhis, meaningful gifts, and GIVA. ✨  ( Rakhi, Pet Rakhi, Furry Sibling, Pawfect Bond, Furever Sibling, rakhi 2026, Silver Rakhi, Gifts for Sister, Rakhi for Brother, Rakhi for pets)  #BondsSeal"
73,Tier 3: Toggle OFF + Boosted,BlueStone,"Pan-India / Karnataka (HQ: Bengaluru, D2C)",@vibes_of_soumi,60016,347717375,255358,796,0.07%,426.81%,2026-02-25,https://www.instagram.com/p/DVLWD7eku0D/,"🚀 Heavily Boosted (Paid Ad Spend): High view count (347,717,375) with sub-0.35% like rate (0.07%)",This look of Aishwarya rai has my heart now 🩵!
74,Tier 3: Toggle OFF + Boosted,GIVA Jewellery,"Pan-India / Karnataka (HQ: Bengaluru, D2C)",@adityaroykapur,0,268185002,135768,1543,0.05%,0.00%,2026-05-15,https://www.instagram.com/p/DYXDLF-oani/,🚀 Heavily Boosted (Paid Ad Spend): Paid media views detected,GIVAMEN For the man who commands attention.  #GIVAMen #GIVA #MenWantGiftsToo
75,Tier 3: Toggle OFF + Boosted,BlueStone,"Pan-India / Karnataka (HQ: Bengaluru, D2C)",@shaleena_fightandflight,5562,131679999,59169,119,0.04%,1065.95%,2026-04-11,https://www.instagram.com/p/DW_hWJ7ktHk/,"🚀 Heavily Boosted (Paid Ad Spend): High view count (131,679,999) with sub-0.35% like rate (0.04%)",Built strong. Styled stronger. 🥊✨
76,Tier 3: Toggle OFF + Boosted,BlueStone,"Pan-India / Karnataka (HQ: Bengaluru, D2C)",@themillennialsoul_s,60175,122130014,199609,173,0.16%,332.00%,2026-05-08,https://www.instagram.com/p/DYFBPiLoqwZ/,"🚀 Heavily Boosted (Paid Ad Spend): High view count (122,130,014) with sub-0.35% like rate (0.16%)",Because love doesn’t need a date… just the right sparkle.
77,Tier 3: Toggle OFF + Boosted,BlueStone,"Pan-India / Karnataka (HQ: Bengaluru, D2C)",@muskaan.2602,82555,73479706,42585,74,0.06%,51.67%,2026-05-27,https://www.instagram.com/p/DYy475mxunO/,"🚀 Heavily Boosted (Paid Ad Spend): High view count (73,479,706) with sub-0.35% like rate (0.06%)",Protecting our heart with @bluestone_jewellery 🧿❤️
78,Tier 3: Toggle OFF + Boosted,Palmonas,"Pan-India / Maharashtra (HQ: Pune, D2C)",@tishabhoomi5,0,21437522,50181,114,0.23%,0.00%,2026-06-15,https://www.instagram.com/p/DZmy2APyWOW/,🚀 Heavily Boosted (Paid Ad Spend): Paid media views detected,"I love the rain. I love getting dressed up. ✨⛈️  Luckily, with Palmonas, I don't have to pick a favourite! 😌🌻✨ The Monsoon Sale is LIVE. Shop now!  [Everyday luxury, Demi-fine jewellery, 18k gold vermeil, Gold tone jewellery, Timeless, Buy Now, Elega"
79,Tier 3: Toggle OFF + Boosted,GRT Jewellers,Tamil Nadu (HQ: Chennai),@jananihere_,1229538,20069383,90428,139,0.45%,7.37%,2026-04-02,https://www.instagram.com/p/DWnc8M3ETx2/,🚀 Boosted (Paid Ad Spend): High view multiplier (16.32x followers) with low engagement rate (0.45%),"I’ve known GRT Jewellers for years, it’s always been one of those legacy brands you just grow up with."
80,Tier 3: Toggle OFF + Boosted,GRT Jewellers,Tamil Nadu (HQ: Chennai),@jananihere_,1229538,15245391,3,160,0.00%,0.01%,2026-04-04,https://www.instagram.com/p/DWs-cy_kUeP/,"🚀 Heavily Boosted (Paid Ad Spend): High view count (15,245,391) with sub-0.35% like rate (0.0%)",I’ve always loved GRT Jewellers for their timeless and exquisite jewellery and discovering their contemporary diamond collection for my Reception was
81,Tier 3: Toggle OFF + Boosted,GIVA Jewellery,"Pan-India / Karnataka (HQ: Bengaluru, D2C)",@devishimadaan,0,14114321,17100,40,0.12%,0.00%,2026-08-12,https://www.instagram.com/p/Db8S4vusSSn/,🚀 Heavily Boosted (Paid Ad Spend): Paid media views detected,Passing the camera and exposing each other 😂   Create fun content with your siblings. Use #MyntraGiva and #MyntraRakhiEdit. Tag @Myntra and @giva.co 📹✨  Top 10 winners will get Myntra gift vouchers worth Rs. 1000 🎫⭐️ **Applicable on GIVA products on 
82,Tier 3: Toggle OFF + Boosted,Palmonas,"Pan-India / Maharashtra (HQ: Pune, D2C)",@khushibhardwaj_official,0,12954691,16410,383,0.13%,0.00%,2026-06-17,https://www.instagram.com/p/DZr8LvZMEs0/,🚀 Heavily Boosted (Paid Ad Spend): Paid media views detected,"Something about the rain just convinces me that a little treat is necessary. ☔💍✨  And honestly? I'm not arguing with the weather...   So while the clouds do their thing, you do yours – shop the Monsoon Sale before the forecast changes. 😉🌧️  [Everyday"
83,Tier 3: Toggle OFF + Boosted,Malabar Gold & Diamonds,Kerala (HQ: Kozhikode),@ishanibhattacharya,558704,12693743,29938,112,0.24%,5.38%,2026-06-26,https://www.instagram.com/p/DaDLwsEzKTd/,"🚀 Heavily Boosted (Paid Ad Spend): High view count (12,693,743) with sub-0.35% like rate (0.24%)","Fell in love with the Nuwa Natural Diamond Collection by @minediamondsbymalabar ✨ Inspired by nature’s beauty, every piece blends natural diamonds, vi"
84,Tier 3: Toggle OFF + Boosted,Palmonas,"Pan-India / Maharashtra (HQ: Pune, D2C)",@itusharkhanna,0,11546010,33929,185,0.29%,0.00%,2026-07-28,https://www.instagram.com/p/DbVgLvJNUpj/,🚀 Heavily Boosted (Paid Ad Spend): Paid media views detected,"GRWM to meet my favourite inconvenience... the same person who’ll ask for “one tiny favour” and still expect a Friendship Day gift😌✨ Lucky for them, Palmonas has me covered🛍️  [Everyday luxury, Demi-fine jewellery, 18k gold vermeil, Gold tone jewelle"
85,Tier 3: Toggle OFF + Boosted,Palmonas,"Pan-India / Maharashtra (HQ: Pune, D2C)",@dishaagarwalllll,0,11528852,10021,90,0.09%,0.00%,2026-06-25,https://www.instagram.com/p/DaAhJPUob31/,🚀 Heavily Boosted (Paid Ad Spend): Paid media views detected,"Every click is music to my ears, and Palmonas is playing all the right notes! 🎶✨  From the sparkle to the stacks, every little detail is pure serotonin! 😌🤌  [Everyday luxury, Demi-fine jewellery, 18k gold vermeil, Gold tone jewellery, Timeless, Buy N"
86,Tier 3: Toggle OFF + Boosted,Tanishq,"Pan-India / Karnataka (HQ: Bengaluru, Titan)",@titancompanyltd,71614,11121721,83707,143,0.75%,117.09%,2026-05-12,https://www.instagram.com/p/DYOlE__OPkI/,"🔍 Likely Boosted (Targeted Ad): Disproportionate views (11,121,721) relative to likes (83,707)","A love language that speaks through the little efforts, the quiet understanding, and all the unsaid moments. That’s a #SignOfTogetherness."
87,Tier 3: Toggle OFF + Boosted,Malabar Gold & Diamonds,Kerala (HQ: Kozhikode),@bunnyvox,2127245,11049393,27354,39,0.25%,1.29%,2026-06-18,https://www.instagram.com/p/DZuvdFNpuQb/,"🚀 Heavily Boosted (Paid Ad Spend): High view count (11,049,393) with sub-0.35% like rate (0.25%)",I love jewellery that doesn’t just accessorize an outfit—it defines it.
88,Tier 3: Toggle OFF + Boosted,Senco Gold & Diamonds,West Bengal (HQ: Kolkata),@shrutimajumdarr,48469,11021405,15007,103,0.14%,31.17%,2026-06-22,https://www.instagram.com/p/DZ42u4UhTdd/,"🚀 Heavily Boosted (Paid Ad Spend): High view count (11,021,405) with sub-0.35% like rate (0.14%)","Corporate baddies, hear us out - we mean business!"
89,Tier 3: Toggle OFF + Boosted,Senco Gold & Diamonds,West Bengal (HQ: Kolkata),@itsrosidas,155309,10037064,14730,121,0.15%,9.56%,2026-06-24,https://www.instagram.com/p/DZ-Gu7XJmk-/,"🚀 Heavily Boosted (Paid Ad Spend): High view count (10,037,064) with sub-0.35% like rate (0.15%)",Not every thought needs overthinking.
90,Tier 3: Toggle OFF + Boosted,Palmonas,"Pan-India / Maharashtra (HQ: Pune, D2C)",@tarunaadhillon,0,9571081,17412,57,0.18%,0.00%,2026-06-23,https://www.instagram.com/p/DZ7bFIFTv7G/,🚀 Heavily Boosted (Paid Ad Spend): Paid media views detected,"I believe every cinematic rain sequence deserves the perfect jewellery stack.. 🎬☔✨ Luckily, Palmonas and I share the same vision! 😌💖  And with the Monsoon Sale now live, building that stack has never looked better! 🌻💫  [Everyday luxury, Demi-fine jew"
91,Tier 3: Toggle OFF + Boosted,Palmonas,"Pan-India / Maharashtra (HQ: Pune, D2C)",@nidz_20,0,9443296,26536,158,0.28%,0.00%,2026-07-24,https://www.instagram.com/p/DbLOV45sBFC/,🚀 Heavily Boosted (Paid Ad Spend): Paid media views detected,"I fear Jewellery Maxxing has officially maxxed its way into my personality… thankfully, there’s a collection that completely gets it✨ Shop the Palmonas x Tanya Ghavri Collection now🛍️  [Everyday luxury, Demi-fine jewellery, 18k gold vermeil, Gold ton"
92,Tier 3: Toggle OFF + Boosted,Palmonas,"Pan-India / Maharashtra (HQ: Pune, D2C)",@mohit_hiranandani93,0,7766691,9757,72,0.13%,0.00%,2026-08-03,https://www.instagram.com/p/Dbk-bm_IZvZ/,🚀 Heavily Boosted (Paid Ad Spend): Paid media views detected,"Ad.  Started the day chasing islands...🌴 Ended it chasing the perfect pour!🍹  If I’m going to do it all for the plot, I might as well look good doing it in Palmonas!✨  [Everyday luxury, Demi-fine jewellery, 18k gold vermeil, Gold tone jewellery, Time"
93,Tier 3: Toggle OFF + Boosted,Palmonas,"Pan-India / Maharashtra (HQ: Pune, D2C)",@snigdha_officiall,0,7045526,11546,58,0.16%,0.00%,2026-06-24,https://www.instagram.com/p/DZ-BFQcK9Zm/,🚀 Heavily Boosted (Paid Ad Spend): Paid media views detected,"Couldn’t hear me? That’s okay. The jewellery got the message across. And frankly, it said it better. ☔😌✨ What was the message, you ask?  Palmonas’ Monsoon Sale is LIVE. Go shop now! 💫  [Everyday luxury, Demi-fine jewellery, 18k gold vermeil, Gold ton"
94,Tier 3: Toggle OFF + Boosted,Palmonas,"Pan-India / Maharashtra (HQ: Pune, D2C)",@faby_makeupartist,0,6971238,5347,76,0.08%,0.00%,2026-07-01,https://www.instagram.com/p/DaQAstGNeqR/,🚀 Heavily Boosted (Paid Ad Spend): Paid media views detected,"There’s nothing like making memories in a new city... 🌆✨  Especially with jewellery that’s there for every moment! 💫  [Everyday luxury, Demi-fine jewellery, 18k gold vermeil, Gold tone jewellery, Timeless, Buy Now, Elegance, Affordable luxury, Shop N"
95,Tier 3: Toggle OFF + Boosted,Palmonas,"Pan-India / Maharashtra (HQ: Pune, D2C)",@thecozyvibe,0,6826893,12655,61,0.19%,0.00%,2026-07-09,https://www.instagram.com/p/Dak5B9Ig5xY/,🚀 Heavily Boosted (Paid Ad Spend): Paid media views detected,"Paris is for romantics...✨ but I’m just here... romanticising my jewellery! 😌🌻💫 The cafés, the streets, the sparkle... I’m choosing all of the above! 💖🤌  [Everyday luxury, Demi-fine jewellery, 18k gold vermeil, Gold tone jewellery, Timeless, Buy Now,"
96,Tier 3: Toggle OFF + Boosted,BlueStone,"Pan-India / Karnataka (HQ: Bengaluru, D2C)",@bhumika.satpute,23713,6567654,46611,70,0.71%,196.86%,2026-02-02,https://www.instagram.com/p/DUQlYmxDCXK/,"🔍 Likely Boosted (Targeted Ad): Disproportionate views (6,567,654) relative to likes (46,611)",It’s valentine week bby💕
97,Tier 3: Toggle OFF + Boosted,BlueStone,"Pan-India / Karnataka (HQ: Bengaluru, D2C)",@arya__mahajan_,141449,6458088,3,111,0.00%,0.08%,2026-02-05,https://www.instagram.com/p/DUYFqWziEK7/,"🚀 Heavily Boosted (Paid Ad Spend): High view count (6,458,088) with sub-0.35% like rate (0.0%)",Green flags dont wait for occasions😉
98,Tier 3: Toggle OFF + Boosted,Palmonas,"Pan-India / Maharashtra (HQ: Pune, D2C)",@prathawashere,0,6101688,15948,242,0.26%,0.00%,2026-06-19,https://www.instagram.com/p/DZxZV18qBIr/,🚀 Heavily Boosted (Paid Ad Spend): Paid media views detected,"Every monsoon commute feels like a side quest I never signed up for... ☔😮‍💨  Meanwhile, my jewellery treats it like a minor inconvenience and carries the entire look home! 😌🌻✨   Shop the Monsoon Sale while the offers are pouring in!⚡  [Everyday luxur"
99,Tier 3: Toggle OFF + Boosted,Palmonas,"Pan-India / Maharashtra (HQ: Pune, D2C)",@hastu__goyal,0,5726073,14053,61,0.25%,0.00%,2026-06-20,https://www.instagram.com/p/DZzqVNCRY4R/,🚀 Heavily Boosted (Paid Ad Spend): Paid media views detected,"Walking through monsoon season like it’s a music video, because my jewellery refuses to have an indoor personality ☔  The Monsoon Sale is live, and apparently so is my shopping impulse! 🌧️  {Everyday luxury, Demi-fine jewellery, 18k gold vermeil, Gol"
100,Tier 3: Toggle OFF + Boosted,Palmonas,"Pan-India / Maharashtra (HQ: Pune, D2C)",@ravinasharma_,0,5457813,5247,39,0.10%,0.00%,2026-06-22,https://www.instagram.com/p/DZ5JfYzIMH0/,🚀 Heavily Boosted (Paid Ad Spend): Paid media views detected,"The weather may be unpredictable, but my love for jewellery isn’t... 😌⛈️✨  Especially during monsoon season, when every piece gives me a reason to step out! 😉✨  Palmonas’ Monsoon Sale is LIVE. Shop now! ⚡  [Everyday luxury, Demi-fine jewellery, 18k g"
101,Tier 3: Toggle OFF + Boosted,Palmonas,"Pan-India / Maharashtra (HQ: Pune, D2C)",@veronica_awungshi,0,5245349,11292,71,0.22%,0.00%,2026-06-18,https://www.instagram.com/p/DZuhU-4SkKq/,🚀 Heavily Boosted (Paid Ad Spend): Paid media views detected,"If anyone asks, shopping the Palmonas’s Monsoon Season Sale counts as a productive use of screen time! 😌✨📱  My seasonal slump really didn’t stand a chance against a little sparkle! 🤭💫  Shop the sale NOW.  [Everyday luxury, Demi-fine jewellery, 18k go"
102,Tier 3: Toggle OFF + Boosted,GIVA Jewellery,"Pan-India / Karnataka (HQ: Bengaluru, D2C)",@iamshivshakti,0,4848311,5921,110,0.12%,0.00%,2026-07-23,https://www.instagram.com/p/DbIqm-gtOEP/,🚀 Heavily Boosted (Paid Ad Spend): Paid media views detected,"Matching with the one who follows me everywhere🐾 The cutest twinning moment, sealed in silver✨  Use code SACHDEV15 for 15% off  ( Rakhi, Pet Rakhi, Furry Sibling, Pawfect Bond, Furever Sibling, rakhi 2026, Silver Rakhi, Gifts for Sister, Rakhi for Br"
103,Tier 3: Toggle OFF + Boosted,Palmonas,"Pan-India / Maharashtra (HQ: Pune, D2C)",@bahaar_art,0,4831860,7588,105,0.16%,0.00%,2026-07-25,https://www.instagram.com/p/DbN6QIrISSu/,🚀 Heavily Boosted (Paid Ad Spend): Paid media views detected,"Gen Z showing us how it’s done! I’d like to formally apologise to every gold and silver piece I insisted on keeping apart😬  We had a good run… the Palmonas x Tanya Ghavri Collection changed my mind😌✨  [Everyday luxury, Demi-fine jewellery, 18k gold v"
104,Tier 3: Toggle OFF + Boosted,GIVA Jewellery,"Pan-India / Karnataka (HQ: Bengaluru, D2C)",@avantikahundaal,0,3817296,3364,140,0.09%,0.00%,2026-07-24,https://www.instagram.com/p/DbLFfPHPHJ6/,🚀 Heavily Boosted (Paid Ad Spend): Paid media views detected,"The easiest way to stop your sister from stealing your jewellery? Gift her GIVA this Rakhi.   Use code BOND15 for 15% off  ( Rakhi, Pet Rakhi, Furry Sibling, Pawfect Bond, Furever Sibling, rakhi 2026, Silver Rakhi, Gifts for Sister, Rakhi for Brother"
105,Tier 3: Toggle OFF + Boosted,P. N. Gadgil Jewellers (PNG),Maharashtra (HQ: Pune),@mayurideshmukhofficialll,678257,3763845,5204,57,0.14%,0.78%,2026-03-07,https://www.instagram.com/p/DVlAMHcDVya/,"🚀 Heavily Boosted (Paid Ad Spend): High view count (3,763,845) with sub-0.35% like rate (0.14%)","Luxury shines in many forms like dazzling cities, masterful craftsmanship, and iconic creations. Yet some brilliance is truly timeless."
106,Tier 3: Toggle OFF + Boosted,Palmonas,"Pan-India / Maharashtra (HQ: Pune, D2C)",@tanghavri,0,3363008,2550,39,0.08%,0.00%,2026-07-20,https://www.instagram.com/p/DbBKL6JTNlE/,🚀 Heavily Boosted (Paid Ad Spend): Paid media views detected,"I’ve always believed jewellery is what brings an outfit to life. Now, I’ve turned that philosophy into a collection.  Presenting the Palmonas x Tanya Ghavri Collection, where every piece is designed exactly the way I love to style—layered, stacked, m"
107,Tier 3: Toggle OFF + Boosted,Palmonas,"Pan-India / Maharashtra (HQ: Pune, D2C)",@justjanvi,0,3077198,9952,55,0.32%,0.00%,2026-07-02,https://www.instagram.com/p/DaSlxg_ByQt/,🚀 Heavily Boosted (Paid Ad Spend): Paid media views detected,"Can’t promise I’ll make it to the gym, but I’ll always show up with good jewellery! 😌✨  [Everyday luxury, Demi-fine jewellery, 18k gold vermeil, Gold tone jewellery, Timeless, Buy Now, Elegance, Affordable luxury, Shop Now, Visit our jewellery store "
108,Tier 3: Toggle OFF + Boosted,GIVA Jewellery,"Pan-India / Karnataka (HQ: Bengaluru, D2C)",@_srihanna_,0,2972999,5508,56,0.19%,0.00%,2026-07-21,https://www.instagram.com/p/DbCbq0jIbnb/,🚀 Heavily Boosted (Paid Ad Spend): Paid media views detected,"Some sibling bonds come with wagging tails and endless cuddles. Celebrate your furever sibling this Rakhi 🐾   Use code SRI15 for 15% off  ( Rakhi, Pet Rakhi, Furry Sibling, Pawfect Bond, Furever Sibling, rakhi 2026, Silver Rakhi, Gifts for Sister, Ra"
109,Tier 3: Toggle OFF + Boosted,GIVA Jewellery,"Pan-India / Karnataka (HQ: Bengaluru, D2C)",@jiyasharmaa_,0,2817884,3348,101,0.12%,0.00%,2026-08-03,https://www.instagram.com/p/DblZpNoy1Pe/,🚀 Heavily Boosted (Paid Ad Spend): Paid media views detected,"No matter how much we grow, we’re always just partners in crime. Celebrate your forever bond, sealed in silver with GIVA. ✨  Use code JIYAA15 for 15% off  ( Rakhi, Pet Rakhi, Furry Sibling, Pawfect Bond, Furever Sibling, rakhi 2026, Silver Rakhi, Gif"
110,Tier 3: Toggle OFF + Boosted,GIVA Jewellery,"Pan-India / Karnataka (HQ: Bengaluru, D2C)",@jainmanya__,0,2730487,1630,20,0.06%,0.00%,2026-07-25,https://www.instagram.com/p/DbOB8pZqXvO/,🚀 Heavily Boosted (Paid Ad Spend): Paid media views detected,"This Raksha Bandhan, I’m gifting him a silver Rakhi and GIVA men’s silver jewellery he’ll actually wear every day.   Use code MANYAJ15 for 15% off  ( Rakhi, Pet Rakhi, rakhi 2026, Silver Rakhi, Gifts for Sister, Rakhi for Brother)  #AD #BondsSealedIn"
111,Tier 3: Toggle OFF + Boosted,Malabar Gold & Diamonds,Kerala (HQ: Kozhikode),@zoulbymalabar,24214,2396775,1570,26,0.07%,6.59%,2026-02-19,https://www.instagram.com/p/DU7nO6KiN5g/,"🚀 Heavily Boosted (Paid Ad Spend): High view count (2,396,775) with sub-0.35% like rate (0.07%)",Stacking isn’t extra. It’s essential.
112,Tier 3: Toggle OFF + Boosted,GIVA Jewellery,"Pan-India / Karnataka (HQ: Bengaluru, D2C)",@meenaaaall,0,2394856,1960,41,0.08%,0.00%,2026-07-29,https://www.instagram.com/p/DbYN5lSvVMt/,🚀 Heavily Boosted (Paid Ad Spend): Paid media views detected,"The best brothers know that the best gifts come from GIVA.  Use code  BOND15 for 15% off  ( Rakhi, rakhi 2026, Silver Rakhi, Gifts for Sister, Rakhi for Brother)  #AD #BondsSealedInSilver  #GIVAJewellery #FineSilverJewellery"
113,Tier 3: Toggle OFF + Boosted,GIVA Jewellery,"Pan-India / Karnataka (HQ: Bengaluru, D2C)",@seeratwaliaa,0,2304263,2063,34,0.09%,0.00%,2026-07-31,https://www.instagram.com/p/DbdRIqePUlp/,🚀 Heavily Boosted (Paid Ad Spend): Paid media views detected,"No celebration feels complete without the little protector💛 Matching charms for the most special bond this Raksha Bandhan!✨  Use code SEERAT15 for 15% off  ( Rakhi, Pet Rakhi, Furry Sibling, Pawfect Bond, Furever Sibling, rakhi 2026, Silver Rakhi, Gi"
114,Tier 3: Toggle OFF + Boosted,GIVA Jewellery,"Pan-India / Karnataka (HQ: Bengaluru, D2C)",@prackritipavani,0,2243914,3708,41,0.17%,0.00%,2026-07-24,https://www.instagram.com/p/DbLeHp8yuLD/,🚀 Heavily Boosted (Paid Ad Spend): Paid media views detected,"This Raksha Bandhan, choose a Rakhi that’s as timeless as your bond 🤍  🥁 Use code PRAKRITI15 for 15% off and get the perfect Rakhi for your sibling!   ( Rakhi, Pet Rakhi, Furry Sibling, Pawfect Bond, Furever Sibling, rakhi 2026, Silver Rakhi, Gifts f"
115,Tier 3: Toggle OFF + Boosted,GIVA Jewellery,"Pan-India / Karnataka (HQ: Bengaluru, D2C)",@hamidbarkzi07,0,2188566,2819,41,0.13%,0.00%,2026-08-11,https://www.instagram.com/p/Db5pf5JiKUQ/,🚀 Heavily Boosted (Paid Ad Spend): Paid media views detected,"From annoying each other over the smallest things to always having each other’s back that’s what makes this bond so special Make this Raksha Bandhan shine brighter in silver with @giva.co 🫶🏻  ( Rakhi, Pet Rakhi, Furry Sibling, Pawfect Bond, Furever S"
116,Tier 3: Toggle OFF + Boosted,Malabar Gold & Diamonds,Kerala (HQ: Kozhikode),@minediamondsbymalabar,5269,2107841,4780,28,0.23%,91.25%,2026-07-16,https://www.instagram.com/p/Da2re-uMFl6/,"🚀 Heavily Boosted (Paid Ad Spend): High view count (2,107,841) with sub-0.35% like rate (0.23%)","The elegance of nature, seen through organic forms."
117,Tier 3: Toggle OFF + Boosted,GIVA Jewellery,"Pan-India / Karnataka (HQ: Bengaluru, D2C)",@avantikaa.j,0,2032967,769,30,0.04%,0.00%,2026-07-14,https://www.instagram.com/p/Daw3p34TA5F/,🚀 Heavily Boosted (Paid Ad Spend): Paid media views detected,"The answer to every jewellery question✨  Use code AVANTIKA15 for 15% off  (GIVA jewellery, Silver jewellery, Fine silver Jewellery) #AD  #GIVAJewellery #StyleSealedInSilver #FineSilverJewellery"
118,Tier 3: Toggle OFF + Boosted,GIVA Jewellery,"Pan-India / Karnataka (HQ: Bengaluru, D2C)",@pranaypachauri,0,1966506,2476,202,0.13%,0.00%,2026-08-05,https://www.instagram.com/p/DbqJTg-tHHW/,🚀 Heavily Boosted (Paid Ad Spend): Paid media views detected,"Who does more for whom? We’ll let the comments decide.  Until then, our matching charms say it all🐾✨   Use code PRANAY15 for 15% off  ( Rakhi, Pet Rakhi, Furry Sibling, Pawfect Bond, Furever Sibling, rakhi 2026, Silver Rakhi, Gifts for Sister, Rakhi "
119,Tier 3: Toggle OFF + Boosted,GIVA Jewellery,"Pan-India / Karnataka (HQ: Bengaluru, D2C)",@raj_anadkat,0,1932400,2879,86,0.15%,0.00%,2026-08-08,https://www.instagram.com/p/DbxwDUHgDCP/,🚀 Heavily Boosted (Paid Ad Spend): Paid media views detected,"Bro-sis ke saath ek ghar mein 24x7? 😂 Jahan bhau-bhau bhi hai aur prem-bhau bhi! Aap rahoge? 👀🤣  This Rakhi, seal every fight with a silver rakhi and a silver surprise ❤️  Use code RAJ15  for 15% off ✨  ( Rakhi, Pet Rakhi, Furry Sibling, Pawfect Bond"
120,Tier 3: Toggle OFF + Boosted,GIVA Jewellery,"Pan-India / Karnataka (HQ: Bengaluru, D2C)",@devashishofficial9,0,1831461,3,38,0.00%,0.00%,2026-08-02,https://www.instagram.com/p/DbimPyjI6Xb/,🚀 Heavily Boosted (Paid Ad Spend): Paid media views detected,"From the beautifully packed gift box to the jewellery that she will treasure every day, GIVA understood the assignment.  Use code DEVASHISH15 to avail 15% off  ( Rakhi, Pet Rakhi, Furry Sibling, Pawfect Bond, Furever Sibling, rakhi 2026, Silver Rakhi"
121,Tier 3: Toggle OFF + Boosted,GIVA Jewellery,"Pan-India / Karnataka (HQ: Bengaluru, D2C)",@samruddhi_kori,0,1825916,3,12,0.00%,0.00%,2026-07-06,https://www.instagram.com/p/DaccUl_o8a9/,🚀 Heavily Boosted (Paid Ad Spend): Paid media views detected,"Once you wear silver like this, there’s no going back.  Use code CHRM15 for 15% off   (GIVA jewellery, Silver jewellery, Fine silver Jewellery)  #AD #StyleSealedInSilver #GIVAJewellery #FineSilverJewellery"
122,Tier 3: Toggle OFF + Boosted,GIVA Jewellery,"Pan-India / Karnataka (HQ: Bengaluru, D2C)",@anshuljr,0,1784077,3,86,0.00%,0.00%,2026-07-03,https://www.instagram.com/p/DaVO6oYJaKm/,🚀 Heavily Boosted (Paid Ad Spend): Paid media views detected,"Every winning look starts with the right accessories.  Use code  ANSHUL15 for 15% off  (Fine silver jewellery, FIFA World cup 2026, Rose gold jewellery, Everyday jewellery, Cool girl jewellery)   #GIVAMEN #StyleSealedInSilver #GIVAJewellery #FineSilv"
123,Tier 3: Toggle OFF + Boosted,GIVA Jewellery,"Pan-India / Karnataka (HQ: Bengaluru, D2C)",@pallakkshah,0,1764639,863,14,0.05%,0.00%,2026-07-28,https://www.instagram.com/p/DbVm3p_oyLP/,🚀 Heavily Boosted (Paid Ad Spend): Paid media views detected,"The coolest thing you’ll wear this season? Your anklet✨  Use code PALK15 for 15%off   (GIVA jewellery, Style sealed in silver, Silver jewellery, Fine silver jewellery)   #AD #StyleSealedInSilver #GIVAJewellery #FineSilverJewellery"
124,Tier 3: Toggle OFF + Boosted,Malabar Gold & Diamonds,Kerala (HQ: Kozhikode),@anmolbhatia_,1000307,1725158,5919,28,0.34%,0.59%,2026-06-27,https://www.instagram.com/p/DaF2pn-vBg_/,"🚀 Heavily Boosted (Paid Ad Spend): High view count (1,725,158) with sub-0.35% like rate (0.34%)","Some jewellery catches your eye, but the NUWA Collection by @minediamondsbymalabar makes you stop and look closer. ✨"
125,Tier 3: Toggle OFF + Boosted,P. N. Gadgil Jewellers (PNG),Maharashtra (HQ: Pune),@thegulabigirl,352874,1673043,5207,61,0.31%,1.49%,2026-07-15,https://www.instagram.com/p/Da0YrXqtjld/,"🚀 Heavily Boosted (Paid Ad Spend): High view count (1,673,043) with sub-0.35% like rate (0.31%)",Some promises are spoken. The most meaningful ones are simply lived. Celebrate every chapter of your journey with premium Platinum Love Bands at PNG J
126,Tier 3: Toggle OFF + Boosted,GIVA Jewellery,"Pan-India / Karnataka (HQ: Bengaluru, D2C)",@ayushmaansaxena,0,1634417,1847,43,0.11%,0.00%,2026-08-16,https://www.instagram.com/p/DcGWWJeyTCO/,🚀 Heavily Boosted (Paid Ad Spend): Paid media views detected,"I was gonna buy a gift for my sister… so obviously, I got one for myself too.   ( Rakhi, Pet Rakhi, Furry Sibling, Pawfect Bond, Furever Sibling, rakhi 2026, Silver Rakhi, Gifts for Sister, Rakhi for Brother, Rakhi for pets)  #AD #BondsSealedInSilver"
127,Tier 3: Toggle OFF + Boosted,BlueStone,"Pan-India / Karnataka (HQ: Bengaluru, D2C)",@tanyaaak___,353274,1464854,3303,74,0.23%,0.96%,2026-02-12,https://www.instagram.com/p/DUqUWZ_kxvZ/,"🚀 Heavily Boosted (Paid Ad Spend): High view count (1,464,854) with sub-0.35% like rate (0.23%)",BlueStone turned our date into our most special memory 💍✨
128,Tier 3: Toggle OFF + Boosted,Malabar Gold & Diamonds,Kerala (HQ: Kozhikode),@zoulbymalabar,24214,1438201,3756,94,0.26%,15.90%,2026-03-09,https://www.instagram.com/p/DVpu1u1CMFu/,"🚀 Heavily Boosted (Paid Ad Spend): High view count (1,438,201) with sub-0.35% like rate (0.26%)",Pick your colour.
129,Tier 3: Toggle OFF + Boosted,GIVA Jewellery,"Pan-India / Karnataka (HQ: Bengaluru, D2C)",@debaanjalii,0,1433339,735,19,0.05%,0.00%,2026-08-12,https://www.instagram.com/p/Db8LkqdvH3N/,🚀 Heavily Boosted (Paid Ad Spend): Paid media views detected,"My brother was extra thoughtful this time,  looks like he finally understood the Rakhi gifting assignment. 😌  (Rakhi, Rakhi 2026, Silver Rakhi, Gifts for Sister, Rakhi for Brother)  #AD #BondsSealedInSilver #FureverSibling #GIVAJewellery #FineSilverJ"
130,Tier 3: Toggle OFF + Boosted,Palmonas,"Pan-India / Maharashtra (HQ: Pune, D2C)",@rushaliyadavofc,0,1431592,1114,24,0.08%,0.00%,2026-08-06,https://www.instagram.com/p/Dbss29cBhIL/,🚀 Heavily Boosted (Paid Ad Spend): Paid media views detected,"Exploring’s more fun when your favourite someone is Palmonas.🏝️ Because life’s too short for boring plus ones.🩷💫  [Everyday luxury, Demi-fine jewellery, 18k gold vermeil, Gold tone jewellery, Timeless, Buy Now, Elegance, Affordable luxury, Shop Now, "
131,Tier 3: Toggle OFF + Boosted,Khimji Jewellers,Odisha (HQ: Bhubaneswar),@shanaya_dash,146802,1328197,2142,18,0.16%,1.47%,2026-06-12,https://www.instagram.com/p/DZfTruxowns/,"🚀 Heavily Boosted (Paid Ad Spend): High view count (1,328,197) with sub-0.35% like rate (0.16%)",Raja feels even more special when every step shines ✨💖
132,Tier 3: Toggle OFF + Boosted,Malabar Gold & Diamonds,Kerala (HQ: Kozhikode),@minediamondsbymalabar,5269,1325264,1861,20,0.14%,35.70%,2026-07-21,https://www.instagram.com/p/DbDjlcLsH5p/,"🚀 Heavily Boosted (Paid Ad Spend): High view count (1,325,264) with sub-0.35% like rate (0.14%)","The elegance of nature, reflected in every detail."
133,Tier 3: Toggle OFF + Boosted,GIVA Jewellery,"Pan-India / Karnataka (HQ: Bengaluru, D2C)",@bhanvi.malhotra,0,1227661,376,16,0.03%,0.00%,2026-07-27,https://www.instagram.com/p/DbTDtEAK0ll/,🚀 Heavily Boosted (Paid Ad Spend): Paid media views detected,"The brother package is standard. The Silver Rakhi is the upgrade. 😉  Use code HUG15 for 15% off  ( Rakhi, Pet Rakhi, Furry Sibling, Pawfect Bond, Furever Sibling, rakhi 2026, Silver Rakhi, Gifts for Sister, Rakhi for Brother, Rakhi for pets)  #AD #Bo"
134,Tier 3: Toggle OFF + Boosted,GIVA Jewellery,"Pan-India / Karnataka (HQ: Bengaluru, D2C)",@agranisinghh,0,1134536,3,18,0.00%,0.00%,2026-07-09,https://www.instagram.com/p/Dakqe26TBnx/,🚀 Heavily Boosted (Paid Ad Spend): Paid media views detected,"Turn forgotten jewellery into your next GIVA obsession.✨  Use code  AGRANI15  for 15% off  (GIVA jewellery, GIVA jewellery exchange fest, Silver jewellery, Fine silver Jewellery)  #AD #ArtificialDoSilverLo #GIVAJewelleryExchangeFestIsBack #GIVAJewell"
135,Tier 3: Toggle OFF + Boosted,Palmonas,"Pan-India / Maharashtra (HQ: Pune, D2C)",@muskaanmohnott,0,1080958,2265,38,0.21%,0.00%,2026-08-20,https://www.instagram.com/p/DcQFZMrs9be/,🚀 Heavily Boosted (Paid Ad Spend): Paid media views detected,"My brother really woke up and chose violence. 🙄 But luckily, he knew exactly how to make peace, with Palmonas! 🌻✨  [Its A Tie, Rakshabandhan, Everyday luxury, Demi-fine jewellery, 18k gold vermeil, Gold tone jewellery, Timeless, Shraddha Kapoor Jewel"
136,Tier 3: Toggle OFF + Boosted,P. N. Gadgil Jewellers (PNG),Maharashtra (HQ: Pune),@rinee_19_,42986,1052178,1232,30,0.12%,2.94%,2026-07-13,https://www.instagram.com/p/DavCLhtBwWe/,"🚀 Heavily Boosted (Paid Ad Spend): High view count (1,052,178) with sub-0.35% like rate (0.12%)","Found my newest obsession... and yes, it’s natural. 💙✨"
137,Tier 3: Toggle OFF + Boosted,GIVA Jewellery,"Pan-India / Karnataka (HQ: Bengaluru, D2C)",@eshaanduggal,0,1023274,1806,20,0.18%,0.00%,2026-08-19,https://www.instagram.com/p/DcOOhnKvLLY/,🚀 Heavily Boosted (Paid Ad Spend): Paid media views detected,"Last-minute purchase? We prefer to call it ✨perfect timing✨.  ( Rakhi, GIVA silver rakhi,  Furever Sibling, rakhi 2026, Silver Rakhi, Gifts for Sister, Rakhi for Brother)  #AD #BondsSealedInSilver #FureverSibling #GIVAJewellery #finesilverjewellery"
138,Tier 3: Toggle OFF + Boosted,GIVA Jewellery,"Pan-India / Karnataka (HQ: Bengaluru, D2C)",@parika_saini,0,977124,3,22,0.00%,0.00%,2026-07-12,https://www.instagram.com/p/Dar6rCuie2m/,🚀 Heavily Boosted (Paid Ad Spend): Paid media views detected,"Not gatekeeping this one 🤍  Turn your old jewellery into ₹500 vouchers per piece at GIVA ✨  Use code STEP15 for 15% off . . . (GIVA jewellery, GIVA jewellery exchange fest, Silver jewellery, Fine silver Jewellery) #AD #ArtificialDoSilverLo #GIVAJewel"
139,Tier 3: Toggle OFF + Boosted,Palmonas,"Pan-India / Maharashtra (HQ: Pune, D2C)",@apeksha_porwal,0,974806,2779,68,0.29%,0.00%,2026-07-13,https://www.instagram.com/p/Dau66G0NiFL/,🚀 Heavily Boosted (Paid Ad Spend): Paid media views detected,"I’ve always had a heart for beautiful things... 💌✨ The kind you keep coming back to, the kind that becomes a part of you... And Palmonas is one of them!🪻💫  [Everyday luxury, Demi-fine jewellery, 18k gold vermeil, Gold tone jewellery, Timeless, Buy No"
140,Tier 3: Toggle OFF + Boosted,Kalamandir Jewellers,Gujarat (HQ: Surat),@mommyadventures_with_raahat,568051,967228,3,118,0.00%,0.02%,2026-08-19,https://www.instagram.com/p/DcOJSTuM_uT/,"🚀 Heavily Boosted (Paid Ad Spend): High view count (967,228) with sub-0.35% like rate (0.0%)","Vadodara, the wait is finally over! ✨"
141,Tier 3: Toggle OFF + Boosted,Malabar Gold & Diamonds,Kerala (HQ: Kozhikode),@minediamondsbymalabar,5269,913865,1103,19,0.12%,21.29%,2026-07-01,https://www.instagram.com/p/DaP_PBAMSq-/,"🚀 Heavily Boosted (Paid Ad Spend): High view count (913,865) with sub-0.35% like rate (0.12%)",For moments that deserve something extraordinary.
142,Tier 3: Toggle OFF + Boosted,P. C. Chandra Jewellers,West Bengal (HQ: Kolkata),@feverfmofficial,179958,901290,443,3,0.05%,0.25%,2026-02-11,https://www.instagram.com/p/DUnatDCDJh2/,"🚀 Heavily Boosted (Paid Ad Spend): High view count (901,290) with sub-0.35% like rate (0.05%)",When the mic goes live and the showroom lights up ✨🎙️
143,Tier 3: Toggle OFF + Boosted,B.C. Sen Jewellers,India,@theamistory,588,864847,3722,28,0.43%,637.76%,2026-02-10,https://www.instagram.com/p/DUlNS8YgUhU/,🚀 Boosted (Paid Ad Spend): High view multiplier (1470.83x followers) with low engagement rate (0.43%),"‘ami’ - Before Anything Else — learning to pause, to listen, and to choose your own heart with kindness."
144,Tier 3: Toggle OFF + Boosted,Malabar Gold & Diamonds,Kerala (HQ: Kozhikode),@minediamondsbymalabar,5269,862374,936,11,0.11%,17.97%,2026-07-13,https://www.instagram.com/p/DavFa5NJxIv/,"🚀 Heavily Boosted (Paid Ad Spend): High view count (862,374) with sub-0.35% like rate (0.11%)",Nature’s most remarkable patterns never go unnoticed.​
145,Tier 3: Toggle OFF + Boosted,GRT Jewellers,Tamil Nadu (HQ: Chennai),@ramyasub,1305269,812849,1366,26,0.17%,0.11%,2026-05-09,https://www.instagram.com/p/DYG8avNuikn/,"🚀 Heavily Boosted (Paid Ad Spend): High view count (812,849) with sub-0.35% like rate (0.17%)","Moms know everything about us, but do we know them just as well? 🤔"
146,Tier 3: Toggle OFF + Boosted,Malabar Gold & Diamonds,Kerala (HQ: Kozhikode),@minediamondsbymalabar,5269,811560,1543,17,0.19%,29.61%,2026-07-08,https://www.instagram.com/p/DaiGUR5M9pF/,"🚀 Heavily Boosted (Paid Ad Spend): High view count (811,560) with sub-0.35% like rate (0.19%)",Elegance lies in the details.
147,Tier 3: Toggle OFF + Boosted,Malabar Gold & Diamonds,Kerala (HQ: Kozhikode),@minediamondsbymalabar,5269,805384,1328,8,0.16%,25.36%,2026-07-06,https://www.instagram.com/p/Dac6vQXMXlE/,"🚀 Heavily Boosted (Paid Ad Spend): High view count (805,384) with sub-0.35% like rate (0.16%)",Precision has never looked so beautiful.​
148,Tier 3: Toggle OFF + Boosted,Malabar Gold & Diamonds,Kerala (HQ: Kozhikode),@zoulbymalabar,24214,770234,823,28,0.11%,3.51%,2026-03-03,https://www.instagram.com/p/DVaR4KKDN1E/,"🚀 Heavily Boosted (Paid Ad Spend): High view count (770,234) with sub-0.35% like rate (0.11%)",Warning:
149,Tier 3: Toggle OFF + Boosted,Sri Jagdamba Pearls,Telangana (HQ: Hyderabad),@jagdambapearlsstore,38063,764856,915,11,0.12%,2.43%,2026-02-11,https://www.instagram.com/p/DUm5qHKk5he/,"🚀 Heavily Boosted (Paid Ad Spend): High view count (764,856) with sub-0.35% like rate (0.12%)",✨ Something truly special awaits you from Sri Jagdamba Pearls✨
150,Tier 3: Toggle OFF + Boosted,GIVA Jewellery,"Pan-India / Karnataka (HQ: Bengaluru, D2C)",@thatpinterestgirl.__,0,758963,877,47,0.12%,0.00%,2026-07-30,https://www.instagram.com/p/DbahdoRt-Xv/,🚀 Heavily Boosted (Paid Ad Spend): Paid media views detected,"These are the kind of rakhis you’ll want to hold on to, year after year.   Use code SANJEEVANI15 for 15% off  ( Rakhi, Pet Rakhi, Furry Sibling, Pawfect Bond, Furever Sibling, rakhi 2026, Silver Rakhi, Gifts for Sister, Rakhi for Brother, Rakhi for p"
151,Tier 3: Toggle OFF + Boosted,B.C. Sen Jewellers,India,@theamistory,588,748992,1439,15,0.19%,247.28%,2026-02-11,https://www.instagram.com/p/DUnwwiDAReT/,"🚀 Heavily Boosted (Paid Ad Spend): High view count (748,992) with sub-0.35% like rate (0.19%)",Love yourself first. Choose with clarity and trust your own heart with kindness.
152,Tier 3: Toggle OFF + Boosted,Malabar Gold & Diamonds,Kerala (HQ: Kozhikode),@zoulbymalabar,24214,710117,456,3,0.06%,1.90%,2026-03-26,https://www.instagram.com/p/DWV_8qZCLbs/,"🚀 Heavily Boosted (Paid Ad Spend): High view count (710,117) with sub-0.35% like rate (0.06%)",Fill it up. All of it.
153,Tier 3: Toggle OFF + Boosted,Sri Jagdamba Pearls,Telangana (HQ: Hyderabad),@jagdambapearlsstore,38063,687045,947,15,0.14%,2.53%,2026-07-13,https://www.instagram.com/p/DauQBVOizdB/,"🚀 Heavily Boosted (Paid Ad Spend): High view count (687,045) with sub-0.35% like rate (0.14%)",Dr.AS Rao Nagar Store
154,Tier 3: Toggle OFF + Boosted,Sri Jagdamba Pearls,Telangana (HQ: Hyderabad),@jagdambapearlsstore,38063,678623,996,8,0.15%,2.64%,2026-06-19,https://www.instagram.com/p/DZwXId9x0mS/,"🚀 Heavily Boosted (Paid Ad Spend): High view count (678,623) with sub-0.35% like rate (0.15%)",Visit our store in lulu mall Bangalore ❤️
155,Tier 3: Toggle OFF + Boosted,Malabar Gold & Diamonds,Kerala (HQ: Kozhikode),@zoulbymalabar,24214,661411,408,3,0.06%,1.70%,2026-03-14,https://www.instagram.com/p/DV2mmS9slkv/,"🚀 Heavily Boosted (Paid Ad Spend): High view count (661,411) with sub-0.35% like rate (0.06%)",Swipe. Switch. Repeat.
156,Tier 3: Toggle OFF + Boosted,Palmonas,"Pan-India / Maharashtra (HQ: Pune, D2C)",@drishti_kharbanda,0,651053,3,24,0.00%,0.00%,2026-07-27,https://www.instagram.com/p/DbS823WJwYB/,🚀 Heavily Boosted (Paid Ad Spend): Paid media views detected,"I mean... it’s a win-win! 🤭 She gets to be late, I get to romanticise getting ready, a little longer, with Palmonas! 😌✨  [Everyday luxury, Demi-fine jewellery, 18k gold vermeil, Gold tone jewellery, Timeless, Buy Now, Elegance, Affordable luxury, Sho"
157,Tier 3: Toggle OFF + Boosted,Malabar Gold & Diamonds,Kerala (HQ: Kozhikode),@zoulbymalabar,24214,649444,262,0,0.04%,1.08%,2026-03-21,https://www.instagram.com/p/DWJB6JsCFXJ/,"🚀 Heavily Boosted (Paid Ad Spend): High view count (649,444) with sub-0.35% like rate (0.04%)",POV: Even AI picked your jewellery.
158,Tier 3: Toggle OFF + Boosted,Anopchand Tilokchand (AT Jewell,Chhattisgarh (HQ: Raipur),@atjewellersbhilai,1480,602989,1206,3,0.20%,81.69%,2026-07-11,https://www.instagram.com/p/Dao_Bm_sA9s/,"🚀 Heavily Boosted (Paid Ad Spend): High view count (602,989) with sub-0.35% like rate (0.2%)",*A Heartfelt Thank You!* ❤️✨
159,Tier 3: Toggle OFF + Boosted,B.C. Sen Jewellers,India,@theamistory,588,497806,923,2,0.19%,157.31%,2026-02-16,https://www.instagram.com/p/DU0qLP3gf2K/,🚀 Boosted (Paid Ad Spend): High view multiplier (846.61x followers) with low engagement rate (0.19%),"A symbol of becoming, crafted for the woman who chose herself."
160,Tier 3: Toggle OFF + Boosted,Malabar Gold & Diamonds,Kerala (HQ: Kozhikode),@zoulbymalabar,24214,450073,2065,93,0.46%,8.91%,2026-03-11,https://www.instagram.com/p/DVu-uEaiLmh/,🚀 Boosted (Paid Ad Spend): High view multiplier (18.59x followers) with low engagement rate (0.46%),A ring for every move she is about to make.
161,Tier 3: Toggle OFF + Boosted,BlueStone,"Pan-India / Karnataka (HQ: Bengaluru, D2C)",@muskaan.2602,82555,431602,1594,36,0.37%,1.97%,2026-05-18,https://www.instagram.com/p/DYe5iZzp3oa/,"🔍 Likely Boosted (Targeted Ad): Disproportionate views (431,602) relative to likes (1,594)",Adorned by him in @bluestone_jewellery elegance. ✨🧿
162,Tier 3: Toggle OFF + Boosted,Malabar Gold & Diamonds,Kerala (HQ: Kozhikode),@minediamondsbymalabar,5269,431447,1222,26,0.28%,23.69%,2026-07-03,https://www.instagram.com/p/DaVRGKGMrDb/,🚀 Boosted (Paid Ad Spend): High view multiplier (81.88x followers) with low engagement rate (0.28%),"The language of the Earth, translated into fine jewellery.​"
163,Tier 3: Toggle OFF + Boosted,DP Abhushan (DP Jewellers),Madhya Pradesh (HQ: Ratlam),@amourabydp,4297,430876,773,2,0.18%,18.04%,2026-02-16,https://www.instagram.com/p/DU0IHEHCfOQ/,🚀 Boosted (Paid Ad Spend): High view multiplier (100.27x followers) with low engagement rate (0.18%),"Every girl carries strength, softness, ambition, and grace all at once. 💎"
164,Tier 3: Toggle OFF + Boosted,Malabar Gold & Diamonds,Kerala (HQ: Kozhikode),@zoulbymalabar,24214,397646,1356,162,0.34%,6.27%,2026-03-02,https://www.instagram.com/p/DVYPZ7pCM9s/,🚀 Boosted (Paid Ad Spend): High view multiplier (16.42x followers) with low engagement rate (0.34%),Every Layer that matches your every mood.
165,Tier 3: Toggle OFF + Boosted,Malabar Gold & Diamonds,Kerala (HQ: Kozhikode),@minediamondsbymalabar,5269,364229,1006,8,0.28%,19.24%,2026-07-09,https://www.instagram.com/p/Dakuz84sw5U/,🚀 Boosted (Paid Ad Spend): High view multiplier (69.13x followers) with low engagement rate (0.28%),Every detail moves with purpose.
166,Tier 3: Toggle OFF + Boosted,Sri Jagdamba Pearls,Telangana (HQ: Hyderabad),@hom_epreneur,100936,360226,1934,298,0.54%,2.21%,2026-04-16,https://www.instagram.com/p/DXMfpOlkUU9/,"🔍 Likely Boosted (Targeted Ad): Disproportionate views (360,226) relative to likes (1,934)",Auspicious beginnings start here ✨
167,Tier 3: Toggle OFF + Boosted,B.C. Sen Jewellers,India,@theamistory,588,243318,786,0,0.32%,133.67%,2026-02-21,https://www.instagram.com/p/DVBgygTAYH1/,🚀 Boosted (Paid Ad Spend): High view multiplier (413.81x followers) with low engagement rate (0.32%),Her favourite love story?
168,Tier 3: Toggle OFF + Boosted,Malabar Gold & Diamonds,Kerala (HQ: Kozhikode),@minediamondsbymalabar,5269,180988,437,13,0.24%,8.54%,2026-07-18,https://www.instagram.com/p/Da72st9MXYh/,🚀 Boosted (Paid Ad Spend): High view multiplier (34.35x followers) with low engagement rate (0.24%),A pattern that never stands still.
169,Tier 3: Toggle OFF + Boosted,Malabar Gold & Diamonds,Kerala (HQ: Kozhikode),@minediamondsbymalabar,5269,178250,608,6,0.34%,11.65%,2026-07-15,https://www.instagram.com/p/Da0PyG3sNDo/,🚀 Boosted (Paid Ad Spend): High view multiplier (33.83x followers) with low engagement rate (0.34%),There’s a certain fascination in things that move with precision.
170,Tier 3: Toggle OFF + Boosted,Malabar Gold & Diamonds,Kerala (HQ: Kozhikode),@minediamondsbymalabar,5269,163801,677,17,0.41%,13.17%,2026-07-12,https://www.instagram.com/p/DasYwOFsWJm/,🚀 Boosted (Paid Ad Spend): High view multiplier (31.09x followers) with low engagement rate (0.41%),"Enchanting details, timeless allure."
171,Tier 3: Toggle OFF + Boosted,Malabar Gold & Diamonds,Kerala (HQ: Kozhikode),@minediamondsbymalabar,5269,152640,529,36,0.35%,10.72%,2026-07-17,https://www.instagram.com/p/Da5UjghMx6F/,🚀 Boosted (Paid Ad Spend): High view multiplier (28.97x followers) with low engagement rate (0.35%),Poised in every detail.​
172,Tier 3: Toggle OFF + Boosted,Malabar Gold & Diamonds,Kerala (HQ: Kozhikode),@minediamondsbymalabar,5269,140394,750,24,0.53%,14.69%,2026-07-19,https://www.instagram.com/p/Da-dGwJM1_9/,🚀 Boosted (Paid Ad Spend): High view multiplier (26.65x followers) with low engagement rate (0.53%),Drawn from the Earth’s finest details.​
173,Tier 3: Toggle OFF + Boosted,Malabar Gold & Diamonds,Kerala (HQ: Kozhikode),@minediamondsbymalabar,5269,133493,712,1215,0.53%,36.57%,2026-07-14,https://www.instagram.com/p/Daxj9JoMxie/,🚀 Boosted (Paid Ad Spend): High view multiplier (25.34x followers) with low engagement rate (0.53%),A masterpiece hidden within the symmetry of honeycomb.💎
174,Tier 3: Toggle OFF + Boosted,Malabar Gold & Diamonds,Kerala (HQ: Kozhikode),@minediamondsbymalabar,5269,111456,638,24,0.57%,12.56%,2026-07-05,https://www.instagram.com/p/DaaV8wls9O3/,🚀 Boosted (Paid Ad Spend): High view multiplier (21.15x followers) with low engagement rate (0.57%),A statement in every detail.
175,Tier 3: Toggle OFF + Boosted,Anopchand Tilokchand (AT Jewell,Chhattisgarh (HQ: Raipur),@atjewellersbhilai,1480,90395,542,3,0.60%,36.82%,2026-06-19,https://www.instagram.com/p/DZx0Aq2ghKz/,🚀 Boosted (Paid Ad Spend): High view multiplier (61.08x followers) with low engagement rate (0.6%),"Bhilai, you have truly overwhelmed us with your love! ❤️"
176,Tier 3: Toggle OFF + Boosted,DP Abhushan (DP Jewellers),Madhya Pradesh (HQ: Ratlam),@amourabydp,4297,71648,158,2,0.22%,3.72%,2026-02-13,https://www.instagram.com/p/DUtGqq2Cfty/,🚀 Boosted (Paid Ad Spend): High view multiplier (16.67x followers) with low engagement rate (0.22%),"For the late-night talks, shared dreams, and lifelong memories 🥂"
177,Tier 3: Toggle OFF + Boosted,Mor Jewellers,India,@glamera.warda,471,24224,142,0,0.59%,30.15%,2026-04-04,https://www.instagram.com/p/DWua7V2CMDa/,🚀 Boosted (Paid Ad Spend): High view multiplier (51.43x followers) with low engagement rate (0.59%),"“Soft glam, timeless elegance ✨"
178,Tier 3: Toggle OFF + Boosted,Mor Jewellers,India,@makeupstudiobyzarnish,1561,13964,3,29,0.02%,2.05%,2026-03-06,https://www.instagram.com/p/DVi9_4CjS0P/,🚀 Boosted (Paid Ad Spend): High view multiplier (8.95x followers) with low engagement rate (0.02%),Gorgeous @thesaniahmed in our signature glam fusion look ✨
179,Tier 3: Toggle OFF + Boosted,Anopchand Tilokchand (AT Jewell,Chhattisgarh (HQ: Raipur),@rotary.bhilai,300,4533,18,0,0.40%,6.00%,2026-07-22,https://www.instagram.com/p/DbFdB9RTd2v/,🚀 Boosted (Paid Ad Spend): High view multiplier (15.11x followers) with low engagement rate (0.4%),Dori is proud to be associated with @atjewellers
180,Tier 4: Toggle OFF + Organic (Noise),GRT Jewellers,Tamil Nadu (HQ: Chennai),@rashwin99,5326813,18856557,429786,134,2.28%,8.07%,2026-06-06,https://www.instagram.com/p/DZPtsIdC9jP/,"⚪ Standard Organic: Normal organic engagement curve (2.28% like rate, 3.54x reach)","In cricket and in life, I’ve always believed in letting my performance do the talking. My choice in jewellery is exactly the same. I prefer accessorie"
181,Tier 4: Toggle OFF + Organic (Noise),GRT Jewellers,Tamil Nadu (HQ: Chennai),@jananihere_,1229538,17631641,249943,368,1.42%,20.36%,2026-04-03,https://www.instagram.com/p/DWqAHoygnkH/,"⚪ Standard Organic: Normal organic engagement curve (1.42% like rate, 14.34x reach)","Roshan and I chose GRT Jewellers for our Muhurtham, marking the beautiful start of our journey as husband and wife. It was such an auspicious moment w"
182,Tier 4: Toggle OFF + Organic (Noise),Palmonas,"Pan-India / Maharashtra (HQ: Pune, D2C)",@sadiaakhateeb,0,13323800,56170,453,0.42%,0.00%,2026-06-12,https://www.instagram.com/p/DZfCL4BN4qw/,⚪ Standard Organic: Standard organic reach,"The reason Palmonas earned a permanent spot in my jewellery rotation is pretty simple. 😌  ✨ Tarnish-resistant ✨ Hypoallergenic & sensitive-skin friendly ✨ Effortlessly elevates every look ✨ Made to be worn on repeat  Safe to say, this is one casting "
183,Tier 4: Toggle OFF + Organic (Noise),Palmonas,"Pan-India / Maharashtra (HQ: Pune, D2C)",@shraddhakapoor,0,11358842,184753,2290,1.63%,0.00%,2026-08-14,https://www.instagram.com/p/DcBhYpbIn7v/,⚪ Standard Organic: Standard organic reach,Kanjoos bhaiyon ke liye good news laayi hoon
184,Tier 4: Toggle OFF + Organic (Noise),GIVA Jewellery,"Pan-India / Karnataka (HQ: Bengaluru, D2C)",@thatcutestthing,0,8553228,497545,1306,5.82%,0.00%,2026-08-09,https://www.instagram.com/p/Db0qy-OPbcC/,⚪ Standard Organic: Standard organic reach,"A little Raksha, a lot of Bandhan, and cutest silver rakhi✨  ( Rakhi, Pet Rakhi, Furry Sibling, Pawfect Bond, Furever Sibling, rakhi 2026, Silver Rakhi, Gifts for Sister, Rakhi for Brother, Rakhi for pets)  #AD #bondssealedinsilver #fureversibling #g"
185,Tier 4: Toggle OFF + Organic (Noise),GIVA Jewellery,"Pan-India / Karnataka (HQ: Bengaluru, D2C)",@priyankachaharchoudhary,0,8011612,197858,1561,2.47%,0.00%,2026-08-07,https://www.instagram.com/p/DbvTjpnKFe0/,⚪ Standard Organic: Standard organic reach,"My brother actually read my GIVA Wishlist and acted on it  Use code PRIYANKA15 for 15% off  ( Rakhi, Pet Rakhi, Furry Sibling, Pawfect Bond, Furever Sibling, rakhi 2026, Silver Rakhi, Gifts for Sister, Rakhi for Brother, Rakhi for pets)  #AD #BondsSe"
186,Tier 4: Toggle OFF + Organic (Noise),GRT Jewellers,Tamil Nadu (HQ: Chennai),@prithinarayanan,207122,6272699,202041,106,3.22%,97.60%,2026-05-28,https://www.instagram.com/p/DY4dm7XTFkk/,"📈 Viral Organic Reach: High organic views (6,272,699) accompanied by strong like rate (3.22%)",Get ready with me! ✨
187,Tier 4: Toggle OFF + Organic (Noise),GIVA Jewellery,"Pan-India / Karnataka (HQ: Bengaluru, D2C)",@palaksindhwani,0,4566495,42171,428,0.92%,0.00%,2026-08-12,https://www.instagram.com/p/Db8HO0PSDnH/,⚪ Standard Organic: Standard organic reach,"I picked silver. Because he deserves a rakhi and gift that lasts. ❤️  ( Rakhi, rakhi 2026, Silver Rakhi, Gifts for Sister, Rakhi for Brother)  #AD #BondsSealedInSilver #GIVAJewellery #FineSilverJewellery"
188,Tier 4: Toggle OFF + Organic (Noise),Palmonas,"Pan-India / Maharashtra (HQ: Pune, D2C)",@ashnoorkaur,0,3645808,110779,579,3.04%,0.00%,2026-08-18,https://www.instagram.com/p/DcLjiR-s4WM/,⚪ Standard Organic: Standard organic reach,"When the director said “cut,” we clearly didn’t get the memo! 🤭 Ten years later, the bond and banter are still alive, and this Rakhi, Palmonas gave us another reason to celebrate it! 💖✨  [Its A Tie, Rakshabandhan, Everyday luxury, Demi-fine jewellery"
189,Tier 4: Toggle OFF + Organic (Noise),Prince Jewellery,Tamil Nadu (HQ: Chennai),@nimma_smr,1149110,3630923,133691,125,3.68%,11.65%,2026-06-14,https://www.instagram.com/p/DZjj7JHRfmr/,"⚪ Standard Organic: Normal organic engagement curve (3.68% like rate, 3.16x reach)",👀 Nimma maneyalli iruva old gold-ge iga innu hecchu value! ✨
190,Tier 4: Toggle OFF + Organic (Noise),Malabar Gold & Diamonds,Kerala (HQ: Kozhikode),@prarthana.behere,2742071,3414443,16748,65,0.49%,0.61%,2026-05-12,https://www.instagram.com/p/DYOizLKsjXm/,"⚪ Standard Organic: Normal organic engagement curve (0.49% like rate, 1.25x reach)",परंपरा आणि भक्तीचा 'अधिक मास'! 🌸 या निमित्ताने @malabargoldanddiamonds मध्ये केलेली छोटीशी खरेदी.
191,Tier 4: Toggle OFF + Organic (Noise),GIVA Jewellery,"Pan-India / Karnataka (HQ: Bengaluru, D2C)",@rashi.real,0,2839483,21408,119,0.75%,0.00%,2026-08-06,https://www.instagram.com/p/DbsuFEbyrKJ/,⚪ Standard Organic: Standard organic reach,"Made for the moments you’ll look back on with a smile. Gift silver. Celebrate forever.  Use code RAASHI15 for 15% off  ( Rakhi, Pet Rakhi, Furry Sibling, Pawfect Bond, Furever Sibling, rakhi 2026, Silver Rakhi, Gifts for Sister, Rakhi for Brother, Ra"
192,Tier 4: Toggle OFF + Organic (Noise),Palmonas,"Pan-India / Maharashtra (HQ: Pune, D2C)",@komalsinghh___,0,2769236,11256,71,0.41%,0.00%,2026-07-04,https://www.instagram.com/p/DaXaxkGATiV/,⚪ Standard Organic: Standard organic reach,"Turns out, Palmonas is just as much of a beach baby as I am! 🌊🤍🐚  [Everyday luxury, Demi-fine jewellery, 18k gold vermeil, Gold tone jewellery, Timeless, Buy Now, Elegance, Affordable luxury, Shop Now, Visit our jewellery store near you, Palmonas]  #"
193,Tier 4: Toggle OFF + Organic (Noise),Palmonas,"Pan-India / Maharashtra (HQ: Pune, D2C)",@shinydoshi15,0,2511247,39901,363,1.59%,0.00%,2026-08-19,https://www.instagram.com/p/DcOLwVdo-Fp/,⚪ Standard Organic: Standard organic reach,"If roasting your sibling is a sport, my brother and I are pros! 🤭 But somewhere between the chaos, there’s always a little love, which was shared with Palmonas this Rakhi! 🌻😌✨   [Its A Tie, Rakshabandhan, Everyday luxury, Demi-fine jewellery, 18k gol"
194,Tier 4: Toggle OFF + Organic (Noise),GIVA Jewellery,"Pan-India / Karnataka (HQ: Bengaluru, D2C)",@iyogitabihani,0,2498497,11005,111,0.44%,0.00%,2026-08-10,https://www.instagram.com/p/Db3BmRuJ0jN/,⚪ Standard Organic: Standard organic reach,"He understands my GIVA wishlist which makes him a 10/10 brother. ♥️  (Rakhi, rakhi 2026, Silver Rakhi, Gifts for Sister, Rakhi for Brother)  #AD #BondsSealedInSilver  #GIVAJewellery #FineSilverJewellery"
195,Tier 4: Toggle OFF + Organic (Noise),GIVA Jewellery,"Pan-India / Karnataka (HQ: Bengaluru, D2C)",@nisha_ravikrishnanoffl_,0,2205571,10435,65,0.47%,0.00%,2026-08-04,https://www.instagram.com/p/DbnRqp4SswA/,⚪ Standard Organic: Standard organic reach,"Matching charms. Endless cuddles.  Some bonds deserve to be worn forever  Use code  NISHAR15 for 15% off  ( Rakhi, Pet Rakhi, Furry Sibling, Pawfect Bond, Furever Sibling, rakhi 2026, Silver Rakhi, Gifts for Sister, Rakhi for Brother, Rakhi for pets)"
196,Tier 4: Toggle OFF + Organic (Noise),P. C. Chandra Jewellers,West Bengal (HQ: Kolkata),@smrutiandonkar,809178,2019389,67548,150,3.34%,8.37%,2026-02-13,https://www.instagram.com/p/DUsyh7FEt_j/,"⚪ Standard Organic: Normal organic engagement curve (3.34% like rate, 2.5x reach)",Some love stories don’t need words—they just feel right. Celebrating a bond that grows stronger with every moment.
197,Tier 4: Toggle OFF + Organic (Noise),P. C. Chandra Jewellers,West Bengal (HQ: Kolkata),@realhinakhan,19284696,1754232,35296,267,2.01%,0.18%,2026-03-20,https://www.instagram.com/p/DWG5mppiK-n/,"⚪ Standard Organic: Normal organic engagement curve (2.01% like rate, 0.09x reach)","Kuch lamhe heere ki tarah hote hain… chhote, lekin behad qeemti. ✨"
198,Tier 4: Toggle OFF + Organic (Noise),GIVA Jewellery,"Pan-India / Karnataka (HQ: Bengaluru, D2C)",@hellyshahofficial,0,1620264,16158,202,1.00%,0.00%,2026-07-28,https://www.instagram.com/p/DbVkG1Iht8m/,⚪ Standard Organic: Standard organic reach,"Every Rakhi deserves a gift as special as the bond. This year, I’m choosing GIVA Men silver for my brother whihc is simple, timeless, and made to last. ✨  Use code HELLY15 for 15% off  ( Rakhi, Pet Rakhi, Furry Sibling, Pawfect Bond, Furever Sibling,"
199,Tier 4: Toggle OFF + Organic (Noise),Palmonas,"Pan-India / Maharashtra (HQ: Pune, D2C)",@vaishnavi_rao5,0,1574166,20192,102,1.28%,0.00%,2026-08-17,https://www.instagram.com/p/DcIZfLKgqEM/,⚪ Standard Organic: Standard organic reach,"I have a sister, so naturally I have a full-time fashion critic! 🤭 This Rakhi, I thought I’d impress her with Palmonas… turns out she had the same idea…😌 Guess good taste runs in the family! 💅  [Its A Tie, Raksha bandhan, Everyday luxury, Demi-fine j"
200,Tier 4: Toggle OFF + Organic (Noise),Palmonas,"Pan-India / Maharashtra (HQ: Pune, D2C)",@priyanka_balbudhe23,0,1472641,6371,33,0.43%,0.00%,2026-06-28,https://www.instagram.com/p/DaGL7heO0VT/,⚪ Standard Organic: Standard organic reach,"Just me, my playlist, miles of walking, and my favourite pieces from Palmonas! 🎶✨🤌  Turns out, the best travel companion is the one that goes with every outfit! 😌 At this point, they’ve seen just as much of New York as I have. 🤭🗽  [Everyday luxury, D"
201,Tier 4: Toggle OFF + Organic (Noise),Malabar Gold & Diamonds,Kerala (HQ: Kozhikode),@voguethics_official,1466241,1415126,31144,220,2.20%,2.14%,2026-06-23,https://www.instagram.com/p/DZ7iiNqMuMl/,"⚪ Standard Organic: Normal organic engagement curve (2.2% like rate, 0.97x reach)",Some jewellery catches your eye. Some stays on your mind ✨
202,Tier 4: Toggle OFF + Organic (Noise),Palmonas,"Pan-India / Maharashtra (HQ: Pune, D2C)",@apurrva_soni,0,1331235,16955,113,1.27%,0.00%,2026-07-23,https://www.instagram.com/p/DbIiXdbh8WE/,⚪ Standard Organic: Standard organic reach,"Just a girl, a date to get ready for, and a little Palmonas magic to make the look complete✨💛  Comment LINK for jewellery details!🛍️ @shraddhakapoor @palmonas_official   [Everyday luxury, Demi-fine jewellery, 18k gold vermeil, Gold tone jewellery, Ti"
203,Tier 4: Toggle OFF + Organic (Noise),Palmonas,"Pan-India / Maharashtra (HQ: Pune, D2C)",@aryanshii09,0,1316195,19045,77,1.45%,0.00%,2026-07-30,https://www.instagram.com/p/DbasZQHope5/,⚪ Standard Organic: Standard organic reach,"Long-distance besties are proof that distance is just a number... 😌 Because they still get real-time updates on all the gossip... and every single purchase you make! 🤭✨  This Friendship Day, celebrate the person who’s always just a call away with a l"
204,Tier 4: Toggle OFF + Organic (Noise),Malabar Gold & Diamonds,Kerala (HQ: Kozhikode),@prarthana.behere,2742071,1289895,27230,253,2.11%,1.00%,2026-04-18,https://www.instagram.com/p/DXRhGeKjGx7/,"⚪ Standard Organic: Normal organic engagement curve (2.11% like rate, 0.47x reach)","वर्षातल्या माझ्या सर्वात आवडत्या मुहूर्तासाठी तयारी! ✨ माझ्या परंपरा सोनेरी, शुद्ध आणि मनाच्या अगदी जवळ जपतेय फक्त @malabargoldanddiamonds सोबत. सर्वा"
205,Tier 4: Toggle OFF + Organic (Noise),P. N. Gadgil Jewellers (PNG),Maharashtra (HQ: Pune),@bhadipa,818175,1260368,35739,124,2.84%,4.38%,2026-03-17,https://www.instagram.com/p/DV_SPYcCGLl/,"⚪ Standard Organic: Normal organic engagement curve (2.84% like rate, 1.54x reach)",सणाला खास बनवणारी निवड म्हणजे @pngjewellers
206,Tier 4: Toggle OFF + Organic (Noise),GRT Jewellers,Tamil Nadu (HQ: Chennai),@divya_ganesan_official,1062611,1205899,9871,192,0.82%,0.95%,2026-04-09,https://www.instagram.com/p/DW6ZWx4gVo6/,"⚪ Standard Organic: Normal organic engagement curve (0.82% like rate, 1.13x reach)","This year, for both Tamil Puthandu and Akshaya Tritiya, it’s my turn to invest! I visited GRT Jewellers and was completely blown away by their stunnin"
207,Tier 4: Toggle OFF + Organic (Noise),GRT Jewellers,Tamil Nadu (HQ: Chennai),@athulyaofficial,2438174,1144318,9989,85,0.87%,0.41%,2026-07-17,https://www.instagram.com/p/Da5OF7fteNJ/,"⚪ Standard Organic: Normal organic engagement curve (0.87% like rate, 0.47x reach)","Aadi has arrived, and I couldn’t be more excited to begin my Aadi Thanga Thiruvizha shopping at  GRT Jewellers."
208,Tier 4: Toggle OFF + Organic (Noise),Palmonas,"Pan-India / Maharashtra (HQ: Pune, D2C)",@heli_daruwala,0,1076045,3827,56,0.36%,0.00%,2026-08-16,https://www.instagram.com/p/DcGcLdpNKga/,⚪ Standard Organic: Standard organic reach,"This Rakhi, I decided to be the nice sibling for once, and got my brother something from Palmonas! ✨🌻 Consider this my annual act of kindness…😏 “  [Its A Tie, Rakshabandhan, Everyday luxury, Demi-fine jewellery, 18k gold vermeil, Gold tone jewellery,"
209,Tier 4: Toggle OFF + Organic (Noise),Palmonas,"Pan-India / Maharashtra (HQ: Pune, D2C)",@rishagowda_official,0,1031903,4142,8,0.40%,0.00%,2026-07-14,https://www.instagram.com/p/Daxe7AeTnRT/,⚪ Standard Organic: Standard organic reach,"Bengaluru, you’ve got a new spot to add to your weekend itinerary! 🤩✨  Palmonas has opened their 75th store in Marathahalli, and everything here is making it impossible to leave empty-handed. 😌🤌💫  Visit the store NOW. 🛍️  [Everyday luxury, Demi-fine "
210,Tier 4: Toggle OFF + Organic (Noise),GRT Jewellers,Tamil Nadu (HQ: Chennai),@divya_uruduga,1038161,1020617,12080,52,1.18%,1.17%,2026-08-05,https://www.instagram.com/p/DbqRF2LToz4/,"⚪ Standard Organic: Normal organic engagement curve (1.18% like rate, 0.98x reach)","Some people are meant to stay for a lifetime, and some relationships deserve a gift that lasts just as long. ❤️✨"
211,Tier 4: Toggle OFF + Organic (Noise),Palmonas,"Pan-India / Maharashtra (HQ: Pune, D2C)",@just_rishuuuuu,0,1015084,12024,302,1.18%,0.00%,2026-07-29,https://www.instagram.com/p/DbYGSQ9NqSH/,⚪ Standard Organic: Standard organic reach,"I never thought a fashion emergency would become my favourite memory... 🥹✨ Who knew one tiny act of kindness would turn into a lifelong friendship? 🌻💗  Safe to say, I have Palmonas to thank for this one! 😌  [Everyday luxury, Demi-fine jewellery, 18k "
212,Tier 4: Toggle OFF + Organic (Noise),GRT Jewellers,Tamil Nadu (HQ: Chennai),@varshini_sounderajan,1844115,946196,4869,61,0.51%,0.27%,2026-04-11,https://www.instagram.com/p/DW_f4cWhCWe/,"⚪ Standard Organic: Normal organic engagement curve (0.51% like rate, 0.51x reach)","Watching my mom adorn herself with her favorite GRT Jewellers’ collections made Akshaya Tritiya incredibly special. This year, I’m continuing that wit"
213,Tier 4: Toggle OFF + Organic (Noise),Malabar Gold & Diamonds,Kerala (HQ: Kozhikode),@stylebyami,820564,853961,4678,47,0.55%,0.58%,2026-07-11,https://www.instagram.com/p/Dap1HqVNABn/,"⚪ Standard Organic: Normal organic engagement curve (0.55% like rate, 1.04x reach)","How do I actually pick jewellery? Not by gut feel, but by design. 💎✨"
214,Tier 4: Toggle OFF + Organic (Noise),GRT Jewellers,Tamil Nadu (HQ: Chennai),@sri_satya_,1129214,759023,13653,66,1.80%,1.21%,2026-04-17,https://www.instagram.com/p/DXOQhBxhbLg/,"⚪ Standard Organic: Normal organic engagement curve (1.8% like rate, 0.67x reach)",I recently visited the gorgeous GRT Jewellers showroom in Rajahmundry and was completely mesmerized! ✨ Did you know they feature an entire floor dedic
215,Tier 4: Toggle OFF + Organic (Noise),GRT Jewellers,Tamil Nadu (HQ: Chennai),@teju_ashwini,1211959,755731,5657,61,0.75%,0.47%,2026-07-03,https://www.instagram.com/p/DaVNrIUTMxe/,"⚪ Standard Organic: Normal organic engagement curve (0.75% like rate, 0.62x reach)","Coimbatore, I am so excited to show you the grand, newly renovated GRT Jewellers showroom in Gandhipuram! Explore exquisite and stunning Gold, Diamond"
216,Tier 4: Toggle OFF + Organic (Noise),P. C. Chandra Jewellers,West Bengal (HQ: Kolkata),@pinkvilla,7286182,745459,9166,13,1.23%,0.13%,2026-04-05,https://www.instagram.com/p/DWvdpufhGXt/,"⚪ Standard Organic: Normal organic engagement curve (1.23% like rate, 0.1x reach)",@shriya_saran1109 shares her unique style and the piece of jewellery she holds very close to her heart at the @p.c.chandrajewellers Experience Zone ❤️
217,Tier 4: Toggle OFF + Organic (Noise),GRT Jewellers,Tamil Nadu (HQ: Chennai),@theuntamedlenss,826223,735883,6519,77,0.89%,0.80%,2026-03-14,https://www.instagram.com/p/DV3Pz63mogD/,"⚪ Standard Organic: Normal organic engagement curve (0.89% like rate, 0.89x reach)",Eid invites mean new outfits and the Ramzan Collection at GRT Jewellers has the perfect picks to surprise every look.
218,Tier 4: Toggle OFF + Organic (Noise),P. C. Chandra Jewellers,West Bengal (HQ: Kolkata),@adrija_roy_official,1035144,726869,22295,98,3.07%,2.16%,2026-02-13,https://www.instagram.com/p/DUsBjHHCPAQ/,"⚪ Standard Organic: Normal organic engagement curve (3.07% like rate, 0.7x reach)","This Valentine’s, I’m celebrating love in every form… the love I give, the love I receive, and the love I’m still learning to grow into."
219,Tier 4: Toggle OFF + Organic (Noise),GRT Jewellers,Tamil Nadu (HQ: Chennai),@meghashetty_officiall,1246575,713184,7835,44,1.10%,0.63%,2026-07-05,https://www.instagram.com/p/DaadVlvohcd/,"⚪ Standard Organic: Normal organic engagement curve (1.1% like rate, 0.57x reach)","A visit to GRT Jewellers is always an experience to cherish! ✨ I couldn’t stop admiring their versatile range of gold jewellery, contemporary diamond"
220,Tier 4: Toggle OFF + Organic (Noise),GRT Jewellers,Tamil Nadu (HQ: Chennai),@ramyaapasupuleti,680574,712263,7467,50,1.05%,1.10%,2026-04-16,https://www.instagram.com/p/DXMWnwqEU9-/,"⚪ Standard Organic: Normal organic engagement curve (1.05% like rate, 1.05x reach)","Since my childhood, jewellery has been a beautiful way to celebrate milestones and hold onto precious memories. This Akshaya Tritiya, I visited GRT Je"
221,Tier 4: Toggle OFF + Organic (Noise),GRT Jewellers,Tamil Nadu (HQ: Chennai),@athmika_sumithran,873564,692138,2986,56,0.43%,0.35%,2026-03-07,https://www.instagram.com/p/DVlJHmXEQUW/,"⚪ Standard Organic: Normal organic engagement curve (0.43% like rate, 0.79x reach)","To the women who know that big dreams are built with small, consistent steps—this one is for you."
222,Tier 4: Toggle OFF + Organic (Noise),GRT Jewellers,Tamil Nadu (HQ: Chennai),@rituvarma,2281326,689780,11059,105,1.60%,0.49%,2026-04-13,https://www.instagram.com/p/DXEayERkmcj/,"⚪ Standard Organic: Normal organic engagement curve (1.6% like rate, 0.3x reach)","Some days call for new beginnings… This Akshaya Tritiya, celebrate the tradition of buying gold with something that welcomes growth, prosperity, and e"
223,Tier 4: Toggle OFF + Organic (Noise),GRT Jewellers,Tamil Nadu (HQ: Chennai),@vithikasheru,1207994,685591,5107,22,0.74%,0.42%,2026-03-13,https://www.instagram.com/p/DVz9J0JjsMM/,"⚪ Standard Organic: Normal organic engagement curve (0.74% like rate, 0.57x reach)","Getting ready for my Ugadi shine with GRT Jewellers! I picked a Gold Lakshmi Haram for that authentic grandeur, and switched to a diamond blue sapphir"
224,Tier 4: Toggle OFF + Organic (Noise),Malabar Gold & Diamonds,Kerala (HQ: Kozhikode),@nikimehra,575344,640030,5473,33,0.86%,0.96%,2026-07-13,https://www.instagram.com/p/Dau4rwazjz9/,"⚪ Standard Organic: Normal organic engagement curve (0.86% like rate, 1.11x reach)",Some jewellery catches your eye. The right jewellery makes you look twice✨
225,Tier 4: Toggle OFF + Organic (Noise),GRT Jewellers,Tamil Nadu (HQ: Chennai),@namratha__gowdaofficial,1196759,630577,9195,44,1.46%,0.77%,2026-03-11,https://www.instagram.com/p/DVvjqA3j_ws/,"⚪ Standard Organic: Normal organic engagement curve (1.46% like rate, 0.53x reach)","Getting ready for Ugadi with my favourite finds from GRT Jewellers! I styled a stunning antique gold Hiranmayi set for a festive look, and a delicate"
226,Tier 4: Toggle OFF + Organic (Noise),P. C. Chandra Jewellers,West Bengal (HQ: Kolkata),@pinkvilla,7286182,625056,10250,4,1.64%,0.14%,2026-04-05,https://www.instagram.com/p/DWv2am6SjkT/,"⚪ Standard Organic: Normal organic engagement curve (1.64% like rate, 0.09x reach)",Riteish Deshmukh steals hearts with his charming response about his “perfect jewellery piece” at the Pinkvilla Awards 💫 Captured beautifully at the P.
227,Tier 4: Toggle OFF + Organic (Noise),P. C. Chandra Jewellers,West Bengal (HQ: Kolkata),@pinkvilla,7286182,614446,13315,15,2.17%,0.18%,2026-04-05,https://www.instagram.com/p/DWvhymJMzLh/,"⚪ Standard Organic: Normal organic engagement curve (2.17% like rate, 0.08x reach)","@mostlysane talks about her love for pant suits and reveals her favourite jewellery pieces at the Pinkvilla Awards, captured at the P.C. Chandra Jewel"
228,Tier 4: Toggle OFF + Organic (Noise),P. C. Chandra Jewellers,West Bengal (HQ: Kolkata),@pinkvilla,7286182,613952,8747,11,1.42%,0.12%,2026-04-04,https://www.instagram.com/p/DWtg1uiMc5I/,"⚪ Standard Organic: Normal organic engagement curve (1.42% like rate, 0.08x reach)",@brettlee_58 decodes his style for the Pinkvilla Awards at the @p.c.chandrajewellers Experience Zone ✨
229,Tier 4: Toggle OFF + Organic (Noise),P. C. Chandra Jewellers,West Bengal (HQ: Kolkata),@pinkvilla,7286182,607554,11957,5,1.97%,0.16%,2026-04-05,https://www.instagram.com/p/DWvMuqUBg2f/,"⚪ Standard Organic: Normal organic engagement curve (1.97% like rate, 0.08x reach)","@anupampkher breaks down his signature style at the Pinkvilla Awards, captured at the P.C. Chandra Jewellers Experience Zone ✨"
230,Tier 4: Toggle OFF + Organic (Noise),P. C. Chandra Jewellers,West Bengal (HQ: Kolkata),@pinkvilla,7286182,605452,12551,4,2.07%,0.17%,2026-04-04,https://www.instagram.com/p/DWtYFC_M1sB/,"⚪ Standard Organic: Normal organic engagement curve (2.07% like rate, 0.08x reach)",@sayanigupta shares her style this season ✨
231,Tier 4: Toggle OFF + Organic (Noise),P. C. Chandra Jewellers,West Bengal (HQ: Kolkata),@pinkvilla,7286182,605081,10968,7,1.81%,0.15%,2026-04-04,https://www.instagram.com/p/DWs83OpMHMm/,"⚪ Standard Organic: Normal organic engagement curve (1.81% like rate, 0.08x reach)",Congratulations @shefalishahofficial for winning the @p.c.chandrajewellers presents Special Jury Award - Best Actor - Female (OTT) at Pinkvilla Screen
232,Tier 4: Toggle OFF + Organic (Noise),P. C. Chandra Jewellers,West Bengal (HQ: Kolkata),@pinkvilla,7286182,600213,12175,2,2.03%,0.17%,2026-04-04,https://www.instagram.com/p/DWsvfKHslV6/,"⚪ Standard Organic: Normal organic engagement curve (2.03% like rate, 0.08x reach)",@p.c.chandrajewellers Presents Stylish Mouldbreaker - Female - cheers to @shriya_saran1109! 🌟 Stylish Mouldbreaker Female at Pinkvilla Screen & Style
233,Tier 4: Toggle OFF + Organic (Noise),P. C. Chandra Jewellers,West Bengal (HQ: Kolkata),@pinkvilla,7286182,594286,11726,2,1.97%,0.16%,2026-04-04,https://www.instagram.com/p/DWsnXsGKs5Y/,"⚪ Standard Organic: Normal organic engagement curve (1.97% like rate, 0.08x reach)",Hearty congratulations to @rakulpreet for winning @p.c.chandrajewellers presents Super Stylish Pathbreaker of the Year at Pinkvilla Screen and Style I
234,Tier 4: Toggle OFF + Organic (Noise),GRT Jewellers,Tamil Nadu (HQ: Chennai),@mokshitha22,945022,586509,2875,36,0.49%,0.31%,2026-07-29,https://www.instagram.com/p/DbYIwTRNZht/,"⚪ Standard Organic: Normal organic engagement curve (0.49% like rate, 0.62x reach)",Silver has never looked this captivating! ✨
235,Tier 4: Toggle OFF + Organic (Noise),Palmonas,"Pan-India / Maharashtra (HQ: Pune, D2C)",@caffeine_and_more,0,584703,3104,98,0.53%,0.00%,2026-07-07,https://www.instagram.com/p/DafccpBy43g/,⚪ Standard Organic: Standard organic reach,"Retail therapy hits different when every shelf gives you another reason to stay! 😌✨ Pretty corners, prettier jewellery, and the kind of store you accidentally spend an hour in... 💫🤌🛍️  One visit to the Palmonas store at Wave Courtyard, Noida is all i"
236,Tier 4: Toggle OFF + Organic (Noise),Prince Jewellery,Tamil Nadu (HQ: Chennai),@irfansview.official,1818246,582079,7833,36,1.35%,0.43%,2026-08-02,https://www.instagram.com/p/DbiQiDJBtQd/,"⚪ Standard Organic: Normal organic engagement curve (1.35% like rate, 0.32x reach)",300 Fever 😅 wait for the end
237,Tier 4: Toggle OFF + Organic (Noise),Lalithaa Jewellery,Tamil Nadu (HQ: Chennai),@m.kirankumar_official,622601,581495,13988,100,2.41%,2.26%,2026-02-06,https://www.instagram.com/p/DUaqBWhksmQ/,"⚪ Standard Organic: Normal organic engagement curve (2.41% like rate, 0.93x reach)",Adding WOW to Valentine’s ! We are introducing customizable pendants on which you can laser-engrave designs of your liking. It will be available durin
238,Tier 4: Toggle OFF + Organic (Noise),GRT Jewellers,Tamil Nadu (HQ: Chennai),@bhanuu_1006,1937522,575883,7620,77,1.32%,0.40%,2026-07-05,https://www.instagram.com/p/DaacRx9pSxE/,"⚪ Standard Organic: Normal organic engagement curve (1.32% like rate, 0.3x reach)",Looking for trendy & stunning jewellery designs with the finest craftsmanship?
239,Tier 4: Toggle OFF + Organic (Noise),Prince Jewellery,Tamil Nadu (HQ: Chennai),@i_prathibha,1111575,556946,21775,117,3.91%,1.97%,2026-08-12,https://www.instagram.com/p/Db8D3IiPa0G/,"⚪ Standard Organic: Normal organic engagement curve (3.91% like rate, 0.5x reach)",⏱️ Spend 60 seconds with me & save ₹600/gram on Gold Jewellery @princejewelleryindia💰✨
240,Tier 4: Toggle OFF + Organic (Noise),GRT Jewellers,Tamil Nadu (HQ: Chennai),@bhumika_basavaraj,2261117,504991,5696,107,1.13%,0.26%,2026-07-29,https://www.instagram.com/p/DbYHSS4qRCn/,"⚪ Standard Organic: Normal organic engagement curve (1.13% like rate, 0.22x reach)","Tasked with a massive shopping list for my visiting NRI aunt, the newly renovated Malleshwaram showroom in Bengaluru was our ultimate destination. The"
241,Tier 4: Toggle OFF + Organic (Noise),Palmonas,"Pan-India / Maharashtra (HQ: Pune, D2C)",@priya.p.varrier,0,490632,18272,117,3.72%,0.00%,2026-08-22,https://www.instagram.com/p/DcV3B_5SEF4/,⚪ Standard Organic: Standard organic reach,"Roasting each other is just our love language,I guess. 🤭✨ So, this Rakhi,let the sibling games begin and call it a tie with Palmonas! 💫  [Its A Tie, Rakshabandhan, Everyday luxury, Demi-fine jewellery, 18k gold vermeil, Gold tone jewellery, Timeless,"
242,Tier 4: Toggle OFF + Organic (Noise),Malabar Gold & Diamonds,Kerala (HQ: Kozhikode),@pranwesha,508401,456049,1960,91,0.43%,0.40%,2026-06-28,https://www.instagram.com/p/DaIX-YCqvZi/,"⚪ Standard Organic: Normal organic engagement curve (0.43% like rate, 0.9x reach)","Every main character knows - it’s never just about the outfit, it’s about the finishing touch. 💎"
243,Tier 4: Toggle OFF + Organic (Noise),Kalyan Jewellers,Kerala (HQ: Thrissur),@kavyamadhavanofficial,327698,441600,22080,465,5.00%,6.88%,2026-07-31,https://www.instagram.com/p/DbdTInmk7nE/,"⚪ Standard Organic: Normal organic engagement curve (5.0% like rate, 1.35x reach)","Celebrate the spirit of Onam with joy, prosperity, and the perfect festive look from Laksyah Sarees."
244,Tier 4: Toggle OFF + Organic (Noise),Malabar Gold & Diamonds,Kerala (HQ: Kozhikode),@esharkansara,540805,439784,4366,39,0.99%,0.81%,2026-07-17,https://www.instagram.com/p/Da5Z8n5MbjH/,"⚪ Standard Organic: Normal organic engagement curve (0.99% like rate, 0.81x reach)",Need you guys to decide for me which one looks the best on me 🫠
245,Tier 4: Toggle OFF + Organic (Noise),GRT Jewellers,Tamil Nadu (HQ: Chennai),@tamil_rithika,1830277,424872,2533,13,0.60%,0.14%,2026-06-24,https://www.instagram.com/p/DZ-GW_Qy8kf/,"⚪ Standard Organic: Normal organic engagement curve (0.6% like rate, 0.23x reach)","I walked into the grand GRT Jewellers showroom in Gandhipuram, Coimbatore thinking I’d explore a few silver designs, but ended up discovering an entir"
246,Tier 4: Toggle OFF + Organic (Noise),GIVA Jewellery,"Pan-India / Karnataka (HQ: Bengaluru, D2C)",@asba_suryani1911,0,379631,1012,54,0.27%,0.00%,2026-07-20,https://www.instagram.com/p/DbBJk9Dv2up/,⚪ Standard Organic: Standard organic reach,"No matter the country, Rakhi always finds its way home.    Ship your Rakhi internationally with GIVA and celebrate the bond beyond borders.  ( Rakhi, Pet Rakhi, Furry Sibling, Pawfect Bond, Furever Sibling, rakhi 2026, Silver Rakhi, Gifts for Sister,"
247,Tier 4: Toggle OFF + Organic (Noise),Palmonas,"Pan-India / Maharashtra (HQ: Pune, D2C)",@_aaashiiii_,0,379434,796,17,0.21%,0.00%,2026-08-22,https://www.instagram.com/p/DcWL7mdoToE/,⚪ Standard Organic: Standard organic reach,"When your sibling says, “I don’t want anything for Rakhi,” you know that’s a lie. 😂 So just follow the clues, get the Palmonas × The Face Shop gift, and call it a win-win. 👀 She gets the jewellery and you get to raid her skincare. 🎀  *Offer exclusive"
248,Tier 4: Toggle OFF + Organic (Noise),Palmonas,"Pan-India / Maharashtra (HQ: Pune, D2C)",@nidzzdigitaldiary,0,342294,2859,26,0.84%,0.00%,2026-07-31,https://www.instagram.com/p/DbdOqi8Sm_i/,⚪ Standard Organic: Standard organic reach,"No friendships were ruined… but our competitive sides definitely showed up! 👀 but even after all the chaos, she’s still my best friend! 🤭🌻✨  Now we need your verdict – whose look won this challenge? 😌 Let us know in the comments! ⭐ @palmonas_official"
249,Tier 4: Toggle OFF + Organic (Noise),Palmonas,"Pan-India / Maharashtra (HQ: Pune, D2C)",@soundousmoufakir,0,337829,734,23,0.22%,0.00%,2026-06-29,https://www.instagram.com/p/DaK5VvGhcuk/,⚪ Standard Organic: Standard organic reach,"This monsoon, I can confirm a sharp rise in jewellery collections over the coming days ☔💫, driven by heavy showers from Palmonas’ Monsoon Sale! So, act accordingly and go shop now! 📢✨  [Everyday luxury, Demi-fine jewellery, 18k gold vermeil, Gold ton"
250,Tier 4: Toggle OFF + Organic (Noise),GIVA Jewellery,"Pan-India / Karnataka (HQ: Bengaluru, D2C)",@anmolbhatia_,0,328242,3226,24,0.98%,0.00%,2026-08-14,https://www.instagram.com/p/DcBY5sjAe4m/,⚪ Standard Organic: Standard organic reach,"I already know my sister’s gonna steal it from me.🥲♥️😂   ( Rakhi, Pet Rakhi, Furry Sibling, Pawfect Bond, Furever Sibling, rakhi 2026, Silver Rakhi, Gifts for Sister, Rakhi for Brother, Rakhi for pets)  #AD #BondsSealedInSilver #FureverSibling #GIVAJ"
251,Tier 4: Toggle OFF + Organic (Noise),Prince Jewellery,Tamil Nadu (HQ: Chennai),@shreee_offl,643414,322988,2151,29,0.67%,0.34%,2026-08-09,https://www.instagram.com/p/Db0fHhvT1iY/,"⚪ Standard Organic: Normal organic engagement curve (0.67% like rate, 0.5x reach)",Aadi Special ✨ @princejewelleryindia
252,Tier 4: Toggle OFF + Organic (Noise),Tanishq,"Pan-India / Karnataka (HQ: Bengaluru, Titan)",@rahulmishra_7,959381,322164,11536,80,3.58%,1.21%,2026-07-12,https://www.instagram.com/p/Darbvtozkfg/,"⚪ Standard Organic: Normal organic engagement curve (3.58% like rate, 0.34x reach)","Thank you, REI AMI, for a beautiful first."
253,Tier 4: Toggle OFF + Organic (Noise),Palmonas,"Pan-India / Maharashtra (HQ: Pune, D2C)",@gehnasippy11,0,302497,1297,74,0.43%,0.00%,2026-08-10,https://www.instagram.com/p/Db2_RYcvyMn/,⚪ Standard Organic: Standard organic reach,"Turns out my playlist and my jewellery have one thing in common: both are better with a little remix. 😉 Add a little bit of this, a little bit of that, and suddenly it’s giving Palmonas. 👀  [Everyday luxury, Demi-fine jewellery, 18k gold vermeil, Gol"
254,Tier 4: Toggle OFF + Organic (Noise),GRT Jewellers,Tamil Nadu (HQ: Chennai),@jahnavi.palamury,316131,298953,3,26,0.00%,0.01%,2026-04-06,https://www.instagram.com/p/DWynJ1SEhwQ/,"⚪ Standard Organic: Normal organic engagement curve (0.0% like rate, 0.95x reach)",It’s the perfect time to start your investment in Gold! I make the most of this period and save smart with the GRT Insta Gold App starting from just ₹
255,Tier 4: Toggle OFF + Organic (Noise),GIVA Jewellery,"Pan-India / Karnataka (HQ: Bengaluru, D2C)",@parvathi_zony,0,286696,3,143,0.00%,0.00%,2026-08-20,https://www.instagram.com/p/DcQabRfRlbD/,⚪ Standard Organic: Standard organic reach,"Onam looks better with a little extra sparkle.  Drape your favourite saree, add your GIVA, and let the festivities shine.   (GIVA jewellery, GIVA jewellery exchange fest, Silver jewellery, Fine silver Jewellery)  #AD #Onam2026 #StyleSealedInSilver #G"
256,Tier 4: Toggle OFF + Organic (Noise),Prince Jewellery,Tamil Nadu (HQ: Chennai),@prathima_thakur_,1153338,275324,5580,22,2.03%,0.49%,2026-08-02,https://www.instagram.com/p/DbiPK-Svhjv/,"⚪ Standard Organic: Normal organic engagement curve (2.03% like rate, 0.24x reach)",✨ Ashada Special = Double Savings at @princejewelleryindia! 💛✨
257,Tier 4: Toggle OFF + Organic (Noise),Prince Jewellery,Tamil Nadu (HQ: Chennai),@bhumika_basavaraj,2261117,274880,3684,72,1.34%,0.17%,2026-08-09,https://www.instagram.com/p/DbzsH3EKxyg/,"⚪ Standard Organic: Normal organic engagement curve (1.34% like rate, 0.12x reach)",✨ Why stay confused when you can Save Double with @princejewelleryindia Jayanagar’s 300/300 Dual Savings Offer? 💛✨
258,Tier 4: Toggle OFF + Organic (Noise),Sri Jagdamba Pearls,Telangana (HQ: Hyderabad),@ladhanifemina,141885,274226,3,41,0.00%,0.03%,2026-08-14,https://www.instagram.com/p/DcAlhmeupAG/,"⚪ Standard Organic: Normal organic engagement curve (0.0% like rate, 1.93x reach)",Shree Jagdamba Pearls makes Raksha Bandhan gifting extra special. ✨❤️
259,Tier 4: Toggle OFF + Organic (Noise),Palmonas,"Pan-India / Maharashtra (HQ: Pune, D2C)",@vartikaaa____,0,245382,854,27,0.35%,0.00%,2026-08-01,https://www.instagram.com/p/Dbf1q9XsjZY/,⚪ Standard Organic: Standard organic reach,"My toxic trait is thinking my bestie’s jewellery collection is just an extension of my own🤭   Lucky for me, she doesn’t believe in gatekeeping especially when it comes to her favourite Palmonas finds😌✨  Comment ‘Palmonas’ for links🔗   [Everyday luxur"
260,Tier 4: Toggle OFF + Organic (Noise),Malabar Gold & Diamonds,Kerala (HQ: Kozhikode),@pranavi_manukonda,1540843,240170,4689,27,1.95%,0.31%,2026-05-06,https://www.instagram.com/p/DX_dp0fPatG/,"⚪ Standard Organic: Normal organic engagement curve (1.95% like rate, 0.16x reach)",This isn’t regular jewellery shopping.
261,Tier 4: Toggle OFF + Organic (Noise),Sri Jagdamba Pearls,Telangana (HQ: Hyderabad),@ladhanifemina,141885,239654,708,30,0.30%,0.52%,2026-06-23,https://www.instagram.com/p/DZ7suU0PJ0z/,"⚪ Standard Organic: Normal organic engagement curve (0.3% like rate, 1.69x reach)",Ehsaas E Pearls by Sri Jagdamba Pearls✨
262,Tier 4: Toggle OFF + Organic (Noise),Palmonas,"Pan-India / Maharashtra (HQ: Pune, D2C)",@bhavyanureja,0,232353,543,19,0.23%,0.00%,2026-08-14,https://www.instagram.com/p/DcBRispCanf/,⚪ Standard Organic: Standard organic reach,"If you relate to this video, we clearly share the same instincts!😌🫶  And the Palmonas’ Freedom Sale is where those instincts lead us. 🌻✨  [Everyday luxury, Demi-fine jewellery, 18k gold vermeil, Gold tone jewellery, Timeless, Buy Now, Elegance, Affor"
263,Tier 4: Toggle OFF + Organic (Noise),Malabar Gold & Diamonds,Kerala (HQ: Kozhikode),@athmika_sumithran,873564,224968,3,10,0.00%,0.00%,2026-07-14,https://www.instagram.com/p/DawoyBWTOYL/,"⚪ Standard Organic: Normal organic engagement curve (0.0% like rate, 0.26x reach)",Some jewellery completes a look.
264,Tier 4: Toggle OFF + Organic (Noise),P. C. Chandra Jewellers,West Bengal (HQ: Kolkata),@nikifying,2002752,222199,8319,101,3.74%,0.42%,2026-04-19,https://www.instagram.com/p/DXTTwDoCGD8/,"⚪ Standard Organic: Normal organic engagement curve (3.74% like rate, 0.11x reach)","Akshaya Tritiya is not just a celebration of new beginnings but also a reminder of faith that stays strong, and hopes that continue to grow. ✨"
265,Tier 4: Toggle OFF + Organic (Noise),Prince Jewellery,Tamil Nadu (HQ: Chennai),@luthuf_official,339260,220943,7572,40,3.43%,2.24%,2026-06-17,https://www.instagram.com/p/DZr3ZFnyM3M/,"⚪ Standard Organic: Normal organic engagement curve (3.43% like rate, 0.65x reach)",💫Get Ready with Me to upgrade my Gold Jewellery Collections ! ✨
266,Tier 4: Toggle OFF + Organic (Noise),GRT Jewellers,Tamil Nadu (HQ: Chennai),@sirihanmanth,969440,214674,2812,38,1.31%,0.29%,2026-08-12,https://www.instagram.com/p/Db8GRR_NtV_/,"⚪ Standard Organic: Normal organic engagement curve (1.31% like rate, 0.22x reach)","When the people are precious, the memories are priceless, and the moments are unforgettable, let the gift be timeless too. ✨"
267,Tier 4: Toggle OFF + Organic (Noise),P. N. Gadgil Jewellers (PNG),Maharashtra (HQ: Pune),@itikakamra,93906,213899,1026,41,0.48%,1.14%,2026-08-20,https://www.instagram.com/p/DcRFpXoN_2i/,"⚪ Standard Organic: Normal organic engagement curve (0.48% like rate, 2.28x reach)",*Where heritage meets the art of fine jewellery. ✨*
268,Tier 4: Toggle OFF + Organic (Noise),Palmonas,"Pan-India / Maharashtra (HQ: Pune, D2C)",@nyasajatavvvv,0,213148,2696,15,1.26%,0.00%,2026-06-22,https://www.instagram.com/p/DZ423evM9d1/,⚪ Standard Organic: Standard organic reach,"Whoever said “save it for a rainy day” had a point. We’re just talking about a different kind of saving🌦️  And since it’s already pouring outside, you might as well Get Drenched in Palmonas, too✨  Shop the Monsoon Sale now🛍️  [Everyday luxury, Demi-f"
269,Tier 4: Toggle OFF + Organic (Noise),GRT Jewellers,Tamil Nadu (HQ: Chennai),@rishagowda_official,202601,212727,2934,16,1.38%,1.46%,2026-04-05,https://www.instagram.com/p/DWv_wMAkyaT/,"⚪ Standard Organic: Normal organic engagement curve (1.38% like rate, 1.05x reach)",It’s the perfect time to start your investment in Gold! I make the most of this period and save smart with the GRT Insta Gold App starting from just ₹
270,Tier 4: Toggle OFF + Organic (Noise),Palmonas,"Pan-India / Maharashtra (HQ: Pune, D2C)",@_themetaversesoul,0,195688,438,64,0.22%,0.00%,2026-08-13,https://www.instagram.com/p/Db_BFrKxDN2/,⚪ Standard Organic: Standard organic reach,"I was thinking about what freedom means to me, and with Palmonas, I realised it comes in layers. 🌻✨Because every day, I get to choose a little more for myself!  [Everyday luxury, Demi-fine jewellery, 18k gold vermeil, Gold tone jewellery, Timeless, B"
271,Tier 4: Toggle OFF + Organic (Noise),P. C. Chandra Jewellers,West Bengal (HQ: Kolkata),@garimasgoodlife,594976,191648,1047,6,0.55%,0.18%,2026-06-19,https://www.instagram.com/p/DZwXvrOxdEY/,"⚪ Standard Organic: Normal organic engagement curve (0.55% like rate, 0.32x reach)","I had been wanting to style a chic gold bracelet with my watch for the longest time, but instead of buying new gold, I decided to explore a smarter op"
272,Tier 4: Toggle OFF + Organic (Noise),Anopchand Tilokchand (AT Jewell,Chhattisgarh (HQ: Raipur),@atjewellersbhilai,1480,191270,1915,14,1.00%,130.34%,2026-06-19,https://www.instagram.com/p/DZx0Eltgx0D/,"⚪ Standard Organic: Normal organic engagement curve (1.0% like rate, 129.24x reach)",✨ What a Beginning! ✨
273,Tier 4: Toggle OFF + Organic (Noise),GRT Jewellers,Tamil Nadu (HQ: Chennai),@roshniharipriyan,1694205,184854,3527,30,1.91%,0.21%,2026-08-07,https://www.instagram.com/p/DbvN8mEJuU8/,"⚪ Standard Organic: Normal organic engagement curve (1.91% like rate, 0.11x reach)",A precious bond deserves a precious gift—one that shines through every memory and lasts a lifetime. ❤️✨
274,Tier 4: Toggle OFF + Organic (Noise),P. C. Chandra Jewellers,West Bengal (HQ: Kolkata),@adrija_roy_official,1035144,175605,4576,59,2.61%,0.45%,2026-04-18,https://www.instagram.com/p/DXQ8PPEgLlp/,"⚪ Standard Organic: Normal organic engagement curve (2.61% like rate, 0.17x reach)",They say what you begin on Akshaya Tritiya grows forever…
275,Tier 4: Toggle OFF + Organic (Noise),Palmonas,"Pan-India / Maharashtra (HQ: Pune, D2C)",@thefaceshopindia_official,0,173857,510,41,0.29%,0.00%,2026-08-20,https://www.instagram.com/p/DcQcbwnN0Kn/,⚪ Standard Organic: Standard organic reach,"Somewhere between a jewellery stack and a skincare lies the sweet spot for Rakhi gifting and we’ve found it for you. 👀  Spend ₹2,999 at Palmonas and get The Face Shop skincare FREE. Spend ₹2,999 at The Face Shop and get a Palmonas bracelet FREE.  Bec"
276,Tier 4: Toggle OFF + Organic (Noise),Palmonas,"Pan-India / Maharashtra (HQ: Pune, D2C)",@mishreena_matta,0,170577,2107,43,1.24%,0.00%,2026-07-01,https://www.instagram.com/p/DaQUMG_PdGs/,⚪ Standard Organic: Standard organic reach,"My outfits have one non-negotiable: Palmonas! ✨🌻  It’s the one thing that makes every look feel complete. Safe to say, it’s part of the routine now! 😌  [Everyday luxury, Demi-fine jewellery, 18k gold vermeil, Gold tone jewellery, Timeless, Buy Now, E"
277,Tier 4: Toggle OFF + Organic (Noise),Palmonas,"Pan-India / Maharashtra (HQ: Pune, D2C)",@mehrpanchal,0,169299,3,18,0.00%,0.00%,2026-08-22,https://www.instagram.com/p/DcVNw9NTyk5/,⚪ Standard Organic: Standard organic reach,"I’ve officially used up my yearly brother-compliment quota, all thanks to Palmonas. He came through with a little jewellery, so I guess a little appreciation in return is fair. 😌💛   [Its A Tie, Rakshabandhan, Everyday luxury, Demi-fine jewellery, 18k"
278,Tier 4: Toggle OFF + Organic (Noise),Sri Jagdamba Pearls,Telangana (HQ: Hyderabad),@shivani.rauv,367566,149969,7734,0,5.16%,2.10%,2026-06-19,https://www.instagram.com/p/DZwzS0Cuz6w/,"⚪ Standard Organic: Normal organic engagement curve (5.16% like rate, 0.41x reach)",Visit www.jpearls.com and use my code [YOUR CODE] to avail an extra 5% OFF on top of the ongoing Flat 50% OFF across the entire Pearl & Gemstone Colle
279,Tier 4: Toggle OFF + Organic (Noise),P. C. Chandra Jewellers,West Bengal (HQ: Kolkata),@adrija_roy_official,1035144,140404,3,59,0.00%,0.01%,2026-06-24,https://www.instagram.com/p/DZ-E4cwgsAI/,"⚪ Standard Organic: Normal organic engagement curve (0.0% like rate, 0.14x reach)","A treasure that looks inherited, yet crafted for today."
280,Tier 4: Toggle OFF + Organic (Noise),P. C. Chandra Jewellers,West Bengal (HQ: Kolkata),@adrija_roy_official,1035144,140382,4672,103,3.33%,0.46%,2026-05-10,https://www.instagram.com/p/DYJUHaFIq20/,"⚪ Standard Organic: Normal organic engagement curve (3.33% like rate, 0.14x reach)","Growing up, I never realised how many little things my mother did quietly, effortlessly, and with so much love. And somehow, even today, she still man"
281,Tier 4: Toggle OFF + Organic (Noise),P. N. Gadgil Jewellers (PNG),Maharashtra (HQ: Pune),@gurgaonmerijan,342665,134493,306,2,0.23%,0.09%,2026-08-20,https://www.instagram.com/p/DcRFmP9hKPB/,"⚪ Standard Organic: Normal organic engagement curve (0.23% like rate, 0.39x reach)",A legacy of fine craftsmanship has officially arrived in Gurugram! ✨
282,Tier 4: Toggle OFF + Organic (Noise),Sri Jagdamba Pearls,Telangana (HQ: Hyderabad),@_thecheguri_,158451,128849,1901,0,1.48%,1.20%,2026-05-06,https://www.instagram.com/p/DX_xWMNBiLm/,"⚪ Standard Organic: Normal organic engagement curve (1.48% like rate, 0.81x reach)",There’s no bond like hers… and no gift that truly feels enough 💛
283,Tier 4: Toggle OFF + Organic (Noise),P. N. Gadgil Jewellers (PNG),Maharashtra (HQ: Pune),@gurugraminside,64482,125163,226,95,0.18%,0.50%,2026-08-18,https://www.instagram.com/p/DcLs3wFTxvx/,"⚪ Standard Organic: Normal organic engagement curve (0.18% like rate, 1.94x reach)","A fresh milestone in Gurugram, shaped in brilliance. ✨"
284,Tier 4: Toggle OFF + Organic (Noise),P. C. Chandra Jewellers,West Bengal (HQ: Kolkata),@saieemmanjrekar,2104683,124036,5620,46,4.53%,0.27%,2026-06-13,https://www.instagram.com/p/DZhu3qRikvu/,"⚪ Standard Organic: Normal organic engagement curve (4.53% like rate, 0.06x reach)","As someone who loves jewellery, I’ve always been fascinated by the finished piece."
285,Tier 4: Toggle OFF + Organic (Noise),P. C. Chandra Jewellers,West Bengal (HQ: Kolkata),@adrija_roy_official,1035144,119659,3964,58,3.31%,0.39%,2026-06-21,https://www.instagram.com/p/DZ1aa9vMobY/,"⚪ Standard Organic: Normal organic engagement curve (3.31% like rate, 0.12x reach)",Some of the strongest forms of love are often the quietest.
286,Tier 4: Toggle OFF + Organic (Noise),Kalamandir Jewellers,Gujarat (HQ: Surat),@dancingtoes.20,182484,118555,2203,73,1.86%,1.25%,2026-08-05,https://www.instagram.com/p/DbpAiUbo1ta/,"⚪ Standard Organic: Normal organic engagement curve (1.86% like rate, 0.65x reach)",Be the main character. ✨
287,Tier 4: Toggle OFF + Organic (Noise),P. C. Chandra Jewellers,West Bengal (HQ: Kolkata),@nikifying,2002752,118152,5317,53,4.50%,0.27%,2026-05-19,https://www.instagram.com/p/DYhUj6vI9c2/,"⚪ Standard Organic: Normal organic engagement curve (4.5% like rate, 0.06x reach)",I’ve always believed that the most beautiful things don’t try too hard to shine; they simply stay true to what they are. Just like natural diamonds.
288,Tier 4: Toggle OFF + Organic (Noise),Khimji Jewellers,Odisha (HQ: Bhubaneswar),@arundhati_devika,570842,117939,3725,6,3.16%,0.65%,2026-02-12,https://www.instagram.com/p/DUpCPv9Esdr/,"⚪ Standard Organic: Normal organic engagement curve (3.16% like rate, 0.21x reach)",He didn’t just give me a pendant… he gave me a promise I’ll wear close to my heart forever. 💎✨
289,Tier 4: Toggle OFF + Organic (Noise),Kalamandir Jewellers,Gujarat (HQ: Surat),@vishwaapandya,124259,110469,1716,24,1.55%,1.40%,2026-08-03,https://www.instagram.com/p/Dbk5LQaode2/,"⚪ Standard Organic: Normal organic engagement curve (1.55% like rate, 0.89x reach)","Gold rates might go up and down, but zero making charges? NOW THAT’S A WIN! 💥✨"
290,Tier 4: Toggle OFF + Organic (Noise),P. C. Chandra Jewellers,West Bengal (HQ: Kolkata),@saieemmanjrekar,2104683,110456,9384,121,8.50%,0.45%,2026-04-18,https://www.instagram.com/p/DXRefhuozD6/,"⚪ Standard Organic: Normal organic engagement curve (8.5% like rate, 0.05x reach)",May this Akshaya Tritiya bring you blessings that are as timeless as gold and as endless as faith.
291,Tier 4: Toggle OFF + Organic (Noise),GRT Jewellers,Tamil Nadu (HQ: Chennai),@sahanasarvesh,238009,105235,690,20,0.66%,0.30%,2026-04-08,https://www.instagram.com/p/DW397LvkgnU/,"⚪ Standard Organic: Normal organic engagement curve (0.66% like rate, 0.44x reach)","Not the best at finance, but thanks to GRT I’ve begun my investment journey!"
292,Tier 4: Toggle OFF + Organic (Noise),P. C. Chandra Jewellers,West Bengal (HQ: Kolkata),@megha_sidharth,222890,101407,4162,24,4.10%,1.88%,2026-06-23,https://www.instagram.com/p/DZ7akAaymvV/,"⚪ Standard Organic: Normal organic engagement curve (4.1% like rate, 0.45x reach)","I think most of us have that one jewellery box filled with pieces we haven’t worn in years. We rarely think about them, but what surprised me was real"
293,Tier 4: Toggle OFF + Organic (Noise),Palmonas,"Pan-India / Maharashtra (HQ: Pune, D2C)",@jagritikatyal,0,99074,615,14,0.62%,0.00%,2026-06-21,https://www.instagram.com/p/DZ1onZ4oTzV/,⚪ Standard Organic: Standard organic reach,"Dad’s price guessing skills? Questionable👀 The gifting game? Unmatched💛  This Father’s Day, celebrate him with pieces he’ll love at prices that’ll surprise him with @palmonas✨😌  [Everyday luxury, Demi-fine jewellery, 18k gold vermeil, Gold tone jewel"
294,Tier 4: Toggle OFF + Organic (Noise),Palmonas,"Pan-India / Maharashtra (HQ: Pune, D2C)",@teeyachawla,0,98447,821,46,0.83%,0.00%,2026-07-24,https://www.instagram.com/p/DbKlbe0ha-y/,⚪ Standard Organic: Standard organic reach,"You know I wasn't going to miss this✨ Palmonas' newest store is now open at DLF Galleria, Gurgaon, and I just had to be there!  Let's just say... my step count went up, and so did my jewellery collection.🛍️💫  [Everyday luxury, Demi-fine jewellery, 18"
295,Tier 4: Toggle OFF + Organic (Noise),Palmonas,"Pan-India / Maharashtra (HQ: Pune, D2C)",@navika_kotia,0,96505,816,24,0.85%,0.00%,2026-08-20,https://www.instagram.com/p/DcQur1EoYTN/,⚪ Standard Organic: Standard organic reach,"I finally cracked the sibling code 🤭: if they say they don’t care, they probably care the most!🌻✨  This Rakhi, let Palmonas say what neither of you ever will!🌻😌  [Its A Tie, Rakshabandhan, Everyday luxury, Demi-fine jewellery, 18k gold vermeil, Gold "
296,Tier 4: Toggle OFF + Organic (Noise),Sri Jagdamba Pearls,Telangana (HQ: Hyderabad),@pooja_creative14,95295,93670,412,38,0.44%,0.47%,2026-06-03,https://www.instagram.com/p/DZHPdWCxP48/,"⚪ Standard Organic: Normal organic engagement curve (0.44% like rate, 0.98x reach)",✨ Visit www.jpearls.com and use my code [POOJA55] to avail an extra 5% OFF on top of the ongoing Flat 50% OFF across the entire Pearl & Gemstone Colle
297,Tier 4: Toggle OFF + Organic (Noise),Hazoorilal Legacy,Delhi NCR (HQ: New Delhi),@roseroomcouture,86350,93364,562,13,0.60%,0.67%,2026-08-04,https://www.instagram.com/p/Dbnl54CTm8A/,"⚪ Standard Organic: Normal organic engagement curve (0.6% like rate, 1.08x reach)","Grace finds conviction, softness finds strength."
298,Tier 4: Toggle OFF + Organic (Noise),Kalamandir Jewellers,Gujarat (HQ: Surat),@pranali_mistry_,218070,93290,1319,16,1.41%,0.61%,2026-08-16,https://www.instagram.com/p/DcFk42nOU8M/,"⚪ Standard Organic: Normal organic engagement curve (1.41% like rate, 0.43x reach)",WAIT IS OVER!! @kalamandirjewellers is now in Vadodara. And to mark this grand opening they are introducing “Shubh Aarambh Mahotsav” with up to 100% o
299,Tier 4: Toggle OFF + Organic (Noise),Malabar Gold & Diamonds,Kerala (HQ: Kozhikode),@zoulbymalabar,24214,91261,267,10,0.29%,1.14%,2026-03-25,https://www.instagram.com/p/DWS6HwdiDbE/,"⚪ Standard Organic: Normal organic engagement curve (0.29% like rate, 3.77x reach)",A little bit of this. A little bit of that. Okay maybe a lot.
300,Tier 4: Toggle OFF + Organic (Noise),Kalamandir Jewellers,Gujarat (HQ: Surat),@komalvora.official,275885,85309,1255,19,1.47%,0.46%,2026-08-08,https://www.instagram.com/p/Dbw-cbzobow/,"⚪ Standard Organic: Normal organic engagement curve (1.47% like rate, 0.31x reach)","Kabhi-kabhi ek chhoti si khabar, bade sapno ki shuruaat ban jaati hai… 💎"
301,Tier 4: Toggle OFF + Organic (Noise),Malabar Gold & Diamonds,Kerala (HQ: Kozhikode),@zoulbymalabar,24214,84826,1304,50,1.54%,5.59%,2026-02-16,https://www.instagram.com/p/DU0nK0ICNIA/,"⚪ Standard Organic: Normal organic engagement curve (1.54% like rate, 3.5x reach)",Introducing ZOUL Lifestyle Jewellery.
302,Tier 4: Toggle OFF + Organic (Noise),Malabar Gold & Diamonds,Kerala (HQ: Kozhikode),@zoulbymalabar,24214,84459,591,16,0.70%,2.51%,2026-02-14,https://www.instagram.com/p/DUvNL2cCEtG/,"⚪ Standard Organic: Normal organic engagement curve (0.7% like rate, 3.49x reach)","This Valentine’s, celebrate her — every day. ❤️"
303,Tier 4: Toggle OFF + Organic (Noise),Palmonas,"Pan-India / Maharashtra (HQ: Pune, D2C)",@ayoshitalukdar,0,83581,395,29,0.47%,0.00%,2026-08-21,https://www.instagram.com/p/DcTc2JbIdLb/,⚪ Standard Organic: Standard organic reach,"Sisterhood is having a built-in best friend, therapist, and certified menace all in one person.  This Rakhi, celebrate that beautifully chaotic bond with Palmonas!✨💛  [Its A Tie, Rakshabandhan, Everyday luxury, Demi-fine jewellery, 18k gold vermeil, "
304,Tier 4: Toggle OFF + Organic (Noise),Palmonas,"Pan-India / Maharashtra (HQ: Pune, D2C)",@underneat.in,0,82415,648,8,0.79%,0.00%,2026-06-28,https://www.instagram.com/p/DaHsdpFNFyR/,⚪ Standard Organic: Standard organic reach,"POV: The best part of the collab wasn’t the campaign. It was you.  From your everyday fits to your special occasion looks, you made the @palmonas_official × @underneat.in story your own.  Here’s a little love letter to our community and all the incre"
305,Tier 4: Toggle OFF + Organic (Noise),Lalithaa Jewellery,Tamil Nadu (HQ: Chennai),@anja_achu,114411,81058,948,25,1.17%,0.85%,2026-06-02,https://www.instagram.com/p/DZFtswWoVdP/,"⚪ Standard Organic: Normal organic engagement curve (1.17% like rate, 0.71x reach)",✨ Porur’s newest shopping destination is here! ✨
306,Tier 4: Toggle OFF + Organic (Noise),Malabar Gold & Diamonds,Kerala (HQ: Kozhikode),@zoulbymalabar,24214,81028,492,17,0.61%,2.10%,2026-03-13,https://www.instagram.com/p/DV0LXnHiLKu/,"⚪ Standard Organic: Normal organic engagement curve (0.61% like rate, 3.35x reach)",Some days it’s stacked. Some days it’s just one.
307,Tier 4: Toggle OFF + Organic (Noise),P. C. Chandra Jewellers,West Bengal (HQ: Kolkata),@actresspaul,379240,80027,3258,49,4.07%,0.87%,2026-04-18,https://www.instagram.com/p/DXRFsPBiStj/,"⚪ Standard Organic: Normal organic engagement curve (4.07% like rate, 0.21x reach)","Warmest wishes to you this Akshaya Tritiya! May your life be filled with abundance, grace, and golden moments that last a lifetime."
308,Tier 4: Toggle OFF + Organic (Noise),Palmonas,"Pan-India / Maharashtra (HQ: Pune, D2C)",@tanghavri,0,78945,402,16,0.51%,0.00%,2026-07-24,https://www.instagram.com/p/DbK7p_rJ1JJ/,⚪ Standard Organic: Standard organic reach,"Looksmaxxing reimagined through jewellery!  My take on the trend with Palmonas “Jewellery Maxxing” ✨  Tanya Ghavri collection now live on @palmonas_official website, go shop now!  #TanyaGhavri #Palmonas #DemiFine"
309,Tier 4: Toggle OFF + Organic (Noise),Kalamandir Jewellers,Gujarat (HQ: Surat),@darshita.ttdp,45376,78909,1147,36,1.45%,2.61%,2026-07-08,https://www.instagram.com/p/DahTsp5s15v/,"⚪ Standard Organic: Normal organic engagement curve (1.45% like rate, 1.74x reach)","This isn’t a jewellery story. It’s a story about fear, confidence, and finally choosing myself."
310,Tier 4: Toggle OFF + Organic (Noise),Sri Jagdamba Pearls,Telangana (HQ: Hyderabad),@nikki_fashionworld,50046,78777,865,77,1.10%,1.88%,2026-06-29,https://www.instagram.com/p/DaKVj6NgKgO/,"⚪ Standard Organic: Normal organic engagement curve (1.1% like rate, 1.57x reach)",✨ Shine brighter with timeless elegance at Jagadamba Pearls! ✨
311,Tier 4: Toggle OFF + Organic (Noise),Malabar Gold & Diamonds,Kerala (HQ: Kozhikode),@zoulbymalabar,24214,76749,234,20,0.30%,1.05%,2026-03-29,https://www.instagram.com/p/DWdNp3MiPiF/,"⚪ Standard Organic: Normal organic engagement curve (0.3% like rate, 3.17x reach)",You showed up today.
312,Tier 4: Toggle OFF + Organic (Noise),Malabar Gold & Diamonds,Kerala (HQ: Kozhikode),@zoulbymalabar,24214,76135,413,18,0.54%,1.78%,2026-03-12,https://www.instagram.com/p/DVxc-3hswSZ/,"⚪ Standard Organic: Normal organic engagement curve (0.54% like rate, 3.14x reach)",Why settle for one vibe when you can be them all?
313,Tier 4: Toggle OFF + Organic (Noise),Malabar Gold & Diamonds,Kerala (HQ: Kozhikode),@zoulbymalabar,24214,76124,145,1,0.19%,0.60%,2026-03-27,https://www.instagram.com/p/DWYY0RViPVZ/,"⚪ Standard Organic: Normal organic engagement curve (0.19% like rate, 3.14x reach)",How are you showing up today?
314,Tier 4: Toggle OFF + Organic (Noise),Prince Jewellery,Tamil Nadu (HQ: Chennai),@pavithralakshmioffl,2023820,75769,821,13,1.08%,0.04%,2026-08-01,https://www.instagram.com/p/Dbf2C2ITuMG/,"⚪ Standard Organic: Normal organic engagement curve (1.08% like rate, 0.04x reach)",“AADI” la yen rendu “A” irukku theriyuma? 😉✨
315,Tier 4: Toggle OFF + Organic (Noise),GIVA Jewellery,"Pan-India / Karnataka (HQ: Bengaluru, D2C)",@advik_1212,0,75301,292,15,0.39%,0.00%,2026-07-27,https://www.instagram.com/p/DbTD70Yvndt/,⚪ Standard Organic: Standard organic reach,"This Raksha Bandhan, don’t forget the one with paws. Celebrate your sibling and your furever sibling with GIVA.  ( Rakhi, Pet Rakhi, Furry Sibling, Pawfect Bond, Furever Sibling, rakhi 2026, Silver Rakhi, Gifts for Sister, Rakhi for Brother, Rakhi fo"
316,Tier 4: Toggle OFF + Organic (Noise),Malabar Gold & Diamonds,Kerala (HQ: Kozhikode),@zoulbymalabar,24214,72476,417,6,0.58%,1.75%,2026-02-23,https://www.instagram.com/p/DVGCoGqCAc_/,"⚪ Standard Organic: Normal organic engagement curve (0.58% like rate, 2.99x reach)",Minimal design.
317,Tier 4: Toggle OFF + Organic (Noise),C. Krishniah Chetty & Co (CKC),Karnataka (HQ: Bengaluru),@nethra_reddy__,296105,72333,2327,115,3.22%,0.82%,2026-04-17,https://www.instagram.com/p/DXPIqJPElSd/,"⚪ Standard Organic: Normal organic engagement curve (3.22% like rate, 0.24x reach)",This Akshaya Tritiya felt a little different ✨
318,Tier 4: Toggle OFF + Organic (Noise),Malabar Gold & Diamonds,Kerala (HQ: Kozhikode),@zoulbymalabar,24214,69781,225,8,0.32%,0.96%,2026-03-22,https://www.instagram.com/p/DWLOEoGCKFm/,"⚪ Standard Organic: Normal organic engagement curve (0.32% like rate, 2.88x reach)",The ultimate game changer.
319,Tier 4: Toggle OFF + Organic (Noise),Hazoorilal Legacy,Delhi NCR (HQ: New Delhi),@roseroomcouture,86350,68089,443,7,0.65%,0.52%,2026-08-03,https://www.instagram.com/p/DblBTipzpk2/,"⚪ Standard Organic: Normal organic engagement curve (0.65% like rate, 0.79x reach)","The moments before the lights, the music, and the first walk."
320,Tier 4: Toggle OFF + Organic (Noise),Sri Jagdamba Pearls,Telangana (HQ: Hyderabad),@pallabi_paul_kundu,60424,68086,3014,44,4.43%,5.06%,2026-08-07,https://www.instagram.com/p/DbvGHfbvm0F/,"⚪ Standard Organic: Normal organic engagement curve (4.43% like rate, 1.13x reach)","Some gifts become memories you cherish forever. 💝 This Raksha Bandhan, my brother surprised me with this beautiful jewellery from Sri Jagdamba Pearls"
321,Tier 4: Toggle OFF + Organic (Noise),Malabar Gold & Diamonds,Kerala (HQ: Kozhikode),@zoulbymalabar,24214,67714,290,18,0.43%,1.27%,2026-03-10,https://www.instagram.com/p/DVsUDDPCNYv/,"⚪ Standard Organic: Normal organic engagement curve (0.43% like rate, 2.8x reach)",From “keep it minimal”
322,Tier 4: Toggle OFF + Organic (Noise),DP Abhushan (DP Jewellers),Madhya Pradesh (HQ: Ratlam),@playfulparenthood,485633,66744,1110,16,1.66%,0.23%,2026-05-15,https://www.instagram.com/p/DYWwew1JTwf/,"⚪ Standard Organic: Normal organic engagement curve (1.66% like rate, 0.14x reach)",Jewellery that makes every outfit feel a little more special ✨
323,Tier 4: Toggle OFF + Organic (Noise),Palmonas,"Pan-India / Maharashtra (HQ: Pune, D2C)",@palmonas.me,0,65724,321,8,0.49%,0.00%,2026-07-26,https://www.instagram.com/p/DbQZOUbto-X/,⚪ Standard Organic: Standard organic reach,"From India to the UAE...this has been on our vision board for a while✨ Our very first store is now open at Reem Mall, Abu Dhabi, and we couldn't have asked for a better place to mark this milestone💛  The doors are officially open. Come say hello!👋  ["
324,Tier 4: Toggle OFF + Organic (Noise),Malabar Gold & Diamonds,Kerala (HQ: Kozhikode),@zoulbymalabar,24214,65440,355,37,0.54%,1.62%,2026-03-15,https://www.instagram.com/p/DV5LdfEM0IJ/,"⚪ Standard Organic: Normal organic engagement curve (0.54% like rate, 2.7x reach)","Corporate, but make it personal with jewellery that speaks before you do."
325,Tier 4: Toggle OFF + Organic (Noise),Kalamandir Jewellers,Gujarat (HQ: Surat),@yourstylewarder,30378,64349,1031,40,1.60%,3.53%,2026-07-31,https://www.instagram.com/p/DbctRvwtHLs/,"⚪ Standard Organic: Normal organic engagement curve (1.6% like rate, 2.12x reach)",My favourite part isn’t choosing the jewellery.
326,Tier 4: Toggle OFF + Organic (Noise),P. N. Gadgil Jewellers (PNG),Maharashtra (HQ: Pune),@nandinichatterjeee,84818,64315,986,40,1.53%,1.21%,2026-07-11,https://www.instagram.com/p/DapzTM5sjpk/,"⚪ Standard Organic: Normal organic engagement curve (1.53% like rate, 0.76x reach)","If you’ve been waiting for the perfect time to own natural diamonds... this might be it. Dropped by PNG Jewellers, NIBM Pune and fell in love with the"
327,Tier 4: Toggle OFF + Organic (Noise),Sri Jagdamba Pearls,Telangana (HQ: Hyderabad),@theshishacouple_,47052,63947,1017,56,1.59%,2.28%,2026-04-15,https://www.instagram.com/p/DXJjcopExzn/,"⚪ Standard Organic: Normal organic engagement curve (1.59% like rate, 1.36x reach)",Comment for LINK✨🥰
328,Tier 4: Toggle OFF + Organic (Noise),Malabar Gold & Diamonds,Kerala (HQ: Kozhikode),@zoulbymalabar,24214,63699,185,5,0.29%,0.78%,2026-03-11,https://www.instagram.com/p/DVvUpbyCKad/,"⚪ Standard Organic: Normal organic engagement curve (0.29% like rate, 2.63x reach)",This trend? We approve.
329,Tier 4: Toggle OFF + Organic (Noise),Kalamandir Jewellers,Gujarat (HQ: Surat),@yashvi_vanani,30964,61722,985,4,1.60%,3.19%,2026-08-20,https://www.instagram.com/p/DcQy1hvPHmu/,"⚪ Standard Organic: Normal organic engagement curve (1.6% like rate, 1.99x reach)","Hey brides, if you’re shopping for your wedding jewellery, this might be the perfect time to start exploring Kalamandir Jewellers."
330,Tier 4: Toggle OFF + Organic (Noise),Malabar Gold & Diamonds,Kerala (HQ: Kozhikode),@zoulbymalabar,24214,61235,276,8,0.45%,1.17%,2026-03-04,https://www.instagram.com/p/DVc2tQPjJU8/,"⚪ Standard Organic: Normal organic engagement curve (0.45% like rate, 2.53x reach)",Not every day calls for extra.
331,Tier 4: Toggle OFF + Organic (Noise),Kalamandir Jewellers,Gujarat (HQ: Surat),@visha_modi,141274,61218,1369,23,2.24%,0.99%,2026-07-23,https://www.instagram.com/p/DbH9L54gUIk/,"⚪ Standard Organic: Normal organic engagement curve (2.24% like rate, 0.43x reach)",✨ Some memories are more than moments. They’re the jewellery that keeps them alive.
332,Tier 4: Toggle OFF + Organic (Noise),Malabar Gold & Diamonds,Kerala (HQ: Kozhikode),@zoulbymalabar,24214,59776,288,16,0.48%,1.26%,2026-03-06,https://www.instagram.com/p/DViAOt3DCNo/,"⚪ Standard Organic: Normal organic engagement curve (0.48% like rate, 2.47x reach)",Not every day is big. But every day is yours.
333,Tier 4: Toggle OFF + Organic (Noise),GIVA Jewellery,"Pan-India / Karnataka (HQ: Bengaluru, D2C)",@advik_1212,0,59750,235,31,0.39%,0.00%,2026-08-07,https://www.instagram.com/p/DbuZjlRzEbj/,⚪ Standard Organic: Standard organic reach,"From tiny hands to lifelong memories. We grow up, the bond doesn’t. Celebrate it in silver this Rakhi.  ( Rakhi, Pet Rakhi, Furry Sibling, Pawfect Bond, Furever Sibling, rakhi 2026, Silver Rakhi, Gifts for Sister, Rakhi for Brother, Rakhi for pets)  "
334,Tier 4: Toggle OFF + Organic (Noise),Malabar Gold & Diamonds,Kerala (HQ: Kozhikode),@zoulbymalabar,24214,59597,353,20,0.59%,1.54%,2026-03-05,https://www.instagram.com/p/DVfbchBDPwJ/,"⚪ Standard Organic: Normal organic engagement curve (0.59% like rate, 2.46x reach)",Simple at first glance.
335,Tier 4: Toggle OFF + Organic (Noise),Hira Panna Jewellers,India,@gayathrireddyys,57952,59255,3,4,0.01%,0.01%,2026-04-10,https://www.instagram.com/p/DW8_qV2kyWh/,"⚪ Standard Organic: Normal organic engagement curve (0.01% like rate, 1.02x reach)",Special Offer:
336,Tier 4: Toggle OFF + Organic (Noise),Malabar Gold & Diamonds,Kerala (HQ: Kozhikode),@zoulbymalabar,24214,58341,288,7,0.49%,1.22%,2026-02-22,https://www.instagram.com/p/DVDq3dBCHlf/,"⚪ Standard Organic: Normal organic engagement curve (0.49% like rate, 2.41x reach)",Tap. Hold. Reveal your everyday style.
337,Tier 4: Toggle OFF + Organic (Noise),Kalamandir Jewellers,Gujarat (HQ: Surat),@blogft.hirva,122064,58138,707,51,1.22%,0.62%,2026-07-27,https://www.instagram.com/p/DbSUzp-O7Nq/,"⚪ Standard Organic: Normal organic engagement curve (1.22% like rate, 0.48x reach)",The right piece of jewellery doesn’t just complete an outfit—it becomes a part of your story.💕
338,Tier 4: Toggle OFF + Organic (Noise),GIVA Jewellery,"Pan-India / Karnataka (HQ: Bengaluru, D2C)",@aditi.chajjed,0,57385,313,35,0.55%,0.00%,2026-07-16,https://www.instagram.com/p/Da20DbqvojX/,⚪ Standard Organic: Standard organic reach,"The perfect gift? It starts with GIVA.  Shot and edited by @escape.with.rashi   Use code WORTH15 for 15% off  (GIVA jewellery, Silver jewellery, Fine silver Jewellery)  #AD  #GIVAJewellery #StyleSealedInSilver #FineSilverJewellery"
339,Tier 4: Toggle OFF + Organic (Noise),P. N. Gadgil Jewellers (PNG),Maharashtra (HQ: Pune),@ankitapoddaar,28888,56377,201,6,0.36%,0.72%,2026-07-19,https://www.instagram.com/p/Da-dgcaKcYk/,"⚪ Standard Organic: Normal organic engagement curve (0.36% like rate, 1.95x reach)","Discovered a beautiful new jewellery spot in Charholi, Pune, and I just had to tell you about it!"
340,Tier 4: Toggle OFF + Organic (Noise),GIVA Jewellery,"Pan-India / Karnataka (HQ: Bengaluru, D2C)",@meghanaagaonkar,0,55062,450,67,0.82%,0.00%,2026-08-05,https://www.instagram.com/p/DbqGlGGPmEu/,⚪ Standard Organic: Standard organic reach,"Forgot Rakhi? Not anymore.  Silver Rakhi is just a GIVA NOW away. ✨  ( Rakhi, Pet Rakhi, Furry Sibling, Pawfect Bond, Furever Sibling, rakhi 2026, Silver Rakhi, Gifts for Sister, Rakhi for Brother, Rakhi for pets)  #BondsSealedInSilver #FureverSiblin"
341,Tier 4: Toggle OFF + Organic (Noise),Mor Jewellers,India,@makeupstudiobyzarnish,1561,55001,1551,25,2.82%,100.96%,2026-03-09,https://www.instagram.com/p/DVq_KisDVWX/,"📈 Viral Organic Reach: High organic views (55,001) accompanied by strong like rate (2.82%)",Bridal campaign 2026✨
342,Tier 4: Toggle OFF + Organic (Noise),GIVA Jewellery,"Pan-India / Karnataka (HQ: Bengaluru, D2C)",@jhankal_nupur,0,54844,291,32,0.53%,0.00%,2026-08-17,https://www.instagram.com/p/DcJaxOjBaPr/,⚪ Standard Organic: Standard organic reach,"My brother pulled off THIS good a gift last minute, all thanks to GIVA Now.✨  ( Rakhi, Pet Rakhi, Furry Sibling, Pawfect Bond, Furever Sibling, rakhi 2026, Silver Rakhi, Gifts for Sister, Rakhi for Brother, Rakhi for pets)  #AD #BondsSealedInSilver #"
343,Tier 4: Toggle OFF + Organic (Noise),GIVA Jewellery,"Pan-India / Karnataka (HQ: Bengaluru, D2C)",@prashanth.amrutha,0,54756,278,22,0.51%,0.00%,2026-07-25,https://www.instagram.com/p/DbNlawqvaHA/,⚪ Standard Organic: Standard organic reach,"Celebrate your furry sibling with GIVA’s Pet Collection.  ( Rakhi, Pet Rakhi, Furry Sibling, Pawfect Bond, Furever Sibling, rakhi 2026, Silver Rakhi, Gifts for Sister, Rakhi for Brother, Rakhi for pets)  #BondsSealedInSilver #FureverSibling #GIVAJewe"
344,Tier 4: Toggle OFF + Organic (Noise),Malabar Gold & Diamonds,Kerala (HQ: Kozhikode),@zoulbymalabar,24214,53765,389,13,0.72%,1.66%,2026-02-14,https://www.instagram.com/p/DUu42SmiEbu/,"⚪ Standard Organic: Normal organic engagement curve (0.72% like rate, 2.22x reach)","#ValentinesDay is a reminder that love isn’t just a feeling, it’s a promise, a connection, and a celebration of the moments that make us whole. Celebr"
345,Tier 4: Toggle OFF + Organic (Noise),GIVA Jewellery,"Pan-India / Karnataka (HQ: Bengaluru, D2C)",@prashanth.amrutha,0,53733,389,26,0.72%,0.00%,2026-08-01,https://www.instagram.com/p/DbgDLs_vGu-/,⚪ Standard Organic: Standard organic reach,"This Raksha Bandhan, gift something they’ll never want to take off.  ( Rakhi, Pet Rakhi, Furry Sibling, Pawfect Bond, Furever Sibling, rakhi 2026, Silver Rakhi, Gifts for Sister, Rakhi for Brother, Rakhi for pets)  #BondsSealedInSilver #FureverSiblin"
346,Tier 4: Toggle OFF + Organic (Noise),Palmonas,"Pan-India / Maharashtra (HQ: Pune, D2C)",@getwetfitofficial,0,53385,203,4,0.38%,0.00%,2026-06-26,https://www.instagram.com/p/DaCgHiuttho/,⚪ Standard Organic: Standard organic reach,"Not your usual evening. Not your usual Pilates class. 🌊✨  Floating between balance and chaos, calm and laughter, we brought Pune’s first Aqua Pilates experience to life as the sun set around us.  A reminder that the best memories are often made when "
347,Tier 4: Toggle OFF + Organic (Noise),Malabar Gold & Diamonds,Kerala (HQ: Kozhikode),@zoulbymalabar,24214,53346,247,42,0.46%,1.19%,2026-03-01,https://www.instagram.com/p/DVVbUZoiI9j/,"⚪ Standard Organic: Normal organic engagement curve (0.46% like rate, 2.2x reach)","When your bestie has completely different energy, but your jewellery still just… works!"
348,Tier 4: Toggle OFF + Organic (Noise),C.H. Jewellers,Gujarat (HQ: Vadodara),@rashmi_kansara,76677,52822,378,4,0.72%,0.50%,2026-08-10,https://www.instagram.com/p/Db20gU_vsnv/,"⚪ Standard Organic: Normal organic engagement curve (0.72% like rate, 0.69x reach)",✨ YOU ASKED. WE LISTENED. ✨
349,Tier 4: Toggle OFF + Organic (Noise),Anopchand Tilokchand (AT Jewell,Chhattisgarh (HQ: Raipur),@makeupbyanushree_,17399,52096,725,11,1.39%,4.23%,2026-03-30,https://www.instagram.com/p/DWgHDVkgLrW/,"⚪ Standard Organic: Normal organic engagement curve (1.39% like rate, 2.99x reach)","Not heavy, not loud —"
350,Tier 4: Toggle OFF + Organic (Noise),GRT Jewellers,Tamil Nadu (HQ: Chennai),@_mohanaasree,55341,51990,577,3,1.11%,1.05%,2026-05-26,https://www.instagram.com/p/DYytJXFT52p/,"⚪ Standard Organic: Normal organic engagement curve (1.11% like rate, 0.94x reach)",A little gold saved today can turn into something beautiful tomorrow ✨💛
351,Tier 4: Toggle OFF + Organic (Noise),Anopchand Tilokchand (AT Jewell,Chhattisgarh (HQ: Raipur),@withlove_shini,11845,50936,702,20,1.38%,6.10%,2026-04-09,https://www.instagram.com/p/DW6e6CVDMq2/,"⚪ Standard Organic: Normal organic engagement curve (1.38% like rate, 4.3x reach)","Twilight, but make it Indian 🤍"
352,Tier 4: Toggle OFF + Organic (Noise),Ulhas Jewellers,India,@_goenchigazaali_,213,50536,3455,40,6.84%,1640.85%,2026-02-19,https://www.instagram.com/p/DU7e0XPksaL/,"📈 Viral Organic Reach: High organic views (50,536) accompanied by strong like rate (6.84%)",Tag your hardworking goenkars below !
353,Tier 4: Toggle OFF + Organic (Noise),Malabar Gold & Diamonds,Kerala (HQ: Kozhikode),@zoulbymalabar,24214,50504,222,10,0.44%,0.96%,2026-02-27,https://www.instagram.com/p/DVQrslvCE2l/,"⚪ Standard Organic: Normal organic engagement curve (0.44% like rate, 2.09x reach)",Serve. Sprint. Reset.
354,Tier 4: Toggle OFF + Organic (Noise),Malabar Gold & Diamonds,Kerala (HQ: Kozhikode),@zoulbymalabar,24214,48990,287,7,0.59%,1.21%,2026-02-25,https://www.instagram.com/p/DVLBw9ziGWx/,"⚪ Standard Organic: Normal organic engagement curve (0.59% like rate, 2.02x reach)",Your vibe. Your pick. Your moment.
355,Tier 4: Toggle OFF + Organic (Noise),Malabar Gold & Diamonds,Kerala (HQ: Kozhikode),@zoulbymalabar,24214,48461,293,7,0.60%,1.24%,2026-02-21,https://www.instagram.com/p/DVAho73iAwv/,"⚪ Standard Organic: Normal organic engagement curve (0.6% like rate, 2.0x reach)",The brief said “formal.”​
356,Tier 4: Toggle OFF + Organic (Noise),Palmonas,"Pan-India / Maharashtra (HQ: Pune, D2C)",@palmonas.me,0,46693,152,6,0.33%,0.00%,2026-07-10,https://www.instagram.com/p/DanhHgiNto1/,⚪ Standard Organic: Standard organic reach,"Some pieces make it into your jewellery box. 😌 The good ones never really make it back... They're a part of every rotation! 🤌✨  Palmonas has arrived in the UAE. Discover your next favourites, now online and in stores. 🇦🇪💫  [Palmonas, UAE, Palmonas In"
357,Tier 4: Toggle OFF + Organic (Noise),BlueStone,"Pan-India / Karnataka (HQ: Bengaluru, D2C)",@shiivaniiarora,80169,46309,303,5,0.65%,0.38%,2026-02-03,https://www.instagram.com/p/DUTJkQJEwNW/,"⚪ Standard Organic: Normal organic engagement curve (0.65% like rate, 0.58x reach)","By now, Karan definitely knows my jewellery taste."
358,Tier 4: Toggle OFF + Organic (Noise),Kalamandir Jewellers,Gujarat (HQ: Surat),@aditi_vinayak_dravid,217838,46063,398,26,0.86%,0.19%,2026-07-10,https://www.instagram.com/p/DamszGyNjHF/,"⚪ Standard Organic: Normal organic engagement curve (0.86% like rate, 0.21x reach)",The wait is officially over. ✨
359,Tier 4: Toggle OFF + Organic (Noise),P. C. Chandra Jewellers,West Bengal (HQ: Kolkata),@mahakkagarwal,23687,45825,1774,12,3.87%,7.54%,2026-02-11,https://www.instagram.com/p/DUnA60cEQhY/,"⚪ Standard Organic: Normal organic engagement curve (3.87% like rate, 1.93x reach)",manifesting a love like this🥰🧿
360,Tier 4: Toggle OFF + Organic (Noise),GIVA Jewellery,"Pan-India / Karnataka (HQ: Bengaluru, D2C)",@sushmitajoshii,0,45234,352,31,0.78%,0.00%,2026-07-13,https://www.instagram.com/p/DavFh--P-4J/,⚪ Standard Organic: Standard organic reach,"A symphony in silver  (Fine silver jewellery, Rose gold jewellery, Everyday jewellery, Cool girl jewellery)   #StyleSealedInSilver #GIVAJewellery #FineSilverJewellery #Thalassa"
361,Tier 4: Toggle OFF + Organic (Noise),GIVA Jewellery,"Pan-India / Karnataka (HQ: Bengaluru, D2C)",@anurika_das,0,44982,111,25,0.25%,0.00%,2026-08-15,https://www.instagram.com/p/DcD5c04PDmO/,⚪ Standard Organic: Standard organic reach,"POV: your sister knows exactly what you want for Rakhi   ( Rakhi, rakhi 2026, Silver Rakhi, Gifts for Sister, Rakhi for Brother)  #AD #BondsSealedInSilver  #GIVAJewellery #FineSilverJewellery"
362,Tier 4: Toggle OFF + Organic (Noise),Ulhas Jewellers,India,@narushadsouza,48562,40893,1198,48,2.93%,2.57%,2026-06-04,https://www.instagram.com/p/DZKqOaTgPIJ/,"⚪ Standard Organic: Normal organic engagement curve (2.93% like rate, 0.84x reach)",Celebrate World Environment Day & Win a Silver Pendant!
363,Tier 4: Toggle OFF + Organic (Noise),P. N. Gadgil Jewellers (PNG),Maharashtra (HQ: Pune),@lokmat_sakhi,419846,40386,389,1,0.96%,0.09%,2026-08-19,https://www.instagram.com/p/DcON_x4jOIm/,"⚪ Standard Organic: Normal organic engagement curve (0.96% like rate, 0.1x reach)",स्त्रीच्या सौंदर्याला पूर्णत्व देणारा आणि अखंड सौभाग्याचं प्रतीक असलेला दागिना म्हणजे 'मंगळसूत्र'! विश्वासाची परंपरा जपणाऱ्या पीएनजी ज्वेलर्स मध्ये सु
364,Tier 4: Toggle OFF + Organic (Noise),Kalamandir Jewellers,Gujarat (HQ: Surat),@rajshree31_,105651,36904,576,21,1.56%,0.57%,2026-08-11,https://www.instagram.com/p/Db5e_rlz6_W/,"⚪ Standard Organic: Normal organic engagement curve (1.56% like rate, 0.35x reach)",The perfect time to bring home that dream piece? Right now. ✨
365,Tier 4: Toggle OFF + Organic (Noise),Sri Jagdamba Pearls,Telangana (HQ: Hyderabad),@aafreenazaad,40815,36202,118,67,0.33%,0.45%,2026-06-04,https://www.instagram.com/p/DZKVryFhFQr/,"⚪ Standard Organic: Normal organic engagement curve (0.33% like rate, 0.89x reach)","Some jewellery trends come and go, but pearls have always felt timeless to me. 🤍"
366,Tier 4: Toggle OFF + Organic (Noise),GIVA Jewellery,"Pan-India / Karnataka (HQ: Bengaluru, D2C)",@aarya_nagpal,0,35932,240,29,0.67%,0.00%,2026-08-21,https://www.instagram.com/p/DcThAOOhX-Q/,⚪ Standard Organic: Standard organic reach,"The outfit is only half the look!! GIVA's silver completes it.😉✨ . . .  ( Rakhi, Pet Rakhi, Furry Sibling, Furever Sibling, rakhi 2026, Silver Rakhi, Gifts for Sister, Rakhi for Brother, Rakhi for pets)  #AD #BondsSealedInSilver #explore #GIVAJewelle"
367,Tier 4: Toggle OFF + Organic (Noise),GIVA Jewellery,"Pan-India / Karnataka (HQ: Bengaluru, D2C)",@miliieee_,0,35744,154,57,0.43%,0.00%,2026-08-18,https://www.instagram.com/p/DcL82QVPyhq/,⚪ Standard Organic: Standard organic reach,"Forgot the Rakhi gift?   Consider this your sign to make that last-minute gift count. ✨  GIVA has you covered.   ( Rakhi, rakhi 2026, Silver Rakhi, Gifts for Sister, Rakhi for Brother,)  #AD #BondsSealedInSilver #GIVAJewellery #FineSilverJewellery"
368,Tier 4: Toggle OFF + Organic (Noise),Mor Jewellers,India,@sanasaqibofficial,65826,33968,3,21,0.01%,0.04%,2026-07-06,https://www.instagram.com/p/DadaUlfIOW4/,"⚪ Standard Organic: Normal organic engagement curve (0.01% like rate, 0.52x reach)",✨ Shalimar bride
369,Tier 4: Toggle OFF + Organic (Noise),Sri Jagdamba Pearls,Telangana (HQ: Hyderabad),@prasanna_ghandikota,15741,30708,3,21,0.01%,0.15%,2026-06-05,https://www.instagram.com/p/DZM3Bw7p2hA/,"⚪ Standard Organic: Normal organic engagement curve (0.01% like rate, 1.95x reach)",Pearls never go out of style ✨
370,Tier 4: Toggle OFF + Organic (Noise),Kalamandir Jewellers,Gujarat (HQ: Surat),@ishani_kamdar,9715,30633,430,36,1.40%,4.80%,2026-07-17,https://www.instagram.com/p/Da5NcdAt57O/,"⚪ Standard Organic: Normal organic engagement curve (1.4% like rate, 3.15x reach)","If you've been waiting for the right time to buy jewellery, this is it."
371,Tier 4: Toggle OFF + Organic (Noise),Anopchand Tilokchand (AT Jewell,Chhattisgarh (HQ: Raipur),@tasteofbhilai,46450,30203,429,76,1.42%,1.09%,2026-07-14,https://www.instagram.com/p/DawfHTqIA6J/,"⚪ Standard Organic: Normal organic engagement curve (1.42% like rate, 0.65x reach)","🏷 ✨ Double the Blessings, Double the Savings! ✨"
372,Tier 4: Toggle OFF + Organic (Noise),Palmonas,"Pan-India / Maharashtra (HQ: Pune, D2C)",@trysugar,0,29360,1468,4282,5.00%,0.00%,2026-08-03,https://www.instagram.com/p/DblUNaYDS2J/,⚪ Standard Organic: Standard organic reach,✨ GIVEAWAY ALERT ✨  One exciting giveaway  Two of your favourites  @palmonas_official × @trysugar are bringing you the chance to win an exclusive hamper filled with must-have goodies! 🎁  Here’s how to enter: 💛 Follow @palmonas_official & @trysugar 👯 
373,Tier 4: Toggle OFF + Organic (Noise),GIVA Jewellery,"Pan-India / Karnataka (HQ: Bengaluru, D2C)",@suvekrawat14,0,29097,3,9,0.01%,0.00%,2026-08-21,https://www.instagram.com/p/DcTBycVNlSQ/,⚪ Standard Organic: Standard organic reach,"Your brother won’t ask for it, but he’s gonna love these Rakhi gifts.  ( Rakhi, rakhi 2026, Silver Rakhi, Gifts for Sister, Rakhi for Brother,)  #AD #BondsSealedInSilver #GIVAJewellery #FineSilverJewellery"
374,Tier 4: Toggle OFF + Organic (Noise),PC Jeweller,India,@upwarriorz,167351,28980,1449,20,5.00%,0.88%,2026-02-02,https://www.instagram.com/p/DUPmqDLiODH/,"⚪ Standard Organic: Normal organic engagement curve (5.0% like rate, 0.17x reach)","Our season comes to an end, but the spirit remains ✨"
375,Tier 4: Toggle OFF + Organic (Noise),Palmonas,"Pan-India / Maharashtra (HQ: Pune, D2C)",@mohit.duseja,0,28784,347,18,1.21%,0.00%,2026-08-23,https://www.instagram.com/p/DcXznNSNf3x/,⚪ Standard Organic: Standard organic reach,"Boys, assemble! 🫡 Your Best Brother title isn’t going to earn itself... 😏  This Rakhi, go the extra mile. Gift your sister Palmonas! 💫✨  (P.S. Thank me later 😉)  [Its A Tie, Rakshabandhan, Everyday luxury, Demi-fine jewellery, 18k gold vermeil, Gold "
376,Tier 4: Toggle OFF + Organic (Noise),C.H. Jewellers,Gujarat (HQ: Vadodara),@siimrankaur_,32498,28687,357,8,1.24%,1.12%,2026-07-18,https://www.instagram.com/p/Da7JWdBzuP9/,"⚪ Standard Organic: Normal organic engagement curve (1.24% like rate, 0.88x reach)",Aa Gold & Diamond Jewellery deal share na karu toh chale j nahi! 😍✨
377,Tier 4: Toggle OFF + Organic (Noise),B.C. Sen Jewellers,India,@theamistory,588,28016,333,0,1.19%,56.63%,2026-02-09,https://www.instagram.com/p/DUitebsAb91/,"⚪ Standard Organic: Normal organic engagement curve (1.19% like rate, 47.65x reach)",Stay Tuned 💕
378,Tier 4: Toggle OFF + Organic (Noise),Ulhas Jewellers,India,@narushadsouza,48562,28015,751,10,2.68%,1.57%,2026-06-05,https://www.instagram.com/p/DZNRDYyhPPV/,"⚪ Standard Organic: Normal organic engagement curve (2.68% like rate, 0.58x reach)","This World Environment Day, we took a step towards a greener tomorrow."
379,Tier 4: Toggle OFF + Organic (Noise),Kalamandir Jewellers,Gujarat (HQ: Surat),@priyayadav_,79756,27823,538,22,1.93%,0.70%,2026-08-13,https://www.instagram.com/p/Db99vUINTIm/,"⚪ Standard Organic: Normal organic engagement curve (1.93% like rate, 0.35x reach)",Because every woman remembers her first ❤️
380,Tier 4: Toggle OFF + Organic (Noise),Mor Jewellers,India,@samya.sheraz.salon,96893,26916,407,0,1.51%,0.42%,2026-02-14,https://www.instagram.com/p/DUv2QquDJO1/,"⚪ Standard Organic: Normal organic engagement curve (1.51% like rate, 0.28x reach)",Valima makeup @samya.sheraz.salon 🌟💖
381,Tier 4: Toggle OFF + Organic (Noise),Sri Jagdamba Pearls,Telangana (HQ: Hyderabad),@everydayy_seriess,21305,26296,618,12,2.35%,2.96%,2026-06-28,https://www.instagram.com/p/DaIAiAbRXpW/,"⚪ Standard Organic: Normal organic engagement curve (2.35% like rate, 1.23x reach)",June month of pearls🤍
382,Tier 4: Toggle OFF + Organic (Noise),Malabar Gold & Diamonds,Kerala (HQ: Kozhikode),@minediamondsbymalabar,5269,26260,1313,17,5.00%,25.24%,2026-07-04,https://www.instagram.com/p/DaXyWOwjMfz/,"📈 Viral Organic Reach: High organic views (26,260) accompanied by strong like rate (5.0%)",Crafted to mesmerise and leave a lasting impression.
383,Tier 4: Toggle OFF + Organic (Noise),Sri Jagdamba Pearls,Telangana (HQ: Hyderabad),@amma_ratnam,47677,26192,277,3,1.06%,0.59%,2026-06-03,https://www.instagram.com/p/DZHy4RrypwX/,"⚪ Standard Organic: Normal organic engagement curve (1.06% like rate, 0.55x reach)",Visit www.jpearls.com and use my code VIJAYA55 to avail an extra 5% OFF on top of the ongoing Flat 50% OFF across the entire Pearl & Gemstone Collecti
384,Tier 4: Toggle OFF + Organic (Noise),P. C. Chandra Jewellers,West Bengal (HQ: Kolkata),@itsmeabirchatterjee,605945,25769,910,9,3.53%,0.15%,2026-04-19,https://www.instagram.com/p/DXTTYNAEth0/,"⚪ Standard Organic: Normal organic engagement curve (3.53% like rate, 0.04x reach)","On this auspicious day of Akshaya Tritiya, wishing you prosperity that grows, joy that stays, and memories that last forever."
385,Tier 4: Toggle OFF + Organic (Noise),P. C. Chandra Jewellers,West Bengal (HQ: Kolkata),@itsmeabirchatterjee,605945,25376,965,14,3.80%,0.16%,2026-04-14,https://www.instagram.com/p/DXG92SKEkq1/,"⚪ Standard Organic: Normal organic engagement curve (3.8% like rate, 0.04x reach)",There’s a quiet magic in beginning the year wrapped in tradition—where every detail holds meaning and every ritual feels timeless.
386,Tier 4: Toggle OFF + Organic (Noise),Anopchand Tilokchand (AT Jewell,Chhattisgarh (HQ: Raipur),@bhiyaoooraipur,151216,25222,672,5,2.66%,0.45%,2026-07-13,https://www.instagram.com/p/DauglZBMBvI/,"⚪ Standard Organic: Normal organic engagement curve (2.66% like rate, 0.17x reach)","✨ Double the Blessings, Double the Savings! ✨"
387,Tier 4: Toggle OFF + Organic (Noise),Anopchand Tilokchand (AT Jewell,Chhattisgarh (HQ: Raipur),@bhilai.sahar,125957,24887,171,1,0.69%,0.14%,2026-07-15,https://www.instagram.com/p/DazN73tiUtQ/,"⚪ Standard Organic: Normal organic engagement curve (0.69% like rate, 0.2x reach)","✨ Double the Blessings, Double the Savings! ✨"
388,Tier 4: Toggle OFF + Organic (Noise),GIVA Jewellery,"Pan-India / Karnataka (HQ: Bengaluru, D2C)",@perksofbeing_rajanna,0,24240,170,20,0.70%,0.00%,2026-08-22,https://www.instagram.com/p/DcWAnlSTVXA/,⚪ Standard Organic: Standard organic reach,"Different personalities. One thing in common: they all shine in silver. ✨  ( Rakhi, Pet Rakhi, Furry Sibling, Pawfect Bond, Furever Sibling, rakhi 2026, Silver Rakhi, Gifts for Sister, Rakhi for Brother, Rakhi for pets)  Shot and edited by @basusreej"
389,Tier 4: Toggle OFF + Organic (Noise),Sri Jagdamba Pearls,Telangana (HQ: Hyderabad),@bharghavi_rao,22073,23574,3,19,0.01%,0.10%,2026-05-07,https://www.instagram.com/p/DYCw630hFFK/,"⚪ Standard Organic: Normal organic engagement curve (0.01% like rate, 1.07x reach)",Mother’s are the real super-human’s and they deserve the love and pampering🤍✨
390,Tier 4: Toggle OFF + Organic (Noise),Amrapali Jewels,Rajasthan (HQ: Jaipur),@fortune.india,90209,23308,223,9,0.96%,0.26%,2026-08-16,https://www.instagram.com/p/DcGfBo3h8tH/,"⚪ Standard Organic: Normal organic engagement curve (0.96% like rate, 0.26x reach)","#Watch | Tarang Arora, CEO of Amrapali Jewels, believes the more technology and AI reshape jewellery-making, the more valuable human craftsmanship wil"
391,Tier 4: Toggle OFF + Organic (Noise),Anopchand Tilokchand (AT Jewell,Chhattisgarh (HQ: Raipur),@raipur_explore_,65770,22620,473,5,2.09%,0.73%,2026-07-13,https://www.instagram.com/p/DavMjzYsdLb/,"⚪ Standard Organic: Normal organic engagement curve (2.09% like rate, 0.34x reach)","✨ Double the Blessings, Double the Savings! ✨"
392,Tier 4: Toggle OFF + Organic (Noise),Sri Jagdamba Pearls,Telangana (HQ: Hyderabad),@steerinstylewithshweta,28239,21885,327,5,1.49%,1.18%,2026-08-11,https://www.instagram.com/p/Db3BPc3xf4Q/,"⚪ Standard Organic: Normal organic engagement curve (1.49% like rate, 0.77x reach)","Bonds which are beautifully complicated, but the love behind them is always simple — that is the sibling bond. 🤍"
393,Tier 4: Toggle OFF + Organic (Noise),Mor Jewellers,India,@sanasaqibofficial,65826,21030,3,14,0.01%,0.03%,2026-06-17,https://www.instagram.com/p/DZstsfKo2Lx/,"⚪ Standard Organic: Normal organic engagement curve (0.01% like rate, 0.32x reach)",✨
394,Tier 4: Toggle OFF + Organic (Noise),Hira Panna Jewellers,India,@indu_official_1,10313,21010,429,1,2.04%,4.17%,2026-04-14,https://www.instagram.com/p/DXF9gO6ARMG/,"⚪ Standard Organic: Normal organic engagement curve (2.04% like rate, 2.04x reach)",Akshaya Tritiya ante gold konali…
395,Tier 4: Toggle OFF + Organic (Noise),Sri Jagdamba Pearls,Telangana (HQ: Hyderabad),@raginizone_,8077,18556,470,15,2.53%,6.00%,2026-06-02,https://www.instagram.com/p/DZGEjICS9nG/,"⚪ Standard Organic: Normal organic engagement curve (2.53% like rate, 2.3x reach)",✨ Visit www.jpearls.com and use my code RAGINI55 to avail an extra 5% OFF on top of the ongoing Flat 50% OFF across the entire Pearl & Gemstone Collec
396,Tier 4: Toggle OFF + Organic (Noise),Mor Jewellers,India,@lybabutt,59429,17847,342,23,1.92%,0.61%,2026-08-09,https://www.instagram.com/p/Db05nCgIUy6/,"⚪ Standard Organic: Normal organic engagement curve (1.92% like rate, 0.3x reach)",2026 Bridal Campaign | Reception Look 🤍
397,Tier 4: Toggle OFF + Organic (Noise),Anopchand Tilokchand (AT Jewell,Chhattisgarh (HQ: Raipur),@siddharth.baradia,2447,17565,350,18,1.99%,15.04%,2026-06-21,https://www.instagram.com/p/DZ1QtoCCC-M/,"⚪ Standard Organic: Normal organic engagement curve (1.99% like rate, 7.18x reach)",The sparkle you’ve been waiting for has officially arrived. AT Jewellers is thrilled to announce the grand launch of our brand-new showroom at Nehru N
398,Tier 4: Toggle OFF + Organic (Noise),Mor Jewellers,India,@zahrastudioz,72368,17450,197,12,1.13%,0.29%,2026-04-01,https://www.instagram.com/p/DWlUIh_jXEM/,"⚪ Standard Organic: Normal organic engagement curve (1.13% like rate, 0.24x reach)",Get ready with us✨
399,Tier 4: Toggle OFF + Organic (Noise),Anopchand Tilokchand (AT Jewell,Chhattisgarh (HQ: Raipur),@__safarnaama_raipur__,57568,17339,175,0,1.01%,0.30%,2026-07-13,https://www.instagram.com/p/DaueBPgT_d7/,"⚪ Standard Organic: Normal organic engagement curve (1.01% like rate, 0.3x reach)",Celebrate our 70th Anniversary with Central India’s biggest jewellery offer.
400,Tier 4: Toggle OFF + Organic (Noise),Hira Panna Jewellers,India,@foodie_donga_official,2972,16890,100,19,0.59%,4.00%,2026-04-13,https://www.instagram.com/p/DXDopXYEd2F/,"⚪ Standard Organic: Normal organic engagement curve (0.59% like rate, 5.68x reach)",Hirappanna jewellery 🫠❤️🕊️
401,Tier 4: Toggle OFF + Organic (Noise),Mor Jewellers,India,@theremfilms_trf,283,16775,216,66,1.29%,99.65%,2026-06-16,https://www.instagram.com/p/DZpIOxDsPX1/,"⚪ Standard Organic: Normal organic engagement curve (1.29% like rate, 59.28x reach)",Presenting our Walima Bridal Campaign 2026–2027 💍🤍
402,Tier 4: Toggle OFF + Organic (Noise),Amrapali Jewels,Rajasthan (HQ: Jaipur),@tarang_arora,31621,16380,819,32,5.00%,2.69%,2026-07-17,https://www.instagram.com/p/Da5UgTjIO4w/,"⚪ Standard Organic: Normal organic engagement curve (5.0% like rate, 0.52x reach)",Warning: Causes Staring 🆘
403,Tier 4: Toggle OFF + Organic (Noise),C.H. Jewellers,Gujarat (HQ: Vadodara),@lifewitheeya,68371,16224,438,4,2.70%,0.65%,2026-07-18,https://www.instagram.com/p/Da763mJtizy/,"⚪ Standard Organic: Normal organic engagement curve (2.7% like rate, 0.24x reach)",Aa Gold & Diamond Jewellery deal share na karu toh chale j nahi! 😍✨
404,Tier 4: Toggle OFF + Organic (Noise),Sri Jagdamba Pearls,Telangana (HQ: Hyderabad),@nilakshidekaofficial,11868,16151,112,20,0.69%,1.11%,2026-08-19,https://www.instagram.com/p/DcN_MJCvKBU/,"⚪ Standard Organic: Normal organic engagement curve (0.69% like rate, 1.36x reach)",100 years of pearls from @jagdambapearls a lifetime of a mother’s love. 🤍
405,Tier 4: Toggle OFF + Organic (Noise),Sri Jagdamba Pearls,Telangana (HQ: Hyderabad),@deepti_chinaria,13437,16073,135,18,0.84%,1.14%,2026-08-08,https://www.instagram.com/p/Dbxa9gRxHTy/,"⚪ Standard Organic: Normal organic engagement curve (0.84% like rate, 1.2x reach)",**”Some distances can’t be measured in miles… because love always finds a way home. 🤍✨”**
406,Tier 4: Toggle OFF + Organic (Noise),Anopchand Tilokchand (AT Jewell,Chhattisgarh (HQ: Raipur),@the_punjabi_vlogs_raipur,28833,15892,196,1,1.23%,0.68%,2026-07-15,https://www.instagram.com/p/DazdePdIKXG/,"⚪ Standard Organic: Normal organic engagement curve (1.23% like rate, 0.55x reach)","Double the Blessings, Double the Savings! ✨"
407,Tier 4: Toggle OFF + Organic (Noise),Sri Jagdamba Pearls,Telangana (HQ: Hyderabad),@__.laasya._,16534,15751,228,7,1.45%,1.42%,2026-06-15,https://www.instagram.com/p/DZmIzRcKdp7/,"⚪ Standard Organic: Normal organic engagement curve (1.45% like rate, 0.95x reach)",Timeless. Elegant. Always in style. ✨
408,Tier 4: Toggle OFF + Organic (Noise),C.H. Jewellers,Gujarat (HQ: Vadodara),@etc.byjiyal,30674,15537,162,3,1.04%,0.54%,2026-07-16,https://www.instagram.com/p/Da3Im1JzoDF/,"⚪ Standard Organic: Normal organic engagement curve (1.04% like rate, 0.51x reach)",Aa Gold & Diamond Jewellery deal share na karu toh chale j nahi! 😍✨
409,Tier 4: Toggle OFF + Organic (Noise),Mor Jewellers,India,@sanasaqibofficial,65826,15421,3,35,0.02%,0.06%,2026-06-16,https://www.instagram.com/p/DZouwjKqwn0/,"⚪ Standard Organic: Normal organic engagement curve (0.02% like rate, 0.23x reach)",Our Walima bride campaign 2026-2027 for my upcoming brides inspo 💖
410,Tier 4: Toggle OFF + Organic (Noise),Kalamandir Jewellers,Gujarat (HQ: Surat),@jhilmil_vashistha,23387,15413,3,52,0.02%,0.24%,2026-08-17,https://www.instagram.com/p/DcIjiEIKFns/,"⚪ Standard Organic: Normal organic engagement curve (0.02% like rate, 0.66x reach)",They keep saying nobody understands what a girl actually wants. It’s not complicated. 🤍
411,Tier 4: Toggle OFF + Organic (Noise),Palmonas,"Pan-India / Maharashtra (HQ: Pune, D2C)",@lovechildbymasaba,0,15340,767,825,5.00%,0.00%,2026-08-18,https://www.instagram.com/p/DcLPoPstgFl/,⚪ Standard Organic: Standard organic reach,"This Rakhi, we’re celebrating the sibling who drives you crazy, steals your stuff, knows all your secrets, and somehow remains your favourite person.😌  So tell us: What’s one thing you’ll never stop fighting with your sibling about? 👀   Drop your ans"
412,Tier 4: Toggle OFF + Organic (Noise),P. N. Gadgil Jewellers (PNG),Maharashtra (HQ: Pune),@our_gurugram,153888,15307,141,8,0.92%,0.10%,2026-08-18,https://www.instagram.com/p/DcLoMSpvsQV/,"⚪ Standard Organic: Normal organic engagement curve (0.92% like rate, 0.1x reach)","Gurugram, your PNG story begins here."
413,Tier 4: Toggle OFF + Organic (Noise),Anopchand Tilokchand (AT Jewell,Chhattisgarh (HQ: Raipur),@anand.unfiltered,53167,15293,126,3,0.82%,0.24%,2026-07-14,https://www.instagram.com/p/Dax3BSjMwzY/,"⚪ Standard Organic: Normal organic engagement curve (0.82% like rate, 0.29x reach)","✨ Double the Blessings, Double the Savings! ✨"
414,Tier 4: Toggle OFF + Organic (Noise),Sri Jagdamba Pearls,Telangana (HQ: Hyderabad),@vaishalikokate27,52202,15194,621,75,4.09%,1.33%,2026-08-10,https://www.instagram.com/p/Db27K8TNwPe/,"⚪ Standard Organic: Normal organic engagement curve (4.09% like rate, 0.29x reach)","Pearls, saree & a little sunshine… some things just belong together. 🤍☀️"
415,Tier 4: Toggle OFF + Organic (Noise),Sri Jagdamba Pearls,Telangana (HQ: Hyderabad),@indian_saritorialist,18549,15172,190,11,1.25%,1.08%,2026-06-12,https://www.instagram.com/p/DZedLX4h0rU/,"⚪ Standard Organic: Normal organic engagement curve (1.25% like rate, 0.82x reach)","What it takes to make a fauji wife - chiffon sarees, pearls and tonnes of elegance."
416,Tier 4: Toggle OFF + Organic (Noise),Hira Panna Jewellers,India,@this_iz_thanu,7546,15090,292,25,1.94%,4.20%,2026-04-11,https://www.instagram.com/p/DW-yn2Lk2VV/,"⚪ Standard Organic: Normal organic engagement curve (1.94% like rate, 2.0x reach)",Don’t. Miss the offer
417,Tier 4: Toggle OFF + Organic (Noise),C.H. Jewellers,Gujarat (HQ: Vadodara),@panktipathak25,152269,14885,363,4,2.44%,0.24%,2026-07-17,https://www.instagram.com/p/Da5arQTAG6M/,"⚪ Standard Organic: Normal organic engagement curve (2.44% like rate, 0.1x reach)",Aa Gold & Diamond Jewellery deal share na karu toh chale j nahi! 😍✨
418,Tier 4: Toggle OFF + Organic (Noise),C.H. Jewellers,Gujarat (HQ: Vadodara),@rjpujaofficial,125298,14727,321,6,2.18%,0.26%,2026-07-17,https://www.instagram.com/p/Da5HFpWpWan/,"⚪ Standard Organic: Normal organic engagement curve (2.18% like rate, 0.12x reach)",Aa Gold & Diamond Jewellery deal share na karu toh chale j nahi! 😍✨
419,Tier 4: Toggle OFF + Organic (Noise),Palmonas,"Pan-India / Maharashtra (HQ: Pune, D2C)",@anjali_tatrari,0,14100,306,24,2.17%,0.00%,2026-08-23,https://www.instagram.com/p/DcYcX_RtqRJ/,⚪ Standard Organic: Standard organic reach,"Impersonating my brother only made me realise how annoying he is! 😏 But when it comes to picking a Rakhi gift, he knows exactly what I’d love, and these Palmonas picks prove it! 😌✨  [Its A Tie, Rakshabandhan, Everyday luxury, Demi-fine jewellery, 18k"
420,Tier 4: Toggle OFF + Organic (Noise),Anopchand Tilokchand (AT Jewell,Chhattisgarh (HQ: Raipur),@ashikakotecha_,93038,14048,305,6,2.17%,0.33%,2026-07-14,https://www.instagram.com/p/DawjS4yslMj/,"⚪ Standard Organic: Normal organic engagement curve (2.17% like rate, 0.15x reach)","✨ Double the Blessings, Double the Savings! ✨"
421,Tier 4: Toggle OFF + Organic (Noise),Hazoorilal Legacy,Delhi NCR (HQ: New Delhi),@zooribyhazoorilallegacy,8864,13926,142,5,1.02%,1.66%,2026-02-22,https://www.instagram.com/p/DVETM7EEwS1/,"⚪ Standard Organic: Normal organic engagement curve (1.02% like rate, 1.57x reach)",Dressed for plans that weren’t planned.
422,Tier 4: Toggle OFF + Organic (Noise),Palmonas,"Pan-India / Maharashtra (HQ: Pune, D2C)",@igpcom,0,13600,680,1065,5.00%,0.00%,2026-07-28,https://www.instagram.com/p/DbV3XINDffO/,⚪ Standard Organic: Standard organic reach,"Here’s to the friendships that are meant to last forever. 🫶  From graduation memories to every milestone after, some people stay by your side through thick and thin. 🩵  That’s why @palmonas_official X @igpcom are treating 5 lucky winners to 3 amazing"
423,Tier 4: Toggle OFF + Organic (Noise),Sri Jagdamba Pearls,Telangana (HQ: Hyderabad),@steerinstylewithshweta,28239,13502,504,37,3.73%,1.92%,2026-06-08,https://www.instagram.com/p/DZUbHmPMPoz/,"⚪ Standard Organic: Normal organic engagement curve (3.73% like rate, 0.48x reach)","A good outfit, a coffee date, and jewellery that effortlessly pulls everything together. ✨"
424,Tier 4: Toggle OFF + Organic (Noise),B.C. Sen Jewellers,India,@tanusreeshankar,227383,13191,196,2,1.49%,0.09%,2026-06-25,https://www.instagram.com/p/DZ_sbFuI5Nh/,"⚪ Standard Organic: Normal organic engagement curve (1.49% like rate, 0.06x reach)","When it came to exchanging my old gold, trust and transparency mattered the most."
425,Tier 4: Toggle OFF + Organic (Noise),B.C. Sen Jewellers,India,@sreenandashankar,399594,12882,249,3,1.93%,0.06%,2026-06-26,https://www.instagram.com/p/DaCGI2_SIBL/,"⚪ Standard Organic: Normal organic engagement curve (1.93% like rate, 0.03x reach)",Choosing the right jeweller makes all the difference when exchanging old gold. That’s why I chose @bcsenjewellers ..
426,Tier 4: Toggle OFF + Organic (Noise),Anopchand Tilokchand (AT Jewell,Chhattisgarh (HQ: Raipur),@foodie.raipurian,82925,12679,93,0,0.73%,0.11%,2026-07-14,https://www.instagram.com/p/Daw_XKdupcS/,"⚪ Standard Organic: Normal organic engagement curve (0.73% like rate, 0.15x reach)","✨ Double the Blessings, Double the Savings! ✨"
427,Tier 4: Toggle OFF + Organic (Noise),Anopchand Tilokchand (AT Jewell,Chhattisgarh (HQ: Raipur),@thelocaltube,43744,12416,119,1,0.96%,0.27%,2026-07-15,https://www.instagram.com/p/Daz2M2PK4Da/,"⚪ Standard Organic: Normal organic engagement curve (0.96% like rate, 0.28x reach)","Golden deals are here, Raipur! 💛"
428,Tier 4: Toggle OFF + Organic (Noise),Sri Jagdamba Pearls,Telangana (HQ: Hyderabad),@the.naariverse,3556,12389,163,40,1.32%,5.71%,2026-06-05,https://www.instagram.com/p/DZNFg12oV7A/,"⚪ Standard Organic: Normal organic engagement curve (1.32% like rate, 3.48x reach)",Pearls : drops of magic from ocean 🤍
429,Tier 4: Toggle OFF + Organic (Noise),Anopchand Tilokchand (AT Jewell,Chhattisgarh (HQ: Raipur),@wandering_homiess,57715,12241,131,13,1.07%,0.25%,2026-07-16,https://www.instagram.com/p/Da18vN4BDkF/,"⚪ Standard Organic: Normal organic engagement curve (1.07% like rate, 0.21x reach)","✨ Double the Blessings, Double the Savings! ✨"
430,Tier 4: Toggle OFF + Organic (Noise),Anopchand Tilokchand (AT Jewell,Chhattisgarh (HQ: Raipur),@varshasahu.official,36465,11838,193,19,1.63%,0.58%,2026-07-14,https://www.instagram.com/p/Daw_2rFIper/,"⚪ Standard Organic: Normal organic engagement curve (1.63% like rate, 0.32x reach)","✨ Double the Blessings, Double the Savings! ✨"
431,Tier 4: Toggle OFF + Organic (Noise),Aisshpra Gems & Jewels,Uttar Pradesh (HQ: Gorakhpur),@gorakhpur.aisshpra,2659,11361,303,7,2.67%,11.66%,2026-03-02,https://www.instagram.com/p/DVY1__SEpCn/,"📈 Viral Organic Reach: High organic views (11,361) accompanied by strong like rate (2.67%)",Not every jewellery shines. Some commands attention.
432,Tier 4: Toggle OFF + Organic (Noise),Amrapali Jewels,Rajasthan (HQ: Jaipur),@tarang_arora,31621,11220,561,37,5.00%,1.89%,2026-08-14,https://www.instagram.com/p/DcBkal9IJi2/,"⚪ Standard Organic: Normal organic engagement curve (5.0% like rate, 0.35x reach)","A handful of dreams, set in stone and gold."
433,Tier 4: Toggle OFF + Organic (Noise),Anopchand Tilokchand (AT Jewell,Chhattisgarh (HQ: Raipur),@hiraipur,209667,11126,75,2,0.67%,0.04%,2026-07-13,https://www.instagram.com/p/DauURQ9Szh6/,"⚪ Standard Organic: Normal organic engagement curve (0.67% like rate, 0.05x reach)","✨ Double the Blessings, Double the Savings! ✨"
434,Tier 4: Toggle OFF + Organic (Noise),Palmonas,"Pan-India / Maharashtra (HQ: Pune, D2C)",@tanghavri,0,11100,555,4,5.00%,0.00%,2026-07-21,https://www.instagram.com/p/DbBRA7xDdDI/,⚪ Standard Organic: Standard organic reach,"If Tanya Ghavri had access to your jewellery box... it’d probably look a lot like the Palmonas x Tanya Ghavri Collection. 😉✨  [Tanya Ghavri, Everyday luxury, Demi-fine jewellery, 18k gold vermeil, Gold tone jewellery, Timeless, Shraddha Kapoor Jewell"
435,Tier 4: Toggle OFF + Organic (Noise),Mor Jewellers,India,@team.rameesha,549,11040,552,6,5.00%,101.64%,2026-06-21,https://www.instagram.com/p/DZ23G6EiugJ/,"📈 Viral Organic Reach: High organic views (11,040) accompanied by strong like rate (5.0%)",Team Bride // Assistant Artist//Baraat ❤️
436,Tier 4: Toggle OFF + Organic (Noise),Mor Jewellers,India,@frmakeupstudioco,3194,10962,314,50,2.86%,11.40%,2026-05-15,https://www.instagram.com/p/DYWpQtQonEG/,"⚪ Standard Organic: Normal organic engagement curve (2.86% like rate, 3.43x reach)",Bridal campaign 2026
437,Tier 4: Toggle OFF + Organic (Noise),Mor Jewellers,India,@sanasaqibofficial,65826,10929,3,12,0.03%,0.02%,2026-06-13,https://www.instagram.com/p/DZiPoZWoy5x/,"⚪ Standard Organic: Normal organic engagement curve (0.03% like rate, 0.17x reach)",Wait for it... 👰🏻‍♀️✨
438,Tier 4: Toggle OFF + Organic (Noise),Palmonas,"Pan-India / Maharashtra (HQ: Pune, D2C)",@thefaceshopindia_official,0,10620,531,586,5.00%,0.00%,2026-08-21,https://www.instagram.com/p/DcS_xmwN3EG/,⚪ Standard Organic: Standard organic reach,"✨RAKHI GIVEAWAY ALERT!✨  Your forever partner-in-crime deserves a little something extra this Rakhi! 👭🏻💚  & That’s why @thefaceshopindia_official x @palmonas_official are teaming up to make sibling gifting twice as exciting, as we’re giving away ₹6,0"
439,Tier 4: Toggle OFF + Organic (Noise),Anopchand Tilokchand (AT Jewell,Chhattisgarh (HQ: Raipur),@raipurview,33396,10450,75,0,0.72%,0.22%,2026-07-15,https://www.instagram.com/p/Daz_6ZDPwVC/,"⚪ Standard Organic: Normal organic engagement curve (0.72% like rate, 0.31x reach)","✨ Double the Blessings, Double the Savings! ✨"
440,Tier 4: Toggle OFF + Organic (Noise),Khimji Jewellers,Odisha (HQ: Bhubaneswar),@redfmodisha,2847,10328,150,2,1.45%,5.34%,2026-02-14,https://www.instagram.com/p/DUuZPTDCfbg/,"⚪ Standard Organic: Normal organic engagement curve (1.45% like rate, 3.63x reach)",Make this Valentine’s Day unforgettable! 🌹 We’ve hidden a little sparkle all over the city. Can you find it? Participate in the Khimji Jewellers Loves
441,Tier 4: Toggle OFF + Organic (Noise),Hira Panna Jewellers,India,@nidhisfoodandtravel,97890,10241,3,19,0.03%,0.02%,2026-04-14,https://www.instagram.com/p/DXHNkcPEhq-/,"⚪ Standard Organic: Normal organic engagement curve (0.03% like rate, 0.1x reach)","‼️Special Offer😱 Get stunning harams, chains & vaddanams with just 6%-12% wastage - best value deals!"
442,Tier 4: Toggle OFF + Organic (Noise),Mor Jewellers,India,@sarteladiessalon,135922,10146,79,4,0.78%,0.06%,2026-05-04,https://www.instagram.com/p/DX6u65pI5aq/,"⚪ Standard Organic: Normal organic engagement curve (0.78% like rate, 0.07x reach)",👗 @revowstudio
443,Tier 4: Toggle OFF + Organic (Noise),Mor Jewellers,India,@samya.sheraz.salon,96893,10018,117,1,1.17%,0.12%,2026-06-06,https://www.instagram.com/p/DZP20VQtiEe/,"⚪ Standard Organic: Normal organic engagement curve (1.17% like rate, 0.1x reach)",Barat makeup @samya.sheraz.salon
444,Tier 4: Toggle OFF + Organic (Noise),Mor Jewellers,India,@samya.sheraz.salon,96893,9728,143,0,1.47%,0.15%,2026-06-04,https://www.instagram.com/p/DZK9NaJIC7f/,"⚪ Standard Organic: Normal organic engagement curve (1.47% like rate, 0.1x reach)",Sig Barat makeup @samya.sheraz.salon
445,Tier 4: Toggle OFF + Organic (Noise),Sri Jagdamba Pearls,Telangana (HQ: Hyderabad),@indian_saritorialist,18549,9482,139,22,1.47%,0.87%,2026-08-08,https://www.instagram.com/p/DbxE8DphwnF/,"⚪ Standard Organic: Normal organic engagement curve (1.47% like rate, 0.51x reach)","Finding the apt gift for your sibling is an onerous task. I have made it easier for you. Earrings, bracelets, watches and jewellery sets to match your"
446,Tier 4: Toggle OFF + Organic (Noise),Mor Jewellers,India,@sarteladiessalon,135922,9415,96,6,1.02%,0.08%,2026-05-03,https://www.instagram.com/p/DX4Ut0dywY2/,"⚪ Standard Organic: Normal organic engagement curve (1.02% like rate, 0.07x reach)",👗 @revowstudio
447,Tier 4: Toggle OFF + Organic (Noise),Sri Jagdamba Pearls,Telangana (HQ: Hyderabad),@aryaamazumder,0,9240,462,30,5.00%,0.00%,2026-08-09,https://www.instagram.com/p/Db1M0jHE1gy/,"⚪ Standard Organic: Normal organic engagement curve (5.0% like rate, 0x reach)","This Rakshabandhan, choose a gift that stays. Just like pearls, true bonds endure through the years."
448,Tier 4: Toggle OFF + Organic (Noise),Anopchand Tilokchand (AT Jewell,Chhattisgarh (HQ: Raipur),@explore_with_shaili,46092,9126,112,4,1.23%,0.25%,2026-07-13,https://www.instagram.com/p/Dat_MPQTBlz/,"⚪ Standard Organic: Normal organic engagement curve (1.23% like rate, 0.2x reach)",सोने की खरीदी पर ₹7000 की बचत 🧐😱
449,Tier 4: Toggle OFF + Organic (Noise),Anopchand Tilokchand (AT Jewell,Chhattisgarh (HQ: Raipur),@bhiyaoooraipur,151216,9110,125,2,1.37%,0.08%,2026-06-29,https://www.instagram.com/p/DaLGhXwsJ2Q/,"⚪ Standard Organic: Normal organic engagement curve (1.37% like rate, 0.06x reach)","Call 9639430003,9639020002"
450,Tier 4: Toggle OFF + Organic (Noise),Sri Jagdamba Pearls,Telangana (HQ: Hyderabad),@jagdambapearlsstore,38063,9078,67,7,0.74%,0.19%,2026-06-09,https://www.instagram.com/p/DZW5EsZCu-b/,"⚪ Standard Organic: Normal organic engagement curve (0.74% like rate, 0.24x reach)","A celebration of colour, craftsmanship, and timeless elegance."
451,Tier 4: Toggle OFF + Organic (Noise),Mor Jewellers,India,@sarteladiessalon,135922,8971,101,5,1.13%,0.08%,2026-05-01,https://www.instagram.com/p/DXyq_Zig7yb/,"⚪ Standard Organic: Normal organic engagement curve (1.13% like rate, 0.07x reach)",Jewellery @morjewellersofficial
452,Tier 4: Toggle OFF + Organic (Noise),BlueStone,"Pan-India / Karnataka (HQ: Bengaluru, D2C)",@razorpay,397858,8920,446,5,5.00%,0.11%,2026-02-16,https://www.instagram.com/p/DU0ZxFREkBS/,"⚪ Standard Organic: Normal organic engagement curve (5.0% like rate, 0.02x reach)",Gaurav Singh Kushwaha is joining the FTX26 stage.
453,Tier 4: Toggle OFF + Organic (Noise),Malabar Gold & Diamonds,Kerala (HQ: Kozhikode),@minediamondsbymalabar,5269,8840,442,3,5.00%,8.45%,2026-07-02,https://www.instagram.com/p/DaSvnfADOK-/,"⚪ Standard Organic: Normal organic engagement curve (5.0% like rate, 1.68x reach)","An inspiration of elegance, brought to life in every detail."
454,Tier 4: Toggle OFF + Organic (Noise),Sri Jagdamba Pearls,Telangana (HQ: Hyderabad),@jagdambapearlsstore,38063,8760,39,2,0.45%,0.11%,2026-05-11,https://www.instagram.com/p/DYM0K19CV9h/,"⚪ Standard Organic: Normal organic engagement curve (0.45% like rate, 0.23x reach)",A glimpse from the vibrant conference at Employees’ State Insurance Corporation ✨
455,Tier 4: Toggle OFF + Organic (Noise),Sri Jagdamba Pearls,Telangana (HQ: Hyderabad),@stargirl.madhu,6899,8621,154,19,1.79%,2.51%,2026-06-02,https://www.instagram.com/p/DZFcSLDqbUX/,"⚪ Standard Organic: Normal organic engagement curve (1.79% like rate, 1.25x reach)",✨ Visit www.jpearls.com and use my code [star55] to avail an extra 5% OFF on top of the ongoing Flat 50% OFF across the entire Pearl & Gemstone Collec
456,Tier 4: Toggle OFF + Organic (Noise),C.H. Jewellers,Gujarat (HQ: Vadodara),@khushaliichauhan,6837,8606,291,14,3.38%,4.46%,2026-07-21,https://www.instagram.com/p/DbDnjaGpLTO/,"⚪ Standard Organic: Normal organic engagement curve (3.38% like rate, 1.26x reach)",Aa Gold & Diamond Jewellery deal share na karu toh chale j nahi! 😍✨
457,Tier 4: Toggle OFF + Organic (Noise),Malabar Gold & Diamonds,Kerala (HQ: Kozhikode),@zoulbymalabar,24214,8420,421,12,5.00%,1.79%,2026-02-24,https://www.instagram.com/p/DVJD658jw3J/,"⚪ Standard Organic: Normal organic engagement curve (5.0% like rate, 0.35x reach)","From soft-core cute to low-key iconic,​​"
458,Tier 4: Toggle OFF + Organic (Noise),Mor Jewellers,India,@sanasaqibofficial,65826,8337,3,14,0.04%,0.03%,2026-07-05,https://www.instagram.com/p/Daa6lcYIlU2/,"⚪ Standard Organic: Normal organic engagement curve (0.04% like rate, 0.13x reach)",Shlima bridal campaign 2026_2027
459,Tier 4: Toggle OFF + Organic (Noise),Mor Jewellers,India,@makeupstudiobyzarnish,1561,8241,184,26,2.23%,13.45%,2026-03-11,https://www.instagram.com/p/DVv2wLTjfjc/,"📈 Viral Organic Reach: High organic views (8,241) accompanied by strong like rate (2.23%)",Signature Bridal Look ❤️✨
460,Tier 4: Toggle OFF + Organic (Noise),DP Abhushan (DP Jewellers),Madhya Pradesh (HQ: Ratlam),@amourabydp,4297,8180,409,0,5.00%,9.52%,2026-02-07,https://www.instagram.com/p/DUdjuK8iUEK/,"⚪ Standard Organic: Normal organic engagement curve (5.0% like rate, 1.9x reach)",The Girlhood Edit 💕
461,Tier 4: Toggle OFF + Organic (Noise),Malabar Gold & Diamonds,Kerala (HQ: Kozhikode),@minediamondsbymalabar,5269,8080,404,3,5.00%,7.72%,2026-07-07,https://www.instagram.com/p/DafiKLhjF6G/,"⚪ Standard Organic: Normal organic engagement curve (5.0% like rate, 1.53x reach)","An ode to the Earth’s timeless beauty, crafted to perfection."
462,Tier 4: Toggle OFF + Organic (Noise),Amrapali Jewels,Rajasthan (HQ: Jaipur),@tarang_arora,31621,8000,400,26,5.00%,1.35%,2026-08-04,https://www.instagram.com/p/Dbm5-fgoBwi/,"⚪ Standard Organic: Normal organic engagement curve (5.0% like rate, 0.25x reach)",Not every treasure belongs in a vault. 💎
463,Tier 4: Toggle OFF + Organic (Noise),Mor Jewellers,India,@celebration.capturing,2236,7582,131,23,1.73%,6.89%,2026-07-07,https://www.instagram.com/p/DafgZoYKmE0/,"⚪ Standard Organic: Normal organic engagement curve (1.73% like rate, 3.39x reach)",Bridal Campaign 2026
464,Tier 4: Toggle OFF + Organic (Noise),Sri Jagdamba Pearls,Telangana (HQ: Hyderabad),@jagdambapearlsstore,38063,7523,37,0,0.49%,0.10%,2026-03-11,https://www.instagram.com/p/DVvNj_xESTB/,"⚪ Standard Organic: Normal organic engagement curve (0.49% like rate, 0.2x reach)",Lightweight. Luminous. Unapologetically you. ✨
465,Tier 4: Toggle OFF + Organic (Noise),L. Gopal & Sons Jewellers,India,@thebluewindow.ghy,11830,7199,107,5,1.49%,0.95%,2026-04-21,https://www.instagram.com/p/DXZS1SdiWSU/,"⚪ Standard Organic: Normal organic engagement curve (1.49% like rate, 0.61x reach)",Something iconic is taking shape.
466,Tier 4: Toggle OFF + Organic (Noise),DP Abhushan (DP Jewellers),Madhya Pradesh (HQ: Ratlam),@amourabydp,4297,7080,354,3,5.00%,8.31%,2026-02-08,https://www.instagram.com/p/DUfyFxyiY1B/,"⚪ Standard Organic: Normal organic engagement curve (5.0% like rate, 1.65x reach)","This Galentine’s, skip the clichés."
467,Tier 4: Toggle OFF + Organic (Noise),Mor Jewellers,India,@sanasaqibofficial,65826,7074,3,11,0.04%,0.02%,2026-06-30,https://www.instagram.com/p/DaON7GQoplR/,"⚪ Standard Organic: Normal organic engagement curve (0.04% like rate, 0.11x reach)",Can’t wait to share My upcoming Sahlima bride 👰 campaign for my upcoming brides ❤️💕 stay tuned
468,Tier 4: Toggle OFF + Organic (Noise),Mor Jewellers,India,@the.ghazall_,9908,6977,34,0,0.49%,0.34%,2026-08-06,https://www.instagram.com/p/DbtYCrWtX3c/,"⚪ Standard Organic: Normal organic engagement curve (0.49% like rate, 0.7x reach)",A glimpse of our latest campaign with @minahilmalik727
469,Tier 4: Toggle OFF + Organic (Noise),Sri Jagdamba Pearls,Telangana (HQ: Hyderabad),@the.naariverse,3556,6955,124,20,1.78%,4.05%,2026-08-04,https://www.instagram.com/p/Dbnw8TIInXY/,"⚪ Standard Organic: Normal organic engagement curve (1.78% like rate, 1.96x reach)",Use code ‘KSHITIJA12’  for 12% off!
470,Tier 4: Toggle OFF + Organic (Noise),Sri Jagdamba Pearls,Telangana (HQ: Hyderabad),@picksby_siri,20701,6929,33,11,0.48%,0.21%,2026-08-09,https://www.instagram.com/p/Db0hjYaOzzL/,"⚪ Standard Organic: Normal organic engagement curve (0.48% like rate, 0.33x reach)",Some gifts become memories you cherish forever.
471,Tier 4: Toggle OFF + Organic (Noise),Sri Jagdamba Pearls,Telangana (HQ: Hyderabad),@saifaamreen_,25454,6578,3,3,0.05%,0.02%,2026-08-10,https://www.instagram.com/p/Db247pNsUwa/,"⚪ Standard Organic: Normal organic engagement curve (0.05% like rate, 0.26x reach)",Some gifts are more than just beautiful they carry a little piece of love. ✨
472,Tier 4: Toggle OFF + Organic (Noise),Sri Jagdamba Pearls,Telangana (HQ: Hyderabad),@jagdambapearlsstore,38063,6043,31,1,0.51%,0.08%,2026-05-06,https://www.instagram.com/p/DX_nz83iQAV/,"⚪ Standard Organic: Normal organic engagement curve (0.51% like rate, 0.16x reach)","This Mother’s Day, celebrate her with something as timeless as her love 💛"
473,Tier 4: Toggle OFF + Organic (Noise),Khimji Jewellers,Odisha (HQ: Bhubaneswar),@redfmodisha,2847,5939,151,0,2.54%,5.30%,2026-02-19,https://www.instagram.com/p/DU7g3BTgWXe/,"⚪ Standard Organic: Normal organic engagement curve (2.54% like rate, 2.09x reach)",What a day it turned out to be ✨
474,Tier 4: Toggle OFF + Organic (Noise),Sri Jagdamba Pearls,Telangana (HQ: Hyderabad),@thesassy_fit_twirlgirl,56303,5687,1607,4,28.26%,2.86%,2026-06-08,https://www.instagram.com/p/DZRodB2h9g2/,"⚪ Standard Organic: Normal organic engagement curve (28.26% like rate, 0.1x reach)",Best and beautiful pearls from Shree Jagdamba pearls which has a legacy of 100 + years!
475,Tier 4: Toggle OFF + Organic (Noise),DP Abhushan (DP Jewellers),Madhya Pradesh (HQ: Ratlam),@mpleaguet20,60554,5620,281,2,5.00%,0.47%,2026-05-27,https://www.instagram.com/p/DY1tgnnTO4_/,"⚪ Standard Organic: Normal organic engagement curve (5.0% like rate, 0.09x reach)",D.P. Jewellers takes center stage as the Official Umpire Partner. 🤝
476,Tier 4: Toggle OFF + Organic (Noise),Mor Jewellers,India,@zahrastudioz,72368,5614,68,0,1.21%,0.09%,2026-04-01,https://www.instagram.com/p/DWlo2w6jaL3/,"⚪ Standard Organic: Normal organic engagement curve (1.21% like rate, 0.08x reach)",Get ready with us✨
477,Tier 4: Toggle OFF + Organic (Noise),DP Abhushan (DP Jewellers),Madhya Pradesh (HQ: Ratlam),@amourabydp,4297,5454,29,0,0.53%,0.67%,2026-02-14,https://www.instagram.com/p/DUvRhryCYfi/,"⚪ Standard Organic: Normal organic engagement curve (0.53% like rate, 1.27x reach)","For the ones who stayed, supported, and sparkled with you ✨"
478,Tier 4: Toggle OFF + Organic (Noise),Sri Jagdamba Pearls,Telangana (HQ: Hyderabad),@stargirl.madhu,6899,5387,103,14,1.91%,1.70%,2026-08-14,https://www.instagram.com/p/DcBXGTUKONV/,"⚪ Standard Organic: Normal organic engagement curve (1.91% like rate, 0.78x reach)",Use my coupon code “madhuri12” to avail an extra 12% discount
479,Tier 4: Toggle OFF + Organic (Noise),Malabar Gold & Diamonds,Kerala (HQ: Kozhikode),@zoulbymalabar,24214,5320,266,12,5.00%,1.15%,2026-02-26,https://www.instagram.com/p/DVNyArJCGdQ/,"⚪ Standard Organic: Normal organic engagement curve (5.0% like rate, 0.22x reach)","For the girls who don’t wait for the spotlight, they bring their own."
480,Tier 4: Toggle OFF + Organic (Noise),Malabar Gold & Diamonds,Kerala (HQ: Kozhikode),@zoulbymalabar,24214,5300,265,11,5.00%,1.14%,2026-02-18,https://www.instagram.com/p/DU5XqARiIp3/,"⚪ Standard Organic: Normal organic engagement curve (5.0% like rate, 0.22x reach)",Sleek in Gold or Dual tone? Minimal or stacked?
481,Tier 4: Toggle OFF + Organic (Noise),C.H. Jewellers,Gujarat (HQ: Vadodara),@luckycharmss.95,1401,5158,63,5,1.22%,4.85%,2026-07-08,https://www.instagram.com/p/Dag3-VOOMq0/,"⚪ Standard Organic: Normal organic engagement curve (1.22% like rate, 3.68x reach)",A lifetime of love in one unforgettable moment ✨
482,Tier 4: Toggle OFF + Organic (Noise),Sri Jagdamba Pearls,Telangana (HQ: Hyderabad),@be_sreya,2343,5145,128,9,2.49%,5.85%,2026-06-02,https://www.instagram.com/p/DZFQM5PzB05/,"⚪ Standard Organic: Normal organic engagement curve (2.49% like rate, 2.2x reach)",Visit www.jpearls.com and use my code [SREYA55] to avail an extra 5% OFF on top of the ongoing Flat 50% OFF across the entire Pearl & Gemstone Collect
483,Tier 4: Toggle OFF + Organic (Noise),Hazoorilal Legacy,Delhi NCR (HQ: New Delhi),@roseroomcouture,86350,4920,246,4,5.00%,0.29%,2026-08-07,https://www.instagram.com/p/DbvWw4RkycM/,"⚪ Standard Organic: Normal organic engagement curve (5.0% like rate, 0.06x reach)",𝐓𝐰𝐨 𝐞𝐱𝐩𝐫𝐞𝐬𝐬𝐢𝐨𝐧𝐬 𝐨𝐟 𝐚𝐫𝐭𝐢𝐬𝐭𝐫𝐲. 𝐎𝐧𝐞 𝐬𝐡𝐚𝐫𝐞𝐝 𝐯𝐢𝐬𝐢𝐨𝐧.
484,Tier 4: Toggle OFF + Organic (Noise),Sri Jagdamba Pearls,Telangana (HQ: Hyderabad),@swathi_yashvin,18857,4890,96,19,1.96%,0.61%,2026-08-05,https://www.instagram.com/p/DbqEMery5uV/,"⚪ Standard Organic: Normal organic engagement curve (1.96% like rate, 0.26x reach)","Brothers, looking for the perfect gift for your sister? 🤍✨"
485,Tier 4: Toggle OFF + Organic (Noise),Anopchand Tilokchand (AT Jewell,Chhattisgarh (HQ: Raipur),@atjewellersbhilai,1480,4878,91,1,1.87%,6.22%,2026-06-20,https://www.instagram.com/p/DZz10PKAz81/,"⚪ Standard Organic: Normal organic engagement curve (1.87% like rate, 3.3x reach)",✨ Your Love Makes Us Shine Brighter ✨
486,Tier 4: Toggle OFF + Organic (Noise),Malabar Gold & Diamonds,Kerala (HQ: Kozhikode),@zoulbymalabar,24214,4760,238,7,5.00%,1.01%,2026-02-22,https://www.instagram.com/p/DVDHd6OD6pO/,"⚪ Standard Organic: Normal organic engagement curve (5.0% like rate, 0.2x reach)",The most powerful style statement is the one you wear every day.
487,Tier 4: Toggle OFF + Organic (Noise),Mor Jewellers,India,@makeupbyrumaisa_,2189,4660,85,15,1.82%,4.57%,2026-08-13,https://www.instagram.com/p/Db_CnYQMs_4/,"⚪ Standard Organic: Normal organic engagement curve (1.82% like rate, 2.13x reach)",Bridal Campaign 26’✨✨
488,Tier 4: Toggle OFF + Organic (Noise),Malabar Gold & Diamonds,Kerala (HQ: Kozhikode),@zoulbymalabar,24214,4660,233,14,5.00%,1.02%,2026-02-20,https://www.instagram.com/p/DU-J8LCCDFJ/,"⚪ Standard Organic: Normal organic engagement curve (5.0% like rate, 0.19x reach)","From morning meetings to evening plans, your jewellery is made to keep up with your every move.​"
489,Tier 4: Toggle OFF + Organic (Noise),Sri Jagdamba Pearls,Telangana (HQ: Hyderabad),@aryaamazumder,0,4587,81,13,1.77%,0.00%,2026-08-11,https://www.instagram.com/p/Db5bU4aPRqv/,"⚪ Standard Organic: Normal organic engagement curve (1.77% like rate, 0x reach)","This Rakshabandhan, choose a gift that stays. Just like pearls, true bonds endure through the years."
490,Tier 4: Toggle OFF + Organic (Noise),Aisshpra Gems & Jewels,Uttar Pradesh (HQ: Gorakhpur),@feverfmup,58950,4586,75,1,1.64%,0.13%,2026-03-20,https://www.instagram.com/p/DWG14J0DGzI/,"⚪ Standard Organic: Normal organic engagement curve (1.64% like rate, 0.08x reach)","Grand opening of Aisshpra Gems & Jewels, Alambagh, by the bollywood actress Chitrangada Singh adding charm to the celebration 💎"
491,Tier 4: Toggle OFF + Organic (Noise),Malabar Gold & Diamonds,Kerala (HQ: Kozhikode),@zoulbymalabar,24214,4580,229,10,5.00%,0.99%,2026-02-28,https://www.instagram.com/p/DVSpYkAjwuR/,"⚪ Standard Organic: Normal organic engagement curve (5.0% like rate, 0.19x reach)",Basic isn’t your thing.
492,Tier 4: Toggle OFF + Organic (Noise),Sri Jagdamba Pearls,Telangana (HQ: Hyderabad),@jagdambapearlsstore,38063,4510,8,0,0.18%,0.02%,2026-05-23,https://www.instagram.com/p/DYri5aJPTlv/,"⚪ Standard Organic: Normal organic engagement curve (0.18% like rate, 0.12x reach)","When customers notice the craftsmanship, it means everything ✨"
493,Tier 4: Toggle OFF + Organic (Noise),Aisshpra Gems & Jewels,Uttar Pradesh (HQ: Gorakhpur),@lucknow.aisshpra,1663,4365,42,0,0.96%,2.53%,2026-03-29,https://www.instagram.com/p/DWeoLh3Ty-X/,"⚪ Standard Organic: Normal organic engagement curve (0.96% like rate, 2.62x reach)","“Your trust is our biggest sparkle ✨ Thank you for your wonderful feedback and for choosing Aisshpra Gems & Jewels, Hazratganj, Lucknow. Your love and"
494,Tier 4: Toggle OFF + Organic (Noise),C.H. Jewellers,Gujarat (HQ: Vadodara),@etc.byjiyal,30674,4330,68,4,1.57%,0.23%,2026-08-07,https://www.instagram.com/p/DbvnYrQzthh/,"⚪ Standard Organic: Normal organic engagement curve (1.57% like rate, 0.14x reach)",You asked. We listened. 💛
495,Tier 4: Toggle OFF + Organic (Noise),Anopchand Tilokchand (AT Jewell,Chhattisgarh (HQ: Raipur),@thespotlight_twp,5295,4282,37,0,0.86%,0.70%,2026-04-29,https://www.instagram.com/p/DXtjX4ekVvd/,"⚪ Standard Organic: Normal organic engagement curve (0.86% like rate, 0.81x reach)","Where timeless craftsmanship meets modern elegance. Every sparkle tells a story, every frame captures luxury. A cinematic glimpse of brilliance with A"
496,Tier 4: Toggle OFF + Organic (Noise),Mor Jewellers,India,@makeupbyrumaisa_,2189,4133,74,13,1.79%,3.97%,2026-08-12,https://www.instagram.com/p/Db8MybxM5zK/,"⚪ Standard Organic: Normal organic engagement curve (1.79% like rate, 1.89x reach)",Coming Soon! ✨✨
497,Tier 4: Toggle OFF + Organic (Noise),Sri Jagdamba Pearls,Telangana (HQ: Hyderabad),@nikhitha_kale,14327,4105,132,5,3.22%,0.96%,2026-08-19,https://www.instagram.com/p/DcLpHm6BMS4/,"⚪ Standard Organic: Normal organic engagement curve (3.22% like rate, 0.29x reach)","This Raksha Bandhan, gift something timeless with Sri Jagdamba Pearls."
498,Tier 4: Toggle OFF + Organic (Noise),Sri Jagdamba Pearls,Telangana (HQ: Hyderabad),@indian_saritorialist,18549,4060,203,38,5.00%,1.30%,2026-06-08,https://www.instagram.com/p/DZUh3zAgZHo/,"⚪ Standard Organic: Normal organic engagement curve (5.0% like rate, 0.22x reach)","If diamonds are forever, pearls are timeless."
499,Tier 4: Toggle OFF + Organic (Noise),Anopchand Tilokchand (AT Jewell,Chhattisgarh (HQ: Raipur),@atjewellersbhilai,1480,4050,67,1,1.65%,4.59%,2026-06-16,https://www.instagram.com/p/DZpZc9uJFxg/,"⚪ Standard Organic: Normal organic engagement curve (1.65% like rate, 2.74x reach)",✨ A New Chapter of Trust & Elegance Begins ✨
500,Tier 4: Toggle OFF + Organic (Noise),Mor Jewellers,India,@frmakeupstudioco,3194,4032,95,76,2.36%,5.35%,2026-05-14,https://www.instagram.com/p/DYVGan3oYX7/,"⚪ Standard Organic: Normal organic engagement curve (2.36% like rate, 1.26x reach)",A glimpse of the magic before the veil lifts… ✨
501,Tier 4: Toggle OFF + Organic (Noise),Epari Govindam Jewellers,India,@nagamaniepari,2482,3889,110,1,2.83%,4.47%,2026-07-23,https://www.instagram.com/p/DbJQPt3q4Im/,"⚪ Standard Organic: Normal organic engagement curve (2.83% like rate, 1.57x reach)",A New chapter begins...16.07.2026
502,Tier 4: Toggle OFF + Organic (Noise),Mor Jewellers,India,@malihabukhari__,6333,3863,69,20,1.79%,1.41%,2026-06-08,https://www.instagram.com/p/DZVFTNwNXQb/,"⚪ Standard Organic: Normal organic engagement curve (1.79% like rate, 0.61x reach)",Eastern over anything!♥️ - the dress made me feel like a traditional baddie (thats what genz says)😃
503,Tier 4: Toggle OFF + Organic (Noise),Sri Jagdamba Pearls,Telangana (HQ: Hyderabad),@vrinda__saxena_chandrawat,1004,3717,69,15,1.86%,8.37%,2026-08-10,https://www.instagram.com/p/Db3Jwg6BXQC/,"⚪ Standard Organic: Normal organic engagement curve (1.86% like rate, 3.7x reach)","Brothers, consider this your sign to skip the “what should I gift her?” panic this Rakhi. 😉✨"
504,Tier 4: Toggle OFF + Organic (Noise),Sri Jagdamba Pearls,Telangana (HQ: Hyderabad),@jagdambapearlsstore,38063,3633,32,2,0.88%,0.09%,2026-08-07,https://www.instagram.com/p/DbuwkY4CLDz/,"⚪ Standard Organic: Normal organic engagement curve (0.88% like rate, 0.1x reach)","A hundred years, and still learning something new."
505,Tier 4: Toggle OFF + Organic (Noise),Sri Jagdamba Pearls,Telangana (HQ: Hyderabad),@kits.talks,28436,3590,3,22,0.08%,0.09%,2026-08-11,https://www.instagram.com/p/Db4hkUMNgES/,"⚪ Standard Organic: Normal organic engagement curve (0.08% like rate, 0.13x reach)",Some gifts are beautiful… and some become memories. 🤍✨
506,Tier 4: Toggle OFF + Organic (Noise),Aisshpra Gems & Jewels,Uttar Pradesh (HQ: Gorakhpur),@theretailjeweller_india,19377,3500,175,1,5.00%,0.91%,2026-05-14,https://www.instagram.com/p/DYT1Lz-DEUs/,"⚪ Standard Organic: Normal organic engagement curve (5.0% like rate, 0.18x reach)",India’s gold industry is adjusting to Prime Minister Narendra Modi’s call to curb non-essential gold buying and the hike in import duty to 15%.
507,Tier 4: Toggle OFF + Organic (Noise),Mor Jewellers,India,@makeupbyrumaisa_,2189,3451,37,5,1.07%,1.92%,2026-07-20,https://www.instagram.com/p/DbBCgPAM8l-/,"⚪ Standard Organic: Normal organic engagement curve (1.07% like rate, 1.58x reach)",A very late final post from my favourite look 😍🌟🌟
508,Tier 4: Toggle OFF + Organic (Noise),B.C. Sen Jewellers,India,@theamistory,588,3420,171,1,5.00%,29.25%,2026-02-13,https://www.instagram.com/p/DUsENwQAUjl/,"📈 Viral Organic Reach: High organic views (3,420) accompanied by strong like rate (5.0%)",A delicate ode to becoming.🦋
509,Tier 4: Toggle OFF + Organic (Noise),Runway Nagaland,India,@runway_nagaland_crafts,22714,3359,53,5,1.58%,0.26%,2026-08-04,https://www.instagram.com/p/DbnC8wMyOn0/,"⚪ Standard Organic: Normal organic engagement curve (1.58% like rate, 0.15x reach)",Tribal Brass Bangle ❤️
510,Tier 4: Toggle OFF + Organic (Noise),Sri Jagdamba Pearls,Telangana (HQ: Hyderabad),@jagdambapearlsstore,38063,3233,9,0,0.28%,0.02%,2026-04-11,https://www.instagram.com/p/DW_c8sqPn0g/,"⚪ Standard Organic: Normal organic engagement curve (0.28% like rate, 0.08x reach)",Real customers. Real experiences.Real trust
511,Tier 4: Toggle OFF + Organic (Noise),Malabar Gold & Diamonds,Kerala (HQ: Kozhikode),@zoulbymalabar,24214,3120,156,5,5.00%,0.66%,2026-03-23,https://www.instagram.com/p/DWN2A6BCLjt/,"⚪ Standard Organic: Normal organic engagement curve (5.0% like rate, 0.13x reach)",Your persona defines your style.
512,Tier 4: Toggle OFF + Organic (Noise),Mor Jewellers,India,@theremfilms_trf,283,2980,149,22,5.00%,60.42%,2026-07-04,https://www.instagram.com/p/DaXsYJZDJ6f/,"📈 Viral Organic Reach: High organic views (2,980) accompanied by strong like rate (5.0%)",Walima Bridal Campaign 2026–2027 💍🤍
513,Tier 4: Toggle OFF + Organic (Noise),B.C. Sen Jewellers,India,@theamistory,588,2857,48,3,1.68%,8.67%,2026-03-08,https://www.instagram.com/p/DVnPlJ4gfed/,"⚪ Standard Organic: Normal organic engagement curve (1.68% like rate, 4.86x reach)",Share it with someone who needs to hear this 💕
514,Tier 4: Toggle OFF + Organic (Noise),Mor Jewellers,India,@makeupstudiobyzarnish,1561,2475,3,9,0.12%,0.77%,2026-03-06,https://www.instagram.com/p/DVjPDY4DWVU/,"⚪ Standard Organic: Normal organic engagement curve (0.12% like rate, 1.59x reach)",Stunning @thesaniahmed  in our signature modern look 💫
515,Tier 4: Toggle OFF + Organic (Noise),Ulhas Jewellers,India,@pridora.by_ulhas,1371,2420,121,134,5.00%,18.60%,2026-07-10,https://www.instagram.com/p/DambpPbIC76/,"⚪ Standard Organic: Normal organic engagement curve (5.0% like rate, 1.77x reach)",🏆⚽ Who do you think will lift the FIFA World Cup 2026 trophy? 🌍✨
516,Tier 4: Toggle OFF + Organic (Noise),Aisshpra Gems & Jewels,Uttar Pradesh (HQ: Gorakhpur),@theretailjeweller_india,19377,2400,120,0,5.00%,0.62%,2026-04-30,https://www.instagram.com/p/DXvsrqNCTA_/,"⚪ Standard Organic: Normal organic engagement curve (5.0% like rate, 0.12x reach)","Aisshpra Gems & Jewels recently introduced a lucky draw initiative alongside the launch of its new store in Lucknow, using it strategically to drive c"
517,Tier 4: Toggle OFF + Organic (Noise),B.C. Sen Jewellers,India,@theamistory,588,2104,29,1,1.38%,5.10%,2026-02-06,https://www.instagram.com/p/DUZi7XgAYvc/,"⚪ Standard Organic: Normal organic engagement curve (1.38% like rate, 3.58x reach)",Choose Yourself. Choose ami.
518,Tier 4: Toggle OFF + Organic (Noise),Mor Jewellers,India,@makeupstudiobyzarnish,1561,2042,54,5,2.64%,3.78%,2026-03-14,https://www.instagram.com/p/DV3O1S6Df2i/,"⚪ Standard Organic: Normal organic engagement curve (2.64% like rate, 1.31x reach)",Some Clips from our most Loved campaign ❤️
519,Tier 4: Toggle OFF + Organic (Noise),Khimji Jewellers,Odisha (HQ: Bhubaneswar),@redfmodisha,2847,1860,93,0,5.00%,3.27%,2026-02-11,https://www.instagram.com/p/DUnNRkCiUFe/,"⚪ Standard Organic: Normal organic engagement curve (5.0% like rate, 0.65x reach)",Love is in the air… and treasure is near
520,Tier 4: Toggle OFF + Organic (Noise),Hazoorilal Legacy,Delhi NCR (HQ: New Delhi),@zooribyhazoorilallegacy,8864,1700,85,1,5.00%,0.97%,2026-02-24,https://www.instagram.com/p/DVJVP57kwpZ/,"⚪ Standard Organic: Normal organic engagement curve (5.0% like rate, 0.19x reach)",Dressed for plans that weren’t planned.
521,Tier 4: Toggle OFF + Organic (Noise),Hazoorilal Legacy,Delhi NCR (HQ: New Delhi),@zooribyhazoorilallegacy,8864,1660,83,2,5.00%,0.96%,2026-02-21,https://www.instagram.com/p/DVBmgR2E91I/,"⚪ Standard Organic: Normal organic engagement curve (5.0% like rate, 0.19x reach)",Dressed for plans that weren’t planned.
522,Tier 4: Toggle OFF + Organic (Noise),Mor Jewellers,India,@zebaishofficial,14011,1600,80,8,5.00%,0.63%,2026-05-17,https://www.instagram.com/p/DYcyiajCADc/,"⚪ Standard Organic: Normal organic engagement curve (5.0% like rate, 0.11x reach)","Our best selling article from our Bridal collection,extensively embroidered with delicate handcrafted embellishments of dabka kora on luxurious deep f"
523,Tier 4: Toggle OFF + Organic (Noise),Aisshpra Gems & Jewels,Uttar Pradesh (HQ: Gorakhpur),@theretailjeweller_india,19377,1360,68,3,5.00%,0.37%,2026-04-13,https://www.instagram.com/p/DXERy4ADO0g/,"⚪ Standard Organic: Normal organic engagement curve (5.0% like rate, 0.07x reach)","Aisshpra Gems & Jewels has entered Gonda, Uttar Pradesh with its 15th showroom, continuing its focus on deeper penetration across Tier-2 and Tier-3 ma"
524,Tier 4: Toggle OFF + Organic (Noise),Lalithaa Jewellery,Tamil Nadu (HQ: Chennai),@lalithaajewellerykannada_,11319,1260,63,4,5.00%,0.59%,2026-07-27,https://www.instagram.com/p/DbS4NiRiXgn/,"⚪ Standard Organic: Normal organic engagement curve (5.0% like rate, 0.11x reach)",A graceful diamond flow for your most special moments 🌿💫..
525,Tier 4: Toggle OFF + Organic (Noise),Lalithaa Jewellery,Tamil Nadu (HQ: Chennai),@lalithaajewellerykannada_,11319,1080,54,2,5.00%,0.49%,2026-06-29,https://www.instagram.com/p/DaK0E2ciX-5/,"⚪ Standard Organic: Normal organic engagement curve (5.0% like rate, 0.1x reach)",Effortless luxury in rose gold for every moment 🥂
526,Tier 4: Toggle OFF + Organic (Noise),Mor Jewellers,India,@sarteladiessalon,135922,1080,54,2,5.00%,0.04%,2026-06-08,https://www.instagram.com/p/DZUS_7yktuh/,"⚪ Standard Organic: Normal organic engagement curve (5.0% like rate, 0.01x reach)",Jewellery @morjewellersofficial
527,Tier 4: Toggle OFF + Organic (Noise),Ulhas Jewellers,India,@theretailjeweller_india,19377,940,47,0,5.00%,0.24%,2026-03-13,https://www.instagram.com/p/DV0Zq9_DBGf/,"⚪ Standard Organic: Normal organic engagement curve (5.0% like rate, 0.05x reach)","Ulhas Jewellers recently participated in the Goa Carnival parade held across Margao, Panaji, Porvorim, Vasco and Mapusa, engaging with local spectator"
528,Tier 4: Toggle OFF + Organic (Noise),Aisshpra Gems & Jewels,Uttar Pradesh (HQ: Gorakhpur),@theretailjeweller_india,19377,820,41,0,5.00%,0.21%,2026-04-14,https://www.instagram.com/p/DXGg0TVjAFH/,"⚪ Standard Organic: Normal organic engagement curve (5.0% like rate, 0.04x reach)","Aisshpra Gems and Jewels recently organized the Aisshpra Premier League cricket tournament, as part of its employee engagement agenda, bringing togeth"
529,Tier 4: Toggle OFF + Organic (Noise),Ulhas Jewellers,India,@theretailjeweller_india,19377,800,40,0,5.00%,0.21%,2026-05-12,https://www.instagram.com/p/DYO-gp3jLn9/,"⚪ Standard Organic: Normal organic engagement curve (5.0% like rate, 0.04x reach)","Ahead of its centenary, Goa-based Ulhas Jewellers has set out to create a coffee table book featuring wedding memories of customers who purchased and"
530,Tier 4: Toggle OFF + Organic (Noise),Anopchand Tilokchand (AT Jewell,Chhattisgarh (HQ: Raipur),@retailjewellerindiaawards,6838,780,39,0,5.00%,0.57%,2026-07-22,https://www.instagram.com/p/DbFvJ9UjLT-/,"⚪ Standard Organic: Normal organic engagement curve (5.0% like rate, 0.11x reach)",Where timeless heritage is crafted in gold.
531,Tier 4: Toggle OFF + Organic (Noise),B.C. Sen Jewellers,India,@theamistory,588,760,38,1,5.00%,6.63%,2026-02-18,https://www.instagram.com/p/DU5tiWNASar/,"⚪ Standard Organic: Normal organic engagement curve (5.0% like rate, 1.29x reach)",Not just worn.
532,Tier 4: Toggle OFF + Organic (Noise),B.C. Sen Jewellers,India,@theamistory,588,740,37,1,5.00%,6.46%,2026-02-24,https://www.instagram.com/p/DVJMTd_AUpA/,"⚪ Standard Organic: Normal organic engagement curve (5.0% like rate, 1.26x reach)",She is not the muse. She is the masterpiece. ✨
533,Tier 4: Toggle OFF + Organic (Noise),B.C. Sen Jewellers,India,@theamistory,588,680,34,4,5.00%,6.46%,2026-02-06,https://www.instagram.com/p/DUaRBEMgbqT/,"⚪ Standard Organic: Normal organic engagement curve (5.0% like rate, 1.16x reach)",Let’s paint the town pink. Red flags not invited.
534,Tier 4: Toggle OFF + Organic (Noise),Sri Jagdamba Pearls,Telangana (HQ: Hyderabad),@jagdambapearlsstore,38063,620,31,1,5.00%,0.08%,2026-08-18,https://www.instagram.com/p/DcLDulpidMR/,"⚪ Standard Organic: Normal organic engagement curve (5.0% like rate, 0.02x reach)",From a small pearl business to a legacy built for the future. ✨
535,Tier 4: Toggle OFF + Organic (Noise),Aisshpra Gems & Jewels,Uttar Pradesh (HQ: Gorakhpur),@jewelbuzz_original,3105,500,25,1,5.00%,0.84%,2026-04-20,https://www.instagram.com/p/DXW3CG-jBBo/,"⚪ Standard Organic: Normal organic engagement curve (5.0% like rate, 0.16x reach)",JEWELBUZZ-Spread the Buzz
536,Tier 4: Toggle OFF + Organic (Noise),B.C. Sen Jewellers,India,@theamistory,588,500,25,0,5.00%,4.25%,2026-02-27,https://www.instagram.com/p/DVQ8WrygSK6/,"⚪ Standard Organic: Normal organic engagement curve (5.0% like rate, 0.85x reach)",A little reminder that love begins with yourself- ‘ami’. 💗✨
537,Tier 4: Toggle OFF + Organic (Noise),B.C. Sen Jewellers,India,@theamistory,588,500,25,1,5.00%,4.42%,2026-02-20,https://www.instagram.com/p/DU-8KmOgYGV/,"⚪ Standard Organic: Normal organic engagement curve (5.0% like rate, 0.85x reach)","Sip, sparkle, shine ✨"
538,Tier 4: Toggle OFF + Organic (Noise),B.C. Sen Jewellers,India,@theamistory,588,500,25,6,5.00%,5.27%,2026-02-17,https://www.instagram.com/p/DU3aUE4ARss/,"⚪ Standard Organic: Normal organic engagement curve (5.0% like rate, 0.85x reach)",She doesn’t just wear a butterfly.
539,Tier 4: Toggle OFF + Organic (Noise),Sri Jagdamba Pearls,Telangana (HQ: Hyderabad),@jagdambapearlsstore,38063,480,24,0,5.00%,0.06%,2026-02-17,https://www.instagram.com/p/DU2EagHCEd2/,"⚪ Standard Organic: Normal organic engagement curve (5.0% like rate, 0.01x reach)",A legacy wrapped in lustre. A promise adorned in pearls.
540,Tier 4: Toggle OFF + Organic (Noise),DP Abhushan (DP Jewellers),Madhya Pradesh (HQ: Ratlam),@amourabydp,4297,460,23,0,5.00%,0.54%,2026-02-11,https://www.instagram.com/p/DUntAjbCefr/,"⚪ Standard Organic: Normal organic engagement curve (5.0% like rate, 0.11x reach)","This Galentine’s, celebrate the girls who’ve been your constant. 💗"
541,Tier 4: Toggle OFF + Organic (Noise),B.C. Sen Jewellers,India,@theamistory,588,440,22,3,5.00%,4.25%,2026-02-14,https://www.instagram.com/p/DUvc711Acsf/,"⚪ Standard Organic: Normal organic engagement curve (5.0% like rate, 0.75x reach)",She wears her wings with quiet confidence.✨
542,Tier 4: Toggle OFF + Organic (Noise),Sri Jagdamba Pearls,Telangana (HQ: Hyderabad),@jagdambapearlsstore,38063,400,20,0,5.00%,0.05%,2026-03-08,https://www.instagram.com/p/DVnWv2UEU4r/,"⚪ Standard Organic: Normal organic engagement curve (5.0% like rate, 0.01x reach)","Our customers, our inspiration."
543,Tier 4: Toggle OFF + Organic (Noise),Sri Jagdamba Pearls,Telangana (HQ: Hyderabad),@jagdambapearlsstore,38063,400,20,2,5.00%,0.06%,2026-03-05,https://www.instagram.com/p/DVgBZ-iiAZp/,"⚪ Standard Organic: Normal organic engagement curve (5.0% like rate, 0.01x reach)",Wings weren’t given to her.
544,Tier 4: Toggle OFF + Organic (Noise),DP Abhushan (DP Jewellers),Madhya Pradesh (HQ: Ratlam),@amourabydp,4297,400,20,0,5.00%,0.47%,2026-02-12,https://www.instagram.com/p/DUpx0UwiVKs/,"⚪ Standard Organic: Normal organic engagement curve (5.0% like rate, 0.09x reach)",The Girlhood Edit 💕
545,Tier 4: Toggle OFF + Organic (Noise),B.C. Sen Jewellers,India,@theamistory,588,400,20,3,5.00%,3.91%,2026-02-11,https://www.instagram.com/p/DUnr0K8geGG/,"⚪ Standard Organic: Normal organic engagement curve (5.0% like rate, 0.68x reach)",She chooses herself. Softly…Surely…Unapologetically. ✨
546,Tier 4: Toggle OFF + Organic (Noise),DP Abhushan (DP Jewellers),Madhya Pradesh (HQ: Ratlam),@amourabydp,4297,380,19,1,5.00%,0.47%,2026-02-16,https://www.instagram.com/p/DU0WopOiesE/,"⚪ Standard Organic: Normal organic engagement curve (5.0% like rate, 0.09x reach)","She’s bold in her choices, clear in her vision, and unapologetic about her shine."
547,Tier 4: Toggle OFF + Organic (Noise),B.C. Sen Jewellers,India,@theamistory,588,380,19,1,5.00%,3.40%,2026-02-07,https://www.instagram.com/p/DUdYEwiATKa/,"⚪ Standard Organic: Normal organic engagement curve (5.0% like rate, 0.65x reach)",Choosing A Beautiful Life For Myself.
548,Tier 4: Toggle OFF + Organic (Noise),Sri Jagdamba Pearls,Telangana (HQ: Hyderabad),@jagdambapearlsstore,38063,360,18,0,5.00%,0.05%,2026-03-28,https://www.instagram.com/p/DWa0LSQgv6p/,"⚪ Standard Organic: Normal organic engagement curve (5.0% like rate, 0.01x reach)",Our patrons are the true embodiment of timeless elegance. ✨
549,Tier 4: Toggle OFF + Organic (Noise),B.C. Sen Jewellers,India,@theamistory,588,360,18,0,5.00%,3.06%,2026-02-23,https://www.instagram.com/p/DVGupVdgVoc/,"⚪ Standard Organic: Normal organic engagement curve (5.0% like rate, 0.61x reach)",Where every beginning finds its glow.✨
550,Tier 4: Toggle OFF + Organic (Noise),B.C. Sen Jewellers,India,@theamistory,588,360,18,0,5.00%,3.06%,2026-02-13,https://www.instagram.com/p/DUs5VjJgVaQ/,"⚪ Standard Organic: Normal organic engagement curve (5.0% like rate, 0.61x reach)","Crafted in luminous gold and encrusted with precision-set diamonds, this butterfly pendant set celebrates fine craftsmanship in every detail."
551,Tier 4: Toggle OFF + Organic (Noise),DP Abhushan (DP Jewellers),Madhya Pradesh (HQ: Ratlam),@amourabydp,4297,360,18,0,5.00%,0.42%,2026-02-09,https://www.instagram.com/p/DUi3J0hCfrW/,"⚪ Standard Organic: Normal organic engagement curve (5.0% like rate, 0.08x reach)",Some gifts are forgotten. The right one isn’t.
552,Tier 4: Toggle OFF + Organic (Noise),B.C. Sen Jewellers,India,@theamistory,588,340,17,0,5.00%,2.89%,2026-02-10,https://www.instagram.com/p/DUk2E-bAQDg/,"⚪ Standard Organic: Normal organic engagement curve (5.0% like rate, 0.58x reach)","Rooted in self-love, growing in freedom."
553,Tier 4: Toggle OFF + Organic (Noise),B.C. Sen Jewellers,India,@theamistory,588,320,16,0,5.00%,2.72%,2026-02-15,https://www.instagram.com/p/DUyDefHAaa8/,"⚪ Standard Organic: Normal organic engagement curve (5.0% like rate, 0.54x reach)",She is ami.
554,Tier 4: Toggle OFF + Organic (Noise),Sri Jagdamba Pearls,Telangana (HQ: Hyderabad),@jagdambapearlsstore,38063,280,14,1,5.00%,0.04%,2026-02-16,https://www.instagram.com/p/DU0dav3iAA7/,"⚪ Standard Organic: Normal organic engagement curve (5.0% like rate, 0.01x reach)","From heritage to horizon, we are building the future of Indian jewellery, one vision at a time ✨"
555,Tier 4: Toggle OFF + Organic (Noise),Sri Jagdamba Pearls,Telangana (HQ: Hyderabad),@jagdambapearlsstore,38063,260,13,0,5.00%,0.03%,2026-04-16,https://www.instagram.com/p/DXLvKqBFFpm/,"⚪ Standard Organic: Normal organic engagement curve (5.0% like rate, 0.01x reach)",Your family has always known this feeling
556,Tier 4: Toggle OFF + Organic (Noise),Sri Jagdamba Pearls,Telangana (HQ: Hyderabad),@jagdambapearlsstore,38063,220,11,2,5.00%,0.03%,2026-05-18,https://www.instagram.com/p/DYeVxl7x3Om/,"⚪ Standard Organic: Normal organic engagement curve (5.0% like rate, 0.01x reach)",Pearls delivered to your doorstep in just hours ✨🤍
557,Tier 4: Toggle OFF + Organic (Noise),Sri Jagdamba Pearls,Telangana (HQ: Hyderabad),@jagdambapearlsstore,38063,180,9,0,5.00%,0.02%,2026-02-18,https://www.instagram.com/p/DU5t33eDwjp/,"⚪ Standard Organic: Normal organic engagement curve (5.0% like rate, 0.0x reach)",Legacy meets momentum. 🌟
558,Tier 4: Toggle OFF + Organic (Noise),Anopchand Tilokchand (AT Jewell,Chhattisgarh (HQ: Raipur),@rotary.bhilai,300,160,8,0,5.00%,2.67%,2026-07-24,https://www.instagram.com/p/DbMA180zpmS/,"⚪ Standard Organic: Normal organic engagement curve (5.0% like rate, 0.53x reach)",Get a chance to win gold and silver powered by AT Jewellers..
559,Tier 4: Toggle OFF + Organic (Noise),Mor Jewellers,India,@team.rameesha,549,60,3,3,5.00%,1.09%,2026-06-23,https://www.instagram.com/p/DZ7SW3hCrz_/,"⚪ Standard Organic: Normal organic engagement curve (5.0% like rate, 0.11x reach)",Team Bride // Assistant Bride // Mehndi
560,Tier 4: Toggle OFF + Organic (Noise),Malabar Gold & Diamonds,Kerala (HQ: Kozhikode),@twinmenot,125772,0,27349,0,0.00%,21.74%,2026-01-29,https://www.instagram.com/p/DUF9d1QEZfp/,⚪ Standard Organic: Baseline,The Vibe 😍
561,Tier 4: Toggle OFF + Organic (Noise),P. C. Chandra Jewellers,West Bengal (HQ: Kolkata),@itsmekratika,1716867,0,197455,0,0.00%,11.50%,2026-01-31,https://www.instagram.com/p/DUKZa3ODPEv/,⚪ Standard Organic: Baseline,"Jewellery, for me, is never just a purchase—it’s a choice rooted in trust, meaning, and lasting value."
562,Tier 4: Toggle OFF + Organic (Noise),BlueStone,"Pan-India / Karnataka (HQ: Bengaluru, D2C)",@vibes_of_soumi,60016,0,946,0,0.00%,1.58%,2026-01-28,https://www.instagram.com/p/DUDE_L6ktFf/,⚪ Standard Organic: Baseline,Bluestone’s dainty dreams collection has my heart🤍✨
563,Tier 4: Toggle OFF + Organic (Noise),PC Jeweller,India,@upwarriorz,167351,0,1533,0,0.00%,0.92%,2026-01-30,https://www.instagram.com/p/DUHxh7RiHsR/,⚪ Standard Organic: Baseline,"Not our day on the field, but we hold our heads high with these fighting moments!"
564,Tier 4: Toggle OFF + Organic (Noise),Tanishq,"Pan-India / Karnataka (HQ: Bengaluru, Titan)",@rahulmishra_7,959381,0,3462,0,0.00%,0.36%,2026-01-31,https://www.instagram.com/p/DUKsQpHk41H/,⚪ Standard Organic: Baseline,ALCHEMY | PANCHBUTA • RAHUL MISHRA COUTURE SPRING 2016
565,Tier 4: Toggle OFF + Organic (Noise),Mor Jewellers,India,@samya.sheraz.salon,96893,0,28471,0,0.00%,29.38%,2026-01-30,https://www.instagram.com/p/DUJP-pcDSnA/,⚪ Standard Organic: Baseline,Signature Valima makeup @samya.sheraz.salon
566,Tier 4: Toggle OFF + Organic (Noise),GRT Jewellers,Tamil Nadu (HQ: Chennai),@fariaabdullah,1166402,0,49480,0,0.00%,4.24%,2026-01-27,https://www.instagram.com/p/DUA59SKjDlf/,⚪ Standard Organic: Baseline,Stepping into the GRT Jewellers showroom in Nizamabad felt like discovering refined craftsmanship.
567,Tier 4: Toggle OFF + Organic (Noise),Malabar Gold & Diamonds,Kerala (HQ: Kozhikode),@tejasdhoke11,1280103,0,54576,0,0.00%,4.26%,2026-01-28,https://www.instagram.com/p/DUDiI8ojEKQ/,⚪ Standard Organic: Baseline,"#Contest Two hearts, one rhythm"
568,Tier 4: Toggle OFF + Organic (Noise),GRT Jewellers,Tamil Nadu (HQ: Chennai),@fariaabdullah,1166402,0,49480,0,0.00%,4.24%,2026-01-23,https://www.instagram.com/p/DT19EQqjMDF/,⚪ Standard Organic: Baseline,"I am super excited to take you through the grand GRT Jewellers showroom here in Dwaraka Nagar, Nizamabad! ✨"
569,Tier 4: Toggle OFF + Organic (Noise),Mor Jewellers,India,@saimasalon_beauty,70851,0,1535,0,0.00%,2.17%,2026-01-22,https://www.instagram.com/p/DT0MBskCB7v/,⚪ Standard Organic: Baseline,Soft glam for the Barat bride ✨
570,Tier 4: Toggle OFF + Organic (Noise),Mor Jewellers,India,@saimasalon_beauty,70851,0,1535,0,0.00%,2.17%,2026-01-21,https://www.instagram.com/p/DTxz50ICFUV/,⚪ Standard Organic: Baseline,New bridal magic loading… ✨ Stay tuned.
571,Tier 4: Toggle OFF + Organic (Noise),Mor Jewellers,India,@sarteladiessalon,135922,0,13358,0,0.00%,9.83%,2026-01-20,https://www.instagram.com/p/DTuVXfLiInK/,⚪ Standard Organic: Baseline,Senior Artist Bridal Makeup 💄
572,Tier 4: Toggle OFF + Organic (Noise),P. C. Chandra Jewellers,West Bengal (HQ: Kolkata),@iammanishamalik,317422,0,32519,0,0.00%,10.24%,2026-01-18,https://www.instagram.com/p/DTpY5EUjvDL/,⚪ Standard Organic: Baseline,I don’t fit into one style; and neither do my diamonds.
573,Tier 4: Toggle OFF + Organic (Noise),P. C. Chandra Jewellers,West Bengal (HQ: Kolkata),@rxjvee,1279137,0,36156,0,0.00%,2.83%,2026-01-11,https://www.instagram.com/p/DTXMQWdDVOa/,⚪ Standard Organic: Baseline,Got my hands on these diamond beauties from @p.c.chandrajewellers and my brain immediately said: Let’s style it!✨
574,Tier 4: Toggle OFF + Organic (Noise),Anopchand Tilokchand (AT Jewell,Chhattisgarh (HQ: Raipur),@atjewel,735,0,8,0,0.00%,1.09%,2026-01-14,https://www.instagram.com/p/DTf_QjNkiLj/,⚪ Standard Organic: Baseline,Some jewellery completes the look.
575,Tier 4: Toggle OFF + Organic (Noise),GRT Jewellers,Tamil Nadu (HQ: Chennai),@mehndi_jashnani,50116,0,32,0,0.00%,0.06%,2026-01-14,https://www.instagram.com/p/DTfkeNAidFm/,⚪ Standard Organic: Baseline,"A thoughtfully curated exhibition of the finest and rarest diamond jewellery designs, brought together with GRT Jewellers’ signature finesse and atten"
576,Tier 4: Toggle OFF + Organic (Noise),P. C. Chandra Jewellers,West Bengal (HQ: Kolkata),@saieemmanjrekar,2104683,0,66538,0,0.00%,3.16%,2026-01-14,https://www.instagram.com/p/DTfgVlxCMGf/,⚪ Standard Organic: Baseline,One day. Many looks. Diamonds for every version of you.
577,Tier 4: Toggle OFF + Organic (Noise),Prince Jewellery,Tamil Nadu (HQ: Chennai),@suhailvlogger,440297,0,54971,0,0.00%,12.48%,2026-01-14,https://www.instagram.com/p/DTe9cquEWLv/,⚪ Standard Organic: Baseline,🎊Ponnana Pongal Offer - Jan 15th to Jan 26th 🪩@princejewelleryindia for this festive season ✨
578,Tier 4: Toggle OFF + Organic (Noise),Khimji Jewellers,Odisha (HQ: Bhubaneswar),@debjani_deghuria,313214,0,2134,0,0.00%,0.68%,2026-01-08,https://www.instagram.com/p/DTPXSilEiIp/,⚪ Standard Organic: Baseline,So excited to share that Khimji Jewellers is now at Jajpur Road.
579,Tier 4: Toggle OFF + Organic (Noise),Prince Jewellery,Tamil Nadu (HQ: Chennai),@anchor_anushreeofficial,2325283,0,77260,0,0.00%,3.32%,2026-01-17,https://www.instagram.com/p/DTnRib3kwgQ/,⚪ Standard Organic: Baseline,🎊Sankranti Special Extended Offer - Jan 15th to Jan 26th 🪩@princejewelleryindia for this festive season ✨
580,Tier 4: Toggle OFF + Organic (Noise),Khimji Jewellers,Odisha (HQ: Bhubaneswar),@pihuumohapatra,341575,0,25732,0,0.00%,7.53%,2026-01-06,https://www.instagram.com/p/DTJ441KCRer/,⚪ Standard Organic: Baseline,"Jajpur Road fam, I just stepped into Khimji Jewellers' brand new showroom and I'm obsessed! 💖"
581,Tier 4: Toggle OFF + Organic (Noise),GRT Jewellers,Tamil Nadu (HQ: Chennai),@niharikakonidela,2545283,0,62510,0,0.00%,2.46%,2026-01-06,https://www.instagram.com/p/DTK2J2UE5qJ/,⚪ Standard Organic: Baseline,"This festive season, I’m exploring three varied gold and diamond styles at GRT Jewellers, each with its own elegance and charm."
582,Tier 4: Toggle OFF + Organic (Noise),Mor Jewellers,India,@sarteladiessalon,135922,0,13358,0,0.00%,9.83%,2026-01-21,https://www.instagram.com/p/DTxDbZgCK5a/,⚪ Standard Organic: Baseline,Signature Bride 👰
583,Tier 4: Toggle OFF + Organic (Noise),Malabar Gold & Diamonds,Kerala (HQ: Kozhikode),@arohikhurana_,1446847,0,126702,0,0.00%,8.76%,2026-01-04,https://www.instagram.com/p/DTGFUuyE_UM/,⚪ Standard Organic: Baseline,Bride hoon toh thoda drama toh banta hai!💃✨
584,Tier 4: Toggle OFF + Organic (Noise),Anopchand Tilokchand (AT Jewell,Chhattisgarh (HQ: Raipur),@nidra_raipur,3994,0,12,0,0.00%,0.30%,2026-01-03,https://www.instagram.com/p/DTDAEmWjb-C/,⚪ Standard Organic: Baseline,Make your wedding day unforgettable! ✨
585,Tier 4: Toggle OFF + Organic (Noise),Anopchand Tilokchand (AT Jewell,Chhattisgarh (HQ: Raipur),@nidra_raipur,3994,0,12,0,0.00%,0.30%,2026-01-03,https://www.instagram.com/p/DTDBHXRDbpL/,⚪ Standard Organic: Baseline,Your perfect bridal glow awaits! ✨
586,Tier 4: Toggle OFF + Organic (Noise),Khimji Jewellers,Odisha (HQ: Bhubaneswar),@prerna_pratikshya,290279,0,6176,0,0.00%,2.13%,2026-01-02,https://www.instagram.com/p/DS_082ckTAn/,⚪ Standard Organic: Baseline,"Jajpur Road, I’m so excited to share this with you – Khimji Jewellers is finally here! ✨"
587,Tier 4: Toggle OFF + Organic (Noise),Prince Jewellery,Tamil Nadu (HQ: Chennai),@irfansview.official,1818246,0,72689,0,0.00%,4.00%,2026-01-02,https://www.instagram.com/p/DTAbarDkzjm/,⚪ Standard Organic: Baseline,Alia’s Revenge Time 🥲
588,Tier 4: Toggle OFF + Organic (Noise),GRT Jewellers,Tamil Nadu (HQ: Chennai),@deepika__das,1468347,0,23899,0,0.00%,1.63%,2026-01-03,https://www.instagram.com/p/DTDKOyKDM_w/,⚪ Standard Organic: Baseline,"Makar Sankranti is just around the corner, and I am here at GRT Jewellers to find the perfect match for my festive look! ✨"
589,Tier 4: Toggle OFF + Organic (Noise),Khimji Jewellers,Odisha (HQ: Bhubaneswar),@cookiess_swain,1117751,0,52120,0,0.00%,4.66%,2026-01-04,https://www.instagram.com/p/DTEqtKdks2a/,⚪ Standard Organic: Baseline,I just upgraded my old gold at Khimji Jewellers and honestly… it feels like stepping into timeless elegance.
590,Tier 4: Toggle OFF + Organic (Noise),P. C. Chandra Jewellers,West Bengal (HQ: Kolkata),@feverfmofficial,179958,0,13970,0,0.00%,7.76%,2026-01-01,https://www.instagram.com/p/DS9MmleCaR2/,⚪ Standard Organic: Baseline,"This New Year, @PCCJ and @FeverFMOfficial are coming together with @CRY_India to add a splash of color to the lives of hundreds of little wonders acro"
591,Tier 4: Toggle OFF + Organic (Noise),Prince Jewellery,Tamil Nadu (HQ: Chennai),@vijayviruz,882694,0,34707,0,0.00%,3.93%,2026-01-01,https://www.instagram.com/p/DS-E12ZiX7o/,⚪ Standard Organic: Baseline,Spend Less & Shine More 🪩@princejewelleryindia for this festive season ✨
592,Tier 4: Toggle OFF + Organic (Noise),Prince Jewellery,Tamil Nadu (HQ: Chennai),@aditiprabhudeva,1121871,0,31901,0,0.00%,2.84%,2026-01-01,https://www.instagram.com/p/DS98lloEdbF/,⚪ Standard Organic: Baseline,Spend Less & Shine More 🪩@princejewelleryindia for this festive season ✨
593,Tier 4: Toggle OFF + Organic (Noise),Anopchand Tilokchand (AT Jewell,Chhattisgarh (HQ: Raipur),@nidra_raipur,3994,0,12,0,0.00%,0.30%,2025-12-29,https://www.instagram.com/p/DS2Y82SCfH1/,⚪ Standard Organic: Baseline,Your future self called... she looks stunning in these photos! 📸🤍
594,Tier 4: Toggle OFF + Organic (Noise),Sri Jagdamba Pearls,Telangana (HQ: Hyderabad),@shwetashazz,49851,0,831,0,0.00%,1.67%,2025-12-30,https://www.instagram.com/p/DS4W8EPkgP-/,⚪ Standard Organic: Baseline,Witnessed the largest variety of pearl jewellery I’ve ever seen all under one roof 🤍✨
595,Tier 4: Toggle OFF + Organic (Noise),Khimji Jewellers,Odisha (HQ: Bhubaneswar),@_iam.barish_,180391,0,5324,0,0.00%,2.95%,2025-12-27,https://www.instagram.com/p/DSxI-Kuj-lJ/,⚪ Standard Organic: Baseline,"Jajpur Road, a new chapter of brilliance is now here ✨"
596,Tier 4: Toggle OFF + Organic (Noise),Anopchand Tilokchand (AT Jewell,Chhattisgarh (HQ: Raipur),@cosmo_himani,11988,0,167,0,0.00%,1.39%,2025-12-28,https://www.instagram.com/p/DSzHHGQkU1k/,⚪ Standard Organic: Baseline,Timeless bridal beauty in @sabyasachiofficial ✨
597,Tier 4: Toggle OFF + Organic (Noise),Khimji Jewellers,Odisha (HQ: Bhubaneswar),@theretailjeweller_india,19377,0,41,0,0.00%,0.21%,2025-12-26,https://www.instagram.com/p/DSt4-Q3jJES/,⚪ Standard Organic: Baseline,“Design directions today need to reflect both regional tastes and changing customer behaviour.”
598,Tier 4: Toggle OFF + Organic (Noise),P. C. Chandra Jewellers,West Bengal (HQ: Kolkata),@feverfmofficial,179958,0,13970,0,0.00%,7.76%,2025-12-25,https://www.instagram.com/p/DSrU9XTjJAr/,⚪ Standard Organic: Baseline,*The Dream Come True* 🎄
599,Tier 4: Toggle OFF + Organic (Noise),Sri Jagdamba Pearls,Telangana (HQ: Hyderabad),@jagdambapearlsstore,38063,0,106,0,0.00%,0.28%,2025-12-25,https://www.instagram.com/p/DSrzeWPEYrV/,⚪ Standard Organic: Baseline,Celebrating Christmas joy and welcoming the new year with sparkle ✨
600,Tier 4: Toggle OFF + Organic (Noise),Malabar Gold & Diamonds,Kerala (HQ: Kozhikode),@hindavi_satkar_patil,2060520,0,29888,0,0.00%,1.45%,2025-12-20,https://www.instagram.com/p/DSe4xSwDGXA/,⚪ Standard Organic: Baseline,Top Bridal Accessory Trend: Jewellery that tells your story ✨
601,Tier 4: Toggle OFF + Organic (Noise),Khimji Jewellers,Odisha (HQ: Bhubaneswar),@arundhati_devika,570842,0,51335,0,0.00%,8.99%,2025-12-21,https://www.instagram.com/p/DShW6bikpyH/,⚪ Standard Organic: Baseline,"Jajpur Road, it’s time to shine ✨"
602,Tier 4: Toggle OFF + Organic (Noise),Anopchand Tilokchand (AT Jewell,Chhattisgarh (HQ: Raipur),@prernaa.makhariaa,371238,0,582,0,0.00%,0.16%,2025-12-20,https://www.instagram.com/p/DSfGSp7jPmt/,⚪ Standard Organic: Baseline,"Guess who’s making their Grand debut at JJS, SB By ATJ Jewellers. Same legacy. New attitude. @atjewellers"
603,Tier 4: Toggle OFF + Organic (Noise),Khimji Jewellers,Odisha (HQ: Bhubaneswar),@iritu_,355196,0,3225,0,0.00%,0.91%,2025-12-24,https://www.instagram.com/p/DSpQan7kWzg/,⚪ Standard Organic: Baseline,"Jajpur Road, a new chapter of brilliance is now here ✨"
604,Tier 4: Toggle OFF + Organic (Noise),P. C. Chandra Jewellers,West Bengal (HQ: Kolkata),@cs.ujjawalpahwa,805156,0,23917,0,0.00%,2.97%,2025-12-18,https://www.instagram.com/p/DSaETBiCMzJ/,⚪ Standard Organic: Baseline,"When your gold receives its true value through a completely transparent exchange process, confidence comes naturally."
605,Tier 4: Toggle OFF + Organic (Noise),GRT Jewellers,Tamil Nadu (HQ: Chennai),@delnadavis_,874807,0,39607,0,0.00%,4.53%,2026-01-02,https://www.instagram.com/p/DTAqu1PkwMH/,⚪ Standard Organic: Baseline,"One saree, three stunning looks! ✨ This Pongal, I decided to style my saree with three unique gold and diamond sets from GRT Jewellers."
606,Tier 4: Toggle OFF + Organic (Noise),Malabar Gold & Diamonds,Kerala (HQ: Kozhikode),@roshnichopra,619498,0,5501,0,0.00%,0.89%,2025-12-17,https://www.instagram.com/p/DSW40gjDbHO/,⚪ Standard Organic: Baseline,"Shaadi season, but make it styled ✨"
607,Tier 4: Toggle OFF + Organic (Noise),P. N. Gadgil Jewellers (PNG),Maharashtra (HQ: Pune),@sambhajinagar_portfolio,51607,0,1849,0,0.00%,3.58%,2025-12-17,https://www.instagram.com/p/DSXSd-siOcU/,⚪ Standard Organic: Baseline,💎💍🥰 Pure Purple by PNG Jewellers arrives in Sambhaji Nagar.
608,Tier 4: Toggle OFF + Organic (Noise),P. N. Gadgil Jewellers (PNG),Maharashtra (HQ: Pune),@supersambhajinagar_,147456,0,1076,0,0.00%,0.73%,2025-12-17,https://www.instagram.com/p/DSWsVRsjHBU/,⚪ Standard Organic: Baseline,Experience Royal Jewellery Elegance in Chhatrapati Sambhajinagar ✨
609,Tier 4: Toggle OFF + Organic (Noise),P. N. Gadgil Jewellers (PNG),Maharashtra (HQ: Pune),@waah_patna,240172,0,38206,0,0.00%,15.91%,2025-12-17,https://www.instagram.com/p/DSW_e_dAaX6/,⚪ Standard Organic: Baseline,"Bihar ki pracheen aur garv se bhari dharti par, 193 saalon ki yaadgaar virasat ka aagman hai."
610,Tier 4: Toggle OFF + Organic (Noise),GRT Jewellers,Tamil Nadu (HQ: Chennai),@gayathri_yuvraaj,1591881,0,47984,0,0.00%,3.01%,2025-12-17,https://www.instagram.com/p/DSXVkAzkji8/,⚪ Standard Organic: Baseline,"The shopping spree continues! 🛍️ After the gold and diamonds, I explored the Silver section which has so many collections perfect for the festive seas"
611,Tier 4: Toggle OFF + Organic (Noise),C. Krishniah Chetty & Co (CKC),Karnataka (HQ: Bengaluru),@historyofbangalore,93219,0,423,0,0.00%,0.45%,2025-12-14,https://www.instagram.com/p/DSPw1S6E6o0/,⚪ Standard Organic: Baseline,The Historical Gandaberunda at the Crystal Museum Salon.🦅
612,Tier 4: Toggle OFF + Organic (Noise),GRT Jewellers,Tamil Nadu (HQ: Chennai),@gayathri_yuvraaj,1591881,0,47984,0,0.00%,3.01%,2025-12-15,https://www.instagram.com/p/DSSNQwBEiCJ/,⚪ Standard Organic: Baseline,"When I think of Theni, I think of beautiful nature. But now, there’s another beautiful reason to visit, the grand new GRT Jewellers showroom! ✨"
613,Tier 4: Toggle OFF + Organic (Noise),P. C. Chandra Jewellers,West Bengal (HQ: Kolkata),@grownuptales,767224,0,66189,0,0.00%,8.63%,2025-12-11,https://www.instagram.com/p/DSH6g-ZkVyt/,⚪ Standard Organic: Baseline,Transparency isn’t a promise — it’s a process.
614,Tier 4: Toggle OFF + Organic (Noise),C. Krishniah Chetty & Co (CKC),Karnataka (HQ: Bengaluru),@hollywoodreporterindia,210851,0,158166,0,0.00%,75.01%,2025-12-10,https://www.instagram.com/p/DSFXFEAk9tU/,⚪ Standard Organic: Baseline,Watch as Diana Penty (@dianapenty) redefines chic one frame at a time.
615,Tier 4: Toggle OFF + Organic (Noise),Malabar Gold & Diamonds,Kerala (HQ: Kozhikode),@saanve.megghana,1144238,0,33765,0,0.00%,2.95%,2025-12-09,https://www.instagram.com/p/DSCwBFNiJmP/,⚪ Standard Organic: Baseline,Celebrating the Brides of India with @malabargoldanddiamonds jewellery that feels like memories carved in gold. ✨
616,Tier 4: Toggle OFF + Organic (Noise),Ulhas Jewellers,India,@mr.kurkurit,78288,0,1699,0,0.00%,2.17%,2025-12-11,https://www.instagram.com/p/DSID209DHX5/,⚪ Standard Organic: Baseline,🎄✨ Goa’s BIGGEST Christmas Tree is here… at Ulhas Jewellers! ✨🎄
617,Tier 4: Toggle OFF + Organic (Noise),Malabar Gold & Diamonds,Kerala (HQ: Kozhikode),@ishpreet_dang,1559731,0,225759,0,0.00%,14.47%,2025-12-09,https://www.instagram.com/p/DSB_pnECNKD/,⚪ Standard Organic: Baseline,"My first pooja after marriage felt like the start of a new chapter. For this moment, I wanted a look rooted in tradition - and @malabargoldanddiamonds"
618,Tier 4: Toggle OFF + Organic (Noise),Prince Jewellery,Tamil Nadu (HQ: Chennai),@onthegowithnushey,167001,0,1299,0,0.00%,0.78%,2025-12-07,https://www.instagram.com/p/DR8yQlpE5YK/,⚪ Standard Organic: Baseline,Plan in advance and purchase your dream jewellery at 0% wastage with @princejewelleryindia
619,Tier 4: Toggle OFF + Organic (Noise),Prince Jewellery,Tamil Nadu (HQ: Chennai),@lock_and_key_couple,323957,0,83123,0,0.00%,25.66%,2025-12-06,https://www.instagram.com/p/DR6-J6qD2WV/,⚪ Standard Organic: Baseline,Plan in advance and purchase your dream jewellery at 0% wastage with @princejewelleryindia
620,Tier 4: Toggle OFF + Organic (Noise),Waman Hari Pethe (WHP),Maharashtra (HQ: Mumbai),@hiiighondreams,12134,0,48233,0,0.00%,397.50%,2025-12-03,https://www.instagram.com/p/DRyc_jDE5vO/,⚪ Standard Organic: Baseline,"Vasai, get ready to shine brighter than ever! ✨"
621,Tier 4: Toggle OFF + Organic (Noise),Mor Jewellers,India,@misasalonn,15446,0,417,0,0.00%,2.70%,2025-11-29,https://www.instagram.com/p/DRpvJHJjNie/,⚪ Standard Organic: Baseline,🤍
622,Tier 4: Toggle OFF + Organic (Noise),BlueStone,"Pan-India / Karnataka (HQ: Bengaluru, D2C)",@_saranyaaaaaaa_7,52888,0,15749,0,0.00%,29.78%,2025-11-30,https://www.instagram.com/p/DRrnjzpkhfc/,⚪ Standard Organic: Baseline,Grwm-1 ❤️ @bluestone_jewellery
623,Tier 4: Toggle OFF + Organic (Noise),Mor Jewellers,India,@glitterssalon,13429,0,178,0,0.00%,1.33%,2025-11-30,https://www.instagram.com/p/DRr-NsOAsZA/,⚪ Standard Organic: Baseline,Super proud for this incredible team.
624,Tier 4: Toggle OFF + Organic (Noise),Waman Hari Pethe (WHP),Maharashtra (HQ: Mumbai),@mahekpundir,24226,0,375,0,0.00%,1.55%,2025-11-29,https://www.instagram.com/p/DRoWiwciGDf/,⚪ Standard Organic: Baseline,"Hello Vasai, your new jewellery obsession is here! 🔥"
625,Tier 4: Toggle OFF + Organic (Noise),Mor Jewellers,India,@glitterssalon,13429,0,178,0,0.00%,1.33%,2025-11-26,https://www.instagram.com/p/DRhiDAWAp5f/,⚪ Standard Organic: Baseline,"The ultimate glam make-over ❤️ @aleezaylizz brought such grace, confidence, and energy to the shoot. Not only is she stunning, but she truly got the a"
626,Tier 4: Toggle OFF + Organic (Noise),BlueStone,"Pan-India / Karnataka (HQ: Bengaluru, D2C)",@sehjalsaxena21,56636,0,15220,0,0.00%,26.87%,2025-11-24,https://www.instagram.com/p/DRcUDKck5CJ/,⚪ Standard Organic: Baseline,Get Ready With Me For My 24th Birthday 🪩🧁
627,Tier 4: Toggle OFF + Organic (Noise),Mor Jewellers,India,@misasalonn,15446,0,417,0,0.00%,2.70%,2025-11-29,https://www.instagram.com/p/DRpVvtPDPbs/,⚪ Standard Organic: Baseline,Walima Signature bride🤍
628,Tier 4: Toggle OFF + Organic (Noise),Mor Jewellers,India,@sarteladiessalon,135922,0,13358,0,0.00%,9.83%,2025-11-23,https://www.instagram.com/p/DRZrAw8iJaT/,⚪ Standard Organic: Baseline,Dress @zebaishofficial
629,Tier 4: Toggle OFF + Organic (Noise),BlueStone,"Pan-India / Karnataka (HQ: Bengaluru, D2C)",@vibes_of_soumi,60016,0,946,0,0.00%,1.58%,2025-11-22,https://www.instagram.com/p/DRXL3YVEmil/,⚪ Standard Organic: Baseline,Had the most wonderful experience at Bluestone and I genuinely couldn’t be more impressed.
630,Tier 4: Toggle OFF + Organic (Noise),Mor Jewellers,India,@sarteladiessalon,135922,0,13358,0,0.00%,9.83%,2025-11-23,https://www.instagram.com/p/DRZKqLmCJmD/,⚪ Standard Organic: Baseline,Dress @zebaishofficial
631,Tier 4: Toggle OFF + Organic (Noise),Waman Hari Pethe (WHP),Maharashtra (HQ: Mumbai),@__prernamahadev__,313901,0,15880,0,0.00%,5.06%,2025-11-22,https://www.instagram.com/p/DRXHZ_yDCDV/,⚪ Standard Organic: Baseline,"The wait is over, Vasai! WHP Jewellers just opened its doors at Capital Mall and my heart is doing cartwheels."
632,Tier 4: Toggle OFF + Organic (Noise),Mor Jewellers,India,@sarteladiessalon,135922,0,13358,0,0.00%,9.83%,2025-11-22,https://www.instagram.com/p/DRXF25RiFDt/,⚪ Standard Organic: Baseline,Stay Tuned 🕊️
633,Tier 4: Toggle OFF + Organic (Noise),P. C. Chandra Jewellers,West Bengal (HQ: Kolkata),@saieemmanjrekar,2104683,0,66538,0,0.00%,3.16%,2025-11-21,https://www.instagram.com/p/DRTvh6lCObE/,⚪ Standard Organic: Baseline,Where brilliance has no bounds.
634,Tier 4: Toggle OFF + Organic (Noise),Aisshpra Gems & Jewels,Uttar Pradesh (HQ: Gorakhpur),@htcityshowstoppers,133542,0,5285,0,0.00%,3.96%,2025-11-20,https://www.instagram.com/p/DRROe9ND4MQ/,⚪ Standard Organic: Baseline,"Manushi Chhillar (@manushi_chhillar) is the style icon, young girls look up to! Her fashion sense is so on point, and she nails every look with ease a"
635,Tier 4: Toggle OFF + Organic (Noise),P. C. Chandra Jewellers,West Bengal (HQ: Kolkata),@itsmeabirchatterjee,605945,0,3478,0,0.00%,0.57%,2025-11-19,https://www.instagram.com/p/DRPAcV_Ep_z/,⚪ Standard Organic: Baseline,"To every man who hustles hard, stands tall, and stays true…today’s your day!"
636,Tier 4: Toggle OFF + Organic (Noise),Waman Hari Pethe (WHP),Maharashtra (HQ: Mumbai),@apurvapatil_30,230079,0,10527,0,0.00%,4.58%,2025-11-19,https://www.instagram.com/p/DROoHE_DTwX/,⚪ Standard Organic: Baseline,Stepping into the brand-new WHP Jewellers store in Capital Mall Vasai felt like walking into a world of sparkle! So excited to be part of this beautif
637,Tier 4: Toggle OFF + Organic (Noise),BlueStone,"Pan-India / Karnataka (HQ: Bengaluru, D2C)",@barbells_to_bonds,73583,0,41610,0,0.00%,56.55%,2025-11-18,https://www.instagram.com/p/DRM6vA2kcqV/,⚪ Standard Organic: Baseline,Maldives fir se miss hogya 🥲
638,Tier 4: Toggle OFF + Organic (Noise),Mor Jewellers,India,@razatirmizephotography,17812,0,689,0,0.00%,3.87%,2025-11-18,https://www.instagram.com/p/DRMfYuDgvcP/,⚪ Standard Organic: Baseline,Bridal Camping Shoot for @almays.beauty.studio
639,Tier 4: Toggle OFF + Organic (Noise),P. C. Chandra Jewellers,West Bengal (HQ: Kolkata),@feverfmofficial,179958,0,13970,0,0.00%,7.76%,2025-11-18,https://www.instagram.com/p/DRM-iCgCVAU/,⚪ Standard Organic: Baseline,"It’s OK to cry. It’s OK to cook. It’s OK to be just you. Tap to watch India’s men redefine strength, this International Men’s Day!"
640,Tier 4: Toggle OFF + Organic (Noise),P. C. Chandra Jewellers,West Bengal (HQ: Kolkata),@actresspaul,379240,0,19883,0,0.00%,5.24%,2025-11-18,https://www.instagram.com/p/DRM_DlLkjGa/,⚪ Standard Organic: Baseline,"To the Brothers, Friends, Mentors, and quiet Supporters who make life better in their own ways, cheers to you!"
641,Tier 4: Toggle OFF + Organic (Noise),P. C. Chandra Jewellers,West Bengal (HQ: Kolkata),@thekolkatabuzz,1021091,0,14788,0,0.00%,1.45%,2025-11-17,https://www.instagram.com/p/DRKBw9-E2-S/,⚪ Standard Organic: Baseline,"Celebrating the strength, softness, hustle and heart of every man out there."
642,Tier 4: Toggle OFF + Organic (Noise),Khimji Jewellers,Odisha (HQ: Bhubaneswar),@timesfashionweek,281272,0,369,0,0.00%,0.13%,2025-11-15,https://www.instagram.com/p/DRF1MFtDlDx/,⚪ Standard Organic: Baseline,"Mia Magell Couture is a dance of contrasts — strength and softness, structure and fluidity, emotion and artistry."
643,Tier 4: Toggle OFF + Organic (Noise),Mor Jewellers,India,@emmasbeautyloungee,6252,0,19,0,0.00%,0.30%,2025-11-16,https://www.instagram.com/p/DRG8bg_iOJ-/,⚪ Standard Organic: Baseline,Bridal Campaign 25-26!✨
644,Tier 4: Toggle OFF + Organic (Noise),Khimji Jewellers,Odisha (HQ: Bhubaneswar),@timesfashionweek,281272,0,369,0,0.00%,0.13%,2025-11-15,https://www.instagram.com/p/DRF5enxjGhj/,⚪ Standard Organic: Baseline,Adhvaria Silks celebrates the richness of Hyderabad’s weaving traditions through luxurious textures and timelessly elegant sarees.
645,Tier 4: Toggle OFF + Organic (Noise),Khimji Jewellers,Odisha (HQ: Bhubaneswar),@timesfashionweek,281272,0,369,0,0.00%,0.13%,2025-11-15,https://www.instagram.com/p/DRFxzrcDlgj/,⚪ Standard Organic: Baseline,"Reemly Mohanty celebrates the soul of Odisha handloom — weaving heritage, emotion, and modern artistry into every drape."
646,Tier 4: Toggle OFF + Organic (Noise),Khimji Jewellers,Odisha (HQ: Bhubaneswar),@timesfashionweek,281272,0,369,0,0.00%,0.13%,2025-11-15,https://www.instagram.com/p/DRFv41pDrhx/,⚪ Standard Organic: Baseline,"Nikita’s Couture brings contemporary elegance to the runway — refined silhouettes, artistic detailing, and a signature touch of modern sophistication."
647,Tier 4: Toggle OFF + Organic (Noise),Khimji Jewellers,Odisha (HQ: Bhubaneswar),@timesfashionweek,281272,0,369,0,0.00%,0.13%,2025-11-15,https://www.instagram.com/p/DRFcBaBDJmF/,⚪ Standard Organic: Baseline,"Forever Naveen Kumar delivers couture at its most spectacular — hand-worked sequins, dramatic feather artistry, and silhouettes crafted with precision"
648,Tier 4: Toggle OFF + Organic (Noise),Khimji Jewellers,Odisha (HQ: Bhubaneswar),@timesfashionweek,281272,0,369,0,0.00%,0.13%,2025-11-15,https://www.instagram.com/p/DRFvcBPDnZd/,⚪ Standard Organic: Baseline,"Utkalamrita unveils Manabasa Gurubar: An Ode to Mahalakshmi, celebrating Odisha’s GI-tagged weaves and divine motifs."
649,Tier 4: Toggle OFF + Organic (Noise),Khimji Jewellers,Odisha (HQ: Bhubaneswar),@timesfashionweek,281272,0,369,0,0.00%,0.13%,2025-11-15,https://www.instagram.com/p/DRFJh4xArmQ/,⚪ Standard Organic: Baseline,KIIT School of Fashion Technology showcases Odisha Couture Confluence — a vibrant fusion of Odisha’s rich textile heritage and contemporary couture se
650,Tier 4: Toggle OFF + Organic (Noise),Mor Jewellers,India,@razatirmizephotography,17812,0,689,0,0.00%,3.87%,2025-11-15,https://www.instagram.com/p/DRFC18qghco/,⚪ Standard Organic: Baseline,Bridal camping shoot for my favorite @sarteladiessalon
651,Tier 4: Toggle OFF + Organic (Noise),BlueStone,"Pan-India / Karnataka (HQ: Bengaluru, D2C)",@_saurav27,10569,0,813,0,0.00%,7.69%,2025-11-14,https://www.instagram.com/p/DRCVentiZH1/,⚪ Standard Organic: Baseline,Indulge in the luxury of @bluestone_jewellery — jewellery that defines sophistication.”
652,Tier 4: Toggle OFF + Organic (Noise),Khimji Jewellers,Odisha (HQ: Bhubaneswar),@timesfashionweek,281272,0,369,0,0.00%,0.13%,2025-11-14,https://www.instagram.com/p/DRDAJmGgoNJ/,⚪ Standard Organic: Baseline,"Before the colours light up the runway, black and white captures the essence — raw, real, and powerful."
653,Tier 4: Toggle OFF + Organic (Noise),Khimji Jewellers,Odisha (HQ: Bhubaneswar),@timesfashionweek,281272,0,369,0,0.00%,0.13%,2025-11-14,https://www.instagram.com/p/DRC_8n0Ao5O/,⚪ Standard Organic: Baseline,"Before the colours light up the runway, black and white captures the essence — raw, real, and powerful."
654,Tier 4: Toggle OFF + Organic (Noise),Mor Jewellers,India,@sarteladiessalon,135922,0,13358,0,0.00%,9.83%,2025-11-13,https://www.instagram.com/p/DQ_t_OIiPco/,⚪ Standard Organic: Baseline,✨Principle Artist Bridal Makeup ✨
655,Tier 4: Toggle OFF + Organic (Noise),Khimji Jewellers,Odisha (HQ: Bhubaneswar),@timesfashionweek,281272,0,369,0,0.00%,0.13%,2025-11-14,https://www.instagram.com/p/DRC8Q8QgvHK/,⚪ Standard Organic: Baseline,"Before the colours light up the runway, black and white captures the essence — raw, real, and powerful."
656,Tier 4: Toggle OFF + Organic (Noise),BlueStone,"Pan-India / Karnataka (HQ: Bengaluru, D2C)",@mahideswall,125993,0,16037,0,0.00%,12.73%,2025-11-11,https://www.instagram.com/p/DQ6uF-Ekgsu/,⚪ Standard Organic: Baseline,"Soft glam, gold details, and everything in between✨"
657,Tier 4: Toggle OFF + Organic (Noise),Mor Jewellers,India,@sarteladiessalon,135922,0,13358,0,0.00%,9.83%,2025-11-12,https://www.instagram.com/p/DQ9MvV8iAp3/,⚪ Standard Organic: Baseline,Stay tuned
658,Tier 4: Toggle OFF + Organic (Noise),DP Abhushan (DP Jewellers),Madhya Pradesh (HQ: Ratlam),@thediamondtalk,232796,0,857,0,0.00%,0.37%,2025-11-09,https://www.instagram.com/p/DQ0bfLlD6ze/,⚪ Standard Organic: Baseline,Renu @thediamondtalk at D.P. Jewellers @dpjewellers
659,Tier 4: Toggle OFF + Organic (Noise),C. Krishniah Chetty & Co (CKC),Karnataka (HQ: Bengaluru),@radiocitykannada,161458,0,335,0,0.00%,0.21%,2025-11-10,https://www.instagram.com/p/DQ4eUAskhmO/,⚪ Standard Organic: Baseline,"This Diwali, celebrate brilliance that shines beyond jewels. Discover the timeless artistry and heritage of C. Krishniah Chetty & Jewellers — where ev"
660,Tier 4: Toggle OFF + Organic (Noise),GRT Jewellers,Tamil Nadu (HQ: Chennai),@vaishusundarofficial,984919,0,23559,0,0.00%,2.39%,2025-11-08,https://www.instagram.com/p/DQy8VtOkpLU/,⚪ Standard Organic: Baseline,"After the gold and diamonds, I explored @grtjewellers’ incredible silver section and it is absolutely trending! From chic, everyday styles in the Oria"
661,Tier 4: Toggle OFF + Organic (Noise),Mor Jewellers,India,@samya.sheraz.salon,96893,0,28471,0,0.00%,29.38%,2025-11-08,https://www.instagram.com/p/DQy749VjGbY/,⚪ Standard Organic: Baseline,Coming up with some amazing bridal look ✨❤️
662,Tier 4: Toggle OFF + Organic (Noise),GRT Jewellers,Tamil Nadu (HQ: Chennai),@vaishusundarofficial,984919,0,23559,0,0.00%,2.39%,2025-11-04,https://www.instagram.com/p/DQoT2UHkt9E/,⚪ Standard Organic: Baseline,"What a thrill to visit the 63rd @grtjewellers showroom right here in Guduvancheri! ✨ I had an amazing time exploring their breathtaking temple gold, d"
663,Tier 4: Toggle OFF + Organic (Noise),DP Abhushan (DP Jewellers),Madhya Pradesh (HQ: Ratlam),@thediamondtalk,232796,0,857,0,0.00%,0.37%,2025-11-07,https://www.instagram.com/p/DQvNW7TiLmQ/,⚪ Standard Organic: Baseline,Renu @thediamondtalk at D.P. Jewellers @dpjewellers
664,Tier 4: Toggle OFF + Organic (Noise),Khimji Jewellers,Odisha (HQ: Bhubaneswar),@timesfashionweek,281272,0,369,0,0.00%,0.13%,2025-11-15,https://www.instagram.com/p/DRFZ086jC2y/,⚪ Standard Organic: Baseline,"AuraA Designs stands for minimal elegance and intentional craftsmanship — clean silhouettes, soft palettes, and modern refinement."
665,Tier 4: Toggle OFF + Organic (Noise),Mor Jewellers,India,@hajrahafsaphotography,9449,0,379,0,0.00%,4.01%,2025-11-07,https://www.instagram.com/p/DQwmRPYjYFd/,⚪ Standard Organic: Baseline,Bridal Shoot
666,Tier 4: Toggle OFF + Organic (Noise),Mor Jewellers,India,@razatirmizephotography,17812,0,689,0,0.00%,3.87%,2025-11-04,https://www.instagram.com/p/DQo_PYKgqEc/,⚪ Standard Organic: Baseline,Bridal Camping Shoot for @almays.beauty.studio
667,Tier 4: Toggle OFF + Organic (Noise),Mor Jewellers,India,@hajrahafsaphotography,9449,0,379,0,0.00%,4.01%,2025-11-04,https://www.instagram.com/p/DQosBpCDRxU/,⚪ Standard Organic: Baseline,Bookings open till January 2026
668,Tier 4: Toggle OFF + Organic (Noise),Mor Jewellers,India,@irumkhansalon,40600,0,67,0,0.00%,0.17%,2025-11-04,https://www.instagram.com/p/DQogA42jBRi/,⚪ Standard Organic: Baseline,Signature Barat Makeup by Mariam Malik ❤️
669,Tier 4: Toggle OFF + Organic (Noise),Amrapali Jewels,Rajasthan (HQ: Jaipur),@houseofmasaba,834296,0,502,0,0.00%,0.06%,2025-11-02,https://www.instagram.com/p/DQjsH7qDGzD/,⚪ Standard Organic: Baseline,• Fine Jewellery By House Of Masaba & Amrapali Jewels •
670,Tier 4: Toggle OFF + Organic (Noise),DP Abhushan (DP Jewellers),Madhya Pradesh (HQ: Ratlam),@thediamondtalk,232796,0,857,0,0.00%,0.37%,2025-11-03,https://www.instagram.com/p/DQk6hDhD2HE/,⚪ Standard Organic: Baseline,Renu @thediamondtalk at D.P. Jewellers @dpjewellers
671,Tier 4: Toggle OFF + Organic (Noise),Amrapali Jewels,Rajasthan (HQ: Jaipur),@houseofmasaba,834296,0,502,0,0.00%,0.06%,2025-11-02,https://www.instagram.com/p/DQi7WjRjNUh/,⚪ Standard Organic: Baseline,• Fine Jewellery By House Of Masaba & Amrapali Jewels •
672,Tier 4: Toggle OFF + Organic (Noise),DP Abhushan (DP Jewellers),Madhya Pradesh (HQ: Ratlam),@thediamondtalk,232796,0,857,0,0.00%,0.37%,2025-11-02,https://www.instagram.com/p/DQihr0HiOe-/,⚪ Standard Organic: Baseline,Renu @thediamondtalk at D.P. Jewellers @dpjewellers
673,Tier 4: Toggle OFF + Organic (Noise),Amrapali Jewels,Rajasthan (HQ: Jaipur),@houseofmasaba,834296,0,502,0,0.00%,0.06%,2025-11-01,https://www.instagram.com/p/DQgs02KjK--/,⚪ Standard Organic: Baseline,• Fine Jewellery By House Of Masaba & Amrapali Jewels •
674,Tier 4: Toggle OFF + Organic (Noise),Mor Jewellers,India,@saqib_event_pr,37147,0,68,0,0.00%,0.18%,2025-11-01,https://www.instagram.com/p/DQhIPByjVMr/,⚪ Standard Organic: Baseline,Creating timeless elegance for the perfect Barat look.
675,Tier 4: Toggle OFF + Organic (Noise),Tanishq,"Pan-India / Karnataka (HQ: Bengaluru, Titan)",@nitibhakaul,1066370,0,22581,0,0.00%,2.12%,2025-11-01,https://www.instagram.com/p/DQg4909CYCM/,⚪ Standard Organic: Baseline,Episode 12| Styling one-on-one with @nitibhakaul
676,Tier 4: Toggle OFF + Organic (Noise),Amrapali Jewels,Rajasthan (HQ: Jaipur),@masabagupta,1841284,0,16866,0,0.00%,0.92%,2025-10-31,https://www.instagram.com/p/DQele6GkyiP/,⚪ Standard Organic: Baseline,• Fine Jewellery By House Of Masaba & Amrapali Jewels •
677,Tier 4: Toggle OFF + Organic (Noise),Amrapali Jewels,Rajasthan (HQ: Jaipur),@masabagupta,1841284,0,16866,0,0.00%,0.92%,2025-10-31,https://www.instagram.com/p/DQegSQ6iB1r/,⚪ Standard Organic: Baseline,• Fine Jewellery by House of Masaba & Amrapali Jewels•
678,Tier 4: Toggle OFF + Organic (Noise),Amrapali Jewels,Rajasthan (HQ: Jaipur),@masabagupta,1841284,0,16866,0,0.00%,0.92%,2025-10-31,https://www.instagram.com/p/DQejj6Wk4oM/,⚪ Standard Organic: Baseline,• Fine Jewellery By House Of Masaba & Amrapali Jewels •
679,Tier 4: Toggle OFF + Organic (Noise),Mor Jewellers,India,@emmasbeautyloungee,6252,0,19,0,0.00%,0.30%,2025-10-31,https://www.instagram.com/p/DQfSKuFiHZX/,⚪ Standard Organic: Baseline,Walima Look💕
680,Tier 4: Toggle OFF + Organic (Noise),BlueStone,"Pan-India / Karnataka (HQ: Bengaluru, D2C)",@5feetblogiee,28281,0,206,0,0.00%,0.73%,2025-10-31,https://www.instagram.com/p/DQeOTeoEh9y/,⚪ Standard Organic: Baseline,Lowkey obsessed with this look 💍
681,Tier 4: Toggle OFF + Organic (Noise),C.H. Jewellers,Gujarat (HQ: Vadodara),@aaloki.ch,12330,0,25,0,0.00%,0.20%,2025-10-30,https://www.instagram.com/p/DQbsnUIDnIY/,⚪ Standard Organic: Baseline,"Their two destinies are now harmoniously interwoven, marked by a vow that will not bend. We feel grateful to create the physical emblem of the beautif"
682,Tier 4: Toggle OFF + Organic (Noise),DP Abhushan (DP Jewellers),Madhya Pradesh (HQ: Ratlam),@thediamondtalk,232796,0,857,0,0.00%,0.37%,2025-10-30,https://www.instagram.com/p/DQbBI2GjzXn/,⚪ Standard Organic: Baseline,Renu @thediamondtalk at D.P. Jewellers @dpjewellers
683,Tier 4: Toggle OFF + Organic (Noise),Mor Jewellers,India,@saqib_event_pr,37147,0,68,0,0.00%,0.18%,2025-10-30,https://www.instagram.com/p/DQcFwr3DX_s/,⚪ Standard Organic: Baseline,Creating timeless elegance for the perfect Barat look.
684,Tier 4: Toggle OFF + Organic (Noise),Mor Jewellers,India,@emmasbeautyloungee,6252,0,19,0,0.00%,0.30%,2025-10-29,https://www.instagram.com/p/DQX48jqCOS5/,⚪ Standard Organic: Baseline,Bridal Campaingn 25’26!
685,Tier 4: Toggle OFF + Organic (Noise),C.H. Jewellers,Gujarat (HQ: Vadodara),@aaloki.ch,12330,0,25,0,0.00%,0.20%,2025-10-28,https://www.instagram.com/p/DQWkJKYDvo5/,⚪ Standard Organic: Baseline,"A flawless portrait of love, realized. The unparalleled brilliance of this design reflects the depth of devotion in Ria and Shyamal’s union."
686,Tier 4: Toggle OFF + Organic (Noise),C.H. Jewellers,Gujarat (HQ: Vadodara),@aaloki.ch,12330,0,25,0,0.00%,0.20%,2025-10-29,https://www.instagram.com/p/DQZKkW6iLtm/,⚪ Standard Organic: Baseline,"In this embrace, their future is secured, marked by the regal vow of Shyamal and Ria. Their bond is so unshakeable, and we are deeply honoured to cont"
687,Tier 4: Toggle OFF + Organic (Noise),C.H. Jewellers,Gujarat (HQ: Vadodara),@aaloki.ch,12330,0,25,0,0.00%,0.20%,2025-10-27,https://www.instagram.com/p/DQUCGMRjYLb/,⚪ Standard Organic: Baseline,"The vow is sealed, and their joyous affirmation is everything. They radiate the pure happiness of their shared destiny, a moment marked by the Oval sh"
688,Tier 4: Toggle OFF + Organic (Noise),C.H. Jewellers,Gujarat (HQ: Vadodara),@aaloki.ch,12330,0,25,0,0.00%,0.20%,2025-10-27,https://www.instagram.com/p/DQUBh8yEew7/,⚪ Standard Organic: Baseline,"This absolutely beautiful moment is the true pillar of their future, for a love so deep it requires a permanent form. We are privileged to have our cr"
689,Tier 4: Toggle OFF + Organic (Noise),DP Abhushan (DP Jewellers),Madhya Pradesh (HQ: Ratlam),@thediamondtalk,232796,0,857,0,0.00%,0.37%,2025-10-28,https://www.instagram.com/p/DQVcWHRiDxt/,⚪ Standard Organic: Baseline,Renu @thediamondtalk at D.P. Jewellers @dpjewellers
690,Tier 4: Toggle OFF + Organic (Noise),Mor Jewellers,India,@saqib_event_pr,37147,0,68,0,0.00%,0.18%,2025-10-27,https://www.instagram.com/p/DQUDH5QjU9K/,⚪ Standard Organic: Baseline,Stay Royal ✨ Creating timeless elegance for the perfect Barat look.
691,Tier 4: Toggle OFF + Organic (Noise),C.H. Jewellers,Gujarat (HQ: Vadodara),@aaloki.ch,12330,0,25,0,0.00%,0.20%,2025-10-27,https://www.instagram.com/p/DQUA9DGjLdy/,⚪ Standard Organic: Baseline,Congratulations to Shyamal and Ria. We feel a privileged to craft the piece that marks new beginnings. This defining moment is impeccably sealed with
692,Tier 4: Toggle OFF + Organic (Noise),BlueStone,"Pan-India / Karnataka (HQ: Bengaluru, D2C)",@ruchika_chaawla,16450,0,496,0,0.00%,3.02%,2025-10-22,https://www.instagram.com/p/DQHWqYyk_q6/,⚪ Standard Organic: Baseline,"Between the hills of Manali and the shimmer of BlueStone, I found my kind of calm before the date 💍✨"
693,Tier 4: Toggle OFF + Organic (Noise),Mor Jewellers,India,@makeup_by_turabhaider,25621,0,827,0,0.00%,3.23%,2025-10-22,https://www.instagram.com/p/DQHK_QijBBw/,⚪ Standard Organic: Baseline,💄
694,Tier 4: Toggle OFF + Organic (Noise),Khimji Jewellers,Odisha (HQ: Bhubaneswar),@jasmine_rath,585273,0,39694,0,0.00%,6.78%,2025-10-21,https://www.instagram.com/p/DQEJg_WEt1B/,⚪ Standard Organic: Baseline,To be beautifully in love is to wear your heart like a masterpiece🤍✨
695,Tier 4: Toggle OFF + Organic (Noise),BlueStone,"Pan-India / Karnataka (HQ: Bengaluru, D2C)",@damselinthis.dress,113664,0,117805,0,0.00%,103.64%,2025-10-20,https://www.instagram.com/p/DQCUgnQEfjk/,⚪ Standard Organic: Baseline,Your girl’s doing GRWM videos now 🤭🤪
696,Tier 4: Toggle OFF + Organic (Noise),Khimji Jewellers,Odisha (HQ: Bhubaneswar),@iam_simrandash,573546,0,26867,0,0.00%,4.68%,2025-10-20,https://www.instagram.com/p/DQByifOD-qf/,⚪ Standard Organic: Baseline,"✨Under the golden glow of diyas, may every dream shimmer a little brighter"
697,Tier 4: Toggle OFF + Organic (Noise),Anopchand Tilokchand (AT Jewell,Chhattisgarh (HQ: Raipur),@atjeweller,1829,0,64,0,0.00%,3.50%,2025-10-18,https://www.instagram.com/p/DP79-4ZiSnI/,⚪ Standard Organic: Baseline,💎 Eternal Elegance in Every Sparkle
698,Tier 4: Toggle OFF + Organic (Noise),Khimji Jewellers,Odisha (HQ: Bhubaneswar),@smaranika_panigrahi,127012,0,3,0,0.00%,0.00%,2025-10-20,https://www.instagram.com/p/DQBLJcMCfP6/,⚪ Standard Organic: Baseline,"May your Diwali sparkle with joy, prosperity, and timeless shine✨"
699,Tier 4: Toggle OFF + Organic (Noise),Mor Jewellers,India,@sarteladiessalon,135922,0,13358,0,0.00%,9.83%,2025-10-21,https://www.instagram.com/p/DQELJLXiLnW/,⚪ Standard Organic: Baseline,Bridal campaign 2025
700,Tier 4: Toggle OFF + Organic (Noise),B.C. Sen Jewellers,India,@susmita_cjee,409469,0,16074,0,0.00%,3.93%,2025-10-18,https://www.instagram.com/p/DP8UEwcAXTI/,⚪ Standard Organic: Baseline,"This Dhanteras, as we light the lamps and welcome Maa Lakshmi into our homes, we present to you our divine Dhanalakshmi Collection. Inspired by the Go"
701,Tier 4: Toggle OFF + Organic (Noise),B.C. Sen Jewellers,India,@anweshaab,16253,0,577,0,0.00%,3.55%,2025-10-18,https://www.instagram.com/p/DP8pHjRCabs/,⚪ Standard Organic: Baseline,"This Dhanteras, invest in more than just metal- invest in a legacy. B.C. Sen Jewellers presents the Dhanalakshmi Collection, a breathtaking, wearable"
702,Tier 4: Toggle OFF + Organic (Noise),Ulhas Jewellers,India,@rajexx_07,44452,0,1004,0,0.00%,2.26%,2025-10-21,https://www.instagram.com/p/DQDnmyUkQvf/,⚪ Standard Organic: Baseline,Goa’s biggest Akash Kandeel by Ulhas Jewellers
703,Tier 4: Toggle OFF + Organic (Noise),P. C. Chandra Jewellers,West Bengal (HQ: Kolkata),@itsmeabirchatterjee,605945,0,3478,0,0.00%,0.57%,2025-10-18,https://www.instagram.com/p/DP8Um3IkjSk/,⚪ Standard Organic: Baseline,"Here’s to new beginnings, good fortune, and that golden touch of prosperity."
704,Tier 4: Toggle OFF + Organic (Noise),Ulhas Jewellers,India,@rajexx_07,44452,0,1004,0,0.00%,2.26%,2025-10-19,https://www.instagram.com/p/DP_Fkv5AP--/,⚪ Standard Organic: Baseline,Diwali vibes 🫶
705,Tier 4: Toggle OFF + Organic (Noise),P. C. Chandra Jewellers,West Bengal (HQ: Kolkata),@saieemmanjrekar,2104683,0,66538,0,0.00%,3.16%,2025-10-18,https://www.instagram.com/p/DP7-3_fCE4A/,⚪ Standard Organic: Baseline,"May your home light up with prosperity, positivity, and a little extra sparkle this festive season."
706,Tier 4: Toggle OFF + Organic (Noise),Prince Jewellery,Tamil Nadu (HQ: Chennai),@pooja.sh_,1137988,0,108478,0,0.00%,9.53%,2025-10-18,https://www.instagram.com/p/DP8T4ArD-dR/,⚪ Standard Organic: Baseline,*YOUR OLD GOLD CAN BUY MORE GOLD THAN YOUR MONEY*💴
707,Tier 4: Toggle OFF + Organic (Noise),P. C. Chandra Jewellers,West Bengal (HQ: Kolkata),@actresspaul,379240,0,19883,0,0.00%,5.24%,2025-10-18,https://www.instagram.com/p/DP7xKDME0sF/,⚪ Standard Organic: Baseline,Shine Bright This Dhanteras!
708,Tier 4: Toggle OFF + Organic (Noise),Tanishq,"Pan-India / Karnataka (HQ: Bengaluru, Titan)",@mimichakraborty,3556500,0,31264,0,0.00%,0.88%,2025-10-18,https://www.instagram.com/p/DP8MhlfEXTy/,⚪ Standard Organic: Baseline,This Diwali wearing a piece of magic from Tanishq’s Mriganka collection. A collection that takes you to a magical realm. Beautiful pieces inspired fro
709,Tier 4: Toggle OFF + Organic (Noise),B.C. Sen Jewellers,India,@themillennialsguidetothegalaxy,15080,0,253,0,0.00%,1.68%,2025-10-17,https://www.instagram.com/p/DP5ixoME0TV/,⚪ Standard Organic: Baseline,Ready for a gold makeover in Kolkata? there is no better time to invest in timeless designs than NOW! Unlock tradition this Dhanalakshmi Utsav at B.C.
710,Tier 4: Toggle OFF + Organic (Noise),BlueStone,"Pan-India / Karnataka (HQ: Bengaluru, D2C)",@pritikasarup_,13937,0,54955,0,0.00%,394.31%,2025-10-17,https://www.instagram.com/p/DP6oqw8Egw5/,⚪ Standard Organic: Baseline,"A little sparkle, a little self-love 💫"
711,Tier 4: Toggle OFF + Organic (Noise),Khimji Jewellers,Odisha (HQ: Bhubaneswar),@cookiess_swain,1117751,0,52120,0,0.00%,4.66%,2025-10-17,https://www.instagram.com/p/DP5PSmqEm-E/,⚪ Standard Organic: Baseline,"Saheed Nagar, Janpath shines brighter with Khimji Jewellers. ✨"
712,Tier 4: Toggle OFF + Organic (Noise),Mor Jewellers,India,@make_up.by.noreen,9687,0,11024,0,0.00%,113.80%,2025-10-17,https://www.instagram.com/p/DP5_32TgfYC/,⚪ Standard Organic: Baseline,Signature Valima look by @make_up.by.noreen  @nora_e_beauty_salon
713,Tier 4: Toggle OFF + Organic (Noise),Prince Jewellery,Tamil Nadu (HQ: Chennai),@its_shabana_,1614242,0,111052,0,0.00%,6.88%,2025-10-17,https://www.instagram.com/p/DP6R3w3Ethx/,⚪ Standard Organic: Baseline,*YOUR OLD GOLD CAN BUY MORE GOLD THAN YOUR MONEY*💴
714,Tier 4: Toggle OFF + Organic (Noise),Prince Jewellery,Tamil Nadu (HQ: Chennai),@lash_couplelife,697219,0,141296,0,0.00%,20.27%,2025-10-17,https://www.instagram.com/p/DP6QwJxkcAE/,⚪ Standard Organic: Baseline,YOUR OLD GOLD CAN BUY MORE GOLD THAN YOUR MONEY 💴
715,Tier 4: Toggle OFF + Organic (Noise),GRT Jewellers,Tamil Nadu (HQ: Chennai),@poornima_ravii,850390,0,37988,0,0.00%,4.47%,2025-10-16,https://www.instagram.com/p/DP3sxQokjqM/,⚪ Standard Organic: Baseline,"Deepavali has always been my favourite time of the year — the lights, the joy, the dressing up ✨"
716,Tier 4: Toggle OFF + Organic (Noise),Senco Gold & Diamonds,West Bengal (HQ: Kolkata),@kiaraaliaadvani,35891056,0,355203,0,0.00%,0.99%,2025-10-17,https://www.instagram.com/p/DP6UsnMks2c/,⚪ Standard Organic: Baseline,The festive season calls for timeless elegance! ✨
717,Tier 4: Toggle OFF + Organic (Noise),BlueStone,"Pan-India / Karnataka (HQ: Bengaluru, D2C)",@keepingupwithslo,19676,0,17720,0,0.00%,90.06%,2025-10-16,https://www.instagram.com/p/DP3riBrCNat/,⚪ Standard Organic: Baseline,"from stealing her jewels to now gifting her new ones, no diwali has been complete without her presence 🤍"
718,Tier 4: Toggle OFF + Organic (Noise),Prince Jewellery,Tamil Nadu (HQ: Chennai),@iamvaishnavioffl,1525024,0,61386,0,0.00%,4.03%,2025-10-17,https://www.instagram.com/p/DP6DZbtkhPx/,⚪ Standard Organic: Baseline,YOUR OLD GOLD CAN BUY MORE GOLD THAN YOUR MONEY💴
719,Tier 4: Toggle OFF + Organic (Noise),Mor Jewellers,India,@duahasancinematography,103947,0,1497,0,0.00%,1.44%,2025-10-16,https://www.instagram.com/p/DP32nQ1DIuj/,⚪ Standard Organic: Baseline,Bookings are open
720,Tier 4: Toggle OFF + Organic (Noise),Khimji Jewellers,Odisha (HQ: Bhubaneswar),@komal.navdeepkaur,204909,0,435,0,0.00%,0.21%,2025-10-16,https://www.instagram.com/p/DP25MlEEqMH/,⚪ Standard Organic: Baseline,JHARSUGUDA shines brighter with Khimji Jewellers. ✨
721,Tier 4: Toggle OFF + Organic (Noise),Sri Jagdamba Pearls,Telangana (HQ: Hyderabad),@jagdambapearlsstore,38063,0,106,0,0.00%,0.28%,2025-10-16,https://www.instagram.com/p/DP3N15WEeuh/,⚪ Standard Organic: Baseline,Congratulations to all our lucky Gold Coin Winners! ✨
722,Tier 4: Toggle OFF + Organic (Noise),Khimji Jewellers,Odisha (HQ: Bhubaneswar),@asimapati_official___77,499694,0,9565,0,0.00%,1.91%,2025-10-16,https://www.instagram.com/p/DP3Pp9skmqR/,⚪ Standard Organic: Baseline,CUTTACK shines brighter with Khimji Jewellers. ✨
723,Tier 4: Toggle OFF + Organic (Noise),Senco Gold & Diamonds,West Bengal (HQ: Kolkata),@perfectlovebysenco,544,0,101,0,0.00%,18.57%,2025-10-16,https://www.instagram.com/p/DP2y3LDgU48/,⚪ Standard Organic: Baseline,This festive glow deserves something just as radiant.
724,Tier 4: Toggle OFF + Organic (Noise),B.C. Sen Jewellers,India,@alankritajsoni,60943,0,5373,0,0.00%,8.82%,2025-10-15,https://www.instagram.com/p/DP1AUB7Elws/,⚪ Standard Organic: Baseline,Elevate your festive look this Dhanteras! I’m completely immersed in the stunning Dhanalakshmi Collection by @bcsenjewellers .This isn’t just gold; it
725,Tier 4: Toggle OFF + Organic (Noise),GRT Jewellers,Tamil Nadu (HQ: Chennai),@_varsha.dsouza_,1579920,0,110131,0,0.00%,6.97%,2025-10-15,https://www.instagram.com/p/DP0y4RREhZM/,⚪ Standard Organic: Baseline,"Getting ready for Deepavali always feels so special! ✨ This year, I’m celebrating with this breathtaking antique gold haram from @grtjewellers. Puttin"
726,Tier 4: Toggle OFF + Organic (Noise),Khimji Jewellers,Odisha (HQ: Bhubaneswar),@iam_simrandash,573546,0,26867,0,0.00%,4.68%,2025-10-15,https://www.instagram.com/p/DP1YuXmD5Au/,⚪ Standard Organic: Baseline,Bhubaneswar shines brighter with Khimji Jewellers. ✨
727,Tier 4: Toggle OFF + Organic (Noise),Khimji Jewellers,Odisha (HQ: Bhubaneswar),@smaranika_panigrahi,127012,0,3,0,0.00%,0.00%,2025-10-15,https://www.instagram.com/p/DP0UKiQieJJ/,⚪ Standard Organic: Baseline,Berhampur shines brighter with Khimji Jewellers. ✨
728,Tier 4: Toggle OFF + Organic (Noise),Khimji Jewellers,Odisha (HQ: Bhubaneswar),@pihuumohapatra,341575,0,25732,0,0.00%,7.53%,2025-10-15,https://www.instagram.com/p/DP1XzDHiUD4/,⚪ Standard Organic: Baseline,Angul shines brighter with Khimji Jewellers. ✨
729,Tier 4: Toggle OFF + Organic (Noise),Khimji Jewellers,Odisha (HQ: Bhubaneswar),@komal.navdeepkaur,204909,0,435,0,0.00%,0.21%,2025-10-15,https://www.instagram.com/p/DP0Vt1fkvgU/,⚪ Standard Organic: Baseline,Rourkela shines brighter with Khimji Jewellers. ✨
730,Tier 4: Toggle OFF + Organic (Noise),DP Abhushan (DP Jewellers),Madhya Pradesh (HQ: Ratlam),@ujjain_wale_,448276,0,3085,0,0.00%,0.69%,2025-10-14,https://www.instagram.com/p/DPy5NDhiJf8/,⚪ Standard Organic: Baseline,"🎉✨ इस फेस्टिव सीज़न Ratlam के DP Jewellers, Central India’s Largest and Most Trusted Jewellery Brand, लेकर आए हैं सुख, समृद्धि और विश्वास का संगम ✨🎉"
731,Tier 4: Toggle OFF + Organic (Noise),Senco Gold & Diamonds,West Bengal (HQ: Kolkata),@perfectlovebysenco,544,0,101,0,0.00%,18.57%,2025-10-15,https://www.instagram.com/p/DP1c8KQgZio/,⚪ Standard Organic: Baseline,"When the lights of the season begin to shimmer, let your style reflect that glow."
732,Tier 4: Toggle OFF + Organic (Noise),DP Abhushan (DP Jewellers),Madhya Pradesh (HQ: Ratlam),@udaipurblog,489775,0,676,0,0.00%,0.14%,2025-10-14,https://www.instagram.com/p/DPypjSfEZj-/,⚪ Standard Organic: Baseline,"This festive season, celebrate tradition in style with DP Jewellers – Central India’s largest and most trusted jewellery brand! ✨"
733,Tier 4: Toggle OFF + Organic (Noise),Senco Gold & Diamonds,West Bengal (HQ: Kolkata),@perfectlovebysenco,544,0,101,0,0.00%,18.57%,2025-10-15,https://www.instagram.com/p/DP1chHDgXg0/,⚪ Standard Organic: Baseline,Brilliance that outshines the season
734,Tier 4: Toggle OFF + Organic (Noise),BlueStone,"Pan-India / Karnataka (HQ: Bengaluru, D2C)",@_.sanji.__,41851,0,2417,0,0.00%,5.78%,2025-10-13,https://www.instagram.com/p/DPwANt4jXKj/,⚪ Standard Organic: Baseline,GRWM for Diwali with @bluestonejewellery ❤️ to light up the night with elegance and charm. Let’s celebrate the festival of lights with a touch of time
735,Tier 4: Toggle OFF + Organic (Noise),DP Abhushan (DP Jewellers),Madhya Pradesh (HQ: Ratlam),@ajmerfoodie,63959,0,1532,0,0.00%,2.40%,2025-10-14,https://www.instagram.com/p/DPyiVOBE8_W/,⚪ Standard Organic: Baseline,"✨ इस फेस्टिव सीज़न, परंपरा को मनाइए स्टाइल के साथ! 💫"
736,Tier 4: Toggle OFF + Organic (Noise),DP Abhushan (DP Jewellers),Madhya Pradesh (HQ: Ratlam),@banswara_blog_,56215,0,1968,0,0.00%,3.50%,2025-10-14,https://www.instagram.com/p/DPyqOfhE5K-/,⚪ Standard Organic: Baseline,"🎉✨ इस फेस्टिव सीज़न मनाइए सुख, समृद्धि और विश्वास का संगम ✨🎉"
737,Tier 4: Toggle OFF + Organic (Noise),Khimji Jewellers,Odisha (HQ: Bhubaneswar),@riya_dey91,770628,0,22735,0,0.00%,2.95%,2025-10-14,https://www.instagram.com/p/DPxriZMka3y/,⚪ Standard Organic: Baseline,PURI shines brighter with Khimji Jewellers. ✨
738,Tier 4: Toggle OFF + Organic (Noise),DP Abhushan (DP Jewellers),Madhya Pradesh (HQ: Ratlam),@avantika_nagri,131969,0,1906,0,0.00%,1.44%,2025-10-13,https://www.instagram.com/p/DPwSeXmEoI9/,⚪ Standard Organic: Baseline,"This festive season, add a new stylish twist to tradition"
739,Tier 4: Toggle OFF + Organic (Noise),DP Abhushan (DP Jewellers),Madhya Pradesh (HQ: Ratlam),@lifestyle_with_divya_,26957,0,204,0,0.00%,0.76%,2025-10-13,https://www.instagram.com/p/DPv4lnHj0xZ/,⚪ Standard Organic: Baseline,"✨ This festive season, celebrate happiness, prosperity & trust with DP Jewellers. ✨"
740,Tier 4: Toggle OFF + Organic (Noise),DP Abhushan (DP Jewellers),Madhya Pradesh (HQ: Ratlam),@theratlammerijaan,202964,0,2488,0,0.00%,1.23%,2025-10-12,https://www.instagram.com/p/DPsYaNgk54I/,⚪ Standard Organic: Baseline,"🎉✨ इस फेस्टिव सीज़न Ratlam के DP Jewellers, Central India’s Largest and Most Trusted Jewellery Brand, लेकर आए हैं सुख, समृद्धि और विश्वास का संगम ✨🎉"
741,Tier 4: Toggle OFF + Organic (Noise),BlueStone,"Pan-India / Karnataka (HQ: Bengaluru, D2C)",@elladverma,530499,0,22003,0,0.00%,4.15%,2025-10-11,https://www.instagram.com/p/DPqXz-rkTwR/,⚪ Standard Organic: Baseline,Making festive season extra special with @bluestone_jewellery 💎✨
742,Tier 4: Toggle OFF + Organic (Noise),BlueStone,"Pan-India / Karnataka (HQ: Bengaluru, D2C)",@butwhyvansh,84488,0,8388,0,0.00%,9.93%,2025-10-11,https://www.instagram.com/p/DPqkHs0k9vR/,⚪ Standard Organic: Baseline,Adding a little bling to the festive season with @bluestone_jewellery 💎✨
743,Tier 4: Toggle OFF + Organic (Noise),Mor Jewellers,India,@misasalonn,15446,0,417,0,0.00%,2.70%,2025-10-11,https://www.instagram.com/p/DPqsf4KjGcD/,⚪ Standard Organic: Baseline,@morjewellersofficial
744,Tier 4: Toggle OFF + Organic (Noise),Mor Jewellers,India,@almays.beauty.studio,77993,0,40,0,0.00%,0.05%,2025-10-11,https://www.instagram.com/p/DPrFR-_CEfJ/,⚪ Standard Organic: Baseline,Signature Shalima Look 💕
745,Tier 4: Toggle OFF + Organic (Noise),DP Abhushan (DP Jewellers),Madhya Pradesh (HQ: Ratlam),@bhumishasoniii,94341,0,16632,0,0.00%,17.63%,2025-10-10,https://www.instagram.com/p/DPn7DjvASQ2/,⚪ Standard Organic: Baseline,Timeless grace in every delicate detail.
746,Tier 4: Toggle OFF + Organic (Noise),BlueStone,"Pan-India / Karnataka (HQ: Bengaluru, D2C)",@yadd07.__official,52900,0,81138,0,0.00%,153.38%,2025-10-10,https://www.instagram.com/p/DPoakmPieuC/,⚪ Standard Organic: Baseline,Eega  samantha outfit❤️
747,Tier 4: Toggle OFF + Organic (Noise),Mor Jewellers,India,@maidaharoonmakeupstudio,11841,0,10982,0,0.00%,92.75%,2025-10-10,https://www.instagram.com/p/DPoSA_hDHw_/,⚪ Standard Organic: Baseline,Signature Glam ✨💕
748,Tier 4: Toggle OFF + Organic (Noise),Mor Jewellers,India,@samya.sheraz.salon,96893,0,28471,0,0.00%,29.38%,2025-10-10,https://www.instagram.com/p/DPoUSI1jADf/,⚪ Standard Organic: Baseline,Our Signature team creating magic ✨
749,Tier 4: Toggle OFF + Organic (Noise),Mor Jewellers,India,@maidaharoonmakeupstudio,11841,0,10982,0,0.00%,92.75%,2025-10-10,https://www.instagram.com/p/DPnoXOLDEJ8/,⚪ Standard Organic: Baseline,Signature Bride ✨bookings are OPEN! Message to confirm your slot 💖
750,Tier 4: Toggle OFF + Organic (Noise),Senco Gold & Diamonds,West Bengal (HQ: Kolkata),@everlitebysenco,60147,0,10,0,0.00%,0.02%,2025-10-08,https://www.instagram.com/p/DPiO7uHDbou/,⚪ Standard Organic: Baseline,"The festive season is still on, and the spark remains. So pair your outfit with the best ones!"
751,Tier 4: Toggle OFF + Organic (Noise),Mor Jewellers,India,@samya.sheraz.salon,96893,0,28471,0,0.00%,29.38%,2025-10-07,https://www.instagram.com/p/DPgZcqPiO0t/,⚪ Standard Organic: Baseline,Bridal campaign 2025 @samya.sheraz.salon
752,Tier 4: Toggle OFF + Organic (Noise),Mor Jewellers,India,@almays.beauty.studio,77993,0,40,0,0.00%,0.05%,2025-10-07,https://www.instagram.com/p/DPf9uy3CNju/,⚪ Standard Organic: Baseline,"Radiating royal elegance on her big day ✨ This stunning Barat makeup look perfectly complements the deep red bridal attire, adorned with intricate gol"
753,Tier 4: Toggle OFF + Organic (Noise),BlueStone,"Pan-India / Karnataka (HQ: Bengaluru, D2C)",@vidhiness,6582,0,3146,0,0.00%,47.80%,2025-10-06,https://www.instagram.com/p/DPeJ_GIiXkN/,⚪ Standard Organic: Baseline,"This season, I’m celebrating more than just the festivities."
754,Tier 4: Toggle OFF + Organic (Noise),Mor Jewellers,India,@maidaharoonmakeupstudio,11841,0,10982,0,0.00%,92.75%,2025-10-09,https://www.instagram.com/p/DPlHT95DNMu/,⚪ Standard Organic: Baseline,Signature Bride 🤍
755,Tier 4: Toggle OFF + Organic (Noise),Mor Jewellers,India,@samya.sheraz.salon,96893,0,28471,0,0.00%,29.38%,2025-10-06,https://www.instagram.com/p/DPdqlx2CCPx/,⚪ Standard Organic: Baseline,Stay tuned ✨⭐️
756,Tier 4: Toggle OFF + Organic (Noise),Senco Gold & Diamonds,West Bengal (HQ: Kolkata),@everlitebysenco,60147,0,10,0,0.00%,0.02%,2025-10-06,https://www.instagram.com/p/DPdFWPXDHIp/,⚪ Standard Organic: Baseline,"The festive season has already begun, so here's a list of jewellery that you can match and pair. You're welcome!"
757,Tier 4: Toggle OFF + Organic (Noise),Senco Gold & Diamonds,West Bengal (HQ: Kolkata),@everlitebysenco,60147,0,10,0,0.00%,0.02%,2025-10-04,https://www.instagram.com/p/DPX7yEWjb_j/,⚪ Standard Organic: Baseline,"When you're out and enjoying, don't get awestruck if you're flooded with compliments, because these pieces are beautiful."
758,Tier 4: Toggle OFF + Organic (Noise),Aisshpra Gems & Jewels,Uttar Pradesh (HQ: Gorakhpur),@radhikaatewhat,56322,0,93046,0,0.00%,165.20%,2025-10-04,https://www.instagram.com/p/DPZXEBvCX5M/,⚪ Standard Organic: Baseline,"✨ When jewellery looks this good, you have to see it in person! 💎"
759,Tier 4: Toggle OFF + Organic (Noise),P. C. Chandra Jewellers,West Bengal (HQ: Kolkata),@nikifying,2002752,0,34334,0,0.00%,1.71%,2025-10-03,https://www.instagram.com/p/DPWLDdED3O4/,⚪ Standard Organic: Baseline,Every piece of handcrafted gold and diamond jewellery from @pcchandrajewellers feels like a note in my personal song.
760,Tier 4: Toggle OFF + Organic (Noise),Hazoorilal Legacy,Delhi NCR (HQ: New Delhi),@monzgupta,200118,0,3129,0,0.00%,1.56%,2025-09-26,https://www.instagram.com/p/DPDXlg1gR_M/,⚪ Standard Organic: Baseline,"Adorned in the exquisite Luminara Collection, I had the pleasure of celebrating Hazoorilal Legacy’s heritage and elegance at their flagship in Dubai H"
761,Tier 4: Toggle OFF + Organic (Noise),Mor Jewellers,India,@makeup_by_tayyabawaqas,35662,0,3262,0,0.00%,9.15%,2025-10-02,https://www.instagram.com/p/DPTh8hrCBLd/,⚪ Standard Organic: Baseline,✨
762,Tier 4: Toggle OFF + Organic (Noise),Mor Jewellers,India,@misasalonn,15446,0,417,0,0.00%,2.70%,2025-09-26,https://www.instagram.com/p/DPDk_N1CH30/,⚪ Standard Organic: Baseline,🤍
763,Tier 4: Toggle OFF + Organic (Noise),B.C. Sen Jewellers,India,@susmita_cjee,409469,0,16074,0,0.00%,3.93%,2025-09-22,https://www.instagram.com/p/DO5qkiwAWpD/,⚪ Standard Organic: Baseline,"As the delicate fragrance of Shiuli blossoms ushers in the spirit of Durga Puja, may your days be touched with joy, harmony, and togetherness."
764,Tier 4: Toggle OFF + Organic (Noise),P. C. Chandra Jewellers,West Bengal (HQ: Kolkata),@swatimonga_,1295752,0,171325,0,0.00%,13.22%,2025-09-22,https://www.instagram.com/p/DO5sJxKjeUq/,⚪ Standard Organic: Baseline,Navratri vibes are here!
765,Tier 4: Toggle OFF + Organic (Noise),Mor Jewellers,India,@irumkhansalon,40600,0,67,0,0.00%,0.17%,2025-09-24,https://www.instagram.com/p/DO_F6SsDE6o/,⚪ Standard Organic: Baseline,Signature Nikkah Look!
766,Tier 4: Toggle OFF + Organic (Noise),Anopchand Tilokchand (AT Jewell,Chhattisgarh (HQ: Raipur),@meenakshi_tuteja,57307,0,93,0,0.00%,0.16%,2025-09-30,https://www.instagram.com/p/DPOKslVk62P/,⚪ Standard Organic: Baseline,#MakeupByMeenakshiTuteja
767,Tier 4: Toggle OFF + Organic (Noise),GRT Jewellers,Tamil Nadu (HQ: Chennai),@deshpande_akshata,168489,0,38692,0,0.00%,22.96%,2025-09-21,https://www.instagram.com/p/DO3NjrbkbAH/,⚪ Standard Organic: Baseline,Why wait for gold prices to drop when you can outsmart them? ✨
768,Tier 4: Toggle OFF + Organic (Noise),GRT Jewellers,Tamil Nadu (HQ: Chennai),@radhyaaraj,209906,0,4321,0,0.00%,2.06%,2025-09-21,https://www.instagram.com/p/DO2pouzD_E5/,⚪ Standard Organic: Baseline,"Join GRT’s Golden Eleven Flexi Jewellery Purchase Plan and bring home your dream gold, diamond, platinum or silver jewellery – the smart, hassle-free"
769,Tier 4: Toggle OFF + Organic (Noise),C. Krishniah Chetty & Co (CKC),Karnataka (HQ: Bengaluru),@jainonlineofficial,22849,0,145,0,0.00%,0.63%,2025-09-20,https://www.instagram.com/p/DO0T04EEaYU/,⚪ Standard Organic: Baseline,"156 years of legacy, reimagined for the future"
770,Tier 4: Toggle OFF + Organic (Noise),P. C. Chandra Jewellers,West Bengal (HQ: Kolkata),@single.handedly,2085210,0,351211,0,0.00%,16.84%,2025-09-20,https://www.instagram.com/p/DO0qyiOiBnj/,⚪ Standard Organic: Baseline,"🌸 From Pujo’s flowers to a mother’s strength, she is love, she is power, she is Durga. 🌸"
771,Tier 4: Toggle OFF + Organic (Noise),C. Krishniah Chetty & Co (CKC),Karnataka (HQ: Bengaluru),@coutureindia.show,33713,0,310,0,0.00%,0.92%,2025-09-19,https://www.instagram.com/p/DOx6d6yk4wN/,⚪ Standard Organic: Baseline,India’s Coolest Visual Merchandising – Runner Up
772,Tier 4: Toggle OFF + Organic (Noise),Anopchand Tilokchand (AT Jewell,Chhattisgarh (HQ: Raipur),@meenakshi_tuteja,57307,0,93,0,0.00%,0.16%,2025-09-19,https://www.instagram.com/p/DOxTZeikzBt/,⚪ Standard Organic: Baseline,#MakeupByMeenakshiTuteja
773,Tier 4: Toggle OFF + Organic (Noise),Sri Jagdamba Pearls,Telangana (HQ: Hyderabad),@sunanda_roye,336465,0,15523,0,0.00%,4.61%,2025-09-20,https://www.instagram.com/p/DO0VcK2kSpf/,⚪ Standard Organic: Baseline,"✨ This festive season, shine with @jagdambapearls – 100 years of legacy in natural & certified pearls, now in Bengaluru! ✨"
774,Tier 4: Toggle OFF + Organic (Noise),P. C. Chandra Jewellers,West Bengal (HQ: Kolkata),@boseoninsta,884339,0,88776,0,0.00%,10.04%,2025-09-19,https://www.instagram.com/p/DOyEcZ4EWsf/,⚪ Standard Organic: Baseline,"Aatpoure, the Bengali saree drape that every Bangali home has seen for generations. 🌸 Today, I got to drape maa in this timeless style, and honestly…"
775,Tier 4: Toggle OFF + Organic (Noise),C.H. Jewellers,Gujarat (HQ: Vadodara),@amrinkhanofficial,81778,0,11788,0,0.00%,14.41%,2025-09-18,https://www.instagram.com/p/DOvoR99kZuE/,⚪ Standard Organic: Baseline,"Royal allure in emerald 💚✨ Crafted with golden embroidery and couture detailing, this masterpiece from Amrin Khan’s Kahaniya Collection is for the bri"
776,Tier 4: Toggle OFF + Organic (Noise),C.H. Jewellers,Gujarat (HQ: Vadodara),@amrinkhanofficial,81778,0,11788,0,0.00%,14.41%,2025-09-18,https://www.instagram.com/p/DOvoKM-kej4/,⚪ Standard Organic: Baseline,Grace in every gaze 💚 Thi green bridal lehenga from Kahaniya by Amrin Khan redefines elegance with intricate embroidery and a regal touch of tradition
777,Tier 4: Toggle OFF + Organic (Noise),Anopchand Tilokchand (AT Jewell,Chhattisgarh (HQ: Raipur),@meenakshi_tuteja,57307,0,93,0,0.00%,0.16%,2025-09-17,https://www.instagram.com/p/DOsYhSIkwvu/,⚪ Standard Organic: Baseline,#MakeupByAnushreeTuteja
778,Tier 4: Toggle OFF + Organic (Noise),C.H. Jewellers,Gujarat (HQ: Vadodara),@amrinkhanofficial,81778,0,11788,0,0.00%,14.41%,2025-09-18,https://www.instagram.com/p/DOvnwGXEe8E/,⚪ Standard Organic: Baseline,"A symphony of green 💚✨ From pastel hues to deep emerald tones, Amrin Khan’s Kahaniya Collection celebrates bridal grandeur through artistry, heritage,"
779,Tier 4: Toggle OFF + Organic (Noise),P. C. Chandra Jewellers,West Bengal (HQ: Kolkata),@paramita_pramanick,130512,0,699,0,0.00%,0.54%,2025-09-18,https://www.instagram.com/p/DOv07e5iYcv/,⚪ Standard Organic: Baseline,Cheyechhi maa ami tumi hote ❤️😍🤩
780,Tier 4: Toggle OFF + Organic (Noise),Khimji Jewellers,Odisha (HQ: Bhubaneswar),@ankita_mishra_18,102683,0,64321,0,0.00%,62.64%,2025-09-16,https://www.instagram.com/p/DOqgJk5knj-/,⚪ Standard Organic: Baseline,Mo maa & Tara gold obsession 😂
781,Tier 4: Toggle OFF + Organic (Noise),C.H. Jewellers,Gujarat (HQ: Vadodara),@amrinkhanofficial,81778,0,11788,0,0.00%,14.41%,2025-09-17,https://www.instagram.com/p/DOtBfFQkTFW/,⚪ Standard Organic: Baseline,"Timeless grace draped in golden hues — this masterpiece blends intricate embroidery with regal elegance, bringing tradition and glamour together in pe"
782,Tier 4: Toggle OFF + Organic (Noise),P. C. Chandra Jewellers,West Bengal (HQ: Kolkata),@mayazmakeover,295689,0,69773,0,0.00%,23.60%,2025-09-16,https://www.instagram.com/p/DOql01Ik5sR/,⚪ Standard Organic: Baseline,♥️মা এটা তোমার জন্যে!♥️ @mayakundu66 #CheyechiMaAmiTumiHote
783,Tier 4: Toggle OFF + Organic (Noise),Anopchand Tilokchand (AT Jewell,Chhattisgarh (HQ: Raipur),@meenakshi_tuteja,57307,0,93,0,0.00%,0.16%,2025-09-14,https://www.instagram.com/p/DOk-kuEDNLQ/,⚪ Standard Organic: Baseline,#MakeupByMeenakshiTuteja
784,Tier 4: Toggle OFF + Organic (Noise),C.H. Jewellers,Gujarat (HQ: Vadodara),@amrinkhanofficial,81778,0,11788,0,0.00%,14.41%,2025-09-12,https://www.instagram.com/p/DOgFwQpETn3/,⚪ Standard Organic: Baseline,KAHANIYA – Bridal Couture 2025
785,Tier 4: Toggle OFF + Organic (Noise),Mor Jewellers,India,@sarteladiessalon,135922,0,13358,0,0.00%,9.83%,2025-09-20,https://www.instagram.com/p/DO0wWGSCDJX/,⚪ Standard Organic: Baseline,✨✨Coming soon…..
786,Tier 4: Toggle OFF + Organic (Noise),Mor Jewellers,India,@uzairstudio_official,5028,0,16,0,0.00%,0.32%,2025-09-12,https://www.instagram.com/p/DOgVKiYDBNt/,⚪ Standard Organic: Baseline,@allurethesalon Bridal campaign 2025
787,Tier 4: Toggle OFF + Organic (Noise),C.H. Jewellers,Gujarat (HQ: Vadodara),@amrinkhanofficial,81778,0,11788,0,0.00%,14.41%,2025-09-12,https://www.instagram.com/p/DOftyUPkQTB/,⚪ Standard Organic: Baseline,KAHANIYA – Bridal Couture 2025
788,Tier 4: Toggle OFF + Organic (Noise),Anopchand Tilokchand (AT Jewell,Chhattisgarh (HQ: Raipur),@makeupbyanushree_,17399,0,283,0,0.00%,1.63%,2025-09-11,https://www.instagram.com/p/DOdbf41gXBj/,⚪ Standard Organic: Baseline,"Understated glam, unforgettable moment 🕊️ #SoftEngagementGlam"
789,Tier 4: Toggle OFF + Organic (Noise),Mor Jewellers,India,@mehwiishamaar,12497,0,240,0,0.00%,1.92%,2025-09-11,https://www.instagram.com/p/DOeKIN0jZdi/,⚪ Standard Organic: Baseline,BRIDAL MAKEUP 2025
790,Tier 4: Toggle OFF + Organic (Noise),Khimji Jewellers,Odisha (HQ: Bhubaneswar),@snuti_das,321206,0,70253,0,0.00%,21.87%,2025-09-10,https://www.instagram.com/p/DObBQDakwLX/,⚪ Standard Organic: Baseline,Joining the sparkle at Khimji Jewellers’ grand opening in Angul!
791,Tier 4: Toggle OFF + Organic (Noise),P. C. Chandra Jewellers,West Bengal (HQ: Kolkata),@saieemmanjrekar,2104683,0,66538,0,0.00%,3.16%,2025-09-09,https://www.instagram.com/p/DOYMBYVCVRL/,⚪ Standard Organic: Baseline,"For me, jewellery is all about elegance and timeless beauty."
792,Tier 4: Toggle OFF + Organic (Noise),Mor Jewellers,India,@anum_mua,20981,0,100,0,0.00%,0.48%,2025-09-08,https://www.instagram.com/p/DOWLgixiBVq/,⚪ Standard Organic: Baseline,Ezza 🤍
793,Tier 4: Toggle OFF + Organic (Noise),Khimji Jewellers,Odisha (HQ: Bhubaneswar),@damsel._.diaries,51032,0,10548,0,0.00%,20.67%,2025-09-07,https://www.instagram.com/p/DOTiGOhk-Ex/,⚪ Standard Organic: Baseline,Angul glimmers with tradition and brilliance!
794,Tier 4: Toggle OFF + Organic (Noise),Mor Jewellers,India,@anum_mua,20981,0,100,0,0.00%,0.48%,2025-09-08,https://www.instagram.com/p/DOWLMzmiFxP/,⚪ Standard Organic: Baseline,Ezza 🤍
795,Tier 4: Toggle OFF + Organic (Noise),Mor Jewellers,India,@anum_mua,20981,0,100,0,0.00%,0.48%,2025-09-08,https://www.instagram.com/p/DOWJvJwCH8q/,⚪ Standard Organic: Baseline,Ezza 🤍
796,Tier 4: Toggle OFF + Organic (Noise),Mor Jewellers,India,@makeup_by_tayyabawaqas,35662,0,3262,0,0.00%,9.15%,2025-09-07,https://www.instagram.com/p/DOTnfP4iJkU/,⚪ Standard Organic: Baseline,Signature Barat ✨
797,Tier 4: Toggle OFF + Organic (Noise),C.H. Jewellers,Gujarat (HQ: Vadodara),@amrinkhanofficial,81778,0,11788,0,0.00%,14.41%,2025-09-06,https://www.instagram.com/p/DORWnuME_rr/,⚪ Standard Organic: Baseline,KAHANIYA – Bridal Couture 2025
798,Tier 4: Toggle OFF + Organic (Noise),C.H. Jewellers,Gujarat (HQ: Vadodara),@amrinkhanofficial,81778,0,11788,0,0.00%,14.41%,2025-09-06,https://www.instagram.com/p/DORVK8IkyXm/,⚪ Standard Organic: Baseline,KAHANIYA – Bridal Couture 2025
799,Tier 4: Toggle OFF + Organic (Noise),GRT Jewellers,Tamil Nadu (HQ: Chennai),@hemarajkumar_official,1402141,0,15679,0,0.00%,1.12%,2025-09-06,https://www.instagram.com/p/DOQhGD_CSH9/,⚪ Standard Organic: Baseline,"Be it a simple gold chain for every day, a stack of golden bangles for festivals, a bracelet for workdays, or a necklace for grand celebrations — gold"
800,Tier 4: Toggle OFF + Organic (Noise),Khimji Jewellers,Odisha (HQ: Bhubaneswar),@swatika_padhi,31733,0,2340,0,0.00%,7.37%,2025-09-05,https://www.instagram.com/p/DOOebPok2_2/,⚪ Standard Organic: Baseline,Thrilled to be part of a historic moment — Khimji Jewellers brings 90 years of legacy to Angul with the grand opening of their 10th showroom! ✨💛
801,Tier 4: Toggle OFF + Organic (Noise),Mor Jewellers,India,@usbadani,90224,0,849,0,0.00%,0.94%,2025-09-05,https://www.instagram.com/p/DOOLFDQCEoX/,⚪ Standard Organic: Baseline,Truly felt like a fairytale ✨ X @mabzbymahnoor_
802,Tier 4: Toggle OFF + Organic (Noise),GRT Jewellers,Tamil Nadu (HQ: Chennai),@pujita.ponnada,582411,0,33489,0,0.00%,5.75%,2025-09-04,https://www.instagram.com/p/DOLW2qaj5IU/,⚪ Standard Organic: Baseline,"There’s this one beautiful yellow gold set that I’ve been eyeing for a while now. Every time I visited GRT Jewellers, I’d stop and admire it ✨"
803,Tier 4: Toggle OFF + Organic (Noise),Mor Jewellers,India,@uzairstudio_official,5028,0,16,0,0.00%,0.32%,2025-09-03,https://www.instagram.com/p/DOJgXr9jCQ_/,⚪ Standard Organic: Baseline,@Allurethesalon Bridal campaign 2025
804,Tier 4: Toggle OFF + Organic (Noise),P. C. Chandra Jewellers,West Bengal (HQ: Kolkata),@itsmeabirchatterjee,605945,0,3478,0,0.00%,0.57%,2025-09-01,https://www.instagram.com/p/DOD1LXYkt_l/,⚪ Standard Organic: Baseline,"There’s something about a clean, simple style that speaks volumes without trying too hard."
805,Tier 4: Toggle OFF + Organic (Noise),Mor Jewellers,India,@khayest_by_maryam,12629,0,371,0,0.00%,2.94%,2025-09-02,https://www.instagram.com/p/DOGY_SciJLL/,⚪ Standard Organic: Baseline,So many of you have been asking about the bridal jewellery all the credit goes to @morjewellersofficial 💍🤍 Their pieces added the perfect touch of ele
806,Tier 4: Toggle OFF + Organic (Noise),P. C. Chandra Jewellers,West Bengal (HQ: Kolkata),@itsmeabirchatterjee,605945,0,3478,0,0.00%,0.57%,2025-09-02,https://www.instagram.com/p/DOGanqYEqYL/,⚪ Standard Organic: Baseline,"Even on the busiest days filled with calls, meetings, and deadlines, I like keeping my look sharp yet effortless."
807,Tier 4: Toggle OFF + Organic (Noise),PC Jeweller,India,@silverbypcj,175570,0,1131,0,0.00%,0.64%,2025-08-29,https://www.instagram.com/p/DN8AfqtEuWj/,⚪ Standard Organic: Baseline,"⏳ Don’t miss your chance to win exclusive silver gifts worth up to ₹10,000! ✨"
808,Tier 4: Toggle OFF + Organic (Noise),Mor Jewellers,India,@uzairstudio_official,5028,0,16,0,0.00%,0.32%,2025-08-31,https://www.instagram.com/p/DOBJTG7DM-H/,⚪ Standard Organic: Baseline,Allurethesalon Bridal campaign 2025
809,Tier 4: Toggle OFF + Organic (Noise),P. N. Gadgil Jewellers (PNG),Maharashtra (HQ: Pune),@himanshee_4,575327,0,104410,0,0.00%,18.15%,2025-08-28,https://www.instagram.com/p/DN4jgy4Eqyv/,⚪ Standard Organic: Baseline,"💛 Since 1832, PNG Jewellers has been crafting trust, style & elegance."
810,Tier 4: Toggle OFF + Organic (Noise),PC Jeweller,India,@silverbypcj,175570,0,1131,0,0.00%,0.64%,2025-08-28,https://www.instagram.com/p/DN5wzcbEkad/,⚪ Standard Organic: Baseline,"🎓✨ This Teacher’s Day, let’s say thank you in silver style!"
811,Tier 4: Toggle OFF + Organic (Noise),PC Jeweller,India,@silverbypcj,175570,0,1131,0,0.00%,0.64%,2025-08-28,https://www.instagram.com/p/DN5dZ1hktu3/,⚪ Standard Organic: Baseline,"🎓✨ This Teacher’s Day, something silver special is coming your way!"
812,Tier 4: Toggle OFF + Organic (Noise),Mor Jewellers,India,@uzairstudio_official,5028,0,16,0,0.00%,0.32%,2025-08-27,https://www.instagram.com/p/DN3Vj-92Bfd/,⚪ Standard Organic: Baseline,Allurethesalon Bridal campaign 2025
813,Tier 4: Toggle OFF + Organic (Noise),Mor Jewellers,India,@naveedaiqbalbeautystudio,35036,0,1033,0,0.00%,2.95%,2025-08-26,https://www.instagram.com/p/DN0ldOHWjt8/,⚪ Standard Organic: Baseline,Perfect Barrat glam with soft subtle glowy makeover ✨🪔🪷🦢
814,Tier 4: Toggle OFF + Organic (Noise),GRT Jewellers,Tamil Nadu (HQ: Chennai),@kabooki_mua,56859,0,358,0,0.00%,0.63%,2025-08-25,https://www.instagram.com/p/DNxJtDnWCd5/,⚪ Standard Organic: Baseline,"From shopping to styling, from dream to reality — the wedding moment is here. 👰✨"
815,Tier 4: Toggle OFF + Organic (Noise),Khimji Jewellers,Odisha (HQ: Bhubaneswar),@isitamohanty5,141487,0,13419,0,0.00%,9.48%,2025-09-06,https://www.instagram.com/p/DOPl8qYkvHE/,⚪ Standard Organic: Baseline,Thrilled to be part of a historic moment - Khimji Jewellers brings 90 years of legacy to Angul with the grand opening of their 10th showroom! ⭐️
816,Tier 4: Toggle OFF + Organic (Noise),Lalithaa Jewellery,Tamil Nadu (HQ: Chennai),@saregamatvshows_,302861,0,642,0,0.00%,0.21%,2025-08-25,https://www.instagram.com/p/DNx5IMp5J_X/,⚪ Standard Organic: Baseline,Celebrate your Family Happiness with Lalithaa Jewellery 💍💍
817,Tier 4: Toggle OFF + Organic (Noise),Mor Jewellers,India,@usbadani,90224,0,849,0,0.00%,0.94%,2025-08-23,https://www.instagram.com/p/DNsmDBPUAZ0/,⚪ Standard Organic: Baseline,Suna hai log ussay ankh bhar k dekhte hain🕯️✨🌙
818,Tier 4: Toggle OFF + Organic (Noise),Mor Jewellers,India,@hajrahafsaphotography,9449,0,379,0,0.00%,4.01%,2025-08-24,https://www.instagram.com/p/DNvW2JSWr5c/,⚪ Standard Organic: Baseline,
819,Tier 4: Toggle OFF + Organic (Noise),Lalithaa Jewellery,Tamil Nadu (HQ: Chennai),@lalithaajewellerytelugu,28098,0,115,0,0.00%,0.41%,2025-08-23,https://www.instagram.com/p/DNs5GUk5o7a/,⚪ Standard Organic: Baseline,"✨ This Mahavir Janma Vanchan reminds us that true strength lies in compassion, peace, and humility. 🌼"
820,Tier 4: Toggle OFF + Organic (Noise),Mor Jewellers,India,@reelsbyfaiza,7061,0,13398,0,0.00%,189.75%,2025-08-23,https://www.instagram.com/p/DNsKdzL2pIA/,⚪ Standard Organic: Baseline,"Not your usual glam — a modern vibe with bold energy, made to stand out. 💄✨ Coming Soon! ✨"
821,Tier 4: Toggle OFF + Organic (Noise),Mor Jewellers,India,@misasalonn,15446,0,417,0,0.00%,2.70%,2025-08-20,https://www.instagram.com/p/DNlrfmiI0qX/,⚪ Standard Organic: Baseline,Signature party makeup💕
822,Tier 4: Toggle OFF + Organic (Noise),Mor Jewellers,India,@makeupby.zaraa,273,0,315,0,0.00%,115.38%,2025-08-22,https://www.instagram.com/p/DNqavsGI7lz/,⚪ Standard Organic: Baseline,• Bride of Tradition • ✨🪔
823,Tier 4: Toggle OFF + Organic (Noise),Mor Jewellers,India,@irumkhansalon,40600,0,67,0,0.00%,0.17%,2025-08-22,https://www.instagram.com/p/DNqbw-TMzZo/,⚪ Standard Organic: Baseline,Signature Nikkah Makeup by @mariam_malikk__
824,Tier 4: Toggle OFF + Organic (Noise),Kalamandir Jewellers,Gujarat (HQ: Surat),@gaurikulkarni23,360990,0,15382,0,0.00%,4.26%,2025-08-24,https://www.instagram.com/p/DNuqab80Czh/,⚪ Standard Organic: Baseline,"बाप्पा येणार म्हटल्यावर सगळं बेस्ट असलं पाहिजे, म्हणूननच, मी बेस्ट ठिकाणी आले- @kalamandirjewellers , Borivali इथे.😃"
825,Tier 4: Toggle OFF + Organic (Noise),Mor Jewellers,India,@anum_mua,20981,0,100,0,0.00%,0.48%,2025-08-21,https://www.instagram.com/p/DNntF5Ks1my/,⚪ Standard Organic: Baseline,🤍
826,Tier 4: Toggle OFF + Organic (Noise),Mor Jewellers,India,@makeupby.zaraa,273,0,315,0,0.00%,115.38%,2025-08-20,https://www.instagram.com/p/DNlBRtfK-Ss/,⚪ Standard Organic: Baseline,"Creating timeless bridal beauty with our Signature touch by Zara. ✨flawless, radiant, and unforgettable.🪔"
827,Tier 4: Toggle OFF + Organic (Noise),Mor Jewellers,India,@allurethesalon,147745,0,211,0,0.00%,0.14%,2025-08-20,https://www.instagram.com/p/DNks49MsXwT/,⚪ Standard Organic: Baseline,Bridal campaign 2025✨
828,Tier 4: Toggle OFF + Organic (Noise),Mor Jewellers,India,@makeupby.zaraa,273,0,315,0,0.00%,115.38%,2025-08-19,https://www.instagram.com/p/DNigoPCKtzv/,⚪ Standard Organic: Baseline,•Campaign’25 of signature by Zara•
829,Tier 4: Toggle OFF + Organic (Noise),Mor Jewellers,India,@allurethesalon,147745,0,211,0,0.00%,0.14%,2025-08-20,https://www.instagram.com/p/DNkqb1BspY-/,⚪ Standard Organic: Baseline,Bridal campaign 2025✨
830,Tier 4: Toggle OFF + Organic (Noise),Mor Jewellers,India,@anum_mua,20981,0,100,0,0.00%,0.48%,2025-08-18,https://www.instagram.com/p/DNgZ-lnsaWO/,⚪ Standard Organic: Baseline,Ezza 🤍
831,Tier 4: Toggle OFF + Organic (Noise),Mor Jewellers,India,@misasalonn,15446,0,417,0,0.00%,2.70%,2025-08-18,https://www.instagram.com/p/DNf4TDdIeq0/,⚪ Standard Organic: Baseline,Signature party makeup💕
832,Tier 4: Toggle OFF + Organic (Noise),Mor Jewellers,India,@naveedaiqbalbeautystudio,35036,0,1033,0,0.00%,2.95%,2025-08-18,https://www.instagram.com/p/DNgDHotMpkY/,⚪ Standard Organic: Baseline,Presenting our Beautiful signature Baraat bride ✨🪔🪞🕊️
833,Tier 4: Toggle OFF + Organic (Noise),Mor Jewellers,India,@makeup_by_tayyabawaqas,35662,0,3262,0,0.00%,9.15%,2025-08-17,https://www.instagram.com/p/DNdeBfbM_A7/,⚪ Standard Organic: Baseline,Signature Walima ✨
834,Tier 4: Toggle OFF + Organic (Noise),Kalamandir Jewellers,Gujarat (HQ: Surat),@____ananya____,108615,0,476,0,0.00%,0.44%,2025-08-17,https://www.instagram.com/p/DNdJKGap8de/,⚪ Standard Organic: Baseline,Jewellery that screams legacy✨
835,Tier 4: Toggle OFF + Organic (Noise),Mor Jewellers,India,@makeupby.zaraa,273,0,315,0,0.00%,115.38%,2025-08-17,https://www.instagram.com/p/DNdZ2RJqlVM/,⚪ Standard Organic: Baseline,سانسوں کی مالا ✨♥️
836,Tier 4: Toggle OFF + Organic (Noise),Mor Jewellers,India,@makeup_by_tayyabawaqas,35662,0,3262,0,0.00%,9.15%,2025-08-17,https://www.instagram.com/p/DNdkE0lswqy/,⚪ Standard Organic: Baseline,✨✨
837,Tier 4: Toggle OFF + Organic (Noise),Mor Jewellers,India,@pr_stylingbyezza,633,0,28,0,0.00%,4.42%,2025-08-17,https://www.instagram.com/p/DNdfJZXo8cJ/,⚪ Standard Organic: Baseline,“DUA” 🌼🤍
838,Tier 4: Toggle OFF + Organic (Noise),Amrapali Jewels,Rajasthan (HQ: Jaipur),@amrapalimuseum,41020,0,467,0,0.00%,1.14%,2025-08-16,https://www.instagram.com/p/DNZ2jcWOQWX/,⚪ Standard Organic: Baseline,"Certain jewels hold sacred significance as they represent the divine status, opulence, and grandeur of a deity. On Janmashtami, we honour the exquisit"
839,Tier 4: Toggle OFF + Organic (Noise),Mor Jewellers,India,@allurethesalon,147745,0,211,0,0.00%,0.14%,2025-08-15,https://www.instagram.com/p/DNX2iNXItDA/,⚪ Standard Organic: Baseline,Bridal campaign 2025✨ A perfect shalima look with popped eyes and soft lips
840,Tier 4: Toggle OFF + Organic (Noise),Mor Jewellers,India,@makeup_by_tayyabawaqas,35662,0,3262,0,0.00%,9.15%,2025-08-21,https://www.instagram.com/p/DNoNuxLI4op/,⚪ Standard Organic: Baseline,✨✨
841,Tier 4: Toggle OFF + Organic (Noise),Mor Jewellers,India,@classy_people_pakk,69272,0,64,0,0.00%,0.09%,2025-08-14,https://www.instagram.com/p/DNVM2EWMmZt/,⚪ Standard Organic: Baseline,Like | Share | Follow
842,Tier 4: Toggle OFF + Organic (Noise),GRT Jewellers,Tamil Nadu (HQ: Chennai),@arunakrithi,287075,0,48963,0,0.00%,17.06%,2025-08-12,https://www.instagram.com/p/DNQQuf3J5Vf/,⚪ Standard Organic: Baseline,Why to wear same old gold jewellery in every party when you can think smart and choose smart plans!!!
843,Tier 4: Toggle OFF + Organic (Noise),Mor Jewellers,India,@allurethesalon,147745,0,211,0,0.00%,0.14%,2025-08-14,https://www.instagram.com/p/DNWLHoCIjsn/,⚪ Standard Organic: Baseline,Stay tuned of our upcoming bridal Campaign
844,Tier 4: Toggle OFF + Organic (Noise),Mor Jewellers,India,@naveedaiqbalbeautystudio,35036,0,1033,0,0.00%,2.95%,2025-08-18,https://www.instagram.com/p/DNfjCiPMrpR/,⚪ Standard Organic: Baseline,Beautiful & mesmerising ✨🪔🪞🦢
845,Tier 4: Toggle OFF + Organic (Noise),Mor Jewellers,India,@madihakhanmua,504779,0,7472,0,0.00%,1.48%,2025-08-12,https://www.instagram.com/p/DNQH-vZIXA-/,⚪ Standard Organic: Baseline,Junior Makeup Artist Nikah Bridal Makeover at Lahore Salon @madihakhanbridalstudioo
846,Tier 4: Toggle OFF + Organic (Noise),GRT Jewellers,Tamil Nadu (HQ: Chennai),@risha_niranjan,107689,0,1524,0,0.00%,1.42%,2025-08-11,https://www.instagram.com/p/DNOCHXXTcpx/,⚪ Standard Organic: Baseline,Why wait for gold prices to drop when you can outsmart them? ✨
847,Tier 4: Toggle OFF + Organic (Noise),Mor Jewellers,India,@sana.tmakeupstudio,59915,0,90,0,0.00%,0.15%,2025-08-10,https://www.instagram.com/p/DNLnRvDoT4P/,⚪ Standard Organic: Baseline,چراغِ حسن، روشنیِ دل”
848,Tier 4: Toggle OFF + Organic (Noise),Mor Jewellers,India,@sana.tmakeupstudio,59915,0,90,0,0.00%,0.15%,2025-08-11,https://www.instagram.com/p/DNONzAWIQrq/,⚪ Standard Organic: Baseline,چراغِ حسن، روشنیِ دل
849,Tier 4: Toggle OFF + Organic (Noise),P. C. Chandra Jewellers,West Bengal (HQ: Kolkata),@thatcutestthing,1132978,0,340058,0,0.00%,30.01%,2025-08-09,https://www.instagram.com/p/DNIkQRyPcSh/,⚪ Standard Organic: Baseline,"Some bonds don’t need words, just traditions that shine forever✨"
850,Tier 4: Toggle OFF + Organic (Noise),Kalamandir Jewellers,Gujarat (HQ: Surat),@aarjaveeshah,15856,0,1703,0,0.00%,10.74%,2025-08-08,https://www.instagram.com/p/DNFJBQXPBCy/,⚪ Standard Organic: Baseline,"From dainty diamonds to trendsetting designs, Kalamandir has it all. ✨"
851,Tier 4: Toggle OFF + Organic (Noise),Mor Jewellers,India,@misasalonn,15446,0,417,0,0.00%,2.70%,2025-08-18,https://www.instagram.com/p/DNgDUPAIPRw/,⚪ Standard Organic: Baseline,Signature Party makeup💕
852,Tier 4: Toggle OFF + Organic (Noise),Mor Jewellers,India,@sana.tmakeupstudio,59915,0,90,0,0.00%,0.15%,2025-08-09,https://www.instagram.com/p/DNI_ySwoHp5/,⚪ Standard Organic: Baseline,چراغِ حسن، روشنیِ دل”
853,Tier 4: Toggle OFF + Organic (Noise),Mor Jewellers,India,@malihabukhari__,6333,0,256,0,0.00%,4.04%,2025-08-06,https://www.instagram.com/p/DNBHsMsNG24/,⚪ Standard Organic: Baseline,- Signature Walima Look BY MALIHA BUKHARI🌸✨
854,Tier 4: Toggle OFF + Organic (Noise),PC Jeweller,India,@silverbypcj,175570,0,1131,0,0.00%,0.64%,2025-08-05,https://www.instagram.com/p/DM9o1eaSAUW/,⚪ Standard Organic: Baseline,✨ Introducing our exclusive Silver by PCJ collection – now on Instagram!
855,Tier 4: Toggle OFF + Organic (Noise),PC Jeweller,India,@silverbypcj,175570,0,1131,0,0.00%,0.64%,2025-08-05,https://www.instagram.com/p/DM-Tu2HS9J4/,⚪ Standard Organic: Baseline,✨ Now on Instagram – Silver by PCJ – your exclusive space for timeless silver treasures! ✨
856,Tier 4: Toggle OFF + Organic (Noise),Kalamandir Jewellers,Gujarat (HQ: Surat),@mansikatariaa,54397,0,7668,0,0.00%,14.10%,2025-08-11,https://www.instagram.com/p/DNOE-DIMdXB/,⚪ Standard Organic: Baseline,Walked in for my sister’s wedding jewellery… walked out with my heart (and cart) full 💛✨
857,Tier 4: Toggle OFF + Organic (Noise),PC Jeweller,India,@silverbypcj,175570,0,1131,0,0.00%,0.64%,2025-08-06,https://www.instagram.com/p/DNBH7U4SA6o/,⚪ Standard Organic: Baseline,✨ Introducing Silver by PCJ – your new destination for timeless elegance in silver.✨
858,Tier 4: Toggle OFF + Organic (Noise),Kalamandir Jewellers,Gujarat (HQ: Surat),@raveena_tekwani,205448,0,188152,0,0.00%,91.58%,2025-08-04,https://www.instagram.com/p/DM7pd7VSe75/,⚪ Standard Organic: Baseline,"Ahmedabad ki galiyon se leke jewellery stores tak — jab har cheez ho sparkling, samajh jao Suvarna Mahotsav 3.0 aa gaya hai! 💍✨"
859,Tier 4: Toggle OFF + Organic (Noise),GRT Jewellers,Tamil Nadu (HQ: Chennai),@janani_ashokkumar,1275370,0,21803,0,0.00%,1.71%,2025-08-04,https://www.instagram.com/p/DM7oUIByFHw/,⚪ Standard Organic: Baseline,"The festive vibes continue at GRT Jewellers this Aadi, and I’m loving every bit of it! 💛"
860,Tier 4: Toggle OFF + Organic (Noise),Mor Jewellers,India,@malihabukhari__,6333,0,256,0,0.00%,4.04%,2025-08-04,https://www.instagram.com/p/DM73HJuNnD4/,⚪ Standard Organic: Baseline,Presenting our stunning Walima bride in the viral Diamond Glass Skin Finish — exclusively by Maliha Bukhari 💎💄
861,Tier 4: Toggle OFF + Organic (Noise),Prince Jewellery,Tamil Nadu (HQ: Chennai),@sathishkumardsatz,1601623,0,51014,0,0.00%,3.19%,2025-08-04,https://www.instagram.com/p/DM7yRiHxMXb/,⚪ Standard Organic: Baseline,Ada Pavi……
862,Tier 4: Toggle OFF + Organic (Noise),Mor Jewellers,India,@malihabukhari__,6333,0,256,0,0.00%,4.04%,2025-08-02,https://www.instagram.com/p/DM21chxtm0T/,⚪ Standard Organic: Baseline,-Glipmse🌸✨
863,Tier 4: Toggle OFF + Organic (Noise),GRT Jewellers,Tamil Nadu (HQ: Chennai),@priyabalakumaran_gp,742859,0,28177,0,0.00%,3.79%,2025-07-30,https://www.instagram.com/p/DMuEGXMxVt0/,⚪ Standard Organic: Baseline,"Aadi Perukku is a day to celebrate prosperity, positivity, and new beginnings."
864,Tier 4: Toggle OFF + Organic (Noise),Kalamandir Jewellers,Gujarat (HQ: Surat),@yourstylewarder,30378,0,694,0,0.00%,2.28%,2025-07-29,https://www.instagram.com/p/DMsemOPB9c6/,⚪ Standard Organic: Baseline,"From Temple bells to Sunset vows, every wedding has a story. And every story deserves jewellery that speaks its mood 🤎"
865,Tier 4: Toggle OFF + Organic (Noise),GRT Jewellers,Tamil Nadu (HQ: Chennai),@priyabalakumaran_gp,742859,0,28177,0,0.00%,3.79%,2025-07-31,https://www.instagram.com/p/DMxi1jJxw1J/,⚪ Standard Organic: Baseline,"Sacred spaces deserve nothing less than the finest — and this Aadi Perukku, we bring you grace in every form. From radiant silver pooja articles to or"
866,Tier 4: Toggle OFF + Organic (Noise),Mor Jewellers,India,@weddingzbyafnan,1522,0,9638,0,0.00%,633.25%,2025-07-30,https://www.instagram.com/p/DMug4n2SBK3/,⚪ Standard Organic: Baseline,"Beauty in simplicity, grace in every glance Walima glow.🤍"
867,Tier 4: Toggle OFF + Organic (Noise),Mor Jewellers,India,@hamdasofficial,71517,0,4928,0,0.00%,6.89%,2025-07-28,https://www.instagram.com/p/DMqEr8Ho1Bu/,⚪ Standard Organic: Baseline,Signature Walima by Hamda & Sana🥀
868,Tier 4: Toggle OFF + Organic (Noise),P. C. Chandra Jewellers,West Bengal (HQ: Kolkata),@itsmeabirchatterjee,605945,0,3478,0,0.00%,0.57%,2025-07-30,https://www.instagram.com/p/DMu2Z7ayYcb/,⚪ Standard Organic: Baseline,They say jewellery tells a story—here’s mine.
869,Tier 4: Toggle OFF + Organic (Noise),Mor Jewellers,India,@hamdasofficial,71517,0,4928,0,0.00%,6.89%,2025-07-27,https://www.instagram.com/p/DMneLsFI20o/,⚪ Standard Organic: Baseline,Signature Walima by Hamda & Sana🥀
870,Tier 4: Toggle OFF + Organic (Noise),P. C. Chandra Jewellers,West Bengal (HQ: Kolkata),@thepinnuthakral,123865,0,8675,0,0.00%,7.00%,2025-07-27,https://www.instagram.com/p/DMnGMYey4V2/,⚪ Standard Organic: Baseline,"The Indian aesthetic is truly where tradition meets trend — a beautiful dance of colour, culture, and timeless jewellery that lets you express your st"
871,Tier 4: Toggle OFF + Organic (Noise),Kalamandir Jewellers,Gujarat (HQ: Surat),@visha_modi,141274,0,4569,0,0.00%,3.23%,2025-07-25,https://www.instagram.com/p/DMhOOlKAqYN/,⚪ Standard Organic: Baseline,😌 Jewellery that honours tradition. Offers that celebrate you.
872,Tier 4: Toggle OFF + Organic (Noise),DP Abhushan (DP Jewellers),Madhya Pradesh (HQ: Ratlam),@bhumishasoniii,94341,0,16632,0,0.00%,17.63%,2025-07-24,https://www.instagram.com/p/DMfI7IeyIEc/,⚪ Standard Organic: Baseline,"Don’t walk, run coz the Bangle & Chain fest is now live at DP jweller store udaipur frm 21st- 31st july"
873,Tier 4: Toggle OFF + Organic (Noise),DP Abhushan (DP Jewellers),Madhya Pradesh (HQ: Ratlam),@himani_hada_28,32144,0,5766,0,0.00%,17.94%,2025-07-23,https://www.instagram.com/p/DMdASmkSwC8/,⚪ Standard Organic: Baseline,Who knew lightweight could shine so heavy?
874,Tier 4: Toggle OFF + Organic (Noise),Mor Jewellers,India,@zainabaeeeee,3184,0,174,0,0.00%,5.46%,2025-07-24,https://www.instagram.com/p/DMfxQeTtLy0/,⚪ Standard Organic: Baseline,The perfect valima look you are looking for ✨
875,Tier 4: Toggle OFF + Organic (Noise),Mor Jewellers,India,@rameeshariazstudio,100706,0,1056,0,0.00%,1.05%,2025-07-23,https://www.instagram.com/p/DMdJS1MoVs5/,⚪ Standard Organic: Baseline,Senior Artist Bride with Signature touchups 🤍
876,Tier 4: Toggle OFF + Organic (Noise),GRT Jewellers,Tamil Nadu (HQ: Chennai),@janani_ashokkumar,1275370,0,21803,0,0.00%,1.71%,2025-07-22,https://www.instagram.com/p/DMZpDePy5_y/,⚪ Standard Organic: Baseline,What’s better than buying jewellery during Aadi? Getting surprise gifts with it! 💛
877,Tier 4: Toggle OFF + Organic (Noise),Mor Jewellers,India,@makeupbyrumaisa_,2189,0,338,0,0.00%,15.44%,2025-07-22,https://www.instagram.com/p/DMan9wdshi_/,⚪ Standard Organic: Baseline,"In the final chapter of Gulnaar, everything softens."
878,Tier 4: Toggle OFF + Organic (Noise),Kalamandir Jewellers,Gujarat (HQ: Surat),@priyanka_nazareth,21520,0,538,0,0.00%,2.50%,2025-07-21,https://www.instagram.com/p/DMXrtA8plyd/,⚪ Standard Organic: Baseline,"Some moments stay etched in time, like the first look in the mirror, the sound of bangles, the weight of tradition, and the promise of forever."
879,Tier 4: Toggle OFF + Organic (Noise),Senco Gold & Diamonds,West Bengal (HQ: Kolkata),@everlitebysenco,60147,0,10,0,0.00%,0.02%,2025-07-22,https://www.instagram.com/p/DMaE71YxuPi/,⚪ Standard Organic: Baseline,"If you’re a “get it all at once”, then this necklace is meant for you. It’s sleek, elegant and effortless. 😍 Shop now! 🛍️"
880,Tier 4: Toggle OFF + Organic (Noise),Kalamandir Jewellers,Gujarat (HQ: Surat),@paru_n_guru,668610,0,132695,0,0.00%,19.85%,2025-07-22,https://www.instagram.com/p/DMZlpodSvmV/,⚪ Standard Organic: Baseline,માસ્ટર માઈન્ડ જીજાજી...😂😂😂
881,Tier 4: Toggle OFF + Organic (Noise),Mor Jewellers,India,@misasalonn,15446,0,417,0,0.00%,2.70%,2025-07-22,https://www.instagram.com/p/DMZ-wtcuND_/,⚪ Standard Organic: Baseline,♥️
882,Tier 4: Toggle OFF + Organic (Noise),Senco Gold & Diamonds,West Bengal (HQ: Kolkata),@everlitebysenco,60147,0,10,0,0.00%,0.02%,2025-07-21,https://www.instagram.com/p/DMXCFM4RHXy/,⚪ Standard Organic: Baseline,We couldn’t gatekeep anymore. 👀
883,Tier 4: Toggle OFF + Organic (Noise),Mor Jewellers,India,@rameeshariazstudio,100706,0,1056,0,0.00%,1.05%,2025-07-21,https://www.instagram.com/p/DMXx-5aoZ7t/,⚪ Standard Organic: Baseline,Senior Artist Bride with Signature touchups ❤️
884,Tier 4: Toggle OFF + Organic (Noise),Mor Jewellers,India,@rameeshariazstudio,100706,0,1056,0,0.00%,1.05%,2025-07-20,https://www.instagram.com/p/DMU1u_jIGNC/,⚪ Standard Organic: Baseline,Senior Artist Bride with Signature touchups 🩵
885,Tier 4: Toggle OFF + Organic (Noise),Mor Jewellers,India,@misasalonn,15446,0,417,0,0.00%,2.70%,2025-07-20,https://www.instagram.com/p/DMV2hy2ooBq/,⚪ Standard Organic: Baseline,Signature Barat look♥️
886,Tier 4: Toggle OFF + Organic (Noise),Senco Gold & Diamonds,West Bengal (HQ: Kolkata),@everlitebysenco,60147,0,10,0,0.00%,0.02%,2025-07-18,https://www.instagram.com/p/DMPTF0Vx_iJ/,⚪ Standard Organic: Baseline,"The declaration is right in front of you, we know it all, okay? 🤭"
887,Tier 4: Toggle OFF + Organic (Noise),DP Abhushan (DP Jewellers),Madhya Pradesh (HQ: Ratlam),@rushitajain,20366,0,1957,0,0.00%,9.61%,2025-07-17,https://www.instagram.com/p/DMNfT36ziYI/,⚪ Standard Organic: Baseline,"✨ Everyday elegance, redefined @amourabydp @dpjewellers"
888,Tier 4: Toggle OFF + Organic (Noise),DP Abhushan (DP Jewellers),Madhya Pradesh (HQ: Ratlam),@whatriawore,49935,0,26,0,0.00%,0.05%,2025-07-17,https://www.instagram.com/p/DMNf_jAJ5fs/,⚪ Standard Organic: Baseline,"@amourabydp is a brand by @dpjewellers , offering fine jewelry crafted with perfection for today’s modern women. The designs are minimal yet unique, m"
889,Tier 4: Toggle OFF + Organic (Noise),DP Abhushan (DP Jewellers),Madhya Pradesh (HQ: Ratlam),@rishinatalreja,94176,0,531,0,0.00%,0.56%,2025-07-17,https://www.instagram.com/p/DMNYirPt3g9/,⚪ Standard Organic: Baseline,"Timeless elegance, reimagined. ✨"
890,Tier 4: Toggle OFF + Organic (Noise),GRT Jewellers,Tamil Nadu (HQ: Chennai),@kavya_gowdaaaaofficial,1390287,0,11962,0,0.00%,0.86%,2025-07-17,https://www.instagram.com/p/DMMufFSSi3b/,⚪ Standard Organic: Baseline,"From graceful silver pooja articles to breathtaking gold and diamond jewellery, every corner at GRT Jewellers feels like a celebration of culture and"
891,Tier 4: Toggle OFF + Organic (Noise),Kalamandir Jewellers,Gujarat (HQ: Surat),@mommyadventures_with_raahat,568051,0,4405,0,0.00%,0.78%,2025-07-16,https://www.instagram.com/p/DMKwnauy9Rr/,⚪ Standard Organic: Baseline,Paise bacha liye? Ab invest bhi smartly karo!✨
892,Tier 4: Toggle OFF + Organic (Noise),DP Abhushan (DP Jewellers),Madhya Pradesh (HQ: Ratlam),@dishajethwanii,19336,0,733,0,0.00%,3.79%,2025-07-16,https://www.instagram.com/p/DMKPl03J5FK/,⚪ Standard Organic: Baseline,Sometimes all you need is a little sparkle to feel complete. 👸🤍🐬
893,Tier 4: Toggle OFF + Organic (Noise),Lalithaa Jewellery,Tamil Nadu (HQ: Chennai),@reshma_reshu_22,175519,0,4083,0,0.00%,2.33%,2025-07-17,https://www.instagram.com/p/DMNFxftxUfn/,⚪ Standard Organic: Baseline,Diamond lovers ku spl offer only in @lalithaajewellery_  @lalithaajewellery_  #reelitfeelit #jewellery
894,Tier 4: Toggle OFF + Organic (Noise),Senco Gold & Diamonds,West Bengal (HQ: Kolkata),@everlitebysenco,60147,0,10,0,0.00%,0.02%,2025-07-17,https://www.instagram.com/p/DMM2yRWxx5M/,⚪ Standard Organic: Baseline,The hints were received and we already know that your eyes are on this. 👀♥️
895,Tier 4: Toggle OFF + Organic (Noise),Mor Jewellers,India,@makeupbyrumaisa_,2189,0,338,0,0.00%,15.44%,2025-07-16,https://www.instagram.com/p/DMLN0HlMCV6/,⚪ Standard Organic: Baseline,✨Gulnaar – مہندی✨
896,Tier 4: Toggle OFF + Organic (Noise),Senco Gold & Diamonds,West Bengal (HQ: Kolkata),@everlitebysenco,60147,0,10,0,0.00%,0.02%,2025-07-16,https://www.instagram.com/p/DMKL2ycR2rW/,⚪ Standard Organic: Baseline,"Sincere apologies to keep you waiting, here are the top picks of July, which received a lot of love from y’all! 💕"
897,Tier 4: Toggle OFF + Organic (Noise),GRT Jewellers,Tamil Nadu (HQ: Chennai),@laxmireddy75,104130,0,666,0,0.00%,0.64%,2025-07-15,https://www.instagram.com/p/DMIbxeCRfkr/,⚪ Standard Organic: Baseline,💫 Turn Your Jewellery Dreams Into Reality – The Smart Way! 💫
898,Tier 4: Toggle OFF + Organic (Noise),Senco Gold & Diamonds,West Bengal (HQ: Kolkata),@everlitebysenco,60147,0,10,0,0.00%,0.02%,2025-07-14,https://www.instagram.com/p/DMFoawaRujF/,⚪ Standard Organic: Baseline,Your personality has been revealed and this time we are absolutely correct! 😍
899,Tier 4: Toggle OFF + Organic (Noise),Tanishq,"Pan-India / Karnataka (HQ: Bengaluru, Titan)",@rahulmishra_7,959381,0,3462,0,0.00%,0.36%,2025-07-15,https://www.instagram.com/p/DMIYa2yzZ5L/,⚪ Standard Organic: Baseline,BECOMING LOVE • RAHUL MISHRA COUTURE FALL 2025
900,Tier 4: Toggle OFF + Organic (Noise),C.H. Jewellers,Gujarat (HQ: Vadodara),@meg_happiness,91774,0,956,0,0.00%,1.04%,2025-07-13,https://www.instagram.com/p/DMCfjElRoMy/,⚪ Standard Organic: Baseline,✨ Vadodara’s BIGGEST jewellery sale is here! ✨
901,Tier 4: Toggle OFF + Organic (Noise),Mor Jewellers,India,@rameeshariazstudio,100706,0,1056,0,0.00%,1.05%,2025-07-19,https://www.instagram.com/p/DMS_OjQy4OV/,⚪ Standard Organic: Baseline,Senior Artist Bride with Signature touchups💖
902,Tier 4: Toggle OFF + Organic (Noise),C.H. Jewellers,Gujarat (HQ: Vadodara),@themomtag,7481,0,8,0,0.00%,0.11%,2025-07-13,https://www.instagram.com/p/DMCcoMvIcdE/,⚪ Standard Organic: Baseline,Siddhi Baat No Bakwas Sale Is Live !!!
903,Tier 4: Toggle OFF + Organic (Noise),Kalamandir Jewellers,Gujarat (HQ: Surat),@rj_yuvraaj,384432,0,14994,0,0.00%,3.90%,2025-07-13,https://www.instagram.com/p/DMDLZprMzMh/,⚪ Standard Organic: Baseline,તમને Shopping માં કેટલો time લાગે?
904,Tier 4: Toggle OFF + Organic (Noise),C.H. Jewellers,Gujarat (HQ: Vadodara),@kananbbhatt,69795,0,495,0,0.00%,0.71%,2025-07-12,https://www.instagram.com/p/DMAY0sMtKDB/,⚪ Standard Organic: Baseline,✨Vadodara’s Biggest Jewllery Sale is HERE✨
905,Tier 4: Toggle OFF + Organic (Noise),Kalamandir Jewellers,Gujarat (HQ: Surat),@kria.thinkyoung,85070,0,383,0,0.00%,0.45%,2025-07-12,https://www.instagram.com/p/DMAApuyNE1j/,⚪ Standard Organic: Baseline,"Surat sheher nahi, emotion hai 💛"
906,Tier 4: Toggle OFF + Organic (Noise),Ulhas Jewellers,India,@linotchka,10639,0,519,0,0.00%,4.88%,2025-07-13,https://www.instagram.com/p/DMCojettMRl/,⚪ Standard Organic: Baseline,"From our engagement to the promise of forever, we’re so glad to have chosen our jewellery from @ulhasjewellers"
907,Tier 4: Toggle OFF + Organic (Noise),C.H. Jewellers,Gujarat (HQ: Vadodara),@myakiraa,3821,0,305,0,0.00%,7.98%,2025-07-11,https://www.instagram.com/p/DL-Qb5aTKpQ/,⚪ Standard Organic: Baseline,HELLO VADODARA 📰 BIG NEWS!!
908,Tier 4: Toggle OFF + Organic (Noise),C.H. Jewellers,Gujarat (HQ: Vadodara),@khushaliichauhan,6837,0,174,0,0.00%,2.54%,2025-07-11,https://www.instagram.com/p/DL92sn-Tm3H/,⚪ Standard Organic: Baseline,Styling your big day — without breaking the bank 💫
909,Tier 4: Toggle OFF + Organic (Noise),C.H. Jewellers,Gujarat (HQ: Vadodara),@panktipathak25,152269,0,7455,0,0.00%,4.90%,2025-07-11,https://www.instagram.com/p/DL9OcWONrKl/,⚪ Standard Organic: Baseline,Vadodara’s Biggest Jewellery Sale is HERE 😍
910,Tier 4: Toggle OFF + Organic (Noise),GRT Jewellers,Tamil Nadu (HQ: Chennai),@kavya_gowdaaaaofficial,1390287,0,11962,0,0.00%,0.86%,2025-07-11,https://www.instagram.com/p/DL9Xa57Ix5B/,⚪ Standard Organic: Baseline,"From bold gold chokers to breathtaking diamond necklaces, GRT Jewellers is the place you need to be this Ashada!"
911,Tier 4: Toggle OFF + Organic (Noise),C.H. Jewellers,Gujarat (HQ: Vadodara),@lifewitheeya,68371,0,5616,0,0.00%,8.21%,2025-07-11,https://www.instagram.com/p/DL92L4QTvR3/,⚪ Standard Organic: Baseline,"Barodians, it’s time!"
912,Tier 4: Toggle OFF + Organic (Noise),Senco Gold & Diamonds,West Bengal (HQ: Kolkata),@everlitebysenco,60147,0,10,0,0.00%,0.02%,2025-07-11,https://www.instagram.com/p/DL9_ECWxnXu/,⚪ Standard Organic: Baseline,"Take this as a fashion advice, trust us, after this, you’ll not think otherwise! 🤩"
913,Tier 4: Toggle OFF + Organic (Noise),Mor Jewellers,India,@hamdasofficial,71517,0,4928,0,0.00%,6.89%,2025-07-08,https://www.instagram.com/p/DL2lVFZo7rT/,⚪ Standard Organic: Baseline,Walima Bride by Team💕
914,Tier 4: Toggle OFF + Organic (Noise),P. C. Chandra Jewellers,West Bengal (HQ: Kolkata),@thepinnuthakral,123865,0,8675,0,0.00%,7.00%,2025-07-13,https://www.instagram.com/p/DMDQxA4SEbH/,⚪ Standard Organic: Baseline,"One look, infinite stories, and that’s exactly why I love mixing Indo-Western styles."
915,Tier 4: Toggle OFF + Organic (Noise),Mor Jewellers,India,@hamdasofficial,71517,0,4928,0,0.00%,6.89%,2025-07-09,https://www.instagram.com/p/DL5JmfuoL8n/,⚪ Standard Organic: Baseline,Signature Barat Bride by Hamda & Sana 🥀
916,Tier 4: Toggle OFF + Organic (Noise),Senco Gold & Diamonds,West Bengal (HQ: Kolkata),@everlitebysenco,60147,0,10,0,0.00%,0.02%,2025-07-08,https://www.instagram.com/p/DL2WvTpxZud/,⚪ Standard Organic: Baseline,"This is a reminder for you to embrace, celebrate and love the you, within you! ♥️"
917,Tier 4: Toggle OFF + Organic (Noise),C.H. Jewellers,Gujarat (HQ: Vadodara),@mommyadventures_with_raahat,568051,0,4405,0,0.00%,0.78%,2025-07-10,https://www.instagram.com/p/DL7X3NETqAx/,⚪ Standard Organic: Baseline,If you’re planning to buy gold or diamond jewellery anytime soon — you have to check this out.
918,Tier 4: Toggle OFF + Organic (Noise),Mor Jewellers,India,@hamdasofficial,71517,0,4928,0,0.00%,6.89%,2025-07-07,https://www.instagram.com/p/DL0ADLaIaZW/,⚪ Standard Organic: Baseline,Walima Bride by Team💕
919,Tier 4: Toggle OFF + Organic (Noise),Senco Gold & Diamonds,West Bengal (HQ: Kolkata),@everlitebysenco,60147,0,10,0,0.00%,0.02%,2025-07-07,https://www.instagram.com/p/DLzLQ8ExWAK/,⚪ Standard Organic: Baseline,"Get ready to answer tons of questions, because the heads will definitely turn back to you. Shop now! 😍"
920,Tier 4: Toggle OFF + Organic (Noise),GRT Jewellers,Tamil Nadu (HQ: Chennai),@itsepsiba,88123,0,3883,0,0.00%,4.41%,2025-07-14,https://www.instagram.com/p/DMF_GAhzwxo/,⚪ Standard Organic: Baseline,💫 Indulge in the elegance you deserve.
921,Tier 4: Toggle OFF + Organic (Noise),Mor Jewellers,India,@hamdasofficial,71517,0,4928,0,0.00%,6.89%,2025-07-06,https://www.instagram.com/p/DLxb0QKoJ5s/,⚪ Standard Organic: Baseline,Walima Bride by Team💕
922,Tier 4: Toggle OFF + Organic (Noise),Mor Jewellers,India,@khayest_by_maryam,12629,0,371,0,0.00%,2.94%,2025-07-05,https://www.instagram.com/p/DLu3HXlNgqE/,⚪ Standard Organic: Baseline,"Matte eyes with bold lips always been my personal favourite combo! 🤍✨ Most clients go for shimmery/glittery eyes (which I love creating too), but toda"
923,Tier 4: Toggle OFF + Organic (Noise),P. C. Chandra Jewellers,West Bengal (HQ: Kolkata),@itsmeabirchatterjee,605945,0,3478,0,0.00%,0.57%,2025-07-05,https://www.instagram.com/p/DLueu2KSRm-/,⚪ Standard Organic: Baseline,"Every piece I wear tells a part of my story, the lessons I’ve learnt, the people I fight for, and the promises I’ve made to myself."
924,Tier 4: Toggle OFF + Organic (Noise),P. C. Chandra Jewellers,West Bengal (HQ: Kolkata),@dr.dc13,109449,0,10395,0,0.00%,9.50%,2025-07-01,https://www.instagram.com/p/DLjXBtpz_Wy/,⚪ Standard Organic: Baseline,"Every doctor’s journey is filled with sleepless nights, emotional trials, and moments that leave a lasting impact. 🩺"
925,Tier 4: Toggle OFF + Organic (Noise),Senco Gold & Diamonds,West Bengal (HQ: Kolkata),@everlitebysenco,60147,0,10,0,0.00%,0.02%,2025-06-29,https://www.instagram.com/p/DLef0yyxHOl/,⚪ Standard Organic: Baseline,Your jewellery collection is literally screaming to get these! 👀
926,Tier 4: Toggle OFF + Organic (Noise),Senco Gold & Diamonds,West Bengal (HQ: Kolkata),@everlitebysenco,60147,0,10,0,0.00%,0.02%,2025-06-28,https://www.instagram.com/p/DLcJqHUxc0_/,⚪ Standard Organic: Baseline,We have this mood 24x7. 🤌🏼Comment below if you feel the same! 👀
927,Tier 4: Toggle OFF + Organic (Noise),Senco Gold & Diamonds,West Bengal (HQ: Kolkata),@kartikaaryan,50308828,0,566030,0,0.00%,1.13%,2025-06-27,https://www.instagram.com/p/DLZ3_wjtb4Y/,⚪ Standard Organic: Baseline,"Style is personal, especially when every piece tells a story.With ahambysenco, I wear what reflects me, strength, individuality and more."
928,Tier 4: Toggle OFF + Organic (Noise),Senco Gold & Diamonds,West Bengal (HQ: Kolkata),@everlitebysenco,60147,0,10,0,0.00%,0.02%,2025-06-27,https://www.instagram.com/p/DLZHzYTR_Qt/,⚪ Standard Organic: Baseline,"We aren’t lying, you should check out yourself. Shop now! 🎀✨"
929,Tier 4: Toggle OFF + Organic (Noise),C. Krishniah Chetty & Co (CKC),Karnataka (HQ: Bengaluru),@ocabcgs,3042,0,215,0,0.00%,7.07%,2025-06-26,https://www.instagram.com/p/DLXn4lUTvVD/,⚪ Standard Organic: Baseline,"An unforgettable evening, beautifully frozen in time ."
930,Tier 4: Toggle OFF + Organic (Noise),Senco Gold & Diamonds,West Bengal (HQ: Kolkata),@everlitebysenco,60147,0,10,0,0.00%,0.02%,2025-06-26,https://www.instagram.com/p/DLWqsvCRwPY/,⚪ Standard Organic: Baseline,A boring outfit? Simply stack these and get ready for the compliments! 🙌🏼
931,Tier 4: Toggle OFF + Organic (Noise),Senco Gold & Diamonds,West Bengal (HQ: Kolkata),@everlitebysenco,60147,0,10,0,0.00%,0.02%,2025-06-25,https://www.instagram.com/p/DLUYrb9RSmS/,⚪ Standard Organic: Baseline,"The beauty of this piece reflects on your soul. Wear it, to feel it! ✨"
932,Tier 4: Toggle OFF + Organic (Noise),Senco Gold & Diamonds,West Bengal (HQ: Kolkata),@everlitebysenco,60147,0,10,0,0.00%,0.02%,2025-06-30,https://www.instagram.com/p/DLhCeK0xor_/,⚪ Standard Organic: Baseline,⏰ Reminder : Your outfit might be planned in a hurry but jewellery should be effortless and charming!💖
933,Tier 4: Toggle OFF + Organic (Noise),Senco Gold & Diamonds,West Bengal (HQ: Kolkata),@everlitebysenco,60147,0,10,0,0.00%,0.02%,2025-06-24,https://www.instagram.com/p/DLSFYeOR90c/,⚪ Standard Organic: Baseline,"This looks like a perfect pair and if you don’t agree, then you’re definitely losing out on something. Shop now!"
934,Tier 4: Toggle OFF + Organic (Noise),Senco Gold & Diamonds,West Bengal (HQ: Kolkata),@everlitebysenco,60147,0,10,0,0.00%,0.02%,2025-06-24,https://www.instagram.com/p/DLRpHSIxvGt/,⚪ Standard Organic: Baseline,Here’s your daily reminder to glow and nevet forget that gold never gets old! ✨🙌🏼
935,Tier 4: Toggle OFF + Organic (Noise),Senco Gold & Diamonds,West Bengal (HQ: Kolkata),@everlitebysenco,60147,0,10,0,0.00%,0.02%,2025-06-21,https://www.instagram.com/p/DLJpx7sxK5-/,⚪ Standard Organic: Baseline,Makes everything look better. Don’t forget to stack up your fingers before heading out!
936,Tier 4: Toggle OFF + Organic (Noise),C. Krishniah Chetty & Co (CKC),Karnataka (HQ: Bengaluru),@ckcsons,12595,0,3014,0,0.00%,23.93%,2025-06-21,https://www.instagram.com/p/DLKpFUoyIQP/,⚪ Standard Organic: Baseline,"🎸Specially Music-Inspired Collection: Discover designs that echo musical motifs—treble clefs, notes, and lyrical engravings.🎺"
937,Tier 4: Toggle OFF + Organic (Noise),Senco Gold & Diamonds,West Bengal (HQ: Kolkata),@everlitebysenco,60147,0,10,0,0.00%,0.02%,2025-06-23,https://www.instagram.com/p/DLPwHYEIrLr/,⚪ Standard Organic: Baseline,Isn’t it? This piece is small yet has the power to elevate every other outfit. Unbelievable? Then check this out!
938,Tier 4: Toggle OFF + Organic (Noise),Senco Gold & Diamonds,West Bengal (HQ: Kolkata),@everlitebysenco,60147,0,10,0,0.00%,0.02%,2025-06-23,https://www.instagram.com/p/DLO9oslR1ry/,⚪ Standard Organic: Baseline,Your accessories can make you bloom too. Wanna see how? Simply try this on!
939,Tier 4: Toggle OFF + Organic (Noise),Senco Gold & Diamonds,West Bengal (HQ: Kolkata),@everlitebysenco,60147,0,10,0,0.00%,0.02%,2025-06-20,https://www.instagram.com/p/DLIHGd7RP8P/,⚪ Standard Organic: Baseline,"Allow it, wear it, and see the difference it makes to your outfits. Shop now!"
940,Tier 4: Toggle OFF + Organic (Noise),Senco Gold & Diamonds,West Bengal (HQ: Kolkata),@everlitebysenco,60147,0,10,0,0.00%,0.02%,2025-06-20,https://www.instagram.com/p/DLHnO_JxiKV/,⚪ Standard Organic: Baseline,"We aren’t taking the blame if people keep asking you about these rings, cause hey, they’re actually very  beautiful. Shop now!"
941,Tier 4: Toggle OFF + Organic (Noise),BlueStone,"Pan-India / Karnataka (HQ: Bengaluru, D2C)",@medussa_meenabazaar_kolkata,5577,0,29,0,0.00%,0.52%,2025-06-19,https://www.instagram.com/p/DLFK_5KT37D/,⚪ Standard Organic: Baseline,Where timeless charm meets tiny treasures — @bluestone_jewellery presents a delightful collection crafted especially for kids!
942,Tier 4: Toggle OFF + Organic (Noise),P. C. Chandra Jewellers,West Bengal (HQ: Kolkata),@thepinnuthakral,123865,0,8675,0,0.00%,7.00%,2025-07-06,https://www.instagram.com/p/DLw28MLSAGI/,⚪ Standard Organic: Baseline,"Sometimes, one striking piece of jewellery says more than a thousand words ever could. It’s never about more — it’s about meaning, presence, and style"
943,Tier 4: Toggle OFF + Organic (Noise),Mor Jewellers,India,@malihabukhari__,6333,0,256,0,0.00%,4.04%,2025-06-19,https://www.instagram.com/p/DLFdqPoNj3k/,⚪ Standard Organic: Baseline,-Dilruba🪔
944,Tier 4: Toggle OFF + Organic (Noise),Senco Gold & Diamonds,West Bengal (HQ: Kolkata),@everlitebysenco,60147,0,10,0,0.00%,0.02%,2025-06-19,https://www.instagram.com/p/DLFV7uZRRK0/,⚪ Standard Organic: Baseline,Let your style be all about the universe and it’s magic! 🪄
945,Tier 4: Toggle OFF + Organic (Noise),Senco Gold & Diamonds,West Bengal (HQ: Kolkata),@everlitebysenco,60147,0,10,0,0.00%,0.02%,2025-06-19,https://www.instagram.com/p/DLEtNC-R9jQ/,⚪ Standard Organic: Baseline,"Why wear 1 when you can layer it and have fun? Get these beautiful lightweight, stackable chains and let the heads turn towards you! 👀♥️"
946,Tier 4: Toggle OFF + Organic (Noise),C. Krishniah Chetty & Co (CKC),Karnataka (HQ: Bengaluru),@ocabcgs,3042,0,215,0,0.00%,7.07%,2025-06-18,https://www.instagram.com/p/DLDLesyzkzj/,⚪ Standard Organic: Baseline,🎟️ Tickets now available on BookMyShow
947,Tier 4: Toggle OFF + Organic (Noise),Sri Jagdamba Pearls,Telangana (HQ: Hyderabad),@sunanda_roye,336465,0,15523,0,0.00%,4.61%,2025-06-18,https://www.instagram.com/p/DLC21IZS4nc/,⚪ Standard Organic: Baseline,Walk in & experience the Biggest Pearl & Gemstones Sale in India only at @Jagdambapearlsstore @ Jagdamba Pearls @ LuluBangalore @ ForumSouth ✨
948,Tier 4: Toggle OFF + Organic (Noise),Khimji Jewellers,Odisha (HQ: Bhubaneswar),@isitamohanty5,141487,0,13419,0,0.00%,9.48%,2025-06-09,https://www.instagram.com/p/DKrelxDSkO-/,⚪ Standard Organic: Baseline,"✨ Shine brighter than the diamonds you wear. Elegance, redefined. 💎 #DiamondDreams #ElegancePersonified #JewelleryLove"
949,Tier 4: Toggle OFF + Organic (Noise),BlueStone,"Pan-India / Karnataka (HQ: Bengaluru, D2C)",@medussa_meenabazaar_kolkata,5577,0,29,0,0.00%,0.52%,2025-06-13,https://www.instagram.com/p/DK18ibVzv5w/,⚪ Standard Organic: Baseline,Own the spotlight. ✨
950,Tier 4: Toggle OFF + Organic (Noise),BlueStone,"Pan-India / Karnataka (HQ: Bengaluru, D2C)",@medussa_meenabazaar_kolkata,5577,0,29,0,0.00%,0.52%,2025-06-14,https://www.instagram.com/p/DK4kXwOTULm/,⚪ Standard Organic: Baseline,Crafted to Captivate. Made to Shine. ✨
951,Tier 4: Toggle OFF + Organic (Noise),Mor Jewellers,India,@malihabukhari__,6333,0,256,0,0.00%,4.04%,2025-06-08,https://www.instagram.com/p/DKpO7K-tafy/,⚪ Standard Organic: Baseline,✨ The ultimate Barat bridal transformation 💫
952,Tier 4: Toggle OFF + Organic (Noise),C. Krishniah Chetty & Co (CKC),Karnataka (HQ: Bengaluru),@feverbengaluru,10062,0,282,0,0.00%,2.80%,2025-06-06,https://www.instagram.com/p/DKjrKwdSdwU/,⚪ Standard Organic: Baseline,*A Wedding To Remember: Presenting Magnificent Weddings by C. Krishniah Chetty Group Of Jewellers*
953,Tier 4: Toggle OFF + Organic (Noise),Mor Jewellers,India,@malihabukhari__,6333,0,256,0,0.00%,4.04%,2025-06-15,https://www.instagram.com/p/DK7V1j2Noue/,⚪ Standard Organic: Baseline,💍 Jewellery: @morjewellersofficial
954,Tier 4: Toggle OFF + Organic (Noise),Tanishq,"Pan-India / Karnataka (HQ: Bengaluru, Titan)",@bruisedpassports,1201633,0,5357,0,0.00%,0.45%,2025-06-05,https://www.instagram.com/p/DKghTUMT0NR/,⚪ Standard Organic: Baseline,"Standing under the Northern Lights on a freezing night, just you and I 🌟❄️💚💚"
955,Tier 4: Toggle OFF + Organic (Noise),C. Krishniah Chetty & Co (CKC),Karnataka (HQ: Bengaluru),@indigomusicdotcom,81773,0,132,0,0.00%,0.16%,2025-06-03,https://www.instagram.com/p/DKb4JXzNRl_/,⚪ Standard Organic: Baseline,"Interrogation log, 10:45 PM:"
956,Tier 4: Toggle OFF + Organic (Noise),Mor Jewellers,India,@malihabukhari__,6333,0,256,0,0.00%,4.04%,2025-06-04,https://www.instagram.com/p/DKe65qltevV/,⚪ Standard Organic: Baseline,دلربا 🪔
957,Tier 4: Toggle OFF + Organic (Noise),Mor Jewellers,India,@malihabukhari__,6333,0,256,0,0.00%,4.04%,2025-06-01,https://www.instagram.com/p/DKXkxMlNgBO/,⚪ Standard Organic: Baseline,بارات کی دلہن ۔۔۔🥀✨
958,Tier 4: Toggle OFF + Organic (Noise),Tanishq,"Pan-India / Karnataka (HQ: Bengaluru, Titan)",@nikimehra,575344,0,10531,0,0.00%,1.83%,2025-06-03,https://www.instagram.com/p/DKcOV2QPMGs/,⚪ Standard Organic: Baseline,Where are my Leo girls at?🤪
959,Tier 4: Toggle OFF + Organic (Noise),Sri Jagdamba Pearls,Telangana (HQ: Hyderabad),@makeupbyaanchalbalaraj,24276,0,7755,0,0.00%,31.95%,2025-06-01,https://www.instagram.com/p/DKW_4A0TRAN/,⚪ Standard Organic: Baseline,✨ Radiating grace and tradition ✨
960,Tier 4: Toggle OFF + Organic (Noise),GRT Jewellers,Tamil Nadu (HQ: Chennai),@saai_gayatri,790843,0,13657,0,0.00%,1.73%,2025-05-31,https://www.instagram.com/p/DKTVUoJzZPP/,⚪ Standard Organic: Baseline,"தேனி மக்களே, ஒரு பொன்னான ஆரம்பத்திற்க்கு தயாராகுங்கள்! 💫"
961,Tier 4: Toggle OFF + Organic (Noise),Amrapali Jewels,Rajasthan (HQ: Jaipur),@masabagupta,1841284,0,16866,0,0.00%,0.92%,2025-05-30,https://www.instagram.com/p/DKSDJGzoK0F/,⚪ Standard Organic: Baseline,"@karanjohar wears the ‘Crescent Palm Trench Coat Set’, accented with the house charms - the ‘Palm’ & the ‘Matsya’, along with hand embroidered ‘Son Ch"
962,Tier 4: Toggle OFF + Organic (Noise),C. Krishniah Chetty & Co (CKC),Karnataka (HQ: Bengaluru),@indigomusicdotcom,81773,0,132,0,0.00%,0.16%,2025-05-30,https://www.instagram.com/p/DKRrk9SK_i2/,⚪ Standard Organic: Baseline,Make your dream wedding come true with 'Magnificent Weddings' by C. Krishniah Chetty Group of Jewellers! ✨
963,Tier 4: Toggle OFF + Organic (Noise),Tanishq,"Pan-India / Karnataka (HQ: Bengaluru, Titan)",@nikimehra,575344,0,10531,0,0.00%,1.83%,2025-05-28,https://www.instagram.com/p/DKM10jVIUWx/,⚪ Standard Organic: Baseline,Cannes-t-stop obsessing over this entire look- the baby blue couture look paired with my Élan by @tanishqjewellery diamonds 💍
964,Tier 4: Toggle OFF + Organic (Noise),Mor Jewellers,India,@malihabukhari__,6333,0,256,0,0.00%,4.04%,2025-05-28,https://www.instagram.com/p/DKMzwkOIK_P/,⚪ Standard Organic: Baseline,Our stunning Barat bride exudes regal charm and timeless beauty—because every bride deserves her royal moment.✨
965,Tier 4: Toggle OFF + Organic (Noise),GRT Jewellers,Tamil Nadu (HQ: Chennai),@srideviashok_official,1096274,0,3161,0,0.00%,0.29%,2025-05-30,https://www.instagram.com/p/DKRkLt_TB2j/,⚪ Standard Organic: Baseline,"தேனி மக்களே, ஒரு பொன்னான ஆரம்பத்திற்க்கு தயாராகுங்கள்!"
966,Tier 4: Toggle OFF + Organic (Noise),Kalamandir Jewellers,Gujarat (HQ: Surat),@bhavin_333,4125589,0,91043,0,0.00%,2.21%,2025-05-28,https://www.instagram.com/p/DKMuVZmhCJV/,⚪ Standard Organic: Baseline,Who says date nights can’t shine a little brighter?
967,Tier 4: Toggle OFF + Organic (Noise),Kalamandir Jewellers,Gujarat (HQ: Surat),@nishkalulla,141740,0,40135,0,0.00%,28.32%,2025-05-29,https://www.instagram.com/p/DKPOiwzyYCO/,⚪ Standard Organic: Baseline,STOP SCROLLING! You need to see this
968,Tier 4: Toggle OFF + Organic (Noise),GRT Jewellers,Tamil Nadu (HQ: Chennai),@saai_gayatri,790843,0,13657,0,0.00%,1.73%,2025-05-26,https://www.instagram.com/p/DKHgdbhxa4l/,⚪ Standard Organic: Baseline,"Valliyur, your golden era is here! ✨"
969,Tier 4: Toggle OFF + Organic (Noise),C.H. Jewellers,Gujarat (HQ: Vadodara),@roopalshahshah,766389,0,11666,0,0.00%,1.52%,2025-05-24,https://www.instagram.com/p/DKCqUwiB8NC/,⚪ Standard Organic: Baseline,A masterpiece in ombré — this pure Banarasi Meenakari Bandhej saree from @praptis_redefine_urself weaves together heritage and elegance. ✨
970,Tier 4: Toggle OFF + Organic (Noise),GRT Jewellers,Tamil Nadu (HQ: Chennai),@srideviashok_official,1096274,0,3161,0,0.00%,0.29%,2025-05-24,https://www.instagram.com/p/DKCNEO1TByG/,⚪ Standard Organic: Baseline,Vanakkam everyone! Big news for Valliyur! 🎉
971,Tier 4: Toggle OFF + Organic (Noise),Mor Jewellers,India,@malihabukhari__,6333,0,256,0,0.00%,4.04%,2025-05-24,https://www.instagram.com/p/DKCesbGNiJy/,⚪ Standard Organic: Baseline,-Bridal Campaign 2025 | Barat Edition 🌹
972,Tier 4: Toggle OFF + Organic (Noise),Tanishq,"Pan-India / Karnataka (HQ: Bengaluru, Titan)",@nikimehra,575344,0,10531,0,0.00%,1.83%,2025-05-24,https://www.instagram.com/p/DKCmyMFoqa4/,⚪ Standard Organic: Baseline,A little French Riviera rendervous with Élan by @tanishqjewellery 🩵🦋 💍
973,Tier 4: Toggle OFF + Organic (Noise),C.H. Jewellers,Gujarat (HQ: Vadodara),@roopalshahshah,766389,0,11666,0,0.00%,1.52%,2025-05-21,https://www.instagram.com/p/DJ67jcfscEw/,⚪ Standard Organic: Baseline,✨ Grace in every drape ✨
974,Tier 4: Toggle OFF + Organic (Noise),Anopchand Tilokchand (AT Jewell,Chhattisgarh (HQ: Raipur),@meenakshi_tuteja,57307,0,93,0,0.00%,0.16%,2025-05-20,https://www.instagram.com/p/DJ4GeMkzXRR/,⚪ Standard Organic: Baseline,#MakeupByMeenakshiTuteja
975,Tier 4: Toggle OFF + Organic (Noise),C. Krishniah Chetty & Co (CKC),Karnataka (HQ: Bengaluru),@taher_merchant,16470,0,404,0,0.00%,2.45%,2025-05-19,https://www.instagram.com/p/DJ0gIx0PIlc/,⚪ Standard Organic: Baseline,My deepest gratitude to all the generous donors who have contributed towards my fundraiser at the @tcsw10k . Your support means the world to me ❤️
976,Tier 4: Toggle OFF + Organic (Noise),C. Krishniah Chetty & Co (CKC),Karnataka (HQ: Bengaluru),@crashdotclub,3385,0,357,0,0.00%,10.55%,2025-05-16,https://www.instagram.com/p/DJt6O08PWmn/,⚪ Standard Organic: Baseline,"Unsolicited advice? Take what works, tune out the rest. 😎"
977,Tier 4: Toggle OFF + Organic (Noise),C.H. Jewellers,Gujarat (HQ: Vadodara),@roopalshahshah,766389,0,11666,0,0.00%,1.52%,2025-05-19,https://www.instagram.com/p/DJ1WHZas_kC/,⚪ Standard Organic: Baseline,"Wrapped in heritage, draped in earth — this pure hand block Ajrakh print saree is from @praptis_redefine_urself adorned with intricate mirror handwork"
978,Tier 4: Toggle OFF + Organic (Noise),GRT Jewellers,Tamil Nadu (HQ: Chennai),@kabooki_mua,56859,0,358,0,0.00%,0.63%,2025-05-16,https://www.instagram.com/p/DJtupVWvPBL/,⚪ Standard Organic: Baseline,And just like that… Kaviya’s Muhurtham look is complete! ✨
979,Tier 4: Toggle OFF + Organic (Noise),C.H. Jewellers,Gujarat (HQ: Vadodara),@roopalshahshah,766389,0,11666,0,0.00%,1.52%,2025-05-20,https://www.instagram.com/p/DJ2-F4VC5rV/,⚪ Standard Organic: Baseline,Beautiful Ajrakh saree by @praptis_redefine_urself
980,Tier 4: Toggle OFF + Organic (Noise),BlueStone,"Pan-India / Karnataka (HQ: Bengaluru, D2C)",@razorpay,397858,0,1822,0,0.00%,0.46%,2025-05-18,https://www.instagram.com/p/DJyr3k3SQQy/,⚪ Standard Organic: Baseline,"Gaurav Singh Kushwaha, Founder & CEO of @bluestone_jewellery is making fashion fearless and functional."
981,Tier 4: Toggle OFF + Organic (Noise),Senco Gold & Diamonds,West Bengal (HQ: Kolkata),@everlitebysenco,60147,0,10,0,0.00%,0.02%,2025-05-14,https://www.instagram.com/p/DJofAm8RHhd/,⚪ Standard Organic: Baseline,"It’s going to be a full circle, the moment you style them. Shop now!"
982,Tier 4: Toggle OFF + Organic (Noise),C. Krishniah Chetty & Co (CKC),Karnataka (HQ: Bengaluru),@snehamakeovers27,14143,0,22894,0,0.00%,161.88%,2025-05-14,https://www.instagram.com/p/DJolchUuNcT/,⚪ Standard Organic: Baseline,The prettiest @ash_never_mind for her cousins wedding!!❤️
983,Tier 4: Toggle OFF + Organic (Noise),BlueStone,"Pan-India / Karnataka (HQ: Bengaluru, D2C)",@razorpay,397858,0,1822,0,0.00%,0.46%,2025-05-18,https://www.instagram.com/p/DJyrgQlShIJ/,⚪ Standard Organic: Baseline,"Gaurav Singh Kushwaha (Founder & CEO, @bluestone_jewellery) is making jewellery shine online."
984,Tier 4: Toggle OFF + Organic (Noise),Anopchand Tilokchand (AT Jewell,Chhattisgarh (HQ: Raipur),@meenakshi_tuteja,57307,0,93,0,0.00%,0.16%,2025-05-15,https://www.instagram.com/p/DJqrtSKMJ-w/,⚪ Standard Organic: Baseline,#MakeupByMeenakshiTuteja
985,Tier 4: Toggle OFF + Organic (Noise),Aisshpra Gems & Jewels,Uttar Pradesh (HQ: Gorakhpur),@radhikaatewhat,56322,0,93046,0,0.00%,165.20%,2025-05-12,https://www.instagram.com/p/DJj4Lh-z_K1/,⚪ Standard Organic: Baseline,✨ Golden deal alert at Aisshpra Park Road! Enjoy flat 9.99% making charges on selected gold products .These exclusive pieces won’t be found anywhere e
986,Tier 4: Toggle OFF + Organic (Noise),Anopchand Tilokchand (AT Jewell,Chhattisgarh (HQ: Raipur),@meenakshi_tuteja,57307,0,93,0,0.00%,0.16%,2025-05-24,https://www.instagram.com/p/DKBxd6nMJl-/,⚪ Standard Organic: Baseline,#MakeupByMeenakshiTuteja
987,Tier 4: Toggle OFF + Organic (Noise),Senco Gold & Diamonds,West Bengal (HQ: Kolkata),@everlitebysenco,60147,0,10,0,0.00%,0.02%,2025-05-12,https://www.instagram.com/p/DJjBTu_RtyI/,⚪ Standard Organic: Baseline,Everybody agrees that we have the best lightweight jewellery for your everyday. ✨What’s stopping you from exploring our Infinity collection?
988,Tier 4: Toggle OFF + Organic (Noise),Senco Gold & Diamonds,West Bengal (HQ: Kolkata),@everlitebysenco,60147,0,10,0,0.00%,0.02%,2025-05-11,https://www.instagram.com/p/DJfppy2ysZu/,⚪ Standard Organic: Baseline,"To every mother, be it amma, maa, aai, bebe, you have different names, but the love is constant. Your sacrifices, your warmth is unmatched and this ti"
989,Tier 4: Toggle OFF + Organic (Noise),C. Krishniah Chetty & Co (CKC),Karnataka (HQ: Bengaluru),@weddings_by_br,8168,0,139,0,0.00%,1.70%,2025-05-11,https://www.instagram.com/p/DJg1GU9TKQ-/,⚪ Standard Organic: Baseline,From kanyadaanam to mangalasutram the beginning of an eternal bond.
990,Tier 4: Toggle OFF + Organic (Noise),P. C. Chandra Jewellers,West Bengal (HQ: Kolkata),@nayab.midha,3051490,0,123907,0,0.00%,4.06%,2025-05-11,https://www.instagram.com/p/DJgI7YNRlSg/,⚪ Standard Organic: Baseline,She held my hand before I knew how to stand.
991,Tier 4: Toggle OFF + Organic (Noise),C. Krishniah Chetty & Co (CKC),Karnataka (HQ: Bengaluru),@raadyaofficial,51386,0,1781,0,0.00%,3.47%,2025-05-09,https://www.instagram.com/p/DJbl5Bov4AB/,⚪ Standard Organic: Baseline,"Discover the perfect piece to your self and your loved ones, Crafted with luxury!! beautiful jewellery collection @ckcjewellers the royal timeless ele"
992,Tier 4: Toggle OFF + Organic (Noise),C. Krishniah Chetty & Co (CKC),Karnataka (HQ: Bengaluru),@weddings_by_br,8168,0,139,0,0.00%,1.70%,2025-05-08,https://www.instagram.com/p/DJY6ibYzq-Z/,⚪ Standard Organic: Baseline,From kanyadaanam to mangalasutram the beginning of an eternal bond.
993,Tier 4: Toggle OFF + Organic (Noise),Senco Gold & Diamonds,West Bengal (HQ: Kolkata),@everlitebysenco,60147,0,10,0,0.00%,0.02%,2025-05-10,https://www.instagram.com/p/DJeRe-ZPTJL/,⚪ Standard Organic: Baseline,"Till date we’ve just been interacting with y’all offline, but this time we decided to hit the streets for a quick mother’s day rapid fire and oh boy!"
994,Tier 4: Toggle OFF + Organic (Noise),C. Krishniah Chetty & Co (CKC),Karnataka (HQ: Bengaluru),@sonuvenugopaal,454827,0,27755,0,0.00%,6.10%,2025-05-09,https://www.instagram.com/p/DJbnWTySlMc/,⚪ Standard Organic: Baseline,Band ✅ Baaja ✅ Budget ✅
995,Tier 4: Toggle OFF + Organic (Noise),Senco Gold & Diamonds,West Bengal (HQ: Kolkata),@instantbollywood,42925508,0,984,0,0.00%,0.00%,2025-05-07,https://www.instagram.com/p/DJWBGCMN2XZ/,⚪ Standard Organic: Baseline,"Mumbai, we’ve brought the sparkle to your daily commute!"
996,Tier 4: Toggle OFF + Organic (Noise),Senco Gold & Diamonds,West Bengal (HQ: Kolkata),@everlitebysenco,60147,0,10,0,0.00%,0.02%,2025-05-10,https://www.instagram.com/p/DJeDuDXR52F/,⚪ Standard Organic: Baseline,Let the moments sparkle even more with a gift of love that she’ll cherish forever. Buy now! ♥️
997,Tier 4: Toggle OFF + Organic (Noise),Tanishq,"Pan-India / Karnataka (HQ: Bengaluru, Titan)",@divyanshak,420456,0,8370,0,0.00%,1.99%,2025-05-07,https://www.instagram.com/p/DJWjR9ipXa3/,⚪ Standard Organic: Baseline,My mom taught me that confidence makes every bridal look shine 💜
998,Tier 4: Toggle OFF + Organic (Noise),GRT Jewellers,Tamil Nadu (HQ: Chennai),@anjana_rangan,1421742,0,10543,0,0.00%,0.74%,2025-05-06,https://www.instagram.com/p/DJUBXFfyrro/,⚪ Standard Organic: Baseline,I had to see it to believe it!
999,Tier 4: Toggle OFF + Organic (Noise),Anopchand Tilokchand (AT Jewell,Chhattisgarh (HQ: Raipur),@atjeweller,1829,0,64,0,0.00%,3.50%,2025-05-03,https://www.instagram.com/p/DJLWiIsxyEB/,⚪ Standard Organic: Baseline,Oceanic Elegance!!
1000,Tier 4: Toggle OFF + Organic (Noise),Anopchand Tilokchand (AT Jewell,Chhattisgarh (HQ: Raipur),@meenakshisalons,10785,0,832,0,0.00%,7.71%,2025-05-03,https://www.instagram.com/p/DJLXucQo3yy/,⚪ Standard Organic: Baseline,From skincare to spotlight—your bridal journey starts here.
1001,Tier 4: Toggle OFF + Organic (Noise),Senco Gold & Diamonds,West Bengal (HQ: Kolkata),@viralbhayani,15722608,0,2195,0,0.00%,0.01%,2025-05-07,https://www.instagram.com/p/DJV3k4qoy-s/,⚪ Standard Organic: Baseline,"Mumbai, we’ve brought the sparkle to your daily commute!"
1002,Tier 4: Toggle OFF + Organic (Noise),Senco Gold & Diamonds,West Bengal (HQ: Kolkata),@everlitebysenco,60147,0,10,0,0.00%,0.02%,2025-05-10,https://www.instagram.com/p/DJeg7POP2xj/,⚪ Standard Organic: Baseline,"She’s your first style icon, gift her something timeless and effortless. Shop now from link in bio!"
1003,Tier 4: Toggle OFF + Organic (Noise),P. C. Chandra Jewellers,West Bengal (HQ: Kolkata),@nikifying,2002752,0,34334,0,0.00%,1.71%,2025-04-30,https://www.instagram.com/p/DJDrwUti8Ii/,⚪ Standard Organic: Baseline,"May this Akshaya Tritiya fill your life with prosperity, grace, and golden moments that stay in your heart forever."
1004,Tier 4: Toggle OFF + Organic (Noise),GRT Jewellers,Tamil Nadu (HQ: Chennai),@priyankamjain___0207,1042228,0,101085,0,0.00%,9.70%,2025-04-29,https://www.instagram.com/p/DJBVtNvzco5/,⚪ Standard Organic: Baseline,"Sometimes all you need is a reason, or no reason at all, if you’re anything like me. 💃🏻"
1005,Tier 4: Toggle OFF + Organic (Noise),Senco Gold & Diamonds,West Bengal (HQ: Kolkata),@ahambysenco,704,0,11787,0,0.00%,1674.29%,2025-04-29,https://www.instagram.com/p/DJB9XzjSfsz/,⚪ Standard Organic: Baseline,"Wear your strength, carry your pride, live your purpose. Command attention with every move—own your presence with confidence."
1006,Tier 4: Toggle OFF + Organic (Noise),P. C. Chandra Jewellers,West Bengal (HQ: Kolkata),@tanvimehtasrivastava,132635,0,666,0,0.00%,0.50%,2025-04-29,https://www.instagram.com/p/DJCURV0SJ4r/,⚪ Standard Organic: Baseline,"From treasured heirlooms like the classic temple jewelry to modern masterpieces like thes statement diamonds at PC Chandra Jewellers, they celebrate t"
1007,Tier 4: Toggle OFF + Organic (Noise),Sri Jagdamba Pearls,Telangana (HQ: Hyderabad),@sunanda_roye,336465,0,15523,0,0.00%,4.61%,2025-04-29,https://www.instagram.com/p/DJBwzynSjhT/,⚪ Standard Organic: Baseline,Sri @jagdambapearls  from Hyderabad is now open at @lulumallbengaluru & @forumsouthbengaluru
1008,Tier 4: Toggle OFF + Organic (Noise),Senco Gold & Diamonds,West Bengal (HQ: Kolkata),@everlitebysenco,60147,0,10,0,0.00%,0.02%,2025-04-29,https://www.instagram.com/p/DJBp0ZSRIBr/,⚪ Standard Organic: Baseline,Bless your new beginnings with abundance and joy. Let the auspicious hours begin with everlite happiness! ✨
1009,Tier 4: Toggle OFF + Organic (Noise),Senco Gold & Diamonds,West Bengal (HQ: Kolkata),@everlitebysenco,60147,0,10,0,0.00%,0.02%,2025-04-29,https://www.instagram.com/p/DJBtLBFRyiP/,⚪ Standard Organic: Baseline,"With us beside you, you’ll never! Keep your festive spark intact with our beautiful, everyday pieces."
1010,Tier 4: Toggle OFF + Organic (Noise),Senco Gold & Diamonds,West Bengal (HQ: Kolkata),@ahambysenco,704,0,11787,0,0.00%,1674.29%,2025-04-29,https://www.instagram.com/p/DJB2unzyxWg/,⚪ Standard Organic: Baseline,"Bold and contemporary, this men’s bracelet features 1.94 carats of striking diamonds, set in richly crafted 18K gold."
1011,Tier 4: Toggle OFF + Organic (Noise),Senco Gold & Diamonds,West Bengal (HQ: Kolkata),@everlitebysenco,60147,0,10,0,0.00%,0.02%,2025-04-29,https://www.instagram.com/p/DJBOk_GRtrY/,⚪ Standard Organic: Baseline,"Put on your best self, and let the golden charm bless your special days! ✨"
1012,Tier 4: Toggle OFF + Organic (Noise),Prince Jewellery,Tamil Nadu (HQ: Chennai),@kavya_gowdaaaaofficial,1390287,0,11962,0,0.00%,0.86%,2025-04-28,https://www.instagram.com/p/DI-9MZWID_i/,⚪ Standard Organic: Baseline,Svagata Bengaluru 🙏
1013,Tier 4: Toggle OFF + Organic (Noise),Prince Jewellery,Tamil Nadu (HQ: Chennai),@dhanu__achar,706240,0,113257,0,0.00%,16.04%,2025-04-27,https://www.instagram.com/p/DI8qZECygZK/,⚪ Standard Organic: Baseline,Svagata Bengaluru 🙏 Wait till End 😊
1014,Tier 4: Toggle OFF + Organic (Noise),C. Krishniah Chetty & Co (CKC),Karnataka (HQ: Bengaluru),@shreyaanachappa,106720,0,391311,0,0.00%,366.67%,2025-04-27,https://www.instagram.com/p/DI8-sj7Tt_n/,⚪ Standard Organic: Baseline,Kodava Podiya for the win again ♥️
1015,Tier 4: Toggle OFF + Organic (Noise),C. Krishniah Chetty & Co (CKC),Karnataka (HQ: Bengaluru),@crashdotclub,3385,0,357,0,0.00%,10.55%,2025-04-26,https://www.instagram.com/p/DI6fvyaPI6j/,⚪ Standard Organic: Baseline,"What if we told you that the wedding you’ve always imagined—glowing in elegance, adorned in exquisite jewellery, and surrounded by magic-could be brou"
1016,Tier 4: Toggle OFF + Organic (Noise),Senco Gold & Diamonds,West Bengal (HQ: Kolkata),@ahambysenco,704,0,11787,0,0.00%,1674.29%,2025-04-29,https://www.instagram.com/p/DJB49ywsDta/,⚪ Standard Organic: Baseline,"Command attention with every move you make—own your presence, own your presence with confidence."
1017,Tier 4: Toggle OFF + Organic (Noise),GRT Jewellers,Tamil Nadu (HQ: Chennai),@ranjani.raghavan,1065429,0,25416,0,0.00%,2.39%,2025-04-26,https://www.instagram.com/p/DI5TUwhzmM6/,⚪ Standard Organic: Baseline,"That was not all, this Akshaya Tritiya I found yet another beautiful set at GRT Jewellers. This gorgeous diamond set truly caught my eye. The detailin"
1018,Tier 4: Toggle OFF + Organic (Noise),C. Krishniah Chetty & Co (CKC),Karnataka (HQ: Bengaluru),@crashdotclub,3385,0,357,0,0.00%,10.55%,2025-04-25,https://www.instagram.com/p/DI3sHiMPtFM/,⚪ Standard Organic: Baseline,Which moment feels closest to home (or heart) for you? 🥰
1019,Tier 4: Toggle OFF + Organic (Noise),C. Krishniah Chetty & Co (CKC),Karnataka (HQ: Bengaluru),@crashdotclub,3385,0,357,0,0.00%,10.55%,2025-04-24,https://www.instagram.com/p/DI1GbVsvnib/,⚪ Standard Organic: Baseline,Every bride’s moment is unique.
1020,Tier 4: Toggle OFF + Organic (Noise),GRT Jewellers,Tamil Nadu (HQ: Chennai),@srigouripriya,1033526,0,192793,0,0.00%,18.65%,2025-04-24,https://www.instagram.com/p/DI0eJjizCFc/,⚪ Standard Organic: Baseline,"After that exquisite vintage gold set from GRT Jewellers, I found this breathtaking navratna diamond set — a beautiful vibrant design that felt both t"
1021,Tier 4: Toggle OFF + Organic (Noise),Aisshpra Gems & Jewels,Uttar Pradesh (HQ: Gorakhpur),@shishta_maurya,132675,0,974,0,0.00%,0.73%,2025-04-23,https://www.instagram.com/p/DIygd30pd9P/,⚪ Standard Organic: Baseline,"This Akshaya Tritiya, let your jewellery speak of prosperity and grace."
1022,Tier 4: Toggle OFF + Organic (Noise),C. Krishniah Chetty & Co (CKC),Karnataka (HQ: Bengaluru),@shreyasraoo,66596,0,705,0,0.00%,1.06%,2025-04-23,https://www.instagram.com/p/DIyo6qgioyH/,⚪ Standard Organic: Baseline,I think this is the best time to get married! 💍 Imagine a dream wedding in 15L 😮 and the jewellery from @ckcjewellers
1023,Tier 4: Toggle OFF + Organic (Noise),Aisshpra Gems & Jewels,Uttar Pradesh (HQ: Gorakhpur),@arushi_tripathii,37154,0,163,0,0.00%,0.44%,2025-04-23,https://www.instagram.com/p/DIyoia_PpMC/,⚪ Standard Organic: Baseline,Celebrate Akshay Tritya with @aisshprajewels – Where Prosperity Meets Elegance ✨
1024,Tier 4: Toggle OFF + Organic (Noise),C. Krishniah Chetty & Co (CKC),Karnataka (HQ: Bengaluru),@crashdotclub,3385,0,357,0,0.00%,10.55%,2025-04-23,https://www.instagram.com/p/DIx1K4-RJIb/,⚪ Standard Organic: Baseline,What’s your floral flair? 🌺
1025,Tier 4: Toggle OFF + Organic (Noise),Sri Jagdamba Pearls,Telangana (HQ: Hyderabad),@bhavya_chandrika,95892,0,10,0,0.00%,0.01%,2025-04-23,https://www.instagram.com/p/DIyyJbRtJyx/,⚪ Standard Organic: Baseline,@jagdambapearlsstore
1026,Tier 4: Toggle OFF + Organic (Noise),Tanishq,"Pan-India / Karnataka (HQ: Bengaluru, Titan)",@radhikaofficial,3559313,0,54152,0,0.00%,1.52%,2025-04-22,https://www.instagram.com/p/DIvyP7mMQRs/,⚪ Standard Organic: Baseline,"Touched by this beautiful gesture from @tanishqjewellery - a Kaali Ghaanti to mark new beginnings. The craft, the tradition, the meaning behind every"
1027,Tier 4: Toggle OFF + Organic (Noise),Hira Panna Jewellers,India,@bridesofvisakhapatnam,3702,0,199,0,0.00%,5.38%,2025-04-19,https://www.instagram.com/p/DInaPw2RpSV/,⚪ Standard Organic: Baseline,♥️♥️
1028,Tier 4: Toggle OFF + Organic (Noise),GRT Jewellers,Tamil Nadu (HQ: Chennai),@srigouripriya,1033526,0,192793,0,0.00%,18.65%,2025-04-19,https://www.instagram.com/p/DIn-jQmThzn/,⚪ Standard Organic: Baseline,"Stepped into GRT Jewellers to find the perfect gold set for Akshaya Tritiya— and I couldn’t be happier! Elegant designs, timeless beauty, and amazing"
1029,Tier 4: Toggle OFF + Organic (Noise),GRT Jewellers,Tamil Nadu (HQ: Chennai),@ranjani.raghavan,1065429,0,25416,0,0.00%,2.39%,2025-04-20,https://www.instagram.com/p/DIqIvMQTzjz/,⚪ Standard Organic: Baseline,"ಅಕ್ಷಯ ತೃತೀಯಕ್ಕೆ ನಿಮ್ಮ ಆರೋಗ್ಯ, ಸಂಪತ್ತು, ಸಂತೋಷವೆಲ್ಲ ಅಕ್ಷಯವಾಗಲಿ ♥️"
1030,Tier 4: Toggle OFF + Organic (Noise),C. Krishniah Chetty & Co (CKC),Karnataka (HQ: Bengaluru),@radiocitykannada,161458,0,335,0,0.00%,0.21%,2025-04-16,https://www.instagram.com/p/DIge4IniAc0/,⚪ Standard Organic: Baseline,ಮಹಾಕುಂಭ ಮೇಳದ ನೆನಪನ್ನ  treasure ಮಾಡುವ ಮಹಾಕುಂಭಮೇಳ ನಾಣ್ಯ CKC Jewellers ಲ್ಲಿ!
1031,Tier 4: Toggle OFF + Organic (Noise),P. C. Chandra Jewellers,West Bengal (HQ: Kolkata),@itsmeabirchatterjee,605945,0,3478,0,0.00%,0.57%,2025-04-15,https://www.instagram.com/p/DIdZ6KqyPHM/,⚪ Standard Organic: Baseline,"Poila Baisakh brings with it joy, tradition, and timeless memories. From the warmth of home-cooked meals to the soul of Rabindra Sangeet, it’s a celeb"
1032,Tier 4: Toggle OFF + Organic (Noise),P. C. Chandra Jewellers,West Bengal (HQ: Kolkata),@actresspaul,379240,0,19883,0,0.00%,5.24%,2025-04-15,https://www.instagram.com/p/DIdXyymBJ3N/,⚪ Standard Organic: Baseline,It starts with ‘Shubho Noboborsho’ in my mother’s handwriting and ends with love on the dining table.
1033,Tier 4: Toggle OFF + Organic (Noise),P. C. Chandra Jewellers,West Bengal (HQ: Kolkata),@adrija_roy_official,1035144,0,30024,0,0.00%,2.90%,2025-04-15,https://www.instagram.com/p/DIdEB2CRxBh/,⚪ Standard Organic: Baseline,PC Chandra Jewellers and I wish you all a very happy and prosperous Poila Baishakh!
1034,Tier 4: Toggle OFF + Organic (Noise),C. Krishniah Chetty & Co (CKC),Karnataka (HQ: Bengaluru),@crashdotclub,3385,0,357,0,0.00%,10.55%,2025-04-14,https://www.instagram.com/p/DIbfhnlvHN2/,⚪ Standard Organic: Baseline,Hear it from those who chose magnificence 😍
1035,Tier 4: Toggle OFF + Organic (Noise),Prince Jewellery,Tamil Nadu (HQ: Chennai),@salma.arun_official,374385,0,43309,0,0.00%,11.57%,2025-04-13,https://www.instagram.com/p/DIYHlXpRhu2/,⚪ Standard Organic: Baseline,Akshaya Tritiya is Here & Prosperity is Near✨
1036,Tier 4: Toggle OFF + Organic (Noise),P. C. Chandra Jewellers,West Bengal (HQ: Kolkata),@itsmeabirchatterjee,605945,0,3478,0,0.00%,0.57%,2025-04-14,https://www.instagram.com/p/DIbmX-Myyda/,⚪ Standard Organic: Baseline,"Jewellery to me, is more than an adornment; it’s an emotion. A silent witness to our moments, our milestones, our memories."
1037,Tier 4: Toggle OFF + Organic (Noise),Prince Jewellery,Tamil Nadu (HQ: Chennai),@mokshitha22,945022,0,34676,0,0.00%,3.67%,2025-04-11,https://www.instagram.com/p/DITxwDvv9pr/,⚪ Standard Organic: Baseline,ಸ್ವಾಗತ ಬೆಂಗಳೂರು 🙏🏻
1038,Tier 4: Toggle OFF + Organic (Noise),GRT Jewellers,Tamil Nadu (HQ: Chennai),@samyukthaviswanathan,590029,0,31730,0,0.00%,5.38%,2025-04-08,https://www.instagram.com/p/DIL_pDCzPR1/,⚪ Standard Organic: Baseline,"I wanted something extra special to celebrate Tamil New Year, so I stopped by GRT Jewellers—and wow, I was spoiled for choice! ✨"
1039,Tier 4: Toggle OFF + Organic (Noise),C. Krishniah Chetty & Co (CKC),Karnataka (HQ: Bengaluru),@feverbengaluru,10062,0,282,0,0.00%,2.80%,2025-04-10,https://www.instagram.com/p/DIQYNS6Sx96/,⚪ Standard Organic: Baseline,RJ Shaayan in conversation with @vinod_hayagriv MD @ckcjewellers @ckcsons
1040,Tier 4: Toggle OFF + Organic (Noise),Prince Jewellery,Tamil Nadu (HQ: Chennai),@danieljainraj,230847,0,13171,0,0.00%,5.71%,2025-04-10,https://www.instagram.com/p/DIQ1z9bvH0x/,⚪ Standard Organic: Baseline,Ipovae Unga GOLD'eh Lock Pannunga !!
1041,Tier 4: Toggle OFF + Organic (Noise),C. Krishniah Chetty & Co (CKC),Karnataka (HQ: Bengaluru),@crashdotclub,3385,0,357,0,0.00%,10.55%,2025-04-07,https://www.instagram.com/p/DIJhq3HRqV6/,⚪ Standard Organic: Baseline,"All the Glamour, All the Shine, Made Just for You!"
1042,Tier 4: Toggle OFF + Organic (Noise),C. Krishniah Chetty & Co (CKC),Karnataka (HQ: Bengaluru),@crashdotclub,3385,0,357,0,0.00%,10.55%,2025-04-07,https://www.instagram.com/p/DIJhWJ8vyo6/,⚪ Standard Organic: Baseline,They chose elegance. They chose ease. They chose magnificence 😍
1043,Tier 4: Toggle OFF + Organic (Noise),Anopchand Tilokchand (AT Jewell,Chhattisgarh (HQ: Raipur),@cosmo_himani,11988,0,167,0,0.00%,1.39%,2025-04-04,https://www.instagram.com/p/DICH7z9Bpsm/,⚪ Standard Organic: Baseline,"A vision in pink, glowing with bridal bliss! 💕💫"
1044,Tier 4: Toggle OFF + Organic (Noise),C. Krishniah Chetty & Co (CKC),Karnataka (HQ: Bengaluru),@crashdotclub,3385,0,357,0,0.00%,10.55%,2025-04-07,https://www.instagram.com/p/DIJg2RLIvT1/,⚪ Standard Organic: Baseline,"The perfect day, captured forever—because some moments deserve to be relived again and again! 🥰"
1045,Tier 4: Toggle OFF + Organic (Noise),C. Krishniah Chetty & Co (CKC),Karnataka (HQ: Bengaluru),@mindiafilms,11530,0,32,0,0.00%,0.28%,2025-04-04,https://www.instagram.com/p/DICRnCaIAVx/,⚪ Standard Organic: Baseline,C Krishniah Chetty isn’t just a name—it’s a legacy.
1046,Tier 4: Toggle OFF + Organic (Noise),DP Abhushan (DP Jewellers),Madhya Pradesh (HQ: Ratlam),@santoshkatariaofficial,575,0,47,0,0.00%,8.17%,2025-04-04,https://www.instagram.com/p/DIBDRWkRK9C/,⚪ Standard Organic: Baseline,"एक गर्व भरा पल, एक सुनहरी यात्रा का उत्सव!"
1047,Tier 4: Toggle OFF + Organic (Noise),Prince Jewellery,Tamil Nadu (HQ: Chennai),@indiaglitz_tamil,1076551,0,4744,0,0.00%,0.44%,2025-04-04,https://www.instagram.com/p/DIBmg-SPRpA/,⚪ Standard Organic: Baseline,Celebrate Akshaya Tritiya with Prince Jewellery! 'Pay Rs- 1000 and lock your Gold price today 'Book in advance.Don't miss out on FREE gold worth ₹2000
1048,Tier 4: Toggle OFF + Organic (Noise),Anopchand Tilokchand (AT Jewell,Chhattisgarh (HQ: Raipur),@meenakshisalons,10785,0,832,0,0.00%,7.71%,2025-04-02,https://www.instagram.com/p/DH8aubMPLzI/,⚪ Standard Organic: Baseline,📍 “Your dream look is just an appointment away!” 💕
1049,Tier 4: Toggle OFF + Organic (Noise),BlueStone,"Pan-India / Karnataka (HQ: Bengaluru, D2C)",@swasikavj,1709701,0,19078,0,0.00%,1.12%,2025-04-01,https://www.instagram.com/p/DH57JWBPffm/,⚪ Standard Organic: Baseline,Chasing my dreams ⭐️✨
1050,Tier 4: Toggle OFF + Organic (Noise),P. C. Chandra Jewellers,West Bengal (HQ: Kolkata),@pinkvilla,7286182,0,20047,0,0.00%,0.28%,2025-03-31,https://www.instagram.com/p/DH3D1aGqWP6/,⚪ Standard Organic: Baseline,@sanjanasanghi96 shines bright with grace and confidence at the Pinkvilla Screen and Style Icons Awards!
1051,Tier 4: Toggle OFF + Organic (Noise),BlueStone,"Pan-India / Karnataka (HQ: Bengaluru, D2C)",@hellokitty.india,41201,0,0,0,0.00%,0.00%,2025-03-28,https://www.instagram.com/p/DHvSe_bIr5h/,⚪ Standard Organic: Baseline,Crafted with love and sprinkled with Hello Kitty magic. ✨ Discover the exquisite detail of the Bluestone x Hello Kitty and Friends collection.
1052,Tier 4: Toggle OFF + Organic (Noise),P. C. Chandra Jewellers,West Bengal (HQ: Kolkata),@jannatzubair29,51618306,0,348932,0,0.00%,0.68%,2025-03-30,https://www.instagram.com/p/DH0tRnws57j/,⚪ Standard Organic: Baseline,"This Eid, celebrate love, celebrate togetherness, but most importantly, celebrate yourself! ✨"
1053,Tier 4: Toggle OFF + Organic (Noise),Prince Jewellery,Tamil Nadu (HQ: Chennai),@indiaglitz_tamil,1076551,0,4744,0,0.00%,0.44%,2025-03-31,https://www.instagram.com/p/DH3MTmePCkO/,⚪ Standard Organic: Baseline,"""Celebrate Akshaya Tritiya with Prince Jewellery! ✨""Pay Rs: 1000 and lock your Gold price today """
1054,Tier 4: Toggle OFF + Organic (Noise),Lalithaa Jewellery,Tamil Nadu (HQ: Chennai),@lalithaajewellerytelugu,28098,0,115,0,0.00%,0.41%,2025-03-29,https://www.instagram.com/p/DHyMLuuTrRu/,⚪ Standard Organic: Baseline,Wishing You a Prosperous Ugadi! ✨
1055,Tier 4: Toggle OFF + Organic (Noise),C. Krishniah Chetty & Co (CKC),Karnataka (HQ: Bengaluru),@taher_merchant,16470,0,404,0,0.00%,2.45%,2025-03-28,https://www.instagram.com/p/DHvipYZvhkQ/,⚪ Standard Organic: Baseline,"A simple act of kindness can make a big difference to these children, join me as I try to raise funds to provide student scholarships to over 500 chil"
1056,Tier 4: Toggle OFF + Organic (Noise),P. C. Chandra Jewellers,West Bengal (HQ: Kolkata),@pinkvilla,7286182,0,20047,0,0.00%,0.28%,2025-03-28,https://www.instagram.com/p/DHvLXyhKWuD/,⚪ Standard Organic: Baseline,@p.c.chandrajewellers presents the Best Debut (Female) award to @nitanshigoelofficial for her outstanding performance in Laapataa Ladies at the Pinkvi
1057,Tier 4: Toggle OFF + Organic (Noise),P. C. Chandra Jewellers,West Bengal (HQ: Kolkata),@pinkvilla,7286182,0,20047,0,0.00%,0.28%,2025-03-28,https://www.instagram.com/p/DHvCmUEqdGF/,⚪ Standard Organic: Baseline,@p.c.chandrajewellers presents Most Stylish Mould Breaker (Female) to @sanjanasanghi96! ✨🏆
1058,Tier 4: Toggle OFF + Organic (Noise),P. C. Chandra Jewellers,West Bengal (HQ: Kolkata),@pinkvilla,7286182,0,20047,0,0.00%,0.28%,2025-03-27,https://www.instagram.com/p/DHt-nOITAHN/,⚪ Standard Organic: Baseline,"@p.c.chandrajewellers presents the ""Best Actor - TV (Female)"" award to Rupali Ganguly for her outstanding performance in Anupama at the Pinkvilla Scre"
1059,Tier 4: Toggle OFF + Organic (Noise),Senco Gold & Diamonds,West Bengal (HQ: Kolkata),@everlitebysenco,60147,0,10,0,0.00%,0.02%,2025-03-25,https://www.instagram.com/p/DHoANmQP6EA/,⚪ Standard Organic: Baseline,Get yourself wrapped in the shades of sophistication!
1060,Tier 4: Toggle OFF + Organic (Noise),Hazoorilal Legacy,Delhi NCR (HQ: New Delhi),@navneetrandhawa,57916,0,31,0,0.00%,0.05%,2025-03-26,https://www.instagram.com/p/DHqVXgByxe8/,⚪ Standard Organic: Baseline,"From desk to dinner, I absolutely love how effortlessly Zoori by @hazoorilallegacy elevates any look. These dainty, stackable pieces are my go-to for"
1061,Tier 4: Toggle OFF + Organic (Noise),C. Krishniah Chetty & Co (CKC),Karnataka (HQ: Bengaluru),@ckcsons,12595,0,3014,0,0.00%,23.93%,2025-03-24,https://www.instagram.com/p/DHlZvzHSSeJ/,⚪ Standard Organic: Baseline,C. Krishniah Chetty Foundation believes in the power of dreams and supports young minds through its Scholarship Program.
1062,Tier 4: Toggle OFF + Organic (Noise),Senco Gold & Diamonds,West Bengal (HQ: Kolkata),@everlitebysenco,60147,0,10,0,0.00%,0.02%,2025-03-24,https://www.instagram.com/p/DHlYLZ1PEOD/,⚪ Standard Organic: Baseline,This transition is all you need to sparkle amidst the crowd!
1063,Tier 4: Toggle OFF + Organic (Noise),Senco Gold & Diamonds,West Bengal (HQ: Kolkata),@everlitebysenco,60147,0,10,0,0.00%,0.02%,2025-03-24,https://www.instagram.com/p/DHkrPlMx9fX/,⚪ Standard Organic: Baseline,"‼️STOP‼️ Before you scroll up, let us know in the comments section which one would you style with your outfit! 🤌💕"
1064,Tier 4: Toggle OFF + Organic (Noise),C. Krishniah Chetty & Co (CKC),Karnataka (HQ: Bengaluru),@crashdotclub,3385,0,357,0,0.00%,10.55%,2025-03-22,https://www.instagram.com/p/DHf5L-vicbV/,⚪ Standard Organic: Baseline,"The moment of truth is here. The whispers, the doubts, the scepticism-all of it leads to one stunning revelation by none other than @chaitucotha"
1065,Tier 4: Toggle OFF + Organic (Noise),Sri Jagdamba Pearls,Telangana (HQ: Hyderabad),@veenasubramanyam,4216,0,85,0,0.00%,2.02%,2025-03-24,https://www.instagram.com/p/DHlLYV4snci/,⚪ Standard Organic: Baseline,Pearls: A symbol of grace and sophistication
1066,Tier 4: Toggle OFF + Organic (Noise),GRT Jewellers,Tamil Nadu (HQ: Chennai),@nayani_pavani,913465,0,35101,0,0.00%,3.84%,2025-03-22,https://www.instagram.com/p/DHgUu3WvA40/,⚪ Standard Organic: Baseline,"Ugadi celebrations call for elegance, styling and a touch of sparkle! ✨"
1067,Tier 4: Toggle OFF + Organic (Noise),Lalithaa Jewellery,Tamil Nadu (HQ: Chennai),@saregamatvshows_,302861,0,642,0,0.00%,0.21%,2025-03-20,https://www.instagram.com/p/DHa27ORSCf5/,⚪ Standard Organic: Baseline,Malar’s jewellery purchase in Lalitha jewellery✨❤️
1068,Tier 4: Toggle OFF + Organic (Noise),Khimji Jewellers,Odisha (HQ: Bhubaneswar),@timesfashionweek,281272,0,369,0,0.00%,0.13%,2025-03-16,https://www.instagram.com/p/DHQ9bF6B6PM/,⚪ Standard Organic: Baseline,A Perfect Blend of Glamour & Flavor! 🍸✨
1069,Tier 4: Toggle OFF + Organic (Noise),Khimji Jewellers,Odisha (HQ: Bhubaneswar),@timesfashionweek,281272,0,369,0,0.00%,0.13%,2025-03-16,https://www.instagram.com/p/DHQ-zELhzlR/,⚪ Standard Organic: Baseline,Fueling the Runway with Hustle Energy Drink! 🚀
1070,Tier 4: Toggle OFF + Organic (Noise),Tanishq,"Pan-India / Karnataka (HQ: Bengaluru, Titan)",@rivaahbytanishq,91812,0,15600,0,0.00%,16.99%,2025-03-18,https://www.instagram.com/p/DHVznT0h8_K/,⚪ Standard Organic: Baseline,"Adorned in tradition, designed for grandeur, each pearl and intricate detail whispers stories of heritage craftsmanship. For your enchanting Mehendi c"
1071,Tier 4: Toggle OFF + Organic (Noise),Khimji Jewellers,Odisha (HQ: Bhubaneswar),@timesfashionweek,281272,0,369,0,0.00%,0.13%,2025-03-16,https://www.instagram.com/p/DHQ81WUhUOb/,⚪ Standard Organic: Baseline,Timeless Elegance by Chandrani Pearls! ✨
1072,Tier 4: Toggle OFF + Organic (Noise),Khimji Jewellers,Odisha (HQ: Bhubaneswar),@timesfashionweek,281272,0,369,0,0.00%,0.13%,2025-03-16,https://www.instagram.com/p/DHQ8UC7BhUO/,⚪ Standard Organic: Baseline,Abhishek Roy Unveils a Spectacular Showcase! ✨
1073,Tier 4: Toggle OFF + Organic (Noise),Khimji Jewellers,Odisha (HQ: Bhubaneswar),@timesfashionweek,281272,0,369,0,0.00%,0.13%,2025-03-16,https://www.instagram.com/p/DHQ8KiQBiqT/,⚪ Standard Organic: Baseline,Abhishek Roy Unveils a Spectacular Showcase! ✨
1074,Tier 4: Toggle OFF + Organic (Noise),Khimji Jewellers,Odisha (HQ: Bhubaneswar),@timesfashionweek,281272,0,369,0,0.00%,0.13%,2025-03-16,https://www.instagram.com/p/DHQvkNph0nF/,⚪ Standard Organic: Baseline,Sustainable Elegance by JD Birla Institute! ✨
1075,Tier 4: Toggle OFF + Organic (Noise),Khimji Jewellers,Odisha (HQ: Bhubaneswar),@timesfashionweek,281272,0,369,0,0.00%,0.13%,2025-03-16,https://www.instagram.com/p/DHQTml5BllF/,⚪ Standard Organic: Baseline,Unveiling Elegance with Harish Akkisetty! ✨
1076,Tier 4: Toggle OFF + Organic (Noise),Sri Jagdamba Pearls,Telangana (HQ: Hyderabad),@getpeppywithme,5865,0,16,0,0.00%,0.27%,2025-03-15,https://www.instagram.com/p/DHOI-8fJiH8/,⚪ Standard Organic: Baseline,✨ Jagadamba Pearls First-Ever Exchange Offer! ✨
1077,Tier 4: Toggle OFF + Organic (Noise),Senco Gold & Diamonds,West Bengal (HQ: Kolkata),@everlitebysenco,60147,0,10,0,0.00%,0.02%,2025-03-13,https://www.instagram.com/p/DHISq89x63d/,⚪ Standard Organic: Baseline,Accepting the different layers of your persona and glistening in every shade is an art and you’re an artist. Get your spark!
1078,Tier 4: Toggle OFF + Organic (Noise),Senco Gold & Diamonds,West Bengal (HQ: Kolkata),@everlitebysenco,60147,0,10,0,0.00%,0.02%,2025-03-11,https://www.instagram.com/p/DHDNfPPRuGA/,⚪ Standard Organic: Baseline,"Cheers to every shade of womanhood. Accept, embrace and take a step ahead towards the everlite journey of YOU!"
1079,Tier 4: Toggle OFF + Organic (Noise),Senco Gold & Diamonds,West Bengal (HQ: Kolkata),@everlitebysenco,60147,0,10,0,0.00%,0.02%,2025-03-10,https://www.instagram.com/p/DHAfljfRgdL/,⚪ Standard Organic: Baseline,"Women have the superpower of being everything all at once. Embrace it, rise through all the odds and shine on!"
1080,Tier 4: Toggle OFF + Organic (Noise),Amrapali Jewels,Rajasthan (HQ: Jaipur),@casarthakahuja,3804021,0,13914,0,0.00%,0.37%,2025-03-15,https://www.instagram.com/p/DHOYtofy0Oy/,⚪ Standard Organic: Baseline,I was surprised to find out that today one can start a business in jewellery with much lesser capital that I’d imagined…
1081,Tier 4: Toggle OFF + Organic (Noise),C. Krishniah Chetty & Co (CKC),Karnataka (HQ: Bengaluru),@crashdotclub,3385,0,357,0,0.00%,10.55%,2025-03-09,https://www.instagram.com/p/DG-9p2HvQVt/,⚪ Standard Organic: Baseline,Are some things tooooo good to be true? Maybe not! 😇
1082,Tier 4: Toggle OFF + Organic (Noise),Khimji Jewellers,Odisha (HQ: Bhubaneswar),@timesfashionweek,281272,0,369,0,0.00%,0.13%,2025-03-09,https://www.instagram.com/p/DG_buoaBqKe/,⚪ Standard Organic: Baseline,✨ The runway witnessed pure magic as @samantchauhan closed Day 2 of Calcutta Times Fashion Week 2025 with an unforgettable showcase! ✨
1083,Tier 4: Toggle OFF + Organic (Noise),Khimji Jewellers,Odisha (HQ: Bhubaneswar),@timesfashionweek,281272,0,369,0,0.00%,0.13%,2025-03-09,https://www.instagram.com/p/DG_bJishVLK/,⚪ Standard Organic: Baseline,Day 2 of Calcutta Times Fashion Week 2025 witnessed an awe-inspiring runway presentation by @iifdkolkata 🎭✨ From bold innovations to timeless craftsma
1084,Tier 4: Toggle OFF + Organic (Noise),Khimji Jewellers,Odisha (HQ: Bhubaneswar),@timesfashionweek,281272,0,369,0,0.00%,0.13%,2025-03-09,https://www.instagram.com/p/DG_a7D9hv6J/,⚪ Standard Organic: Baseline,Day 2 of Calcutta Times Fashion Week 2025 witnessed an awe-inspiring runway presentation by @iifdkolkata 🎭✨ From bold innovations to timeless craftsma
1085,Tier 4: Toggle OFF + Organic (Noise),Khimji Jewellers,Odisha (HQ: Bhubaneswar),@timesfashionweek,281272,0,369,0,0.00%,0.13%,2025-03-09,https://www.instagram.com/p/DG_a0CAhQIL/,⚪ Standard Organic: Baseline,Day 2 of Calcutta Times Fashion Week 2025 witnessed an awe-inspiring runway presentation by @iifdkolkata 🎭✨ From bold innovations to timeless craftsma
1086,Tier 4: Toggle OFF + Organic (Noise),Khimji Jewellers,Odisha (HQ: Bhubaneswar),@timesfashionweek,281272,0,369,0,0.00%,0.13%,2025-03-09,https://www.instagram.com/p/DG_USr8Bvac/,⚪ Standard Organic: Baseline,Day 2 of Calcutta Times Fashion Week 2025 lit up the runway as @roy_calcutta_official delivered a breathtaking showcase of regal elegance and modern d
1087,Tier 4: Toggle OFF + Organic (Noise),Khimji Jewellers,Odisha (HQ: Bhubaneswar),@timesfashionweek,281272,0,369,0,0.00%,0.13%,2025-03-09,https://www.instagram.com/p/DG_TK0zhFzH/,⚪ Standard Organic: Baseline,Day 2 of Calcutta Times Fashion Week 2025 lit up the runway as @roy_calcutta_official delivered a breathtaking showcase of regal elegance and modern d
1088,Tier 4: Toggle OFF + Organic (Noise),Khimji Jewellers,Odisha (HQ: Bhubaneswar),@timesfashionweek,281272,0,369,0,0.00%,0.13%,2025-03-09,https://www.instagram.com/p/DG_S_H2hHFt/,⚪ Standard Organic: Baseline,Day 2 of Calcutta Times Fashion Week 2025 lit up the runway as @roy_calcutta_official delivered a breathtaking showcase of regal elegance and modern d
1089,Tier 4: Toggle OFF + Organic (Noise),P. C. Chandra Jewellers,West Bengal (HQ: Kolkata),@adhyaaparajita,530490,0,16186,0,0.00%,3.05%,2025-03-08,https://www.instagram.com/p/DG7gXddRcvh/,⚪ Standard Organic: Baseline,"To all the women who choose themselves every day, who embrace their worth unapologetically—I celebrate YOU! The jewellery I wear from P.C. Chandra Jew"
1090,Tier 4: Toggle OFF + Organic (Noise),Senco Gold & Diamonds,West Bengal (HQ: Kolkata),@everlitebysenco,60147,0,10,0,0.00%,0.02%,2025-03-08,https://www.instagram.com/p/DG7puC8xI_L/,⚪ Standard Organic: Baseline,"To the women, no actually let’s rewind!"
1091,Tier 4: Toggle OFF + Organic (Noise),C. Krishniah Chetty & Co (CKC),Karnataka (HQ: Bengaluru),@crashdotclub,3385,0,357,0,0.00%,10.55%,2025-03-07,https://www.instagram.com/p/DG59h45oA5Y/,⚪ Standard Organic: Baseline,A high-stakes investigation. A room full of sceptics.
1092,Tier 4: Toggle OFF + Organic (Noise),C. Krishniah Chetty & Co (CKC),Karnataka (HQ: Bengaluru),@crashdotclub,3385,0,357,0,0.00%,10.55%,2025-03-06,https://www.instagram.com/p/DG3JBuFSYHf/,⚪ Standard Organic: Baseline,Something extraordinary is in the air 😌
1093,Tier 4: Toggle OFF + Organic (Noise),Senco Gold & Diamonds,West Bengal (HQ: Kolkata),@everlitebysenco,60147,0,10,0,0.00%,0.02%,2025-03-06,https://www.instagram.com/p/DG2O_jRRlMj/,⚪ Standard Organic: Baseline,"With the sparkling moment, head out and embrace the shades of womanhood!"
1094,Tier 4: Toggle OFF + Organic (Noise),C. Krishniah Chetty & Co (CKC),Karnataka (HQ: Bengaluru),@crashdotclub,3385,0,357,0,0.00%,10.55%,2025-03-05,https://www.instagram.com/p/DG0elTsPxOa/,⚪ Standard Organic: Baseline,The most talked-about revelation is stirring curiosity everywhere 😶
1095,Tier 4: Toggle OFF + Organic (Noise),Lalithaa Jewellery,Tamil Nadu (HQ: Chennai),@lalithaajewellerytelugu,28098,0,115,0,0.00%,0.41%,2025-03-03,https://www.instagram.com/p/DGvF2D8TqPS/,⚪ Standard Organic: Baseline,"Our Lakshmi Mugappu Collection is a tribute to tradition, blending divine blessings with timeless craftsmanship."
1096,Tier 4: Toggle OFF + Organic (Noise),Tanishq,"Pan-India / Karnataka (HQ: Bengaluru, Titan)",@alexander_noel_janam,1233649,0,662863,0,0.00%,53.73%,2025-02-27,https://www.instagram.com/p/DGk8gDYtC52/,⚪ Standard Organic: Baseline,Stepping into the wedding season with my own flair! Here’s my take on Main Keya Hai Hai.
1097,Tier 4: Toggle OFF + Organic (Noise),C. Krishniah Chetty & Co (CKC),Karnataka (HQ: Bengaluru),@crashdotclub,3385,0,357,0,0.00%,10.55%,2025-03-04,https://www.instagram.com/p/DGxDRhXIixK/,⚪ Standard Organic: Baseline,"Secrets, Suspense & A Revelation That Defies Logic!"
1098,Tier 4: Toggle OFF + Organic (Noise),Senco Gold & Diamonds,West Bengal (HQ: Kolkata),@perfectlovebysenco,544,0,101,0,0.00%,18.57%,2025-02-27,https://www.instagram.com/p/DGkPAs1hc_0/,⚪ Standard Organic: Baseline,"Enhance your style with these 0.32-carat diamond stud earrings in 18K yellow gold. Featuring Hearts and Arrows cut solitaires, their brilliance and pr"
1099,Tier 4: Toggle OFF + Organic (Noise),Senco Gold & Diamonds,West Bengal (HQ: Kolkata),@perfectlovebysenco,544,0,101,0,0.00%,18.57%,2025-02-26,https://www.instagram.com/p/DGhrcaxhouf/,⚪ Standard Organic: Baseline,"Celebrate your love with this exquisite 18K yellow gold ring from Senco Perfect Love. Featuring a 0.27 carat Hearts and Arrows diamond, encircled by a"
1100,Tier 4: Toggle OFF + Organic (Noise),B.C. Sen Jewellers,India,@theamistory,588,0,108,0,0.00%,18.37%,2025-02-25,https://www.instagram.com/p/DGf8-6uhSW_/,⚪ Standard Organic: Baseline,"‘𝒂𝒎𝒊’ - not just an accessory, but the confidence you wear! ✨"
1101,Tier 4: Toggle OFF + Organic (Noise),P. C. Chandra Jewellers,West Bengal (HQ: Kolkata),@pcchandra.goldlitesdiva,5498,0,159,0,0.00%,2.89%,2025-02-24,https://www.instagram.com/p/DGcnYK5So3f/,⚪ Standard Organic: Baseline,"✨ A Day of Giving, Learning & Heartfelt Moments! ✨"
1102,Tier 4: Toggle OFF + Organic (Noise),Senco Gold & Diamonds,West Bengal (HQ: Kolkata),@perfectlovebysenco,544,0,101,0,0.00%,18.57%,2025-02-25,https://www.instagram.com/p/DGf3JaXJSHt/,⚪ Standard Organic: Baseline,"This 18K yellow gold pendant features a captivating circular design, adorned with 0.77 carats of diamonds. At its heart, a radiant Hearts and Arrows s"
1103,Tier 4: Toggle OFF + Organic (Noise),P. C. Chandra Jewellers,West Bengal (HQ: Kolkata),@pcchandra.goldlitesdiva,5498,0,159,0,0.00%,2.89%,2025-02-24,https://www.instagram.com/p/DGcnLC1KATP/,⚪ Standard Organic: Baseline,"✨ A Day of Giving, Learning & Heartfelt Moments! ✨"
1104,Tier 4: Toggle OFF + Organic (Noise),P. C. Chandra Jewellers,West Bengal (HQ: Kolkata),@pcchandra.goldlitesdiva,5498,0,159,0,0.00%,2.89%,2025-02-24,https://www.instagram.com/p/DGcmAs1yeKw/,⚪ Standard Organic: Baseline,"✨ A Day of Giving, Learning & Heartfelt Moments! ✨"
1105,Tier 4: Toggle OFF + Organic (Noise),Senco Gold & Diamonds,West Bengal (HQ: Kolkata),@perfectlovebysenco,544,0,101,0,0.00%,18.57%,2025-02-24,https://www.instagram.com/p/DGdiPibvPkl/,⚪ Standard Organic: Baseline,"Shine bright with these 0.2 carat solitaire men’s earrings in 18k yellow gold. Featuring a star design and a Hearts & Arrows cut diamond, they combine"
1106,Tier 4: Toggle OFF + Organic (Noise),Senco Gold & Diamonds,West Bengal (HQ: Kolkata),@perfectlovebysenco,544,0,101,0,0.00%,18.57%,2025-02-24,https://www.instagram.com/p/DGdDVF9hPTf/,⚪ Standard Organic: Baseline,"Crafted in 18K yellow gold, this 0.71-carat Heart & Arrows cut solitaire diamond chain pendant exudes timeless elegance. Its layered design and precis"
1107,Tier 4: Toggle OFF + Organic (Noise),Senco Gold & Diamonds,West Bengal (HQ: Kolkata),@perfectlovebysenco,544,0,101,0,0.00%,18.57%,2025-02-24,https://www.instagram.com/p/DGcu_kZpGEM/,⚪ Standard Organic: Baseline,"Celebrate timeless love with this 0.38-carat Hearts & Arrows cut diamond ring. Featuring a radiant solitaire surrounded by sparkling diamonds, its pre"
1108,Tier 4: Toggle OFF + Organic (Noise),Senco Gold & Diamonds,West Bengal (HQ: Kolkata),@everlitebysenco,60147,0,10,0,0.00%,0.02%,2025-02-24,https://www.instagram.com/p/DGce4gTxDGm/,⚪ Standard Organic: Baseline,"Still looking for the perfect piece to amp up your brunch look? Think no more, and get these Everlite pieces to create some magical moments!"
1109,Tier 4: Toggle OFF + Organic (Noise),Senco Gold & Diamonds,West Bengal (HQ: Kolkata),@everlitebysenco,60147,0,10,0,0.00%,0.02%,2025-02-19,https://www.instagram.com/p/DGP0d4MRmaE/,⚪ Standard Organic: Baseline,"If you’re into words like “OTT” and “Maximalist glam” then these stunning pieces are just made for YOU! Get these and wherever you go, becomes your ru"
1110,Tier 4: Toggle OFF + Organic (Noise),Tanishq,"Pan-India / Karnataka (HQ: Bengaluru, Titan)",@sakshisindwani,711418,0,19558,0,0.00%,2.75%,2025-02-23,https://www.instagram.com/p/DGabTmHzoyK/,⚪ Standard Organic: Baseline,Soulmates? Soulmates ♥️ 🧿@raghavarora1 DEAL 🤝
1111,Tier 4: Toggle OFF + Organic (Noise),P. C. Chandra Jewellers,West Bengal (HQ: Kolkata),@pcchandra.goldlitesdiva,5498,0,159,0,0.00%,2.89%,2025-02-17,https://www.instagram.com/p/DGKpoK5yiek/,⚪ Standard Organic: Baseline,👑 The Crown Finds Its Queen! 👑
1112,Tier 4: Toggle OFF + Organic (Noise),Hazoorilal Legacy,Delhi NCR (HQ: New Delhi),@kiran.malikofficial,113851,0,1111,0,0.00%,0.98%,2025-02-18,https://www.instagram.com/p/DGN6Qg8y5wG/,⚪ Standard Organic: Baseline,KIRAN MALIK X HAZOORILAL LEGACY
1113,Tier 4: Toggle OFF + Organic (Noise),P. C. Chandra Jewellers,West Bengal (HQ: Kolkata),@pcchandra.goldlitesdiva,5498,0,159,0,0.00%,2.89%,2025-02-17,https://www.instagram.com/p/DGKp3muyMEF/,⚪ Standard Organic: Baseline,"With confidence and charisma, Samarpita Chattopadhyay has secured her place as the 1st Runner-Up of P.C. Chandra Goldlites Diva 2025. A journey filled"
1114,Tier 4: Toggle OFF + Organic (Noise),Senco Gold & Diamonds,West Bengal (HQ: Kolkata),@everlitebysenco,60147,0,10,0,0.00%,0.02%,2025-02-21,https://www.instagram.com/p/DGUwpRHR_Lm/,⚪ Standard Organic: Baseline,Serve a little extra oomph and make your evenings all about endless sparkle and everlasting shimmer!
1115,Tier 4: Toggle OFF + Organic (Noise),P. C. Chandra Jewellers,West Bengal (HQ: Kolkata),@pcchandra.goldlitesdiva,5498,0,159,0,0.00%,2.89%,2025-02-17,https://www.instagram.com/p/DGKpYL6Kc5H/,⚪ Standard Organic: Baseline,"With unwavering dedication and elegance, Anju Pandey takes her place as the 2nd Runner-Up of P.C. Chandra Goldlites Diva 2025. A moment of triumph tha"
1116,Tier 4: Toggle OFF + Organic (Noise),Tanishq,"Pan-India / Karnataka (HQ: Bengaluru, Titan)",@rivaahbytanishq,91812,0,15600,0,0.00%,16.99%,2025-02-17,https://www.instagram.com/p/DGLd05DtQ81/,⚪ Standard Organic: Baseline,"Not every bride takes a step towards forever—some take leaps, twirls, and grooves."
1117,Tier 4: Toggle OFF + Organic (Noise),Tanishq,"Pan-India / Karnataka (HQ: Bengaluru, Titan)",@tigerbabyofficial,146147,0,20408,0,0.00%,13.96%,2025-02-17,https://www.instagram.com/p/DGLHdggMhhf/,⚪ Standard Organic: Baseline,"Not every bride takes a step toward forever—some take leaps, twirls, and grooves. #TigerTelly"
1118,Tier 4: Toggle OFF + Organic (Noise),GRT Jewellers,Tamil Nadu (HQ: Chennai),@tejaswimadivada,1144541,0,554,0,0.00%,0.05%,2025-02-16,https://www.instagram.com/p/DGIRgq2yWBE/,⚪ Standard Organic: Baseline,"Exciting news, Rajahmundry! ✨"
1119,Tier 4: Toggle OFF + Organic (Noise),Tanishq,"Pan-India / Karnataka (HQ: Bengaluru, Titan)",@rivaahbytanishq,91812,0,15600,0,0.00%,16.99%,2025-02-17,https://www.instagram.com/p/DGK2tcRt0yq/,⚪ Standard Organic: Baseline,"A bride, a beat, and a moment like never before. Stay tuned."
1120,Tier 4: Toggle OFF + Organic (Noise),P. C. Chandra Jewellers,West Bengal (HQ: Kolkata),@pcchandra.goldlitesdiva,5498,0,159,0,0.00%,2.89%,2025-02-16,https://www.instagram.com/p/DGJOOmWS-wK/,⚪ Standard Organic: Baseline,"👑 A night of beauty, confidence, and dreams come true – presenting our winners! 👑"
1121,Tier 4: Toggle OFF + Organic (Noise),P. C. Chandra Jewellers,West Bengal (HQ: Kolkata),@pcchandra.goldlitesdiva,5498,0,159,0,0.00%,2.89%,2025-02-16,https://www.instagram.com/p/DGJK_y6yTH7/,⚪ Standard Organic: Baseline,"🎶 Style, elegance, and rhythm – the perfect symphony on the ramp!"
1122,Tier 4: Toggle OFF + Organic (Noise),P. C. Chandra Jewellers,West Bengal (HQ: Kolkata),@pcchandra.goldlitesdiva,5498,0,159,0,0.00%,2.89%,2025-02-16,https://www.instagram.com/p/DGIew8PSU0z/,⚪ Standard Organic: Baseline,Getting ready to dazzle! 🔥💄 Backstage magic is underway... Stay tuned for a night of glamour!
1123,Tier 4: Toggle OFF + Organic (Noise),P. C. Chandra Jewellers,West Bengal (HQ: Kolkata),@pcchandra.goldlitesdiva,5498,0,159,0,0.00%,2.89%,2025-02-16,https://www.instagram.com/p/DGIsldgSDim/,⚪ Standard Organic: Baseline,"The guests are seated, the spotlight is ready—let the journey to the crown begin! 👑✨"
1124,Tier 4: Toggle OFF + Organic (Noise),Hazoorilal Legacy,Delhi NCR (HQ: New Delhi),@kiran.malikofficial,113851,0,1111,0,0.00%,0.98%,2025-02-15,https://www.instagram.com/p/DGGJCgXJIwC/,⚪ Standard Organic: Baseline,Hazoorilal Legacy X Kiran Malik
1125,Tier 4: Toggle OFF + Organic (Noise),P. C. Chandra Jewellers,West Bengal (HQ: Kolkata),@pcchandra.goldlitesdiva,5498,0,159,0,0.00%,2.89%,2025-02-16,https://www.instagram.com/p/DGIWsiJSycw/,⚪ Standard Organic: Baseline,✨ From Blueprint to Brilliance! ✨
1126,Tier 4: Toggle OFF + Organic (Noise),Senco Gold & Diamonds,West Bengal (HQ: Kolkata),@everlitebysenco,60147,0,10,0,0.00%,0.02%,2025-02-15,https://www.instagram.com/p/DGFugPUxxPL/,⚪ Standard Organic: Baseline,"Falling in love often includes an individual, but the feelings revolve around two, building a strong foundation of everlasting memories!"
1127,Tier 4: Toggle OFF + Organic (Noise),Senco Gold & Diamonds,West Bengal (HQ: Kolkata),@everlitebysenco,60147,0,10,0,0.00%,0.02%,2025-02-15,https://www.instagram.com/p/DGFTyPKRuWD/,⚪ Standard Organic: Baseline,"While love lingers on like a beautiful breeze, it also makes us stay firm!"
1128,Tier 4: Toggle OFF + Organic (Noise),Senco Gold & Diamonds,West Bengal (HQ: Kolkata),@everlitebysenco,60147,0,10,0,0.00%,0.02%,2025-02-15,https://www.instagram.com/p/DGFdME7x8lT/,⚪ Standard Organic: Baseline,Are you ready to head out for a beautiful date? Then jazz up your look with a token of love to  make your special someone feel extra special and creat
1129,Tier 4: Toggle OFF + Organic (Noise),P. C. Chandra Jewellers,West Bengal (HQ: Kolkata),@pcchandra.goldlitesdiva,5498,0,159,0,0.00%,2.89%,2025-02-16,https://www.instagram.com/p/DGI7y9LSGSF/,⚪ Standard Organic: Baseline,"💃 the stage is set! Lights, camera, judges! Who will take the crown? 👑👸"
1130,Tier 4: Toggle OFF + Organic (Noise),GRT Jewellers,Tamil Nadu (HQ: Chennai),@tejaswimadivada,1144541,0,554,0,0.00%,0.05%,2025-02-14,https://www.instagram.com/p/DGDYrCAyP3C/,⚪ Standard Organic: Baseline,Stepping into the all-new GRT Rajahmundry showroom felt like entering a world of timeless beauty!✨
1131,Tier 4: Toggle OFF + Organic (Noise),B.C. Sen Jewellers,India,@sanjbee,711322,0,5299,0,0.00%,0.74%,2025-02-14,https://www.instagram.com/p/DGDvbSsSuqQ/,⚪ Standard Organic: Baseline,the ami story 🎀
1132,Tier 4: Toggle OFF + Organic (Noise),Senco Gold & Diamonds,West Bengal (HQ: Kolkata),@perfectlovebysenco,544,0,101,0,0.00%,18.57%,2025-02-12,https://www.instagram.com/p/DF-IutIhRB4/,⚪ Standard Organic: Baseline,Elegance meets tradition with this 0.32-carat diamond mangalsutra in 18K yellow gold. Featuring a graceful V-shaped pendant with a circular studded dr
1133,Tier 4: Toggle OFF + Organic (Noise),Senco Gold & Diamonds,West Bengal (HQ: Kolkata),@perfectlovebysenco,544,0,101,0,0.00%,18.57%,2025-02-12,https://www.instagram.com/p/DF-IKdfBF-u/,⚪ Standard Organic: Baseline,Celebrate Love That Shines Forever!
1134,Tier 4: Toggle OFF + Organic (Noise),P. C. Chandra Jewellers,West Bengal (HQ: Kolkata),@ishika.kanade,280940,0,8466,0,0.00%,3.01%,2025-02-13,https://www.instagram.com/p/DGAxOKtvrl1/,⚪ Standard Organic: Baseline,"This Valentine’s Day, celebrate love with a gift as timeless as your bond. ✨"
1135,Tier 4: Toggle OFF + Organic (Noise),Senco Gold & Diamonds,West Bengal (HQ: Kolkata),@perfectlovebysenco,544,0,101,0,0.00%,18.57%,2025-02-12,https://www.instagram.com/p/DF-HntfhRzL/,⚪ Standard Organic: Baseline,"These 0.36-carat diamond men’s studs in 18K yellow gold feature a Hearts & Arrows cut solitaire, surrounded by radiant accents. Perfect love by Senco"
1136,Tier 4: Toggle OFF + Organic (Noise),BlueStone,"Pan-India / Karnataka (HQ: Bengaluru, D2C)",@familyonadrive,4462,0,0,0,0.00%,0.00%,2025-02-11,https://www.instagram.com/p/DF7DbyxC5yJ/,⚪ Standard Organic: Baseline,"3 years, countless memories, and one little white lie for a big surprise! 💍❤️"
1137,Tier 4: Toggle OFF + Organic (Noise),Kalamandir Jewellers,Gujarat (HQ: Surat),@kushalkikhushi,398480,0,473067,0,0.00%,118.72%,2025-02-07,https://www.instagram.com/p/DFws-Yspace/,⚪ Standard Organic: Baseline,Surprise your partner this Valentine’s Day by taking her to the nearest @kalamandirjewellers store and gifting her these Heart shaped labgrown Diamond
1138,Tier 4: Toggle OFF + Organic (Noise),Aisshpra Gems & Jewels,Uttar Pradesh (HQ: Gorakhpur),@radhikaatewhat,56322,0,93046,0,0.00%,165.20%,2025-02-08,https://www.instagram.com/p/DFzWw8dzPzN/,⚪ Standard Organic: Baseline,Make your Valentine’s Day unforgettable with @aisshprajewels ✨ Spotted these gorgeous diamond pieces from their U&Me collection at 20% off! Because lo
1139,Tier 4: Toggle OFF + Organic (Noise),Kalamandir Jewellers,Gujarat (HQ: Surat),@thetarotales,445366,0,20394,0,0.00%,4.58%,2025-02-09,https://www.instagram.com/p/DF1t6XCKhQw/,⚪ Standard Organic: Baseline,"Say it in Style, and seal it with Sparkle! A Proposal to remember, a sparkle to cherish forever!"
1140,Tier 4: Toggle OFF + Organic (Noise),Lalithaa Jewellery,Tamil Nadu (HQ: Chennai),@lalithaajewellerykannada_,11319,0,110,0,0.00%,0.97%,2025-02-05,https://www.instagram.com/p/DFsHbnah6c8/,⚪ Standard Organic: Baseline,The divine love of Meenakshi & Sundareswarar isn't just a story—it's a feeling we carry in our hearts❤️
1141,Tier 4: Toggle OFF + Organic (Noise),Aisshpra Gems & Jewels,Uttar Pradesh (HQ: Gorakhpur),@thesaubhagyadixit,293581,0,104566,0,0.00%,35.62%,2025-02-06,https://www.instagram.com/p/DFuwk2VJ8lh/,⚪ Standard Organic: Baseline,"This Valentine’s Day Apnapan jataiye, sirf apno k sath nahi apne aap se bhi with U&Me collection from @aisshprajewels . 💕"
1142,Tier 4: Toggle OFF + Organic (Noise),Amrapali Jewels,Rajasthan (HQ: Jaipur),@tarang_arora,31621,0,585,0,0.00%,1.85%,2025-01-31,https://www.instagram.com/p/DFf9AQPoeh0/,⚪ Standard Organic: Baseline,Amrapali Jewels at #DJWE2025 @djwe.qa @amirigems @amrapalijewels
1143,Tier 4: Toggle OFF + Organic (Noise),Senco Gold & Diamonds,West Bengal (HQ: Kolkata),@perfectlovebysenco,544,0,101,0,0.00%,18.57%,2025-01-29,https://www.instagram.com/p/DFZ9R4th7wx/,⚪ Standard Organic: Baseline,"This 0.21-carat diamond ring in 18K gold, with a Hearts and Arrows solitaire and diamond-studded sides, is a stunning symbol of love. Its brilliance c"
1144,Tier 4: Toggle OFF + Organic (Noise),Senco Gold & Diamonds,West Bengal (HQ: Kolkata),@perfectlovebysenco,544,0,101,0,0.00%,18.57%,2025-01-29,https://www.instagram.com/p/DFZ1OzSJhbh/,⚪ Standard Organic: Baseline,"This 0.21-carat diamond ring in 18K gold, with a Hearts and Arrows solitaire and diamond-studded sides, is a stunning symbol of love. Its brilliance c"
1145,Tier 4: Toggle OFF + Organic (Noise),Senco Gold & Diamonds,West Bengal (HQ: Kolkata),@perfectlovebysenco,544,0,101,0,0.00%,18.57%,2025-01-29,https://www.instagram.com/p/DFaH5MDptDh/,⚪ Standard Organic: Baseline,This 0.34-carat Hearts & Arrow cut solitaire diamond ring in 18K yellow gold is a radiant symbol of perfect love. With remarkable brilliance and timel
1146,Tier 4: Toggle OFF + Organic (Noise),Senco Gold & Diamonds,West Bengal (HQ: Kolkata),@dpiff_official,1286592,0,1263,0,0.00%,0.10%,2025-01-24,https://www.instagram.com/p/DFNPkPZSSeC/,⚪ Standard Organic: Baseline,"Dadasaheb Phalke International Film Festival 2025, a celebration of cinematic brilliance, finds its radiance amplified by Senco Gold & Diamonds, its d"
1147,Tier 4: Toggle OFF + Organic (Noise),C. Krishniah Chetty & Co (CKC),Karnataka (HQ: Bengaluru),@ckcsons,12595,0,3014,0,0.00%,23.93%,2025-01-26,https://www.instagram.com/p/DFRXTqbtLWb/,⚪ Standard Organic: Baseline,"Celebrating the Pillars of Democracy, Strengthened by the Pillars of C Krishniah Chetty – Knowledge, Heritage, Legacy, and Information. United in Valu"
1148,Tier 4: Toggle OFF + Organic (Noise),C. Krishniah Chetty & Co (CKC),Karnataka (HQ: Bengaluru),@priyankachatterjee,0,0,0,0,0.00%,0.00%,2025-01-24,https://www.instagram.com/p/DFNJWsYq4YZ/,⚪ Standard Organic: Baseline,"Indulge in the allure of luxury. These exotic premium fragrances are a journey for the senses, crafted to leave a lasting impression."
1149,Tier 4: Toggle OFF + Organic (Noise),Senco Gold & Diamonds,West Bengal (HQ: Kolkata),@dpiff_official,1286592,0,1263,0,0.00%,0.10%,2025-01-24,https://www.instagram.com/p/DFNNnA0y88_/,⚪ Standard Organic: Baseline,"A beacon of Indian cinema celebrating artistic excellence, Dadasaheb Phalke International Film Festival 2025, finds a distinguished co-powered by part"
1150,Tier 4: Toggle OFF + Organic (Noise),Senco Gold & Diamonds,West Bengal (HQ: Kolkata),@dpiff_official,1286592,0,1263,0,0.00%,0.10%,2025-01-24,https://www.instagram.com/p/DFNKBlaSCk1/,⚪ Standard Organic: Baseline,Dadasaheb Phalke International Film Festival 2025 proudly welcomes Senco Gold and Diamonds as its esteemed Co-Powered by Partner. This significant ass
1151,Tier 4: Toggle OFF + Organic (Noise),Amrapali Jewels,Rajasthan (HQ: Jaipur),@masabagupta,1841284,0,16866,0,0.00%,0.92%,2025-01-21,https://www.instagram.com/p/DFFopJJsBNu/,⚪ Standard Organic: Baseline,• Fine Jewellery By House of Masaba & Amrapali Jewels •
1152,Tier 4: Toggle OFF + Organic (Noise),Amrapali Jewels,Rajasthan (HQ: Jaipur),@masabagupta,1841284,0,16866,0,0.00%,0.92%,2025-01-21,https://www.instagram.com/p/DFFCR-gID00/,⚪ Standard Organic: Baseline,• Fine Jewellery By House of Masaba & Amrapali Jewels •
1153,Tier 4: Toggle OFF + Organic (Noise),Amrapali Jewels,Rajasthan (HQ: Jaipur),@masabagupta,1841284,0,16866,0,0.00%,0.92%,2025-01-20,https://www.instagram.com/p/DFDVoR3Iyx0/,⚪ Standard Organic: Baseline,The ‘Nirbhau Nirvair Nimrata’ Neckpiece
1154,Tier 4: Toggle OFF + Organic (Noise),Amrapali Jewels,Rajasthan (HQ: Jaipur),@masabagupta,1841284,0,16866,0,0.00%,0.92%,2025-01-20,https://www.instagram.com/p/DFDKR2toVfU/,⚪ Standard Organic: Baseline,• Fine Jewellery By House of Masaba & Amrapali Jewels •
1155,Tier 4: Toggle OFF + Organic (Noise),Hazoorilal Legacy,Delhi NCR (HQ: New Delhi),@sharnamli,56049,0,455,0,0.00%,0.81%,2025-01-13,https://www.instagram.com/p/DExAoNLSlVr/,⚪ Standard Organic: Baseline,From India to UAE - The @hazoorilallegacy continues ✨
1156,Tier 4: Toggle OFF + Organic (Noise),B.C. Sen Jewellers,India,@ushoshisengupta,45283,0,579,0,0.00%,1.28%,2025-01-16,https://www.instagram.com/p/DE4CEQhTJZu/,⚪ Standard Organic: Baseline,"To me, a diamond is more than a precious gem—it’s a shining testament to all I have accomplished and a symbol of all that I am destined to achieve. Ea"
1157,Tier 4: Toggle OFF + Organic (Noise),Amrapali Jewels,Rajasthan (HQ: Jaipur),@masabagupta,1841284,0,16866,0,0.00%,0.92%,2025-01-20,https://www.instagram.com/p/DFDCgL3uSAc/,⚪ Standard Organic: Baseline,• Fine Jewellery by House of Masaba & Amrapali Jewels •
1158,Tier 4: Toggle OFF + Organic (Noise),Amrapali Jewels,Rajasthan (HQ: Jaipur),@masabagupta,1841284,0,16866,0,0.00%,0.92%,2025-01-20,https://www.instagram.com/p/DFDBYy6uEfx/,⚪ Standard Organic: Baseline,It’s Time. #Houseofmasaba #finejewellery #amrapalijewels
1159,Tier 4: Toggle OFF + Organic (Noise),C. Krishniah Chetty & Co (CKC),Karnataka (HQ: Bengaluru),@joann.arts,492,0,67,0,0.00%,13.62%,2025-01-19,https://www.instagram.com/p/DFAlOjLy9uX/,⚪ Standard Organic: Baseline,"Joann's Performing Arts Company in collaboration with C. Krishniah Chetty Group of Jewellers brings to you, EKAM- The longing of one's soul to embrace"
1160,Tier 4: Toggle OFF + Organic (Noise),C. Krishniah Chetty & Co (CKC),Karnataka (HQ: Bengaluru),@crashdotclub,3385,0,357,0,0.00%,10.55%,2025-01-09,https://www.instagram.com/p/DEl5GkToTsF/,⚪ Standard Organic: Baseline,"Under @chaitucotha 's leadership,"
1161,Tier 4: Toggle OFF + Organic (Noise),C. Krishniah Chetty & Co (CKC),Karnataka (HQ: Bengaluru),@ckcsons,12595,0,3014,0,0.00%,23.93%,2024-12-31,https://www.instagram.com/p/DEOy65TSn9-/,⚪ Standard Organic: Baseline,2024 has been a year of brilliance and unparalleled artistry for C. Krishniah Chetty Group of Jewellers. ✨
1162,Tier 4: Toggle OFF + Organic (Noise),GRT Jewellers,Tamil Nadu (HQ: Chennai),@chaitrareddy_official,1766610,0,39159,0,0.00%,2.22%,2025-01-04,https://www.instagram.com/p/DEZ-YbfzN9l/,⚪ Standard Organic: Baseline,"Stepping into Pongal celebrations with style! At GRT Jewellers, I found the perfect gold elegance for my saree and sparkling diamond charm for my lehe"
1163,Tier 4: Toggle OFF + Organic (Noise),B.C. Sen Jewellers,India,@alankritajsoni,60943,0,5373,0,0.00%,8.82%,2025-01-08,https://www.instagram.com/p/DEjYdFwpC6L/,⚪ Standard Organic: Baseline,"Whether marking a milestone or becoming a cherished heirloom, natural diamonds from @bcsenjewellers are a celebration of rarity, brilliance, and the e"
1164,Tier 4: Toggle OFF + Organic (Noise),P. C. Chandra Jewellers,West Bengal (HQ: Kolkata),@nikifying,2002752,0,34334,0,0.00%,1.71%,2025-01-01,https://www.instagram.com/p/DERJHQRCx8m/,⚪ Standard Organic: Baseline,"Here’s to a new year, a new beginning, and a collection that’s always in style. Whether it’s a dazzling necklace, elegant earrings, or timeless bangle"
1165,Tier 4: Toggle OFF + Organic (Noise),C. Krishniah Chetty & Co (CKC),Karnataka (HQ: Bengaluru),@indian_jeweller,133958,0,163,0,0.00%,0.12%,2024-12-31,https://www.instagram.com/p/DEOma06oM9m/,⚪ Standard Organic: Baseline,Celebrating Excellence in Jewellery Design!
1166,Tier 4: Toggle OFF + Organic (Noise),Senco Gold & Diamonds,West Bengal (HQ: Kolkata),@everlitebysenco,60147,0,10,0,0.00%,0.02%,2024-12-31,https://www.instagram.com/p/DEQN0HuywSE/,⚪ Standard Organic: Baseline,"While time ticks towards a new chapter, adorn it with jewels that matter!"
1167,Tier 4: Toggle OFF + Organic (Noise),BlueStone,"Pan-India / Karnataka (HQ: Bengaluru, D2C)",@tamaralashvi,156128,0,0,0,0.00%,0.00%,2024-12-30,https://www.instagram.com/p/DENDpCtzLJv/,⚪ Standard Organic: Baseline,Rate this beauty out of 10! 💎✨ I fell in love with this gorgeous bracelet the moment I laid eyes on it! @bluestone_jewellery truly knows how to create
1168,Tier 4: Toggle OFF + Organic (Noise),C. Krishniah Chetty & Co (CKC),Karnataka (HQ: Bengaluru),@ckcsons,12595,0,3014,0,0.00%,23.93%,2024-12-25,https://www.instagram.com/p/DD_MX53SFOl/,⚪ Standard Organic: Baseline,"As Santa’s sleigh bells ring, fireplaces crackle, and carolers sing, there’s another sound of Christmas that you just can’t resist and we bet you can"
1169,Tier 4: Toggle OFF + Organic (Noise),Senco Gold & Diamonds,West Bengal (HQ: Kolkata),@everlitebysenco,60147,0,10,0,0.00%,0.02%,2024-12-30,https://www.instagram.com/p/DEMXC9lR9x2/,⚪ Standard Organic: Baseline,"Crafted for the dreamer in you, that glows lifelong!"
1170,Tier 4: Toggle OFF + Organic (Noise),Senco Gold & Diamonds,West Bengal (HQ: Kolkata),@everlitebysenco,60147,0,10,0,0.00%,0.02%,2024-12-27,https://www.instagram.com/p/DEFMYOtviOv/,⚪ Standard Organic: Baseline,"It’s always wise to go beyond the usual, because you never know how your stars are aligned. Shop now from the #ZodiacCollection!"
1171,Tier 4: Toggle OFF + Organic (Noise),Tanishq,"Pan-India / Karnataka (HQ: Bengaluru, Titan)",@nitibhakaul,1066370,0,22581,0,0.00%,2.12%,2024-12-17,https://www.instagram.com/p/DDryvo3BRr5/,⚪ Standard Organic: Baseline,From childhood memories to timeless treasures ✨✨ Looking back at the little girl I was and cherishing the woman I’ve become — all with Mom’s love and
1172,Tier 4: Toggle OFF + Organic (Noise),Anopchand Tilokchand (AT Jewell,Chhattisgarh (HQ: Raipur),@nidra_raipur,3994,0,12,0,0.00%,0.30%,2024-12-18,https://www.instagram.com/p/DDuDxTBPiv2/,⚪ Standard Organic: Baseline,Nidra presents the Divine Radiance Look for the AT Jewels event—a perfect blend of elegance and charm.
1173,Tier 4: Toggle OFF + Organic (Noise),Anopchand Tilokchand (AT Jewell,Chhattisgarh (HQ: Raipur),@saurabhbaradia,2796,0,216,0,0.00%,7.73%,2024-12-23,https://www.instagram.com/p/DD7kQYgNMKg/,⚪ Standard Organic: Baseline,"Christmas decoration of AT Flagship Store - Anopchand Tilokchad Jewellers , Sadar Bazar, Raipur #SBbyAT @atjewellers"
1174,Tier 4: Toggle OFF + Organic (Noise),Anopchand Tilokchand (AT Jewell,Chhattisgarh (HQ: Raipur),@nidra_raipur,3994,0,12,0,0.00%,0.30%,2024-12-17,https://www.instagram.com/p/DDrV5eEvSr-/,⚪ Standard Organic: Baseline,✨ Ethereal Grace ✨
1175,Tier 4: Toggle OFF + Organic (Noise),Aisshpra Gems & Jewels,Uttar Pradesh (HQ: Gorakhpur),@shreya_parihar__,24824,0,1364,0,0.00%,5.49%,2024-12-11,https://www.instagram.com/p/DDcUxAatQ0R/,⚪ Standard Organic: Baseline,“Adorning timeless elegance with stunning pieces from ✨Aisshpra✨ Perfectly crafted to elevate every look! 💎 #Aisshpra #JewelleryLove #eleganceredefine
1176,Tier 4: Toggle OFF + Organic (Noise),Hira Panna Jewellers,India,@sandeep_fp,5613,0,3621,0,0.00%,64.51%,2024-07-06,https://www.instagram.com/p/C9E5OHyxRKa/,⚪ Standard Organic: Baseline,@akshitaxp
1177,Tier 4: Toggle OFF + Organic (Noise),Ulhas Jewellers,India,@mr.kurkurit,78288,0,1699,0,0.00%,2.17%,2024-12-06,https://www.instagram.com/p/DDPYuAQNGkp/,⚪ Standard Organic: Baseline,@ulhasjewellers presents to you one of Goa’s biggest Christmas Tree 🎄❤️✨
1178,Tier 4: Toggle OFF + Organic (Noise),Aisshpra Gems & Jewels,Uttar Pradesh (HQ: Gorakhpur),@mumma_and_junior,47042,0,405,0,0.00%,0.86%,2024-12-15,https://www.instagram.com/p/DDmtmBjTB3g/,⚪ Standard Organic: Baseline,"“✨ Lucknow just got a whole lot more dazzling, and we couldn’t be more excited to share the news! 💎"
1179,Tier 4: Toggle OFF + Organic (Noise),Anopchand Tilokchand (AT Jewell,Chhattisgarh (HQ: Raipur),@nidra_raipur,3994,0,12,0,0.00%,0.30%,2024-12-18,https://www.instagram.com/p/DDuDukQPgal/,⚪ Standard Organic: Baseline,Nidra presents the Divine Radiance Look for the AT Jewels event—a perfect blend of elegance and charm.
