#,Post Date,Media Type,Views / Plays,Likes,Comments,Like-to-View %,Profile ER%,Co-Authors,Instagram Post URL,Caption
1,2026-08-28,Single Photo,24264,2022,3,8.33%,0.95%,—,https://www.instagram.com/p/DckoCzbzMAW/,"Through every laugh, every little fight and every moment in between, some bonds only grow stronger.   Oriana wishes this beautiful bond of siblings a Happy Raksha Bandhan.  #LifeItYourWay #RakshaBandhan #OrianaByGRT #LightweightJewellery #DiamondJewellery"
2,2026-08-26,Single Photo,24156,2013,2,8.33%,0.94%,—,https://www.instagram.com/p/DcfekcPMeL4/,"Let the spirit of Onam set sail with joy, tradition and a little extra sparkle. Wishing you a beautiful and prosperous Onam! 🌸✨  #OrianaByGRT #Onam #DiamondJewellery"
3,2026-08-25,Single Photo,25284,2107,0,8.33%,0.98%,—,https://www.instagram.com/p/DcdtwKskksB/,"Tiny victories and small moments that bring you happiness are occasions that need to be celebrated too.  #CelebrateEveryMoment with Oriana’s 9KT Edit diamond collection.  Explore our EXCLUSIVE offers! ✨ Diamond: Flat 20% Off* on Diamond Stone Value & Flat 20% Off* on Making charges. Gold: ₹200 Less* per gram on Gold Jewellery Purchase & ₹150 Extra* on Old Gold Exchange. Silver: 20% Off* on Silver Jewellery. Platinum: 30% Off* on Making charges.  Shop for Oriana jewellery at our exclusive showroom at Jayanagar, Bangalore.  #OrianaByGRT #LightweightJewellery #DiamondJewellery"
4,2026-08-22,Single Photo,27864,2322,142,8.33%,1.15%,—,https://www.instagram.com/p/DcU815hAdbm/,"Lightweight Diamond Jewellery to get you through the day with a little shine.  #CelebrateEveryMoment of your day with Oriana 9KT Diamond Jewellery   Explore our EXCLUSIVE offers! ✨ Diamond: Flat 20% Off* on Diamond Stone Value & Flat 20% Off* on Making charges. Gold: ₹200 Less* per gram on Gold Jewellery Purchase & ₹150 Extra* on Old Gold Exchange. Silver: 20% Off* on Silver Jewellery. Platinum: 30% Off* on Making charges.  Shop for Oriana jewellery at our exclusive showroom at Jayanagar, Bangalore.  #OrianaByGRT #LightweightJewellery #DiamondJewellery #9KTJewellery"
5,2026-08-19,Single Photo,22728,1894,2,8.33%,0.89%,—,https://www.instagram.com/p/DcOjaYFtrOU/,"Some days, it’s all about the details.   #CelebrateEveryMoment with Oriana 9KT Diamonds  Explore our EXCLUSIVE offers! ✨ Diamond: Flat 20% Off* on Diamond Stone Value & Flat 20% Off* on Making charges. Gold: ₹200 Less* per gram on Gold Jewellery Purchase & ₹150 Extra* on Old Gold Exchange. Silver: 20% Off* on Silver Jewellery. Platinum: 30% Off* on Making charges.  Shop for Oriana jewellery at our exclusive showroom at Jayanagar, Bangalore.  #OrianaByGRT #LightweightJewellery #DiamondJewellery #9KTJewellery"
6,2026-08-17,Single Photo,121800,10150,31,8.33%,4.76%,—,https://www.instagram.com/p/DcJNAriRUNh/,"The secret to slaying it all day, every day? 9KT diamonds!  #CelebrateEveryMoment with Oriana 9KT Diamond Jewellery  Explore our EXCLUSIVE offers! ✨ Diamond: Flat 20% Off* on Diamond Stone Value & Flat 20% Off* on Making charges. Gold: ₹200 Less* per gram on Gold Jewellery Purchase & ₹150 Extra* on Old Gold Exchange. Silver: 20% Off* on Silver Jewellery. Platinum: 30% Off* on Making charges.  Shop for Oriana jewellery at our exclusive showroom at Jayanagar, Bangalore.  #OrianaByGRT #LightweightJewellery #DiamondJewellery #9KTJewellery"
7,2026-08-15,Single Photo,85140,7095,20,8.33%,3.32%,—,https://www.instagram.com/p/DcC_Byjz0Ih/,"Freedom is choosing your own way, your own style, and adding a little sparkle wherever you go.   Happy Independence Day!"
8,2026-08-14,Single Photo,66984,5582,20,8.33%,2.62%,—,https://www.instagram.com/p/DcBWMKcvLfD/,"Gold and delicate, or bold and colourful? Your earrings say more about your everyday vibe than you think. Which one suits you best?  #CelebrateEveryMoment with Oriana 9KT Diamond Jewellery  Explore our EXCLUSIVE offers! ✨ Diamond: Flat 20% Off* on Diamond Stone Value & Flat 20% Off* on Making charges. Gold: ₹200 Less* per gram on Gold Jewellery Purchase & ₹150 Extra* on Old Gold Exchange. Silver: 20% Off* on Silver Jewellery. Platinum: 30% Off* on Making charges.  Shop for Oriana jewellery at our exclusive showroom at Jayanagar, Bangalore.  #OrianaByGRT #LightweightJewellery #DiamondJewellery #9KTJewellery"
9,2026-08-12,Reel / Video,134501,3,21,0.00%,0.01%,@grtoriana,https://www.instagram.com/p/Db8RyoPzV6y/,"Every mood. Every style. Every vibe.   Step into Oriana and discover jewellery that feels like you. From a variety of designs for everyday sparkle and statement looks, there’s something for every occasion and every personality.  Visit our Jayanagar showroom and find the piece that speaks to you.  #LifeItYourWay with Oriana!"
10,2026-08-11,Single Photo,116772,9731,26,8.33%,4.56%,—,https://www.instagram.com/p/Db58xOTsgdJ/,"Some people wait for special occasions, we say wear the diamonds and #CelebrateEveryMoment with Oriana 9KT Diamond Jewellery  Explore our EXCLUSIVE offers!✨ Diamond: Flat 20% Off* on Diamond Stone Value & Flat 20% Off* on Making charges. Gold: ₹200 Less* per gram on Gold Jewellery Purchase & ₹150 Extra* on Old Gold Exchange. Silver: 20% Off* on Silver Jewellery. Platinum: 30% Off* on Making charges.  Shop for Oriana jewellery at our exclusive showroom at Jayanagar, Bangalore.  #OrianaByGRT #LightweightJewellery #DiamondJewellery #GoldJewellery"
11,2026-08-08,Reel / Video,655529,1226,1,0.19%,0.57%,—,https://www.instagram.com/p/DbyJ9SRBf3d/,"#CelebrateEveryMoment and occasion by mixing and matching, however you like!  Explore our EXCLUSIVE offers! ✨ Diamond: Flat 20% Off* on Diamond Stone Value & Flat 20% Off* on Making charges. Gold: ₹200 Less* per gram on Gold Jewellery Purchase & ₹150 Extra* on Old Gold Exchange. Silver: 20% Off* on Silver Jewellery. Platinum: 30% Off* on Making charges.  Shop for Oriana jewellery at our exclusive showroom at Jayanagar, Bangalore.  #OrianaByGRT #LightweightJewellery #DiamondJewellery #9KTDiamondJewellery"
12,2026-08-06,Reel / Video,306706,590,14,0.19%,0.28%,—,https://www.instagram.com/p/Dbs05U9H2IQ/,"Let the list of reasons keep getting longer✨  #CelebrateEveryMoment with Oriana’s 9KT Edit.  Explore our EXCLUSIVE offers! ✨ Diamond: Flat 20% Off* on Diamond Stone Value & Flat 20% Off* on Making charges. Gold: ₹200 Less* per gram on Gold Jewellery Purchase & ₹150 Extra* on Old Gold Exchange. Silver: 20% Off* on Silver Jewellery. Platinum: 30% Off* on Making charges.  Shop for Oriana jewellery at our exclusive showroom at Jayanagar, Bangalore.  #OrianaByGRT #LightweightJewellery #DiamondJewellery #GoldJewellery #9KTDiamondJewellery"
13,2026-08-04,Reel / Video,664753,1759,8,0.26%,0.83%,—,https://www.instagram.com/p/DbnpGKljOss/,"Life needs a touch of sparkle to elevate the ordinary moments.  #CelebrateEveryMoment with Oriana’s 9KT Edit.  Explore our EXCLUSIVE offers! ✨ Diamond: Flat 20% Off* on Diamond Stone Value & Flat 20% Off* on Making charges. Gold: ₹200 Less* per gram on Gold Jewellery Purchase & ₹150 Extra* on Old Gold Exchange. Silver: 20% Off* on Silver Jewellery. Platinum: 30% Off* on Making charges.  Shop for Oriana jewellery at our exclusive showroom at Jayanagar, Bangalore.  #OrianaByGRT #LightweightJewellery #DiamondJewellery #GoldJewellery #9KTJewellery"
14,2026-08-03,Carousel Album,59232,4936,8,8.33%,2.31%,—,https://www.instagram.com/p/DblC_v3IFdk/,"Every moment has a story worth celebrating!  Introducing Oriana’s 9KT Collection - diamond jewellery made to move with you, wherever life takes you.   #CelebrateEveryMoment with Oriana’s 9KT Edit.  Explore our EXCLUSIVE offers! ✨ Diamond: Flat 20% Off* on Diamond Stone Value & Flat 20% Off* on Making charges. Gold: ₹200 Less* per gram on Gold Jewellery Purchase & ₹150 Extra* on Old Gold Exchange. Silver: 20% Off* on Silver Jewellery. Platinum: 30% Off* on Making charges.  Shop for Oriana jewellery at our exclusive showroom at Jayanagar, Bangalore.  #OrianaByGRT #LightweightJewellery #DiamondJewellery #GoldJewellery"
15,2026-08-02,Reel / Video,5304540,30133,23,0.57%,14.09%,—,https://www.instagram.com/p/DbhjRGTSd45/,"To the ones that feel like home, Happy Friendship Day from Oriana!  #LightweightJewellery #OrianaByGRT #GoldJewellery #DiamondJewellery #LifeItYourWay"
16,2026-07-29,Carousel Album,12096,1008,0,8.33%,0.47%,—,https://www.instagram.com/p/DbYUBHLoOxJ/,"Girl bosses, we've made styling your jewellery easier than ever! Save this post for your next fashion moment. Wear your confidence with Oriana Lightweight Jewellery and #LifeItYourWay!  Explore our EXCLUSIVE offers! ✨ Diamond: Flat 20% Off* on Diamond Stone Value & Flat 20% Off* on Making charges. Gold: ₹200 Less* per gram on Gold Jewellery Purchase & ₹150 Extra* on Old Gold Exchange. Silver: 20% Off* on Silver Jewellery. Platinum: 30% Off* on Making charges.  Shop for Oriana jewellery at our exclusive showroom at Jayanagar, Bangalore.  #OrianaByGRT #LightweightJewellery #DiamondJewellery #GoldJewellery"
17,2026-07-27,Single Photo,22344,1862,2,8.33%,0.87%,—,https://www.instagram.com/p/DbTOGKEyGLH/,"Wear jewellery that’s impossible to overlook with Oriana and #LifeItYourWay  Explore our EXCLUSIVE offers! ✨ Diamond: Flat 20% Off* on Diamond Stone Value & Flat 20% Off* on Making charges. Gold: ₹200 Less* per gram on Gold Jewellery Purchase & ₹150 Extra* on Old Gold Exchange. Silver: 20% Off* on Silver Jewellery. Platinum: 30% Off* on Making charges.  Shop for Oriana jewellery at our exclusive showroom at Jayanagar, Bangalore.  #OrianaByGRT #LightweightJewellery #DiamondJewellery #GoldJewellery"
18,2026-07-24,Reel / Video,3506772,4455,1,0.13%,2.08%,—,https://www.instagram.com/p/DbLtmAbMHWa/,"Some matches are just meant to be, like you and our jewellery!  Wear your confidence with Oriana Lightweight Jewellery and #LifeItYourWay!  Explore our EXCLUSIVE offers! ✨ Diamond: Flat 20% Off* on Diamond Stone Value & Flat 20% Off* on Making charges. Gold: ₹200 Less* per gram on Gold Jewellery Purchase & ₹150 Extra* on Old Gold Exchange. Silver: 20% Off* on Silver Jewellery. Platinum: 30% Off* on Making charges.  Shop for Oriana jewellery at our exclusive showroom at Jayanagar, Bangalore.  #OrianaByGRT #LightweightJewellery #DiamondJewellery #GoldJewellery"
19,2026-07-22,Single Photo,79680,6640,3,8.33%,3.10%,—,https://www.instagram.com/p/DbGMEXsyU1Y/,"The outfit is complete, but the jewellery is the real highlight.  Wear your confidence with Oriana Lightweight Jewellery and #LifeItYourWay!  Explore our EXCLUSIVE offers! ✨ Diamond: Flat 20% Off* on Diamond Stone Value & Flat 20% Off* on Making charges. Gold: ₹200 Less* per gram on Gold Jewellery Purchase & ₹150 Extra* on Old Gold Exchange. Silver: 20% Off* on Silver Jewellery. Platinum: 30% Off* on Making charges.  Shop for Oriana jewellery at our exclusive showroom at Jayanagar, Bangalore.  #OrianaByGRT #LightweightJewellery #DiamondJewellery #GoldJewellery"
20,2026-07-19,Single Photo,85092,7091,23,8.33%,3.32%,—,https://www.instagram.com/p/Da-gf0Bv0VS/,"Mix, match and layer your favourite Oriana jewellery to create a stack that’s as effortless as your everyday style.  Wear your confidence with Oriana Gold Jewellery and #LifeItYourWay!  Explore our EXCLUSIVE offers! ✨ Diamond: Flat 20% Off* on Diamond Stone Value & Flat 20% Off* on Making charges. Gold: ₹200 Less* per gram on Gold Jewellery Purchase & ₹150 Extra* on Old Gold Exchange. Silver: 20% Off* on Silver Jewellery. Platinum: 30% Off* on Making charges.  Shop for Oriana jewellery at our exclusive showroom at Jayanagar, Bangalore.  #OrianaByGRT #LightweightJewellery #DiamondJewellery #GoldJewellery"
21,2026-07-16,Reel / Video,3277291,3953,12,0.12%,1.85%,—,https://www.instagram.com/p/Da22z41sDOW/,"Spotted somethin you love? Save it, then come see it sparkle in real life.   Wear your confidence with Oriana Gold Jewellery and #LifeItYourWay  Explore our EXCLUSIVE offers! ✨ Diamond: Flat 20% Off* on Diamond Stone Value & Flat 20% Off* on Making charges. Gold: ₹200 Less* per gram on Gold Jewellery Purchase & ₹150 Extra* on Old Gold Exchange. Silver: 20% Off* on Silver Jewellery. Platinum: 30% Off* on Making charges.  Shop for Oriana jewellery at our exclusive showroom at Jayanagar, Bangalore.  #OrianaByGRT #LightweightJewellery #DiamondJewellery #GoldJewellery"
22,2026-07-13,Reel / Video,5451478,8385,14,0.15%,3.92%,—,https://www.instagram.com/p/DauhYljhL3x/,"The universe said: upgrade your jewellery box 💛  Wear your confidence with Oriana Gold Jewellery and #LifeItYourWay!  Explore our EXCLUSIVE offers! ✨ Diamond: Flat 20% Off* on Diamond Stone Value & Flat 20% Off* on Making charges. Gold: ₹200 Less* per gram on Gold Jewellery Purchase & ₹150 Extra* on Old Gold Exchange. Silver: 20% Off* on Silver Jewellery. Platinum: 30% Off* on Making charges.  Shop for Oriana jewellery at our exclusive showroom at Jayanagar, Bangalore.  #OrianaByGRT #LightweightJewellery #DiamondJewellery #GoldJewellery"
23,2026-07-10,Single Photo,120036,10003,35,8.33%,4.69%,—,https://www.instagram.com/p/DanOtMqidOo/,"Out with the old, in with new gold!  Wear your confidence with Oriana Gold Jewellery and #LifeItYourWay!  Explore our EXCLUSIVE offers! ✨ Diamond: Flat 20% Off* on Diamond Stone Value & Flat 20% Off* on Making charges. Gold: ₹200 Less* per gram on Gold Jewellery Purchase & ₹150 Extra* on Old Gold Exchange. Silver: 20% Off* on Silver Jewellery. Platinum: 30% Off* on Making charges.  Shop for Oriana jewellery at our exclusive showroom at Jayanagar, Bangalore.  #OrianaByGRT #LightweightJewellery #DiamondJewellery #GoldJewellery"
24,2026-07-08,Reel / Video,7411825,10472,6,0.14%,4.90%,—,https://www.instagram.com/p/Dah-BoSBqmU/,"You need zero reasons to invest in more shine!  Wear your confidence with Oriana Gold Jewellery and #LifeItYourWay!  Explore our EXCLUSIVE offers! ✨ Diamond: Flat 20% Off* on Diamond Stone Value & Flat 20% Off* on Making charges. Gold: ₹200 Less* per gram on Gold Jewellery Purchase & ₹150 Extra* on Old Gold Exchange. Silver: 20% Off* on Silver Jewellery. Platinum: 30% Off* on Making charges.  Shop for Oriana jewellery at our exclusive showroom at Jayanagar, Bangalore.  #OrianaByGRT #LightweightJewellery #DiamondJewellery #GoldJewellery"
25,2026-07-07,Reel / Video,6668885,9603,16,0.14%,4.49%,—,https://www.instagram.com/p/Dafg00uB1mZ/,"The best time to empty out your old jewellery wishlist? Right now!  Wear your confidence with Oriana Gold Jewellery and #LifeItYourWay!  Explore our EXCLUSIVE offers! ✨ Diamond: Flat 20% Off* on Diamond Stone Value & Flat 20% Off* on Making charges. Gold: ₹200 Less* per gram on Gold Jewellery Purchase & ₹150 Extra* on Old Gold Exchange. Silver: 20% Off* on Silver Jewellery. Platinum: 30% Off* on Making charges.  Shop for Oriana jewellery at our exclusive showroom at Jayanagar, Bangalore.  #OrianaByGRT #LightweightJewellery #DiamondJewellery #GoldJewellery"
26,2026-07-04,Single Photo,102132,8511,23,8.33%,3.99%,—,https://www.instagram.com/p/DaXvETayNoG/,"Here’s the sign you were looking for to buy that new jewellery your heart is set on!  Wear your confidence with Oriana Gold Jewellery and #LifeItYourWay!  Explore our EXCLUSIVE offers! ✨ Diamond: Flat 30% Off* on Making charges Gold: 20% Off* on VA Silver: 25% Off* on Silver Jewellery Platinum: 30% Off* on Making charges  Shop for Oriana jewellery at our exclusive showroom at Jayanagar, Bangalore.  #OrianaByGRT #LightweightJewellery #DiamondJewellery GoldJewellery"
27,2026-06-29,Single Photo,27408,2284,4,8.33%,1.07%,—,https://www.instagram.com/p/DaLUrWUSE2g/,"Feel good about yourself with Oriana’s Gold Jewellery. Wear your confidence and #LifeItYourWay  Explore our EXCLUSIVE offers! ✨ Diamond: Flat 30% Off* on Making charges Gold: 20% Off* on VA Silver: 25% Off* on Silver Jewellery Platinum: 30% Off* on Making charges  Shop for Oriana jewellery at our exclusive showroom at Jayanagar, Bangalore.  #OrianaByGRT #LightweightJewellery #DiamondJewellery #GoldJewellery"
28,2026-06-27,Single Photo,55104,4592,2,8.33%,2.15%,—,https://www.instagram.com/p/DaGDHrXySWa/,"Choose what brings you joy. Wear what reflects it.  Wear your confidence with Oriana Gold Jewellery and #LifeItYourWay  Explore our EXCLUSIVE offers! ✨ Diamond: Flat 30% Off* on Making charges Gold: 20% Off* on VA Silver: 25% Off* on Silver Jewellery Platinum: 30% Off* on Making charges  Shop for Oriana jewellery at our exclusive showroom at Jayanagar, Bangalore.  #OrianaByGRT #LightweightJewellery #DiamondJewellery #GoldJewellery"
29,2026-06-23,Carousel Album,85668,7139,8,8.33%,3.34%,—,https://www.instagram.com/p/DZ76KzLHeUK/,"Some seasons stay with you. Inspired by the quiet beauty of glaciers and winter’s sense of wonder, Glacio lets you carry that feeling wherever you go.   Wear diamond jewellery that reflects your #StrengthThatSparkles. Wear Glacio.  Explore our EXCLUSIVE offers! ✨ Diamond: Flat 30% Off* on Making charges Gold: 20% Off* on VA Silver: 25% Off* on Silver Jewellery Platinum: 30% Off* on Making charges  Shop for Oriana jewellery at our exclusive showroom at Jayanagar, Bangalore.  #OrianaByGRT #LightweightJewellery #DiamondJewellery #LifeItYourWay"
30,2026-06-21,Reel / Video,286921,1542,4,0.54%,0.72%,—,https://www.instagram.com/p/DZ1QX1IhQGX/,"Happy Father’s Day to the dads who taught us to dream bigger, sparkle brighter, and live life on our own terms.   OrianaByGRT LightweightJewellery DiamondJewellery GoldJewellery LifeItYourWay"
31,2026-06-19,Single Photo,162444,13537,6,8.33%,6.33%,—,https://www.instagram.com/p/DZxQ4-1HxHL/,"Here’s your reminder that the strongest forces are often the quietest. Just like you.  Wear diamond jewellery that reflects your #StrengthThatSparkles. Wear Glacio.  Explore our EXCLUSIVE offers! ✨ Diamond: Flat 30% Off* on Making charges Gold: 20% Off* on VA Silver: 25% Off* on Silver Jewellery Platinum: 30% Off* on Making charges  Shop for Oriana jewellery at our exclusive showroom at Jayanagar, Bangalore.  #OrianaByGRT #LightweightJewellery #DiamondJewellery #LifeItYourWay"
32,2026-06-18,Single Photo,97392,8116,30,8.33%,3.81%,—,https://www.instagram.com/p/DZuv8qVS6pn/,"In every layer, every facet, every quiet moment, glaciers reveal a strength that doesn’t need to be loud. Inspired by that silent power, Glacio is crafted for you to wear confidence with ease.   Wear diamond jewellery that reflects your #StrengthThatSparkles. Wear Glacio.  Explore our EXCLUSIVE offers! ✨ Diamond: Flat 30% Off* on Making charges Gold: 20% Off* on VA Silver: 25% Off* on Silver Jewellery Platinum: 30% Off* on Making charges  Shop for Oriana jewellery at our exclusive showroom at Jayanagar, Bangalore.  #OrianaByGRT #LightweightJewellery #DiamondJewellery #LifeItYourWay"
33,2026-06-17,Reel / Video,4868958,53760,27,1.10%,25.13%,@grtoriana,https://www.instagram.com/p/DZr86wGMTFI/,"For my Akka, this isn’t just jewellery. It’s a memory and a piece of our story she can carry with her every day.  Personalise your gift with Oriana Jewellery and turn your favourite moments into keepsakes.  Visit the Oriana Jayanagar showroom today.  #LifeItYourWay #LightweightJewellery #OrianaByGRT #DiamondJewellery #PersonalisedJewellery"
34,2026-06-17,Single Photo,95832,7986,9,8.33%,3.74%,—,https://www.instagram.com/p/DZrOw0FukDK/,"It’s your strength that makes your sparkle unforgettable.  Wear diamond jewellery that reflects your #StrengthThatSparkles. Wear Glacio.  Explore our EXCLUSIVE offers! ✨ Diamond: Flat 30% Off* on Making charges Gold: 20% Off* on VA Silver: 25% Off* on Silver Jewellery Platinum: 30% Off* on Making charges  Shop for Oriana jewellery at our exclusive showroom at Jayanagar, Bangalore.  #OrianaByGRT #LightweightJewellery #DiamondJewellery #LifeItYourWay"
35,2026-06-16,Carousel Album,85332,7111,11,8.33%,3.33%,—,https://www.instagram.com/p/DZodo2eIOLf/,"There’s a Glacio for every part of you, that makes you who you are.  Wear diamond jewellery that reflects your #StrengthThatSparkles. Wear Glacio.  Explore our EXCLUSIVE offers! ✨ Diamond: Flat 30% Off* on Making charges Gold: 20% Off* on VA Silver: 25% Off* on Silver Jewellery Platinum: 30% Off* on Making charges  Shop for Oriana jewellery at our exclusive showroom at Jayanagar, Bangalore.  #OrianaByGRT #LightweightJewellery #DiamondJewellery #LifeItYourWay"
36,2026-06-12,Single Photo,122796,10233,31,8.33%,4.80%,—,https://www.instagram.com/p/DZfcycBtQ2y/,"For the strength you carry everyday.   Wear diamond jewellery that reflects your #StrengthThatSparkles. Wear Glacio.  Explore our EXCLUSIVE offers! ✨ Diamond: Flat 30% Off* on Making charges Gold: 20% Off* on VA Silver: 25% Off* on Silver Jewellery Platinum: 30% Off* on Making charges  Shop for Oriana jewellery at our exclusive showroom at Jayanagar, Bangalore.  #OrianaByGRT #LightweightJewellery #DiamondJewellery #LifeItYourWay"
37,2026-06-10,Single Photo,127452,10621,18,8.33%,4.97%,—,https://www.instagram.com/p/DZZOwaMBjN1/,"Wear brilliance that radiates and strength that shines.  Wear diamond jewellery that reflects your #StrengthThatSparkles. Wear Glacio.  Explore our EXCLUSIVE offers! ✨ Diamond: Flat 30% Off* on Making charges Gold: 20% Off* on VA Silver: 25% Off* on Silver Jewellery Platinum: 30% Off* on Making charges  Shop for Oriana jewellery at our exclusive showroom at Jayanagar, Bangalore.  #OrianaByGRT #LightweightJewellery #DiamondJewellery #LifeItYourWay"
38,2026-06-04,Reel / Video,4729841,6552,7,0.14%,3.06%,—,https://www.instagram.com/p/DZKwHSKOUWM/,"Move through every space with your own kind of strength- effortless, evolving, unforgettable.  Wear diamond jewellery that reflects your #StrengthThatSparkles. Wear Glacio.  Explore our EXCLUSIVE offers! ✨ Diamond: Flat 30% Off* on Making charges Gold: 20% Off* on VA Silver: 25% Off* on Silver Jewellery Platinum: 30% Off* on Making charges  Shop for Oriana jewellery at our exclusive showroom at Jayanagar, Bangalore.  #OrianaByGRT #LightweightJewellery #DiamondJewellery #LifeItYourWay"
39,2026-06-03,Single Photo,129948,10829,12,8.33%,5.07%,—,https://www.instagram.com/p/DZIKIorHzF-/,"She’s built herself slowly, strongly, beautifully.  Wear diamond jewellery that reflects your #StrengthThatSparkles. Wear Glacio.  Explore our EXCLUSIVE offers! ✨ Diamond: Flat 30% Off* on Making charges Gold: 20% Off* on VA Silver: 25% Off* on Silver Jewellery Platinum: 30% Off* on Making charges  Shop for Oriana jewellery at our exclusive showroom at Jayanagar, Bangalore.  #OrianaByGRT #LightweightJewellery #DiamondJewellery #LifeItYourWay"
40,2026-06-02,Reel / Video,5172755,11497,9,0.22%,5.38%,—,https://www.instagram.com/p/DZFt-6Hy3JH/,"Step into a world, where your shine comes to life.  Wear diamond jewellery that reflects your #StrengthThatSparkles. Wear Glacio.  Explore our EXCLUSIVE offers! ✨ Diamond: Flat 30% Off on Making charges Gold: 20% Off on VA Silver: 25% Off on Silver Jewellery Platinum: 30% Off on Making charges  Shop for Oriana jewellery at our exclusive showroom at Jayanagar, Bangalore.  #OrianaByGRT #LightweightJewellery #DiamondJewellery"
41,2026-05-30,Single Photo,119040,9920,19,8.33%,4.64%,—,https://www.instagram.com/p/DY9fv0XOPmT/,"For the parts of you beyond what meets the eye.  Wear diamond jewellery that reflects your #StrengthThatSparkles. Wear Glacio   Explore our EXCLUSIVE offers! ✨ Diamond: Rs.15,000 less per carat (Stone Value) Gold: 20% Off on VA Silver: 15% Off on MRP of silver jewellery  Shop for Oriana jewellery at our exclusive showroom at Jayanagar, Bangalore.  #OrianaByGRT #LightweightJewellery #DiamondJewellery"
42,2026-05-27,Reel / Video,1559306,3179,4,0.20%,1.49%,—,https://www.instagram.com/p/DY2ElRxiTcU/,"Strength can look different with every new version of you.  Wear jewellery that reflects your #StrengthThatSparkles. Wear Glacio.  Explore our EXCLUSIVE offers! ✨ Diamond: Rs.15,000 less per carat (Stone Value) Gold: 20% Off on VA Silver: 15% Off on MRP of silver jewellery  Shop for Oriana jewellery at our exclusive showroom at Jayanagar, Bangalore.  #OrianaByGRT #LightweightJewellery #DiamondJewellery"
43,2026-05-26,Reel / Video,1563304,10038,11,0.64%,4.70%,—,https://www.instagram.com/p/DYzeJH9CHRh/,"Your jewellery speaks for itself, and for who you are.   Wear diamond jewellery that reflects your #StrengthThatSparkles. Wear Glacio.  Explore our EXCLUSIVE offers! ✨ Diamond: Rs.15,000 less per carat (Stone Value) Gold: 20% Off on VA Silver: 15% Off on MRP of silver jewellery  Shop for Oriana jewellery at our exclusive showroom at Jayanagar, Bangalore.  #OrianaByGRT #LightweightJewellery #DiamondJewellery"
44,2026-05-25,Reel / Video,1490311,7800,26,0.52%,3.66%,—,https://www.instagram.com/p/DYw4DujuB0-/,"As you grow through every phase, your jewellery represents who you are and who you become.  Wear diamond jewellery that reflects your #StrengthThatSparkles. Wear Glacio.   Explore our EXCLUSIVE offers! ✨ Diamond: Rs.15,000 less per carat (Stone Value) Gold: 20% Off on VA Silver: 15% Off on MRP of silver jewellery  Shop for Oriana jewellery at our exclusive showroom at Jayanagar, Bangalore.  #OrianaByGRT #LightweightJewellery #DiamondJewellery"
45,2026-05-21,Carousel Album,31284,2607,3,8.33%,1.22%,—,https://www.instagram.com/p/DYmgLybAd-N/,"The strength you’ve grown into shows in every detail of Glacio by Oriana.   Wear diamond jewellery that reflects your #StrengthThatSparkles. Wear Glacio.  Explore our EXCLUSIVE offers! ✨ Diamond: Rs.15,000 less per carat (Stone Value) Gold: 20% Off on VA Silver: 15% Off on MRP of silver jewellery  Shop for Oriana jewellery at our exclusive showroom at Jayanagar, Bangalore.  #OrianaByGRT #LightweightJewellery #DiamondJewellery"
46,2026-05-20,Single Photo,70788,5899,14,8.33%,2.76%,—,https://www.instagram.com/p/DYkID9WkpXB/,"Like a glacier, she rises. Shaped by her experiences and defined by her strength.   Wear diamond jewellery that reflects your #StrengthThatSparkles. Wear Glacio.  Explore our EXCLUSIVE offers! ✨ Diamond: Rs.15,000 less per carat (Stone Value) Gold: 20% Off on VA Silver: 15% Off on MRP of silver jewellery  Shop for Oriana jewellery at our exclusive showroom at Jayanagar, Bangalore.  #OrianaByGRT #LightweightJewellery #DiamondJewellery"
47,2026-05-19,Carousel Album,44244,3687,11,8.33%,1.73%,—,https://www.instagram.com/p/DYhd0g-kjMQ/,"Like a glacier, you are both strong and adaptable. Glacio by Oriana, a reflection of you.   Wear diamond jewellery that reflects your #StrengthThatSparkles. Wear Glacio.  Explore our EXCLUSIVE offers! ✨ Diamond: Rs.15,000 less per carat (Stone Value) Gold: 20% Off on VA Silver: 15% Off on MRP of silver jewellery  Shop for Oriana jewellery at our exclusive showroom at Jayanagar, Bangalore.  #OrianaByGRT #LightweightJewellery #DiamondJewellery"
48,2026-05-18,Single Photo,118944,9912,25,8.33%,4.64%,—,https://www.instagram.com/p/DYeIAMGErYu/,"Like glaciers shaped over time, each piece of Glacio by Oriana carries that same strength.  Wear jewellery that reflects your #StrengthThatSparkles. Wear Glacio.  Explore our EXCLUSIVE offers! ✨ Diamond: Rs.15,000 less per carat (Stone Value) Gold: 20% Off on VA Silver: 15% Off on MRP of silver jewellery  Shop for Oriana jewellery at our exclusive showroom at Jayanagar, Bangalore.  #OrianaByGRT #LightweightJewellery #DiamondJewellery"
49,2026-05-15,Single Photo,88092,7341,17,8.33%,3.44%,—,https://www.instagram.com/p/DYXQyX5BlIQ/,"Not loud. Not fleeting. Just quietly, undeniably radiant.  Wear jewellery that reflects your #StrengthThatSparkles. Wear Glacio.  Explore our EXCLUSIVE offers! ✨ Diamond: Rs.15,000 less per carat (Stone Value) Gold: 20% Off on VA Silver: 15% Off on MRP of silver jewellery  Shop for Oriana jewellery at our exclusive showroom at Jayanagar, Bangalore.  #OrianaByGRT #LightweightJewellery #DiamondJewellery"
50,2026-05-14,Single Photo,118524,9877,15,8.33%,4.62%,—,https://www.instagram.com/p/DYUhwKJN0xZ/,"Glaciers are a symbol of strength; the strength to adapt over time and evolve, just as you do.  Wear jewellery that reflects your #StrengthThatSparkles. Wear Glacio.  Explore our EXCLUSIVE offers! ✨ Diamond: Rs.15,000 less per carat (Stone Value) Gold: 20% Off on VA Silver: 15% Off on MRP of silver jewellery  Shop for Oriana jewellery at our exclusive showroom at Jayanagar, Bangalore.  #OrianaByGRT #LightweightJewellery #DiamondJewellery"
51,2026-05-13,Reel / Video,4027183,43938,26,1.09%,20.54%,—,https://www.instagram.com/p/DYSLGBMSk4e/,"Most of what is extraordinary lies beneath the surface, waiting to be discovered; just like you.   For the rare ones who carry their depth quietly, wear their strength boldly, and move through life on their own terms.   Introducing our new Glacio Collection, a collection that stands for your #StrengthThatSparkles  Explore our EXCLUSIVE offers! ✨ Diamond: Rs.15,000 less per carat (Stone Value) Gold: 20% Off on VA Silver: 15% Off on MRP of silver jewellery  Shop for Oriana jewellery at our exclusive showroom at Jayanagar, Bangalore.  #OrianaByGRT #LightweightJewellery #DiamondJewellery"
52,2026-05-12,Reel / Video,3955676,30408,54,0.77%,14.23%,@grtoriana,https://www.instagram.com/p/DYPbMMJK7vv/,"Stepped into Oriana and walked straight into a world of timeless sparkle ✨ From thoughtfully curated light weight Diamond jewellery collections, to the most immersive virtual try-on experience, every bit of the Oriana jewellery shopping experience, felt special and unique.  Explore their EXCLUSIVE offers! ✨ Diamond: Rs.15,000 less per carat (Stone Value) Gold: 20% Off on VA Silver: 15% Off on MRP of silver jewellery  If you’re in Bangalore this is your sign to stop by, at Oriana’s exclusive showroom in Jayanagar, and indulge in an amazing jewelry shopping experience, like never before.💍🤍"
53,2026-05-10,Reel / Video,9895747,36762,21,0.37%,17.19%,—,https://www.instagram.com/p/DYJTaDhSW-f/,"Happy Mother’s Day, with love from Oriana.   To the OG bestie who taught you how to bloom and live life your way.  #OrianaByGRT #LightweightJewellery #OGBestie #DiamondJewellery #MomIsMyBestFriend"
54,2026-05-09,Reel / Video,9627685,39685,141,0.41%,18.61%,—,https://www.instagram.com/p/DYHRaICQCmL/,"No matter what her preference, we’re sure she’ll find something to love.  This Mother’s Day, surprise #TheOGBestie with something she’ll cherish, and gift her Oriana diamond jewellery!  Explore our EXCLUSIVE offers! ✨ Diamond: Rs.15,000 less per carat (Stone Value) Gold: 20% Off on VA Silver: 15% Off on MRP of silver jewellery  Shop for Oriana jewellery at our exclusive showroom at Jayanagar, Bangalore.  #OrianaByGRT #LightweightJewellery #DiamondJewellery #MomIsMyFirstBestie"
55,2026-05-08,Single Photo,318012,26501,132,8.33%,12.45%,—,https://www.instagram.com/p/DYFDIBIiWpN/,"From then to now, she’s always been the OG bestie.  This Mother’s Day, surprise #TheOGBestie with something she’ll cherish, and gift her Oriana diamond jewellery!  Explore our EXCLUSIVE offers! ✨ Diamond: Rs.15,000 less per carat (Stone Value) Gold: 20% Off on VA Silver: 15% Off on MRP of silver jewellery  Shop for Oriana jewellery at our exclusive showroom at Jayanagar, Bangalore.  #OrianaByGRT #LightweightJewellery #DiamondJewellery #MomIsMyFirstBestie"
56,2026-05-07,Reel / Video,9248007,49392,50,0.53%,23.10%,—,https://www.instagram.com/p/DYCj307jdol/,"Mother’s Day wishes with a touch of sparkle.  This Mother’s Day, surprise #TheOGBestie with something she’ll cherish, and gift her Oriana diamond jewellery!  Explore our EXCLUSIVE offers! ✨ Diamond: Rs.15,000 less per carat (Stone Value) Gold: 20% Off on VA Silver: 15% Off on MRP of silver jewellery  Shop for Oriana jewellery at our exclusive showroom at Jayanagar, Bangalore.  #OrianaByGRT #LightweightJewellery #DiamondJewellery #MomIsMyFirstBestie"
57,2026-05-07,Single Photo,380340,31695,42,8.33%,14.83%,—,https://www.instagram.com/p/DYCM2LUklZS/,"Twinning? That’s just BFF things!  This Mother’s Day, surprise #TheOGBestie with something she’ll cherish, and gift her Oriana diamond jewellery!  Explore our EXCLUSIVE offers! ✨ Diamond: Rs.15,000 less per carat (Stone Value) Gold: 20% Off on VA Silver: 15% Off on silver jewellery MRP Platinum: 30% Off on making charges  Shop for Oriana jewellery at our exclusive showroom at Jayanagar, Bangalore.  #OrianaByGRT #LightweightJewellery #DiamondJewellery #MomIsMyFirstBestie"
58,2026-05-06,Single Photo,299052,24921,275,8.33%,11.77%,—,https://www.instagram.com/p/DYAAR-nIASJ/,"She’s been your mother, your best friend, and your lifelong keeper of secrets.  This Mother’s Day, surprise #TheOGBestie with something she’ll cherish, and gift her  Oriana diamond jewellery!  Explore our EXCLUSIVE offers! ✨ Diamond: Rs.15,000 less per carat (Stone Value) Gold: 20% Off on VA Silver: 15% Off on silver jewellery MRP Platinum: 30% Off on making charges  Shop Oriana at our exclusive showroom in Jayanagar, Bangalore.  #OrianaByGRT #LightweightJewellery #DiamondJewellery #MomIsMyFirstBestie"
59,2026-05-04,Carousel Album,272532,22711,24,8.33%,10.62%,—,https://www.instagram.com/p/DX6FV82ktEE/,"Your first best friend deserves nothing less than the best - and nothing gets better than diamond jewellery! This Mother’s Day, surprise #TheOGBestie with something she’ll cherish.  Shop for Oriana jewellery at our exclusive showroom at Jayanagar, Bangalore.  #OrianaByGRT #LightweightJewellery #DiamondJewellery #MomIsMyFirstBestie"
60,2026-05-02,Single Photo,456468,38039,30,8.33%,17.79%,—,https://www.instagram.com/p/DX1Q_DDEpRG/,"For the one who made a promise to be our best friend forever.  Celebrate #TheOGBestie with Oriana Diamond jewellery, this Mother’s Day.  Shop for Oriana jewellery at our exclusive showroom at Jayanagar, Bangalore.  #OrianaByGRT #LightweightJewellery #DiamondJewellery #MomIsMyFirstBestFriend"
61,2026-05-01,Single Photo,325812,27151,25,8.33%,12.70%,—,https://www.instagram.com/p/DXygHYgEvZ9/,"Mom is truly the selfless one, who always has your back.  Express your love with a Mother’s day gift from Oriana Jewellery to mom #TheOGBestie  #OrianaByGRT #LightweightJewellery #DiamondJewellery #MomIsTheOGBestie"
62,2026-04-30,Reel / Video,120746,264,5,0.22%,0.13%,—,https://www.instagram.com/p/DXwfP-NSHxX/,The one who knows all your secrets. Give a gift to #TheOGBestie  #OrianaByGRT #LightweightJewellery #DiamondJewellery #MomIsMyFirstBestie
63,2026-04-25,Reel / Video,9050460,20448,26,0.23%,9.57%,—,https://www.instagram.com/p/DXjcXvEEvJH/,"The universe has a plan for you, and it is outlined in sparkles at Oriana by GRT!  Get exciting jewellery offers at  Oriana’s exclusive Showroom in Jayanagar, this season Diamond Jewellery – 25% off on Diamond Value + 25% off on MC. Gold Jewellery – 25% off on VA. Silver Jewellery – 20% off on MRP.  *T&C apply. Limited period offer.  Shop now! *Available in Oriana, Jayanagar Bangalore showroom only.   #OrianaByGRT #LightweightJewellery"
64,2026-04-24,Single Photo,386760,32230,65,8.33%,15.09%,—,https://www.instagram.com/p/DXhAg5_knAQ/,"Step into the moment, styled in brilliance. ✨  Get exciting jewellery offers on Oriana by GRT.  Diamond Jewellery – 25% off on Diamond Value + 25% off on MC. Gold Jewellery – 25% off on VA. Silver Jewellery – 20% off on MRP.  *T&C apply. Limited period offer.  Shop now! *Available in Oriana, Jayanagar, Bangalore showroom only.   #OrianaByGRT #LightweightJewellery"
65,2026-04-21,Single Photo,178812,14901,44,8.33%,6.98%,—,https://www.instagram.com/p/DXZkQzWkkjJ/,"Some signs from the universe are meant to be felt and adorned!  Manifest abundance and adorn yourself with Oriana jewellery with exciting offers, this season. Diamond Jewellery – 25% off on Diamond Value + 25% off on MC. Gold Jewellery – 25% off on VA. Silver Jewellery – 20% off on MRP.  *T&C apply. Limited period offer.  Shop now! *Available in Oriana, Jayanagar Bangalore showroom only.   #OrianaByGRT #LightweightJewellery"
66,2026-04-20,Single Photo,110400,9200,17,8.33%,4.31%,—,https://www.instagram.com/p/DXWnXqekkcQ/,"Wear your shine with Oriana and manifest abundance.  Walk into Oriana Jayanagar showroom during this Akshaya Tritiya season and manifest abundance with Oriana light weight jewellery, by GRT.  Get exciting Akshaya Tritiya  offers at Oriana.  Diamond Jewellery – 25% off on Diamond Value + 25% off on MC. Gold Jewellery – 25% off on VA. Silver Jewellery – 20% off on MRP.  *T&C apply. Limited period offer.  Shop now! *Available in Oriana, Jayanagar Bangalore showroom only.   #OrianaByGRT #LightweightJewellery #AkshayaTritiya #ManifestAbundance"
67,2026-04-19,Single Photo,151848,12654,37,8.33%,5.93%,—,https://www.instagram.com/p/DXThhH9kt8E/,"Prosperity, in every sparkle with Oriana by GRT ✨  Celebrate Akshaya Tritiya and manifest abundance, with  Oriana’s super exciting offers.  Diamond Jewellery – 25% off on Diamond Value + 25% off on MC. Gold Jewellery – 25% off on VA. Silver Jewellery – 20% off on MRP.  *T&C apply. Limited period offer.  Shop now! *Available in Oriana, Jayanagar Bangalore showroom only.   #OrianaByGRT #LightweightJewellery #AkshayaTritiya #ManifestAbundance"
68,2026-04-18,Reel / Video,9926379,16463,54,0.17%,7.72%,—,https://www.instagram.com/p/DXRSAMVgvqz/,"You're not waiting for abundance. You are welcoming it into your life!  This Akshaya Tritiya, reflect abundance in every sparkle, with Oriana jewellery.  Get exciting offers with Oriana by GRT on Diamond Jewellery – 25% off on Diamond Value + 25% off on MC. Gold Jewellery – 25% off on VA. Silver Jewellery – 20% off on MRP.  *T&C apply. Limited period offer.  Shop now! *Available in Oriana, Jayanagar Bangalore showroom only.   #OrianaByGRT #LightweightJewellery #ManifestAbundance"
69,2026-04-17,Carousel Album,86112,7176,25,8.33%,3.36%,—,https://www.instagram.com/p/DXOuP6_EtQB/,"Like a diamond, you are invincible.   It’s time to celebrate your strength with abundant discounts this Akshaya Tritiya with Oriana by GRT!  Diamond Jewellery – 25% off on Diamond Value + 25% off on MC. Gold Jewellery – 25% off on VA. Silver Jewellery – 20% off on MRP.  *T&C apply. Limited period offer.  Shop now! *Available in Oriana, Jayanagar Bangalore showroom only.   #OrianaByGRT #LightweightJewellery #ManifestAbundance"
70,2026-04-15,Carousel Album,232980,19415,55,8.33%,9.10%,—,https://www.instagram.com/p/DXJqyyEEpqq/,"Through Oriana, the universe has something wonderful for you, symbolizing abundance during Akshaya Tritiya!!  Get exciting jewellery offers on Oriana by GRT, this Akshaya Tritiya and manifest abundance. Diamond Jewellery – 25% off on Diamond Value + 25% off on MC. Gold Jewellery – 25% off on VA. Silver Jewellery – 20% off on MRP.  *T&C apply. Limited period offer.  Shop now! *Available in Oriana, Jayanagar Bangalore showroom only.   #OrianaByGRT #LightweightJewellery"
71,2026-04-07,Single Photo,206424,17202,48,8.33%,8.06%,—,https://www.instagram.com/p/DW1WK0bEjJA/,"This is a gentle reminder, your wishes are unfolding beautifully!  Get exciting offers on Oriana Jewellery, this Akshaya Tritiya.   *T&C apply. Limited period offer.  Shop now! *Available in select showrooms only.   #OrianaByGRT #LightweightJewellery"
72,2026-04-04,Single Photo,185916,15493,66,8.33%,7.27%,—,https://www.instagram.com/p/DWs6Ok4kngZ/,"Consider this your sign to shine brighter ✨  Get exciting jewellery offers on Oriana by GRT, this Akshaya Tritiya.   *T&C apply. Limited period offer.  Shop now! *Available in select showrooms only.   #OrianaByGRT #LightweightJewellery"
73,2026-04-03,Carousel Album,268764,22397,56,8.33%,10.49%,—,https://www.instagram.com/p/DWqtKGaknHo/,"Abundance shines this Akshaya Tritiya!  Get exciting offers on Oriana Jewellery, this Akshaya Tritiya.   *T&C apply. Limited period offer.  Shop now! *Available in select showrooms only.   #OrianaByGRT #LightweightJewellery"
74,2026-04-01,Reel / Video,17013541,44558,49,0.26%,20.84%,—,https://www.instagram.com/p/DWmO3Zvj5c2/,"Shine has a new address!   Come find the perfect jewellery for you at Oriana's new showroom in Jayanagar, and find new ways to #LifeItYourWay   #OrianaByGRT #lightweightjewellery"
75,2026-03-30,Reel / Video,1526262,3859,10,0.25%,1.81%,—,https://www.instagram.com/p/DWgq0k6ES1W/,Follow the shine and life it your way to Oriana's exclusive showroom at Jayanagar Bangalore. #LifeItYourWay  #OrianabyGRT #lightweightjewellery
76,2026-03-29,Single Photo,130596,10883,13,8.33%,5.09%,—,https://www.instagram.com/p/DWdcS7FEvEA/,Fall a little more in love with your jewellery.  Get exciting offers on our jewellery to celebrate this festive season! Buy any gold jewellery at ₹250 less per gram* Exchange any old gold jewellery at ₹100 extra per gram*  *T&C apply. Limited period offer.  Shop now! *Available in select stores only.   #OrianaByGRT #LightweightJewellery
77,2026-03-28,Single Photo,60456,5038,10,8.33%,2.36%,—,https://www.instagram.com/p/DWalXuBkrhy/,Find jewellery both of you will love!  Get exciting offers on our jewellery to celebrate this festive season!   Buy any gold jewellery at ₹ 250 less per gram*  Exchange any old gold jewellery at ₹ 100 extra per gram*   *T&C apply. Limited period offer. Shop now! *Available in select stores only   #OrianaByGRT #LightweightJewellery
78,2026-03-25,Carousel Album,116088,9674,22,8.33%,4.53%,—,https://www.instagram.com/p/DWT78X3Evcg/,The best time to purchase all your fav earrings!  Get exciting offers on our jewellery to celebrate this festive season!  Buy any gold jewellery at ₹ 250 less per gram* Exchange any old gold jewellery at ₹ 100 extra per gram*  *T&C apply. Limited period offer.  Shop now! *Available in select stores only  #OrianaByGRT #LightweightJewellery
79,2026-03-23,Carousel Album,127452,10621,30,8.33%,4.98%,—,https://www.instagram.com/p/DWOx46bEkHe/,Don’t new beginnings deserve to shine a little brighter?   Exciting offers on our jewellery to celebrate the season!  Buy any gold jewellery at ₹ 250 less per gram* Exchange any old gold jewellery at ₹ 100 extra per gram*  *T&C apply. Limited period offer.  Shop now! *Available only in select showroom only  #OrianaByGRT #LightweightJewellery
80,2026-03-21,Single Photo,242160,20180,24,8.33%,9.44%,—,https://www.instagram.com/p/DWJX-dLEgiJ/,"Your wishlist needs a dash of sparkle and a whole lot of shine. Exciting offers on our jewellery to celebrate Ugadi!  Buy any gold jewellery at ₹ 250 less per gram* Exhange any old gold jewellery at ₹ 100 extra per gram* (T&C apply)   “Offer valid in select showrooms only"".  Shop now!  #OrianaByGRT #LightweightJewellery"
81,2026-03-20,Single Photo,310080,25840,58,8.33%,12.10%,—,https://www.instagram.com/p/DWHFBQKEs6k/,"Nobody does it like you, rocking your desi look!  Get exciting offers on Oriana lightweight gold jewellery this festive season!   Buy any gold jewellery at ₹ 250 less per gram* Exhange any old gold jewellery at ₹ 100 extra per gram* (T&C apply)  “Offer valid in select showrooms only"".  Shop now!  #OrianaByGRT #LightweightJewellery"
82,2026-03-17,Carousel Album,98328,8194,31,8.33%,3.84%,—,https://www.instagram.com/p/DV-8-P4EnYL/,"Good news!✨ You can grab these exclusively at our standalone store at Jayanagar, Bangalore! Visit the store now!  #LifeItYourWay with Oriana  #OrianaByGRT #LifeItYourWay"
83,2026-03-16,Single Photo,285972,23831,35,8.33%,11.15%,—,https://www.instagram.com/p/DV8h3ZHEiOJ/,Shine with your brilliance.   #LifeItYourWay with #OrianaByGRT  #LightweightJewellery
84,2026-03-14,Single Photo,199956,16663,38,8.33%,7.80%,—,https://www.instagram.com/p/DV2_929klu1/,"A space where brilliance meets individuality. Step into Oriana’s flagship showroom in Jayanagar, Bangalore and discover jewellery that celebrates your style, your choices, and your moments.   #LifeItYourWay #OrianaByGRT #LightweightJewellery"
85,2026-03-12,Reel / Video,4815814,32772,33,0.68%,15.33%,—,https://www.instagram.com/p/DVyAxGcDXDf/,"In every step, she finds her own rhythm. In every crowd, she knows how to own her shine. In every situation, she follows her own heart. And her heart? It says... #LifeItYourWay  Because life doesn't happen to her, she happens to life.  #OrianaByGRT #LightweightJewellery"
86,2026-03-11,Carousel Album,255036,21253,57,8.33%,9.96%,—,https://www.instagram.com/p/DVvW9AZj-I3/,"Your confidence reflected perfectly, elevated by our lightweight jewellery! Come experience the magic now at our store in Jayanagar, Bangalore. #LifeItYourWay  #OrianaByGRT #LightweightJewellery"
87,2026-03-10,Single Photo,189180,15765,31,8.33%,7.38%,—,https://www.instagram.com/p/DVtRjYFEmLK/,"This is a sparkle worth stepping out for! Discover brilliance, sparkle, and lightweight jewellery that celebrate your style.   Visit our new Oriana store at Jayanagar 4th Block. #LifeItYourWay #OrianaByGRT #LightweightJewellery"
88,2026-03-08,Carousel Album,184584,15382,29,8.33%,7.20%,—,https://www.instagram.com/p/DVnLQZzEiqb/,"Between worlds, moods, and moments, the power lies in choosing how you show up in each of them!  #LifeItYourWay with Oriana  #OrianaByGRT #LightweightJewellery #InternationalWomensDay"
89,2026-03-07,Reel / Video,2782408,7066,15,0.25%,3.31%,—,https://www.instagram.com/p/DVk4IoyEva6/,"Sometimes, all you need is a good book – with a side of shine! It’s your story, make your own rules and #LifeItYourWay.   Something precious awaits!✨ Visit us at Jayanagar on Sunday, 8th March. COMING SOON.  #OrianaByGRT #LightweightJewellery"
90,2026-03-06,Reel / Video,2743271,10095,15,0.37%,4.72%,—,https://www.instagram.com/p/DVirTfqko66/,"Add a touch of play to every ordinary moment.  Make the day your own, and #LifeItYourWay.   Something precious awaits!✨ Visit us at Jayanagar on Sunday, 8th March. COMING SOON.  #OrianaByGRT #LightweightJewellery"
91,2026-03-05,Reel / Video,3058155,7614,11,0.25%,3.56%,—,https://www.instagram.com/p/DVf_ejWEkbM/,"Your confidence sets the tone; so add some sparkle!   Put your best foot forward always and #LifeItYourWay.   Something precious awaits!✨ Visit us at Jayanagar on Sunday, 8th March. COMING SOON!  #OrianaByGRT #LightweightJewellery"
92,2026-03-04,Reel / Video,3107514,6937,9,0.22%,3.25%,—,https://www.instagram.com/p/DVdZPRAknKt/,"Rain or sunshine, you are always bound to shine.  That’s how you ‘life it your way’.  Something precious awaits! ✨ Visit us at Jayanagar on Sunday, 8th March.  COMING SOON!  #LifeItYourWay #OrianaByGRT #LightweightJewellery"
93,2026-03-03,Reel / Video,3226356,10634,11,0.33%,4.97%,—,https://www.instagram.com/p/DVbEY5LDBtB/,A new shine is finding its address. #LifeItYourWay   #OrianabyGRT #lightweightjewellery
94,2026-02-26,Reel / Video,1080406,9094,11,0.84%,4.25%,—,https://www.instagram.com/p/DVNmUjIlGiw/,Turn up your inner music because your rhythm deserves the spotlight. #WearYourMelody   #OrianaByGRT #LightweightJewellery
95,2026-02-25,Reel / Video,969541,7979,5,0.82%,3.73%,—,https://www.instagram.com/p/DVLWTJ8DWpQ/,Every moment hits a note!  #WearYourMelody #OrianaByGRT #LightweightJewellery
96,2026-02-23,Reel / Video,1755071,8581,13,0.49%,4.02%,—,https://www.instagram.com/p/DVF6Bl1j_QM/,Let your rhythm click into place with our Rhythm Drops Collection!  #WearYourMelody #OrianaByGRT #LightweightJewellery
97,2026-02-21,Reel / Video,2343792,12263,12,0.52%,5.74%,—,https://www.instagram.com/p/DVBTVA5Dv0t/,Jewellery that moves with you #WearYourMelody with Rhythm Drop collection!  #OrianaByGRT #LightweightJewellery
98,2026-02-20,Reel / Video,2465293,10705,11,0.43%,5.01%,—,https://www.instagram.com/p/DU-vv_riAXn/,Own you Rhythm and #WearYourMelody   #OrianaByGRT #LightweightJewellery
99,2026-02-17,Single Photo,137532,11461,15,8.33%,5.36%,—,https://www.instagram.com/p/DU3En-zCZjl/,"Friends who stay together, shine together!✨ #WearYourMelody with the Rhythm Drop Collection from Oriana by GRT.  #OrianaByGRT #LightweightJewellery"
100,2026-02-16,Single Photo,179832,14986,414,8.33%,7.20%,—,https://www.instagram.com/p/DU0Vq9wkqDY/,"When you and your rhythm are in sync, there’s no stopping your shine! #WearYourMelody with the Rhythm Drop Collection from Oriana by GRT.  #OrianaByGRT #LightweightJewellery"
101,2026-02-14,Reel / Video,1511058,2260,6,0.15%,1.06%,—,https://www.instagram.com/p/DUudHqkEoiN/,"There’s more than one way to say I love you – this one just sparkles a little more!  Gift her a Hrdaya, a collection made for love and #MadeWithLove  #OrianaByGRT #LightweightJewellery #ValentinesDay"
102,2026-02-13,Reel / Video,3235895,3715,227,0.11%,1.84%,—,https://www.instagram.com/p/DUsqutIkWZK/,They say the best surprises are the ones you didn’t see coming.  Gift your loved one a Hrdaya set from Oriana this Valentine’s Day #MadeWithLove   #OrianaByGRT #LightWeightJewellery
103,2026-02-13,Single Photo,300996,25083,107,8.33%,11.77%,—,https://www.instagram.com/p/DUsVUMaj7z5/,"A gesture of love, adorned in sparkle.  Gift her a Hrdaya, a collection made for love and #MadeForLove  #OrianaByGRT #LightweightJewellery #ValentinesWeek #ValentinesDay"
104,2026-02-13,Reel / Video,965250,6694,16,0.69%,3.14%,—,https://www.instagram.com/p/DUsHJcJESRd/,"To be felt, held and cherished…it’s a token of your love. Gift her a Hrdaya, a collection made for love and #MadeWithLove   #OrianaByGRT #LightweightJewellery"
105,2026-02-12,Single Photo,68844,5737,11,8.33%,2.69%,—,https://www.instagram.com/p/DUpkeG1DXvr/,"Something you can hold close to your heart, always. Gift her a Hrdaya, a collection made for love and #MadeWithLove   #OrianaByGRT #LightweightJewellery #ValentinesDay #ValentinesWeek"
106,2026-02-12,Reel / Video,3870061,7914,17,0.20%,3.71%,—,https://www.instagram.com/p/DUpdLZ3D7CO/,"Picked slowly. Chosen thoughtfully. Loved deeply.  Gift her a Hrdaya, a collection made for love and #MadeWithLove  #OrianaByGRT #LightweightJewellery #ValentinesDay"
107,2026-02-11,Single Photo,60288,5024,6,8.33%,2.35%,—,https://www.instagram.com/p/DUnllqIEpRv/,"A promise you can wear.  Gift her a Hrdaya, a collection made for love and #MadeForLove  #OrianaByGRT #LightweightJewellery"
108,2026-02-11,Reel / Video,3791835,32291,23,0.85%,15.10%,—,https://www.instagram.com/p/DUnHwVJAnQ6/,"Moments spent together, made brighter with a token that celebrates it!  Gift her a Hrdaya, a collection made for love and #MadeWithLove  #OrianaByGRT #LightweightJewellery"
109,2026-02-10,Single Photo,260268,21689,57,8.33%,10.16%,—,https://www.instagram.com/p/DUlG8fEkpo0/,"Wrapped in love, just like a teddy. A delicate token of love meant to be cherished every day.  Gift your loved one a Hrdaya set from Oriana this Valentine’s Day.   #MadeWithLove #OrianaByGRT #LightweightJewellery"
110,2026-02-10,Reel / Video,3915466,9045,12,0.23%,4.23%,—,https://www.instagram.com/p/DUkiFp3EVF7/,"A token of love that shows everything you feel, without even saying a word. Gift her a Hrdaya, a collection made for love and #MadeWithLove  #OrianaByGRT #LightweightJewellery"
111,2026-02-09,Single Photo,172416,14368,42,8.33%,6.73%,—,https://www.instagram.com/p/DUiYbA3iAE_/,"A sweet reminder, a token of your love.  Gift your loved one a Hrdaya set from Oriana this Valentine's Day!  #MadeWithLove #OrianaByGRT #LightweightJewellery"
112,2026-02-09,Single Photo,160908,13409,25,8.33%,6.28%,—,https://www.instagram.com/p/DUiS0quEp3I/,"Seal your forever with a token of love.  Gift her a Hrdaya, a collection made for love and #MadeWithLove   #OrianaByGRT #LightweightJewellery"
113,2026-02-08,Carousel Album,132900,11075,46,8.33%,5.20%,—,https://www.instagram.com/p/DUf7fI_Esx2/,"Every love language deserves its own kind of gift.   Find the Oriana jewellery that speaks theirs this Valentine’s Day with the Hrdaya Collection 💝  Gift her a Hrdaya, a collection made for love and #MadeWithLove  #OrianaByGRT #LightweightJewellery"
114,2026-02-07,Single Photo,226680,18890,49,8.33%,8.85%,—,https://www.instagram.com/p/DUclkXAklwL/,"A rose for today. A token of love for always.  Gift her a Hrdaya, a collection made for love and #MadeWithLove  #OrianaByGRT #LightweightJewellery"
115,2026-02-06,Carousel Album,150516,12543,49,8.33%,5.88%,—,https://www.instagram.com/p/DUaiUVkEiVf/,"Every love language deserves its own kind of gift. Find the Oriana jewellery that speaks theirs this Valentine’s Day with the  Hrdaya Collection 💝 Gift her a Hrdaya, a collection made for love and #MadeWithLove  #OrianaByGRT #LightweightJewellery"
116,2026-02-04,Single Photo,185364,15447,61,8.33%,7.25%,—,https://www.instagram.com/p/DUVbvLsCf2G/,"Because some love languages are felt. Gift her a Hrdaya, a collection made for love and #MadeWithLove   #OrianaByGRT #LightweightJewellery"
117,2026-02-03,Reel / Video,4069759,12408,18,0.30%,5.81%,—,https://www.instagram.com/p/DUSZZbQlP4f/,"When words fall short, only the true shine of your love can convey it all! Gift her a Hrdaya, a collection made for love and #MadeWithLove  #OrianaByGRT #LightweightJewellery"
118,2026-01-26,Single Photo,111840,9320,13,8.33%,4.36%,—,https://www.instagram.com/p/DT9XfkSDPxm/,"Rooted in pride, growing in unity, and shining with grace. Today, we reflect on the values that shape us. Happy Republic Day!  #OrianaByGRT #MadeWithLove #LightweightJewellery"
119,2026-01-20,Reel / Video,2012221,6476,11,0.32%,3.03%,—,https://www.instagram.com/p/DTut4ddCV_X/,This is your sign to listen to your mood and #WearYourMelody!   Explore the Rhythm Drop Collection from Oriana by GRT  #OrianaByGRT #LightweightJewellery
120,2026-01-19,Reel / Video,7663310,17478,27,0.23%,8.18%,—,https://www.instagram.com/p/DTrvyfTAK9h/,"When everything clicks, you know you’ve found your Rhythm. #WearYourMelody with the Rhythm Drops Collection from Oriana by GRT.  #OrianaByGRT #LightweightJewellery"
121,2026-01-16,Carousel Album,173724,14477,27,8.33%,6.78%,—,https://www.instagram.com/p/DTkTMe5kpTF/,Every piece plays its own note.  Every look has its own rhythm.  #WearYourMelody with the Rhythm Drops Collection from Oriana by GRT  #OrianaByGRT #LightweightJewellery
122,2026-01-15,Reel / Video,6731519,46161,26,0.69%,21.58%,—,https://www.instagram.com/p/DThQXAtlrnY/,"May this Pongal bring abundance in every home, and warmth in every heart. Happy Pongal!  #HarvestYourShine this harvest festival with Oriana!  #OrianaByGRT #LightweightJewellery"
123,2026-01-14,Single Photo,184500,15375,25,8.33%,7.20%,—,https://www.instagram.com/p/DTfAsNSkngC/,Glimmer and shine in Sankranti joy!  #OrianaByGRT #LightweightJewellery
124,2026-01-13,Single Photo,213996,17833,30,8.33%,8.35%,—,https://www.instagram.com/p/DTc8kdeDUJS/,"Dressed in tradition, adorned in shine. Stepping into celebration together!   #HarvestYourShine this harvest festival with Oriana!  #OrianaByGRT #LightweightJewellery"
125,2026-01-13,Single Photo,152988,12749,20,8.33%,5.97%,—,https://www.instagram.com/p/DTcRsKkEtB9/,"It beats differently, it moves differently. But it’s all you. #WearYourMelody and show off your Rhythm with our latest collection from Oriana by GRT  #OrianaByGRT #LightweightJewellery"
126,2026-01-12,Single Photo,146664,12222,26,8.33%,5.72%,—,https://www.instagram.com/p/DTaMnQfEmpm/,That glow? That’s just her Rhythm playing loud!  #WearYourMelody with the Rhythm Drops Collection from Oriana by GRT.  #OrianaByGRT #LightweightJewellery
127,2026-01-12,Single Photo,164028,13669,19,8.33%,6.40%,—,https://www.instagram.com/p/DTZvCGREsfE/,You life isn't one note. Why should your jewellery be?  #WearYourMelody with the Rhythm Drops Collection from Oriana by GRT.  #OrianaByGRT #LightweightJewellery
128,2026-01-09,Single Photo,186780,15565,21,8.33%,7.28%,—,https://www.instagram.com/p/DTSbqJrFNIO/,Our pieces truly understand what the heart wants!  #WearYourMelody with the Rhythm Drop Collection from Oriana by GRT!  #OrianaByGRT #LightweightJewellery
129,2026-01-06,Single Photo,207372,17281,26,8.33%,8.09%,—,https://www.instagram.com/p/DTJ-dDtkS7h/,All eyes follow your beat!  #WearYourMelody with the our new collection. Shop now!  #OrianaByGRT #LightweightJewellery
130,2026-01-05,Single Photo,180408,15034,28,8.33%,7.04%,—,https://www.instagram.com/p/DTHZq4MD0A-/,Who needs a playlist when you are the vibe?  #WearYourMelody #OrianaByGRT #LightweightJewellery
131,2026-01-04,Single Photo,151932,12661,18,8.33%,5.92%,—,https://www.instagram.com/p/DTE030SDd4C/,Let your sparkle hit its favourite note today!  #WearYourMelody #OrianaByGRT #LightweightJewellery
132,2026-01-03,Carousel Album,255084,21257,77,8.33%,9.97%,—,https://www.instagram.com/p/DTCQFVJiD4I/,May your year sparkle as bright as you!  Come purchase a smile at Oriana this #JollyGoldSeason   #OrianaByGRT #LightweightJewellery
133,2026-01-02,Carousel Album,293844,24487,20,8.33%,11.45%,—,https://www.instagram.com/p/DS_uvH5jQX2/,Enter the new year with the brightest shine!   Come purchase a smile at Oriana this #JollyGoldSeason   #OrianaByGRT #LightweightJewellery
134,2026-01-01,Single Photo,117240,9770,16,8.33%,4.57%,—,https://www.instagram.com/p/DS84v5qD9RX/,"Set golden goals for the year to come, and have a Happy New Year!  Come purchase a smile at Oriana this #JollyGoldSeason  #OrianaByGRT #LightweightJewellery"
135,2025-12-31,Reel / Video,73899,507,17,0.69%,0.24%,"@grt.silverjewellery, @grtoriana",https://www.instagram.com/p/DS70rr0E4At/,"May this year be filled with happiness, prosperity, and radiant moments.  From us at GRT Jewellers, wishing you and your family a very Happy New Year! 🎆  [GRT Jewellers, Happy New Year, New Year 2026, New Beginnings, Family Moments, New Year Wishes]"
136,2025-12-29,Reel / Video,962218,1084,4,0.11%,0.51%,—,https://www.instagram.com/p/DS2R9-ZCfs3/,Celebrating everyone that made 2025 special. Here’s to new ones waiting to shine! Come purchase a smile at Oriana this #JollyGoldSeason   #OrianaByGRT #LightweightJewellery
137,2025-12-28,Single Photo,86964,7247,12,8.33%,3.39%,—,https://www.instagram.com/p/DSy6K10DTPt/,Let every shimmer reflect your inner rhythm. Live life like you want to!   #WearYourMelody #OrianaByGRT #LightweightJewellery
138,2025-12-27,Single Photo,103044,8587,11,8.33%,4.02%,—,https://www.instagram.com/p/DSwVX-CDbsx/,All eyes follow your beat! #WearYourMelody with the our new collection. Shop now!  #OrianaByGRT #LightweightJewellery
139,2025-12-26,Single Photo,137748,11479,12,8.33%,5.37%,—,https://www.instagram.com/p/DStyzhSEkjQ/,Step into your story. Let the world hear your shine.   #WearYourMelody #OrianaByGRT #LightweightJewellery
140,2025-12-25,Reel / Video,1555823,4470,8,0.29%,2.09%,—,https://www.instagram.com/p/DSrE9hpDwZD/,Make your Christmas a merry one – with a dash of sparkle! Come purchase a smile at Oriana this #JollyGoldSeason. #OrianaByGRT #LightweightJewellery
141,2025-12-24,Reel / Video,1791304,10607,10,0.59%,4.96%,—,https://www.instagram.com/p/DSpUfCRlM3_/,No snow? No problem – because there’s sparkle! Come purchase a smile at Oriana this #JollyGoldSeason.  #OrianaByGRT #LightweightJewellery
142,2025-12-22,Single Photo,173772,14481,19,8.33%,6.78%,—,https://www.instagram.com/p/DSkBh-7kpAG/,Celebrate the season with a gift of sparkle!  Come purchase a smile at Oriana this #JollyGoldSeason  #OrianaByGRT #LightweightJewellery
143,2025-12-21,Single Photo,169368,14114,32,8.33%,6.61%,—,https://www.instagram.com/p/DShoqsZDRLl/,When you want to shower yourself with some love – there’s an Oriana!  #WearYourMelody with the our new collection. Shop now!  #OrianaByGRT #LightweightJewellery
144,2025-12-21,Single Photo,182232,15186,27,8.33%,7.11%,—,https://www.instagram.com/p/DShUEShiabP/,"Be the main character,  watch the spotlight find its way to you.  #WearYourMelody #OrianaByGRT #LightweightJewellery"
145,2025-12-21,Single Photo,172008,14334,33,8.33%,6.71%,—,https://www.instagram.com/p/DSg1LWIj6gY/,"She doesn’t wait for the spotlight. She doesn't need a soundtrack.  It finds her. Presenting, Rhythm Drop by Oriana! It’s time to #WearYourMelody  #OrianaByGRT #LightweightJewellery"
146,2025-12-19,Reel / Video,1751730,18651,17,1.06%,8.72%,—,https://www.instagram.com/p/DSbro_mjbwb/,Add a tinge of colour to every memory!  Shop the Flio collection today. #ColourMeFull #OrianaByGRT #LightweightJewellery
147,2025-12-18,Single Photo,212676,17723,31,8.33%,8.30%,—,https://www.instagram.com/p/DSZG0wqiGjp/,"Inspired by the colours of the flowers, captured in the pieces of Flio.   Explore the new collection now!  #ColourMeFull #OrianaByGRT #LightweightJewellery"
148,2025-12-17,Reel / Video,2716148,3297,8,0.12%,1.54%,—,https://www.instagram.com/p/DSWtyL7E_L9/,Playful? Bold? Calm? Radiant? Flio’s got a colour for every version of you. #ColourMeFull #OrianaByGRT #LightweightJewellery
149,2025-12-16,Single Photo,272712,22726,19,8.33%,10.63%,—,https://www.instagram.com/p/DSVOLEOkr7_/,Wear the colours of nature that reflect you.  Explore the Flio collection now!  #ColourMeFull #OrianaByGRT #LightweightJewellery
150,2025-12-12,Reel / Video,2345246,45553,12,1.94%,21.29%,—,https://www.instagram.com/p/DSJ0aKeErwa/,Inspired from the colours that colour your world.  Shop the Flio Collection from Oriana by GRT today!   #ColourMeFull #OrianaByGRT #LightweightJewellery
151,2025-12-09,Reel / Video,2899307,10006,52,0.35%,4.70%,—,https://www.instagram.com/p/DSCDcWSEtsu/,Let your vibe shine through – with Flio from Oriana by GRT!  Explore the new collection now!  #ColourMeFull #OrianaByGRT #LightweightJewellery
152,2025-12-07,Reel / Video,2015098,37791,17,1.88%,17.67%,—,https://www.instagram.com/p/DR9iJWOjckD/,Elevate your fit with Flio!  Explore the new collection now from Oriana by GRT! #ColourMeFull #OrianaByGRT #LightweightJewellery
153,2025-12-06,Reel / Video,2369558,20208,16,0.85%,9.45%,—,https://www.instagram.com/p/DR658W3DYpv/,"The secret to instant joy? Flio, of course!  Explore the new collection now from Oriana by GRT!  #ColourMeFull #OrianaByGRT #LightweightJewellery"
154,2025-12-05,Reel / Video,3322310,12279,16,0.37%,5.75%,—,https://www.instagram.com/p/DR4cGoFkqCo/,Reflect who you are with Flio!  Explore the new collection now! #ColourMeFull #OrianaByGRT #LightweightJewellery
155,2025-12-05,Reel / Video,2720881,13328,13,0.49%,6.23%,—,https://www.instagram.com/p/DR4M8UME-hR/,Here’s every form of your vibe!   Explore the new Flio collection from Oriana by GRT. #ColourMeFull #OrianaByGRT #LightweightJewellery
156,2025-12-04,Reel / Video,1729490,8869,6,0.51%,4.15%,—,https://www.instagram.com/p/DR1zyTGEmuO/,Feel colourful and content with our latest collection. Check Flio from Oriana by GRT now!  #ColourMeFull #OrianaByGRT #LightweightJewellery
157,2025-12-04,Carousel Album,292320,24360,3,8.33%,11.38%,—,https://www.instagram.com/p/DR1QpF0kgEZ/,Add colour and sparkle to your day with Flio from Oriana by GRT.   #ColourMeFull #OrianaByGRT #LightweightJewellery
158,2025-12-03,Reel / Video,2117767,3451,4,0.16%,1.61%,—,https://www.instagram.com/p/DRzO82FEpsv/,"Colours isn’t just what you see, it’s how you feel! Discover the Flio collection by GRT Oriana, made to match your mood.  #ColourMeFull #OrianaByGRT #LightweightJewellery"
159,2025-12-03,Carousel Album,139512,11626,3,8.33%,5.43%,—,https://www.instagram.com/p/DRyqv8yEgIM/,Add a pop of colour to every occasion!  Shop the Flio from Oriana by GRT today.  #ColourMeFull #ColourMeFull #OrianaByGRT #LightweightJewellery
160,2025-12-02,Single Photo,140760,11730,20,8.33%,5.49%,—,https://www.instagram.com/p/DRwmzPbkjhY/,What does your mood palette look like today?  Explore the Flio collection for pieces that match you!  #ColourMeFull #OrianaByGRT #LightweightJewellery
161,2025-12-01,Reel / Video,2344621,10442,48,0.45%,4.90%,—,https://www.instagram.com/p/DRuB_atEi2k/,"Pieces that you’ll want to wear all day, every day!  Explore our newest collection, Flio from Oriana by GRT now!  #ColourMeFull #OrianaByGRT #LightweightJewellery"
162,2025-11-30,Single Photo,30420,2535,6,8.33%,1.19%,—,https://www.instagram.com/p/DRrj-X4kpZS/,Shop for everything bright this Golden Friday Sale Flat 25% off on VA on all products 28th Nov - 30th Nov *Across all product codes **T&C Apply  #GoldenFridaySale #OrianaByGRT #LightweightJewellery
163,2025-11-29,Single Photo,49980,4165,35,8.33%,1.96%,—,https://www.instagram.com/p/DRo_R6Ekub5/,Make this weekend be extra special with the Golden Friday Sale from Oriana by GRT. Enjoy a flat 25% off on VA across all Oriana product codes. Avail now!  #GoldenFridaySale #OrianaByGRT #LightweightJewellery
164,2025-11-28,Single Photo,107364,8947,9,8.33%,4.19%,—,https://www.instagram.com/p/DRl4I_FklsD/,Shine brighter than ever this weekend Make this Black Friday a golden one by availing Flat 25% off on VA* across all Oriana product codes. 28th–30th November only!  #GoldenFridaySale #OrianaByGRT #LightweightJewellery
165,2025-11-27,Reel / Video,946114,6834,9,0.72%,3.20%,—,https://www.instagram.com/p/DRj2aVukoSV/,"What you wear speaks for you! Explore our newest collection, Flio now!   #ColourMeFull #OrianaByGRT #LightweightJewellery"
166,2025-11-24,Reel / Video,30651,280,3,0.91%,0.13%,—,https://www.instagram.com/p/DRcMSAkkjTx/,"Find the perfect match that will make you perfectly happy! Explore our newest collection, Flio now!  #ColourMeFull #OrianaByGRT #LightweightJewellery"
167,2025-11-23,Single Photo,102252,8521,13,8.33%,3.99%,—,https://www.instagram.com/p/DRZicXxkmZB/,Your reminder to take things less seriously and shine more colourfully. Wear your mischief with Flio from Oriana by GRT inspired by floral hues.   #ColourMeFull #OrianaByGRT #LightweightJewellery
168,2025-11-22,Single Photo,104712,8726,17,8.33%,4.09%,—,https://www.instagram.com/p/DRW9soBkpKX/,"Mix and match? Flio matches your vibe! Shop the new collection now, now brought to life in the Flio from Oriana by GRT inspired by floral hues.  #ColourMeFull #OrianaByGRT #LightweightJewellery"
169,2025-11-21,Single Photo,77676,6473,7,8.33%,3.03%,—,https://www.instagram.com/p/DRUZmqcEtDC/,"Every Colour has a feeling, every mood has a sparkle.   Today’s feeling? Experience pink, the shade of pure joy , Now brought to life in the Flio from Oriana by GRT inspired by floral hues🌸  #ColourMeFull #OrianaByGRT #LightweightJewellery"
170,2025-11-20,Reel / Video,1740627,6915,5,0.40%,3.23%,—,https://www.instagram.com/p/DRR0fngEp7G/,"Before they became moods, before they became jewels, they were flowers.  Each hue, handpicked from nature’s own palette, Now brought to life in the Flio from Oriana by GRT.  #ColourMeFull #OrianaByGRT #LightweightJewellery"
171,2025-11-19,Single Photo,364140,30345,22,8.33%,14.19%,—,https://www.instagram.com/p/DROqTa7koaD/,"Before they became moods, before they became jewels, they were flowers.  Each hue, handpicked from nature’s own palette, Now brought to life in the Flio from Oriana by GRT. #ColourMeFull  #ComingSoon #OrianaByGRT #LightWeightJewellery #FlioCollection"
172,2025-11-17,Reel / Video,3089406,12901,8,0.42%,6.03%,—,https://www.instagram.com/p/DRKf_BiktB0/,Every shade says something about you.  Ready to find your hue? #ColourMeFull  #ComingSoon #OrianaByGRT #LightWeightJewellery
173,2025-11-16,Reel / Video,2344036,7332,3,0.31%,3.43%,—,https://www.instagram.com/p/DRG9TJHkom3/,Every small step in the journey of #HerBecoming deserves a T’Mara   #TmaraCollection #OrianaByGRT #LightweightJewellery
174,2025-11-14,Single Photo,105396,8783,6,8.33%,4.11%,—,https://www.instagram.com/p/DRBl1mPEs63/,For the little girl who once dreamed of shining on her own. T’Mara Jewellery celebrates you!  Cheers to keeping the child in your and your childhood dreams alive!  Happy Children’s Day!  #ChildrensDay #OrianaByGRT #LightweightJewellery
175,2025-11-12,Reel / Video,2055983,9735,10,0.47%,4.55%,—,https://www.instagram.com/p/DQ9cStfkkFS/,Every petal is a piece of her becoming. 💫 Bloom into your shine with the T’mara.   #HerBecoming  #TmaraCollection #OrianaByGRT #LightweightJewellery
176,2025-11-11,Single Photo,183096,15258,11,8.33%,7.14%,—,https://www.instagram.com/p/DQ6Im21jXq9/,"Every piece from T’mara is a reflection of calm confidence, of the beauty that unfolds when you grow at your own pace.  #HerBecoming #TmaraCollection #OrianaByGRT #LightweightJewellery"
177,2025-11-10,Reel / Video,2122542,6799,8,0.32%,3.18%,—,https://www.instagram.com/p/DQ4H3eIEmhC/,All set with different sets for different occasions!   #HerBecoming #TmaraCollection #OrianaByGRT #LightweightJewellery
178,2025-11-10,Single Photo,157356,13113,10,8.33%,6.13%,—,https://www.instagram.com/p/DQ3fTzBjVER/,"It’s not about changing who you are, but coming home to yourself. It’s #HerBecoming  #TmaraCollection #OrianaByGRT #LightweightJewellery"
179,2025-11-09,Reel / Video,2210090,14227,3,0.64%,6.65%,—,https://www.instagram.com/p/DQ1Zl90Ej3u/,You don’t just grow alone — you bloom together. 🌸 #HerBecoming starts with T’mara.  #TmaraCollection #OrianaByGRT #LightweightJewellery
180,2025-11-08,Reel / Video,4141063,5992,16,0.14%,2.81%,—,https://www.instagram.com/p/DQyRzzXEvrt/,"In the quiet moments before you step out, you shine! Not for others, for yourself. #HerBecoming  #TmaraCollection #OrianaByGRT #LightweightJewellery"
181,2025-11-07,Reel / Video,2605738,11995,3,0.46%,5.61%,—,https://www.instagram.com/p/DQvmVVjkkRY/,"Every sparkle tells the story of who you were, and who you are becoming  #HerBecoming  Explore the T’mara Collection and add these pieces to your jewellery box too!  #TmaraCollection #OrianaByGRT #LightweightJewellery"
182,2025-11-06,Reel / Video,2986906,6888,4,0.23%,3.22%,—,https://www.instagram.com/p/DQtLsickumX/,#HerBecoming is complete with the T’Mara Collection by Oriana!   #TmaraCollection #OrianaByGRT #LightweightJewellery
183,2025-11-05,Single Photo,158688,13224,12,8.33%,6.19%,—,https://www.instagram.com/p/DQqi6ImgcuP/,"The lotus doesn’t chase the light, it grows toward it. So does she. T’mara reflects that radiant journey. #HerBecoming  #TmaraCollection #OrianabyGRT #LightweightJewellery"
184,2025-11-04,Single Photo,224472,18706,8,8.33%,8.74%,—,https://www.instagram.com/p/DQoFRhbEnCB/,"You are like the ripple, slowly, constantly growing, impacting everything around you.  Explore the T’mara collection and celebrate every moment of your growth. #HerBecoming  #TmaraCollection #OrianaByGRT #LightweightJewellery"
185,2025-11-03,Carousel Album,131232,10936,12,8.33%,5.12%,—,https://www.instagram.com/p/DQl6aWTEnrH/,"Every chapter she’s lived has shaped her shine. The T’mara Collection celebrates not just who she is, but who she’s becoming. #HerBecoming   #TmaraCollection #OrianaByGRT #LightweightJewellery"
186,2025-11-02,Single Photo,221940,18495,15,8.33%,8.65%,—,https://www.instagram.com/p/DQjHR-okrII/,"With every challenge she overcomes, she blossoms with strength – gracefully, powerfully, and beautifully.  #HerBecoming, celebrated with the T’mara Collection.  #TmaraCollection #OrianaByGRT #LightweightJewellery"
187,2025-11-01,Single Photo,214824,17902,15,8.33%,8.37%,—,https://www.instagram.com/p/DQgVgGBkiGV/,"As each petal blooms, the lotus comes alive – just like her shine blossoms with every chapter of her becoming.  #HerBecoming, celebrated with the T’mara Collection  #TmaraCollection #OrianaByGRT #LightweightJewellery"
188,2025-10-31,Carousel Album,63312,5276,2,8.33%,2.47%,—,https://www.instagram.com/p/DQdw72ikhxF/,Her bloom is #HerBecoming who she is meant to be. Explore the T’mara Collection today!  #TmaraCollection #OrianaByGRT #LightweightJewellery
189,2025-10-26,Single Photo,103392,8616,4,8.33%,4.03%,—,https://www.instagram.com/p/DQRDflMEnnm/,"With a gentle push, you move forward with grace and precision, creating the life you deserve; just like a lotus in slow bloom.  Explore the T’mara collection and celebrate every moment of you! #HerBecoming  #TmaraCollection #OrianaByGRT #LightweightJewellery"
190,2025-10-25,Single Photo,119076,9923,3,8.33%,4.64%,—,https://www.instagram.com/p/DQOnXS8kmA4/,"Just like a lotus is supported by still water to thrive, your growth thrives from the support systems in your lives🪷  Celebrate the moments your growth comes into bloom, with the T’mara Collection! #HerBecoming  #TmaraCollection #OrianaByGRT #LightweightJewellery"
191,2025-10-24,Single Photo,127356,10613,27,8.33%,4.97%,—,https://www.instagram.com/p/DQL1S_Ekg5n/,"Layer by layer, she blooms into her best self. Explore the T’mara collection and celebrate every moment of #HerBecoming  #TmaraCollection #OrianaByGRT #LightweightJewellery"
192,2025-10-23,Single Photo,248304,20692,10,8.33%,9.67%,—,https://www.instagram.com/p/DQI_8M_EmgG/,"She carries calm in her heart and a fire in her soul. Inspired by the bloom of a lotus, T’mara celebrates #HerBecoming  #TmaraCollection #OrianaByGRT #LightweightJewellery"
193,2025-10-22,Single Photo,121200,10100,15,8.33%,4.73%,—,https://www.instagram.com/p/DQGe9NZEvWi/,"Rooted in grace, reaching for the light. She is her own bloom.  T’mara celebrates #HerBecoming  #TmaraCollection #OrianaByGRT #LightweightJewellery"
194,2025-10-21,Single Photo,216984,18082,18,8.33%,8.46%,—,https://www.instagram.com/p/DQD7Ek0kp2K/,"Like the lotus that rises through still waters, she blooms with quiet strength and radiant grace. Discover the T’mara Collection, it’s #HerBecoming  #TmaraCollection #OrianaByGRT #LightweightJewellery"
195,2025-10-20,Reel / Video,753161,12621,6,1.68%,5.90%,—,https://www.instagram.com/p/DQBL1f4ErXn/,The true spirit of Diwali shines through you! ✨  #HappyDiwali #OrianaByGRT
196,2025-10-19,Reel / Video,2066002,6273,9,0.30%,2.94%,—,https://www.instagram.com/p/DP-v1bxkuLa/,Let your inner calm bloom in every shimmer of Oriana. Because every sparkle is a step in #HerBecoming  #TmaraCollection #OrianaByGRT #LightweightJewellery
197,2025-10-18,Single Photo,128448,10704,10,8.33%,5.01%,—,https://www.instagram.com/p/DP8Q2hCkv4l/,"Invest in your shine, and let blessings follow✨  #HappyDhanteras #OrianaByGRT"
198,2025-10-17,Reel / Video,2329858,26654,19,1.14%,12.46%,—,https://www.instagram.com/p/DP6e4QtkuRX/,Eight petals. Eight forms of abundance. T’mara reflects every  facet of the woman who carries the shine of #HerBecoming  #TmaraCollection #OrianaByGRT #LightweightJewellery
199,2025-10-17,Reel / Video,2679211,16653,11,0.62%,7.79%,—,https://www.instagram.com/p/DP5dnrokg1U/,"From stillness, she rises. From the depths, she shines. Presenting T’mara.  Where every bloom tells a story of #HerBecoming.  #TmaraCollection #OrianaByGRT #LightweightJewellery"
200,2025-10-16,Single Photo,303336,25278,24,8.33%,11.82%,—,https://www.instagram.com/p/DP3suATkki9/,"Rooted in calm. Rising in grace. Introducing T’mara, the golden bloom of #HerBecoming  #TmaraCollection #OrianaByGRT #LightweightJewellery"
201,2025-10-16,Reel / Video,944312,9895,7,1.05%,4.63%,—,https://www.instagram.com/p/DP2xqMfkp8v/,"Your Diwali guide is here, are you ready to shine?   Celebrate the season with our special offer,   Every time you buy gold, get ₹300 off per gram on gold jewellery purchases.  #FestiveSeason #OrianaByGRT #ExcitingOffers"
202,2025-10-08,Carousel Album,111324,9277,9,8.33%,4.34%,—,https://www.instagram.com/p/DPizgFKkhOb/,"Celebrate the season with our special offer:  Every time you buy Gold Jewellery, get SILVER of equal weight absolutely FREE*, plus ₹100* off per gram on Gold jewellery.  *T&Cs Apply  #FestiveSeason #OrianaByGRT #ExcitingOffers"
203,2025-10-07,Carousel Album,117492,9791,11,8.33%,4.58%,—,https://www.instagram.com/p/DPgiFZlEgfZ/,"Why choose between Gold and Silver when you can get both with Oriana?  Celebrate the season with our special offer: Every time you buy GOLD, get SILVER of equal weight absolutely FREE*, plus ₹100* off per gram on Gold jewelry.  *T&Cs apply  #FestiveSeason #OrianaByGRT #ExcitingOffers"
204,2025-10-06,Reel / Video,7394665,13783,5,0.19%,6.44%,—,https://www.instagram.com/p/DPdi-C5D4YA/,"Diwali season just got a whole lot brighter!  Celebrate the season with our special offer: Every time you buy GOLD, get SILVER of equal weight absolutely FREE*, plus ₹100* off per gram on Gold jewellery.  *T&Cs Apply #FestiveSeason #OrianaByGRT #ExcitingOffers"
205,2025-10-06,Reel / Video,6578441,27022,11,0.41%,12.63%,—,https://www.instagram.com/p/DPdJ1H-jev2/,"Twice the joy, twice the prosperity!  Celebrate the season with our special offer: Every time you buy GOLD, get SILVER of equal weight absolutely FREE*, plus ₹100* off per gram on Gold jewellery.  *T&Cs Apply  #FestiveSeason #OrianaByGRT #FestiveOffers"
206,2025-10-04,Reel / Video,3976518,30272,7,0.76%,14.15%,—,https://www.instagram.com/p/DPYAVyvEv5F/,"Payday + Diwali = Double treat time! 🥰  Celebrate the season with our special offer: Every time you buy GOLD, get SILVER of equal weight absolutely FREE*, plus ₹100* off per gram on Gold jewellery.  *T&Cs Apply  #FestiveSeason #OrianaByGRT #ExcitingOffers"
207,2025-10-02,Single Photo,144900,12075,6,8.33%,5.65%,—,https://www.instagram.com/p/DPSzwQjklm1/,Emerge victorious over the negativity and celebrate the truest spirit of the festivity. Happy Dussehra!  #OrianaByGRT #GoldJewellery #EverydayJewellery #LightweightJewellery #ArtDeco
208,2025-09-30,Reel / Video,224675,2753,2,1.23%,1.29%,—,https://www.instagram.com/p/DPOPchtEvmc/,"Day 9: Pink Add the grace in your  gatherings, and turn every moment of love and thankfulness.  Celebrate the #SpiritOfNavratri with Oriana by GRT!  #FestiveSeason #OrianaByGRT #Navarathri #GoldJewellery #LightweightJewellery"
209,2025-09-29,Carousel Album,20640,1720,4,8.33%,0.81%,—,https://www.instagram.com/p/DPLaTfgkp0a/,"Day 8: Peacock Green In the glow of Peacock Green, compassion blooms and every thamboolam shared spreads blessings that shine.  Celebrate the #SpiritOfNavratri with Oriana by GRT!  #FestiveSeason #OrianaByGRT #Navarathri #GoldJewellery #LightweightJewellery"
210,2025-09-28,Single Photo,60840,5070,3,8.33%,2.37%,—,https://www.instagram.com/p/DPJTa4fkpcS/,Day 7: Orange Orange radiates hope and positivity. Let festive sparkle and laughter brighten every corner of your home.  Celebrate the #SpiritOfNavratri with Oriana by GRT!  #FestiveSeason #OrianaByGRT #Navarathri #GoldJewellery #LightweightJewellery
211,2025-09-27,Reel / Video,788092,3942,4,0.50%,1.84%,—,https://www.instagram.com/p/DPGEne3kvRz/,"Day 6: Grey Grey celebrates the art of imagination, from the  rangoli you shape to the sparkle that reflects your shine.  #FestiveSeason #OrianaByGRT #Navarathri #GoldJewellery #LightweightJewellery"
212,2025-09-26,Carousel Album,93936,7828,9,8.33%,3.66%,—,https://www.instagram.com/p/DPEDxn9EgWi/,"Day 5: Green Green invites prosperity. As we hang the toran at our doors, we open the doors  to blessings of abundance.  Celebrate #TheSpiritOfNavratri with Oriana!  #FestiveSeason #OrianaByGRT #Navarathri #GoldJewellery #LightweightJewellery"
213,2025-09-25,Reel / Video,701377,10720,4,1.53%,5.01%,—,https://www.instagram.com/p/DPBYtGTDGnU/,"Day 4: Yellow Let the brightness of yellow sway with you, filling every step  and every beat  with happiness and celebration.  Celebrate the #SpiritOfNavratri with Oriana by GRT!  #FestiveSeason #OrianaByGRT #Navarathri #GoldJewellery #LightweightJewellery"
214,2025-09-24,Carousel Album,129036,10753,8,8.33%,5.03%,—,https://www.instagram.com/p/DO-0IaTko6n/,"Day 3: Royal Blue Confidence draped in Royal Blue, joy in every golu pandal you visit, and  devotion in every moment. That’s the essence of Navratri.  Celebrate the #SpiritOfNavratri with Oriana by GRT!  #FestiveSeason #OrianaByGRT #Navarathri #GoldJewellery #LightweightJewellery"
215,2025-09-23,Reel / Video,1156215,10486,3,0.91%,4.90%,—,https://www.instagram.com/p/DO8hmXAktfS/,"Day 2: Red Let the red of devotion and the sparkle of Oriana shine through each ritual, lighting up your Navratri spirit.  Celebrate the #SpiritOfNavratri with Oriana by GRT!  #FestiveSeason #OrianaByGRT #Navarathri #GoldJewellery #LightweightJewellery"
216,2025-09-22,Single Photo,119004,9917,5,8.33%,4.64%,—,https://www.instagram.com/p/DO55sCaEmAG/,"Day 1: White White carries peace and serenity. As the nine days of Navratri begin, let’s welcome the gentle calm of devotion into our homes.  Celebrate the #SpiritOfNavratri with our exclusive festive offers: Every time you buy GOLD, get SILVER of equal weight absolutely FREE, plus ₹100 off per gram on Gold jewellery.  #FestiveSeason #OrianaByGRT #ExcitingOffers #Navarathri #GoldJewellery #LightweightJewellery"
217,2025-09-21,Single Photo,214668,17889,9,8.33%,8.36%,—,https://www.instagram.com/p/DO21MRtkiHa/,"Your festive shopping just got brighter! ✨  Celebrate the season with our special offer:  Every time you buy GOLD, get SILVER of equal weight absolutely FREE, plus ₹100 off per gram on Gold jewellery.  #FestiveSeason #OrianaByGRT #ExcitingOffers"
218,2025-09-21,Reel / Video,1742151,13535,8,0.78%,6.33%,—,https://www.instagram.com/p/DO2kRktCBkb/,Where timeless style meets your unique form. Versatile. Unstoppable. You. #CarvedNotBorn  #MilenaCollection #OrianaByGRT #GoldJewellery #EverydayJewellery #LightweightJewellery #ArtDeco
219,2025-09-19,Reel / Video,3121668,11525,7,0.37%,5.39%,—,https://www.instagram.com/p/DOyCVFED-SF/,"From detail to design, from vision to beauty. Celebrate style that’s #CarvedNotBorn, with Milena.  #MilenaCollection #OrianaByGRT #GoldJewellery #EverydayJewellery #LightweightJewellery #ArtDeco"
220,2025-09-19,Reel / Video,2662260,5719,12,0.21%,2.68%,—,https://www.instagram.com/p/DOx-LJUDYi1/,"When you put in the effort to stand out, all eyes are on you! #CarvedNotBorn  #MilenaCollection #OrianaByGRT #GoldJewellery #EverydayJewellery #LightweightJewellery #ArtDeco"
221,2025-09-18,Reel / Video,2364168,15536,10,0.66%,7.26%,—,https://www.instagram.com/p/DOvwjJLEvbQ/,"You deserve to feel as rare as you are, #CarvedNotBorn  #MilenaCollection #OrianaByGRT #GoldJewellery #EverydayJewellery #LightweightJewellery #ArtDeco"
222,2025-09-18,Reel / Video,2377849,12645,9,0.53%,5.91%,—,https://www.instagram.com/p/DOvEW_hEru3/,"Elegance of Art deco, carved in Milena. Grab your pieces today!  #MilenaCollection #OrianaByGRT #GoldJewellery #EverydayJewellery #LightweightJewellery #ArtDeco"
223,2025-09-17,Reel / Video,2818373,4442,7,0.16%,2.08%,—,https://www.instagram.com/p/DOsJk-Ukrb8/,"Art in design, grace in gold. Own the elegance that’s #CarvedNotBorn, with Milena.  #MilenaCollection #OrianaByGRT #GoldJewellery #EverydayJewellery #LightweightJewellery #ArtDeco"
224,2025-09-16,Reel / Video,2464595,46807,26,1.90%,21.88%,—,https://www.instagram.com/p/DOp3TUJkncy/,"There’s rhythm in life’s routine. A movement in its flow, a pause in its structure. With every step, she shapes her story, becoming new versions of herself. And through it all, Milena reflects her shine. Because, she’s #CarvedNotBorn  #MilenaCollection #OrianaByGRT #GoldJewellery #EverydayJewellery #LightweightJewellery #ArtDeco"
225,2025-09-15,Reel / Video,2617933,20450,10,0.78%,9.56%,—,https://www.instagram.com/p/DOoBHf-kmJV/,"When you’re building your best dream, you need more than one piece of jewellery to look the part! #CarvedNotBorn  #MilenaCollection #OrianaByGRT #GoldJewellery #EverydayJewellery #LightweightJewellery #ArtDeco"
226,2025-09-15,Reel / Video,1834569,14621,2,0.80%,6.83%,—,https://www.instagram.com/p/DOnL-VGksC7/,Our craftsmanship + you = Unmissable!  #MilenaCollection #OrianaByGRT #GoldJewellery #EverydayJewellery #LightweightJewellery #ArtDeco
227,2025-09-13,Single Photo,191436,15953,10,8.33%,7.46%,—,https://www.instagram.com/p/DOiFVpYEqlm/,Draw inspiration from your journey! You are #CarvedNotBorn  #MilenaCollection #OrianaByGRT #GoldJewellery #EverydayJewellery #LightweightJewellery #ArtDeco
228,2025-09-12,Reel / Video,4421569,28484,67,0.64%,13.34%,—,https://www.instagram.com/p/DOfH6PjEhfV/,"Every detail, engraved with intent. #CarvedNotBorn  #MilenaCollection #OrianaByGRT #GoldJewellery #EverydayJewellery #LightweightJewellery #ArtDeco"
229,2025-09-10,Reel / Video,1994499,3519,6,0.18%,1.65%,—,https://www.instagram.com/p/DOa8ljmivDF/,"Your ambition. Your art. Your strength. Your shine. Crafted to reflect every side of you.  Show the world that you’re #CarvedNotBorn, with Milena.  #MilenaCollection #OrianaByGRT #GoldJewellery #EverydayJewellery #LightweightJewellery #ArtDeco"
230,2025-09-09,Single Photo,238080,19840,11,8.33%,9.28%,—,https://www.instagram.com/p/DOYkqraEpB0/,"When your boldness radiates, the shadows are no place for you! You are #CarvedNotBorn   #MilenaCollection #OrianaByGRT #GoldJewellery #EverydayJewellery #LightweightJewellery #ArtDeco"
231,2025-09-08,Single Photo,281448,23454,20,8.33%,10.97%,—,https://www.instagram.com/p/DOWFCSikkG2/,"Every choice you make, no matter how big or small, reflects a certain part of you. It offers a window into who you are. And when you choose Milena, it represents who you’ve built yourself up to be, #CarvedNotBorn  #MilenaCollection #OrianaByGRT #GoldJewellery #EverydayJewellery #LightweightJewellery #ArtDeco"
232,2025-09-07,Single Photo,197280,16440,11,8.33%,7.69%,—,https://www.instagram.com/p/DOSqOwYEm_O/,The structure you have in your life is a result of your grit; shaped by your experiences and built on your vision.  #MilenaCollection #OrianaByGRT #GoldJewellery #EverydayJewellery #LightweightJewellery #ArtDeco
233,2025-09-06,Reel / Video,3077471,4856,0,0.16%,2.27%,—,https://www.instagram.com/p/DOQXo9wkh0K/,"Every little detail defines who you are and the person you’re becoming.  Show the world that you’re #CarvedNotBorn, with Milena.  #MilenaCollection #OrianaByGRT #GoldJewellery #EverydayJewellery #LightweightJewellery #ArtDeco"
234,2025-09-05,Single Photo,408084,34007,15,8.33%,15.90%,—,https://www.instagram.com/p/DOOFhRyknIW/,"In every game of “teacher-teacher,” we were only echoing the brilliance of the ones we admired. This Teacher’s Day, we celebrate their golden legacy.  #HappyTeachersDay  #OrianaByGRT"
235,2025-09-05,Single Photo,365484,30457,9,8.33%,14.24%,—,https://www.instagram.com/p/DONNvzFEgyh/,"Tradition shines bright this Onam! Oriana, made for 'The Golden You'  #HappyOnam #OrianaByGRT"
236,2025-09-03,Reel / Video,4224057,45035,7,1.07%,21.05%,—,https://www.instagram.com/p/DOIa7wgkpv_/,"Purpose in every detail, it has grace that is sculpted.   Because you are #CarvedNotBorn  #MilenaCollection #OrianaByGRT #GoldJewellery #EverydayJewellery #LightweightJewellery #ArtDeco"
237,2025-09-01,Single Photo,183564,15297,10,8.33%,7.15%,—,https://www.instagram.com/p/DOCxXTpEjre/,"Where form finds its fire. Born from the bold geometry of the 1920s Art Deco movement, this piece from Milena collection channels the iconic sunburst - a symbol of strength, optimism, and modernity.  Shop the Milena collection. You are #CarvedNotBorn.  #MilenaCollection #OrianaByGRT #GoldJewellery #EverydayJewellery #LightweightJewellery #ArtDeco"
238,2025-08-30,Reel / Video,965336,1348,0,0.14%,0.63%,—,https://www.instagram.com/p/DN-pGbxEnU6/,"Where symmetry speaks strength.  Inspired by the structured elegance of Art Deco, The MilenaCollection is a study in balance, beauty, and bold intent.  #MilenaCollection #OrianaByGRT #GoldJewellery #EverydayJewellery #LightweightJewellery #ArtDeco"
239,2025-08-29,Reel / Video,1280169,4107,5,0.32%,1.92%,—,https://www.instagram.com/p/DN7u36UinTF/,From timeless structures to timeless style ✨ Shop the Milena collection. You are #CarvedNotBorn.  #MilenaCollection #OrianaByGRT #GoldJewellery #EverydayJewellery #LightweightJewellery #ArtDeco
240,2025-08-28,Reel / Video,1607700,2758,6,0.17%,1.29%,—,https://www.instagram.com/p/DN5Me7NDJp2/,Every shine and every line is crafted to echo your story. Shop the Milena collection. You are #CarvedNotBorn.  #MilenaCollection #OrianaByGRT #GoldJewellery #EverydayJewellery #LightweightJewellery #ArtDeco
241,2025-08-27,Single Photo,224868,18739,12,8.33%,8.76%,—,https://www.instagram.com/p/DN2HL6f5H2J/,May sweet blessings cast their shine into your life! Happy Ganesh Chaturthi!  #GaneshChaturthi #OrianaByGRT
242,2025-08-26,Single Photo,162612,13551,6,8.33%,6.34%,—,https://www.instagram.com/p/DNz4BvbZDq-/,"Bold, bright, and beautifully unstoppable! Shop the Milena collection. You are #CarvedNotBorn.  #MilenaCollection #OrianaByGRT #GoldJewellery #EverydayJewellery #LightweightJewellery #ArtDeco"
243,2025-08-25,Single Photo,180900,15075,12,8.33%,7.05%,—,https://www.instagram.com/p/DNxCTneZJ7Z/,Let the day begin with your shine.  Shop the Milena collection. You are #CarvedNotBorn.  #MilenaCollection #OrianaByGRT #GoldJewellery #EverydayJewellery #LightweightJewellery #ArtDeco
244,2025-08-23,Reel / Video,1488866,15673,4,1.05%,7.33%,—,https://www.instagram.com/p/DNsz4lI0t3n/,"Not just an accessory — a reflection of everything you are.  You are #CarvedNotBorn  Shop the Milena Collection, now!  #MilenaCollection #OrianaByGRT #GoldJewellery #EverydayJewellery #LightweightJewellery #ArtDeco"
245,2025-08-22,Reel / Video,1277570,1616,2,0.13%,0.76%,—,https://www.instagram.com/p/DNpWyGWqxXX/,Every angle. Every edge. Made to mirror your power. You are #CarvedNotBorn.  Shop the Milena Collection now!  #MilenaCollection #OrianaByGRT #GoldJewellery #EverydayJewellery #LightweightJewellery #ArtDeco
246,2025-08-21,Reel / Video,971857,1553,1,0.16%,0.73%,—,https://www.instagram.com/p/DNnIV6xvITj/,"The kind of jewellery that doesn’t wait for an occasion, it is one. Shop the Milena collection. You are #CarvedNotBorn.  #MilenaCollection #OrianaByGRT #GoldJewellery #EverydayJewellery #LightweightJewellery #ArtDeco"
247,2025-08-20,Reel / Video,2460006,4963,6,0.20%,2.32%,—,https://www.instagram.com/p/DNlYAKKym2E/,"Every angle, a quiet statement. Every piece, a part of you. With the Milena Collection, you are #CarvedNotBorn.  #MilenaCollection #OrianaByGRT #GoldJewellery #EverydayJewellery #LightweightJewellery #ArtDeco"
248,2025-08-19,Reel / Video,2178617,5381,1,0.25%,2.51%,—,https://www.instagram.com/p/DNibM0xyR2W/,"Precision in every curve. Colour with a voice. This collection shapes its own language — bold, structured, and strength #CarvedNotBorn  #MilenaCollection #OrianaByGRT #GoldJewellery #EverydayJewellery #LightweightJewellery #ArtDeco"
249,2025-08-18,Reel / Video,2610280,8918,3,0.34%,4.17%,—,https://www.instagram.com/p/DNfSElgSMv8/,"Because every edge, every curve, is a reflection of you. Presenting the Milena Collection. You are #CarvedNotBorn  #MilenaCollection #OrianaByGRT  #GoldJewellery #EverydayJewellery #LightweightJewellery #ArtDeco"
250,2025-08-17,Reel / Video,1952221,12104,5,0.62%,5.66%,—,https://www.instagram.com/p/DNdAQBySZnd/,"You carve every version of yourself — choice by choice, moment by moment. Every layer is yours alone.   Own who you are with the Milena Collection. Show the world that you are #CarvedNotBorn.  #MilenaCollection #OrianaByGRT #GoldJewellery #EverydayJewellery #LightweightJewellery #ArtDeco"
251,2025-08-16,Single Photo,206364,17197,8,8.33%,8.04%,—,https://www.instagram.com/p/DNZsN9Fyen1/,"With an eye for glimmery beauty, even Krishna knows the best choice! Happy Janmashtmi!  #KrishnaJayanthi #Janmashtmi #OrianaByGRT"
252,2025-08-15,Single Photo,102504,8542,7,8.33%,3.99%,—,https://www.instagram.com/p/DNXM2e4y7k9/,78 years of a nation built on core values that still shine bright✨🇮🇳 Happy Independence Day!  #HappyIndependenceDay #OrianaByGRT
253,2025-08-14,Reel / Video,10192086,12154,10,0.12%,5.68%,—,https://www.instagram.com/p/DNVQypXyFqL/,Details that don’t just complete your look — they transform it.  Presenting the Milena Collection. You are #CarvedNotBorn  #MilenaCollection #OrianaByGRT # #GoldJewellery #EverydayJewellery #LightweightJewellery #ArtDeco
254,2025-08-13,Reel / Video,7469700,11881,30,0.16%,5.57%,—,https://www.instagram.com/p/DNSoZ9PMBmy/,"New earrings, new moods, new ways to shine. Presenting the Milena Collection. You are #CarvedNotBorn  #MilenaCollection #OrianaByGRT #GoldJewellery #EverydayJewellery #LightweightJewellery #ArtDeco"
255,2025-08-12,Single Photo,283920,23660,7,8.33%,11.06%,—,https://www.instagram.com/p/DNQjCjBPicl/,"Inspiring. There’s a certain structure in everything you do, noticeable to only the ones who care to stop and watch you. What they see inspires the strength within you, and a resilience to stand mighty in the face of adversity. All, with a smile on your face.  Own who you are with the Milena Collection. Show the world that you are #CarvedNotBorn.  #MilenaCollection #OrianaByGRT # #GoldJewellery #EverydayJewellery #LightweightJewellery #ArtDeco"
256,2025-08-12,Single Photo,288948,24079,7,8.33%,11.26%,—,https://www.instagram.com/p/DNQJbTkvGcH/,"Iconic. You stand tall, with an aura of boldness emanating from your soul. Your elegance shines through, and your vibe speaks for you. And you? You are an icon, straight from the foundation you rise from.  Own who you are with the Milena Collection. Show the world that you are #CarvedNotBorn.  #MilenaCollection #OrianaByGRT # #GoldJewellery #EverydayJewellery #LightweightJewellery #ArtDeco"
257,2025-08-12,Single Photo,268080,22340,18,8.33%,10.45%,—,https://www.instagram.com/p/DNP4555REHK/,"Intentional. No part of you is coincidence. No achievement of yours is blatant luck. You mirror art; every brick that makes you who you are was put there by intention - to conquer, to stand out.   Own who you are with the Milena Collection. Show the world that you are #CarvedNotBorn  #MilenaCollection #OrianaByGRT #GoldJewellery #EverydayJewellery #LightweightJewellery #ArtDeco"
258,2025-08-09,Single Photo,275736,22978,12,8.33%,10.74%,—,https://www.instagram.com/p/DNHtNK0ywwk/,"Some bonds don’t need words – just thoughtful surprises.  This Raksha Bandhan, celebrate valuable bonds with a gift that’s equally valuable – with Oriana! #ABondToProtect  #Rakshabandhan #OrianaByGRT #NeoraCollection #GoldJewellery #EverydayJewellery #LightweightJewellery"
259,2025-08-06,Carousel Album,386604,32217,21,8.33%,15.06%,—,https://www.instagram.com/p/DNA3KVAu-_v/,"Brothers – if your sister sent you this, take it as a hint!  This Raksha Bandhan, celebrate valuable bonds with a gift that’s equally valuable – with Oriana! #ABondToProtect  #Rakshabandhan #OrianaByGRT #NeoraCollection #GoldJewellery #EverydayJewellery #LightweightJewellery"
260,2025-08-05,Reel / Video,20623,127,2,0.62%,0.06%,—,https://www.instagram.com/p/DM-fGHipsAi/,Mark your herd by twinning with your girls! Celebrate #TheHerdYouChoose with the Yaara – our limited edition Friendship Day collection.  Available online and in select stores.  #GRTJewellers #FriendshipDay #YaaraCollection #GoldJewellery #EverydayJewellery #LightweightJewellery
261,2025-08-04,Single Photo,2208,184,21,8.33%,0.10%,"@grt.diamonds, @grtjewellers",https://www.instagram.com/p/DM7CU6UyoJP/,"Not just a mother, but the first definition of true friendship. Celebrate #TheHerdYouChoose with the Yaara – our limited edition Friendship Day collection.   *Available online and in select stores.  #OrianaByGRT #GRTJewellers #FriendshipDay #YaaraCollection #GoldJewellery #EverydayJewellery #LightweightJewellery"
262,2025-08-03,Reel / Video,1382161,5055,3,0.37%,2.36%,—,https://www.instagram.com/p/DM4UQ1Ky0n-/,The best way to say ‘Happy Friendship Day!’ Celebrate #TheHerdYouChoose with the Yaara – our limited edition Friendship Day collection by GRT.  *Available online and in select stores.  #GRTJewellers #FriendshipDay #YaaraCollection #GoldJewellery #EverydayJewellery #LightweightJewellery #TheHerdYouChoose
263,2025-08-02,Reel / Video,2322804,6915,32,0.30%,3.25%,"@grt.diamonds, @grtjewellers",https://www.instagram.com/p/DM1osy-yDkG/,"From the brightest spark to the softest heart, there’s a Yaara for every kind of yaar! Celebrate #TheHerdYouChoose with the Yaara – our limited edition Friendship Day collection.   *Available online and in select stores.  #GRTJewellers #FriendshipDay #YaaraCollection #GoldJewellery #EverydayJewellery #LightweightJewellery"
264,2025-08-01,Reel / Video,2219376,5161,42,0.23%,2.43%,"@grt.diamonds, @grtjewellers",https://www.instagram.com/p/DMzbFaTNVSl/,"A token of love, loyalty, and the kind of friendship that lasts a lifetime.  Unbox the joy of #FriendshipDay with Yaara, the limited edition collection by GRT.  Available online and in select stores.  #GRTJewellers #FriendshipDay #YaaraCollection #GoldJewellery #EverydayJewellery #LightweightJewellery #TheHerdYouChoose"
265,2025-07-31,Single Photo,123252,10271,8,8.33%,4.80%,@grt.diamonds,https://www.instagram.com/p/DMxEQEFybHX/,"Friendship knows no distance; no matter the miles, you always know how to make each other smile! Celebrate #TheHerdYouChoose with Yaara – our limited edition Friendship Day collection by GRT.  *Available online and in select stores.  #OrianaByGRT #GRTJewellers #FriendshipDay #YaaraCollection #GoldJewellery #EverydayJewellery #LightweightJewellery"
266,2025-07-31,Reel / Video,1729142,19878,14,1.15%,9.30%,@grt.diamonds,https://www.instagram.com/p/DMwfSE7yfQk/,"The language of friendship transcends species. Introducing Yaara, our limited edition Friendship Day Collection. Celebrate the unforgettable and golden bonds of friendship with your ‘herd’ – #TheHerdYouChoose.  Available online and in select stores.  #GRTJewellers #FriendshipDay #YaaraCollection #GoldJewellery #EverydayJewellery #LightweightJewellery  Note: This film has been created using CGI. All visuals are digitally generated — no animals were harmed."
267,2025-07-30,Reel / Video,3065382,15425,25,0.50%,7.22%,"@grt.diamonds, @grtjewellers",https://www.instagram.com/p/DMue3DNxRjB/,"Friendships that feel like home. Trunks, hugs and arms wrapped tight. Cherish those who stand by you fiercely and forever.  A new way to celebrate the bonds you share with #TheHerdYouChoose — Yaara, a limited edition collection coming soon! Available online and in select stores.  #GRTJewellers #FriendshipDay #YaaraCollection #GoldJewellery #EverydayJewellery #LightweightJewellery  Note: This film has been created using AI. All visuals are digitally generated — no animals were harmed."
268,2025-07-30,Reel / Video,1207782,2881,5,0.24%,1.35%,—,https://www.instagram.com/p/DMt_8uCSXNj/,Elevate your fashion game this Aadi Masam! Get a surprise gift with every purchase!*  #OrianaByGRT #PetelleCollection #GoldJewellery #EverydayJewellery #LightweightJewellery #AdiAcharyam  *T&Cs Apply - This offer is not applicable on the purchase of gold coins/bars. - This offer is only valid in GRT showrooms in Tamil Nadu. - This offer cannot be combined with any other offers or discounts.
269,2025-07-29,Reel / Video,1274377,1632,2,0.13%,0.76%,—,https://www.instagram.com/p/DMr3v39JKLt/,"Find an Oriana piece for your every look. This Aadi Masam, get a surprise gift with every purchase!*  #OrianaByGRT #PetelleCollection #GoldJewellery #EverydayJewellery #LightweightJewellery #AdiAcharyam  *T&Cs Apply - This offer is not applicable on the purchase of gold coins/bars. - This offer is only valid in GRT showrooms in Tamil Nadu. - This offer cannot be combined with any other offers or discounts."
270,2025-07-28,Reel / Video,954167,912,0,0.10%,0.43%,—,https://www.instagram.com/p/DMpL7pws5hF/,"Find the piece that speaks to your vibe, at Oriana. This Aadi Masam, get a surprise gift with every purchase!*  #OrianaByGRT #PetelleCollection #GoldJewellery #EverydayJewellery #LightweightJewellery #AdiAcharyam  *T&Cs Apply - This offer is not applicable on the purchase of gold coins/bars. - This offer is only valid in GRT showrooms in Tamil Nadu. - This offer cannot be combined with any other offers or discounts."
271,2025-07-27,Single Photo,58056,4838,6,8.33%,2.26%,—,https://www.instagram.com/p/DMndWI0SWeM/,No victory is too small for a little celebration this Aadi Masam! Get a surprise gift with every purchase!*   #OrianaByGRT #PetelleCollection #GoldJewellery #EverydayJewellery #LightweightJewellery #AdiAcharyam  *T&Cs Apply - This offer is not applicable on the purchase of gold coins/bars. - This offer is only valid in GRT showrooms in Tamil Nadu. - This offer cannot be combined with any other offers or discounts.
272,2025-07-26,Reel / Video,994386,2057,2,0.21%,0.96%,—,https://www.instagram.com/p/DMkreyLSlwk/,"No secrets, only your bright spark! This Aadi Masam, get a surprise gift with every purchase!*  #OrianaByGRT #PetelleCollection #GoldJewellery #EverydayJewellery #LightweightJewellery #AdiAcharyam  *T&Cs Apply - This offer is not applicable on the purchase of gold coins/bars. - This offer is only valid in GRT showrooms in Tamil Nadu. - This offer cannot be combined with any other offers or discounts."
273,2025-07-25,Single Photo,62376,5198,8,8.33%,2.43%,—,https://www.instagram.com/p/DMiDuYqyoLM/,"Buy what you love, and get what you didn’t see coming! This Aadi Masam, get a surprise gift with every purchase!*  #OrianaByGRT #PetelleCollection #GoldJewellery #EverydayJewellery #LightweightJewellery #AdiAcharyam  *T&Cs Apply - This offer is not applicable on the purchase of gold coins/bars. - This offer is only valid in GRT showrooms in Tamil Nadu. - This offer cannot be combined with any other offers or discounts."
274,2025-07-24,Reel / Video,1147457,3675,4,0.32%,1.72%,—,https://www.instagram.com/p/DMe7iJFSEic/,"Find the piece that speaks your vibe at Oriana! And this Aadi Masam, get a surprise gift with every purchase!*  #OrianaByGRT #PetelleCollection #GoldJewellery #EverydayJewellery #LightweightJewellery #AdiAcharyam  *T&Cs Apply - This offer is not applicable on the purchase of gold coins/bars. - This offer is only valid in GRT showrooms in Tamil Nadu. - This offer cannot be combined with any other offers or discounts."
275,2025-07-23,Carousel Album,142308,11859,4,8.33%,5.54%,—,https://www.instagram.com/p/DMcBM9iMnhy/,"Different traditions, same devotion. Surprise gift with every purchase this Aadi Masam!*  #OrianaByGRT #PetelleCollection #GoldJewellery #EverydayJewellery #LightweightJewellery #AdiAcharyam  *T&Cs apply - This offer is not applicable on the purchase of gold coins/bars. - This offer is only valid in GRT showrooms in Tamil Nadu. - This offer cannot be combined with any other offers or discounts."
276,2025-07-22,Reel / Video,1222946,3968,6,0.32%,1.86%,—,https://www.instagram.com/p/DMaUwbiIGJG/,"Glam up for Aadi Masam celebrations with Oriana.  This Aadi Masam, get a surprise gift with every purchase!*  #OrianaByGRT #PetelleCollection #GoldJewellery #EverydayJewellery #LightweightJewellery #AdiAcharyam  *T&Cs Apply - This offer is not applicable on the purchase of gold coins/bars. - This offer is only valid in GRT showrooms in Tamil Nadu. - This offer cannot be combined with any other offers or discounts."
277,2025-07-21,Reel / Video,1293983,4670,4,0.36%,2.18%,—,https://www.instagram.com/p/DMW5n3XS_-2/,"There’s always room for a little more shine in your every day! This Aadi Masam, get a surprise gift with every purchase!*  #OrianaByGRT #PetelleCollection #GoldJewellery #EverydayJewellery #LightweightJewellery #AdiAcharyam  *T&Cs Apply - This offer is not applicable on the purchase of gold coins/bars. - This offer is only valid in GRT showrooms in Tamil Nadu. - This offer cannot be combined with any other offers or discounts."
278,2025-07-19,Carousel Album,82128,6844,5,8.33%,3.20%,—,https://www.instagram.com/p/DMSeGMsSV8n/,"Unbox gold, and unwrap golden delight! Surprise gift with every purchase, this Aadi Masam!  #OrianaByGRT #PetelleCollection #GoldJewellery #EverydayJewellery #LightweightJewellery #AdiAcharyam  *T&Cs apply - This offer is not applicable on the purchase of gold coins/bars. - This offer is only valid in GRT showrooms in Tamil Nadu. - This offer cannot be combined with any other offers or discounts."
279,2025-07-19,Reel / Video,2706465,23531,2,0.87%,11.00%,—,https://www.instagram.com/p/DMRz9j9yRZT/,"As diyas float and blessings flow, surprise gifts await with every Oriana purchase*.   #OrianaByGRT #PetelleCollection #GoldJewellery #EverydayJewellery #LightweightJewellery #AdiAcharyam  *T&Cs Apply - This offer is not applicable on the purchase of gold coins/bars. - This offer is only valid in GRT showrooms in Tamil Nadu. - This offer cannot be combined with any other offers or discounts."
280,2025-07-18,Single Photo,149436,12453,5,8.33%,5.82%,—,https://www.instagram.com/p/DMPJKaxObSb/,"This Aadi Masam, it’s not just about rituals – it’s about the sparkle, the surprises, and getting ready your way. Get a surprise gift with every purchase!*  #OrianaByGRT #PetelleCollection #GoldJewellery #EverydayJewellery #LightweightJewellery #AdiAcharyam  *T&Cs Apply - This offer is not applicable on the purchase of gold coins/bars. - This offer is only valid in GRT showrooms in Tamil Nadu. - This offer cannot be combined with any other offers or discounts."
281,2025-07-17,Reel / Video,3006776,14359,4,0.48%,6.71%,—,https://www.instagram.com/p/DMMkgmkymnj/,Make Aadi Masam your own and carry forward the tradition. Get a surprise gift with every purchase!*  #OrianaByGRT #PetelleCollection #GoldJewellery #EverydayJewellery #LightweightJewellery #AdiAcharyam  *T&Cs apply. - This offer is not applicable on the purchase of gold coins/bars. - This offer is only valid in GRT showrooms in Tamil Nadu. - This offer cannot be combined with any other offers or discounts.
282,2025-07-16,Reel / Video,5466731,19914,6,0.36%,9.31%,—,https://www.instagram.com/p/DMKDJRfxBmy/,"For the times you feel like getting yourself a little treat – there’s an Oriana piece waiting for you! This Aadi Masam, get a surprise gift with every purchase!*  #OrianaByGRT #PetelleCollection #GoldJewellery #EverydayJewellery #LightweightJewellery #AdiAcharyam  *T&Cs Apply - This offer is not applicable on the purchase of gold coins/bars. - This offer is only valid in GRT showrooms in Tamil Nadu. - This offer cannot be combined with any other offers or discounts."
283,2025-07-15,Reel / Video,5469548,10924,4,0.20%,5.11%,—,https://www.instagram.com/p/DMHl4R9OL1-/,Smile twice this Ashada Masam! Surprise gift with every purchase!*  #OrianaByGRT #PetelleCollection #GoldJewellery #EverydayJewellery #LightweightJewellery #AshadaMasam #Ashadam   *T&Cs apply - This offer is not applicable on the purchase of gold coins/bars. - This offer is only valid in GRT showrooms in Andhra Pradesh and Telangana. - This offer cannot be combined with any other offers or discounts.
284,2025-07-14,Reel / Video,10801053,42897,11,0.40%,20.05%,—,https://www.instagram.com/p/DMF-W4GyYvO/,"When your jewellery wishlist is limitless but your monthly budget isn’t, you wait for payday! And this Ashada Masam, get a surprise gift with every purchase!*  #OrianaByGRT #PetelleCollection #GoldJewellery #EverydayJewellery #LightweightJewellery #MinimalistJewellery #AshadaMasam #Ashadam #AdiAcharyam  *T&Cs apply - This offer is not applicable on the purchase of gold coins/bars. - This offer is only valid in GRT showrooms in Andhra Pradesh and Telangana. - This offer cannot be combined with any other offers or discounts."
285,2025-07-14,Reel / Video,3754634,8171,7,0.22%,3.82%,—,https://www.instagram.com/p/DMFqwL4SAvT/,No luck needed this Ashada for a surprise delight!  Get a surprise gift with every purchase this Ashada*  #OrianaByGRT #PetelleCollection #GoldJewellery #EverydayJewellery #LightweightJewellery #MinimalistJewellery #AshadaMasam #Ashadam #AdiAcharyam  *T&Cs apply - This offer is not applicable on the purchase of gold coins/bars. - This offer is only valid in GRT showrooms in Andhra Pradesh and Telangana. - This offer cannot be combined with any other offers or discounts.
286,2025-07-11,Single Photo,331620,27635,7,8.33%,12.92%,—,https://www.instagram.com/p/DL84oGRyach/,"Find new, fun ways to up your style game! Surprise gift with every purchase, this Ashada Masam!*  #OrianaByGRT #PetelleCollection #GoldJewellery #EverydayJewellery #LightweightJewellery #MinimalistJewellery #AshadaMasam #Ashadam #AdiAcharyam  *T&Cs apply."
287,2025-07-09,Reel / Video,5429279,15468,2,0.28%,7.23%,—,https://www.instagram.com/p/DL46ZKBB1Ju/,Style up and go be the fashion icon that you are! Surprise gift with every purchase!*  #OrianaByGRT #PetelleCollection #GoldJewellery #EverydayJewellery #LightweightJewellery #MinimalistJewellery #AshadaMasam #Ashadam #AdiAcharyam  *T&Cs apply.
288,2025-07-08,Single Photo,348756,29063,20,8.33%,13.59%,—,https://www.instagram.com/p/DL1WwthJK1Z/,Unwrap another reason to smile! Get a surprise gift with every purchase this Ashada*  #OrianaByGRT #PetelleCollection #GoldJewellery #EverydayJewellery #LightweightJewellery #MinimalistJewellery #AshadaMasam #Ashadam #AdiAcharyam  *T&Cs Apply
289,2025-07-06,Reel / Video,4934751,17584,6,0.36%,8.22%,—,https://www.instagram.com/p/DLwzapFShhC/,"Purchases, with a side of delight this Ashada! Get a surprise gift with every purchase this Ashada*  #OrianaByGRT #PetelleCollection #GoldJewellery #EverydayJewellery #LightweightJewellery #MinimalistJewellery #AshadaMasam #Ashadam #AdiAcharyam  *T&Cs Apply"
290,2025-07-04,Carousel Album,158748,13229,5,8.33%,6.18%,—,https://www.instagram.com/p/DLrNmTVOon3/,Ashada Masam celebrations made happier with Oriana! Get a surprise gift with every purchase*  #OrianaByGRT #PetelleCollection #GoldJewellery #EverydayJewellery #LightweightJewellery #MinimalistJewellery #AshadaMasam #Ashadam #AdiAcharyam  *T&Cs apply
291,2025-07-03,Single Photo,167964,13997,16,8.33%,6.55%,—,https://www.instagram.com/p/DLpOAwFR_Gy/,Be the moment—even in meetings. Elevate your 9 to 5 look with bracelets that mean business!  #OrianaByGRT #NeoraCollection #GoldJewellery #EverydayJewellery #LightweightJewellery #MinimalistJewellery
292,2025-07-02,Single Photo,127872,10656,8,8.33%,4.98%,—,https://www.instagram.com/p/DLm8a00SVH1/,You don’t have to choose between bold and beautiful. Let the world #CelebrateYourJourney with confidence.  #OrianaByGRT #PetelleCollection #WomensDay #GoldJewellery #EverydayJewellery #LightweightJewellery #MinimalistJewellery
293,2025-07-01,Reel / Video,1202787,4640,1,0.39%,2.17%,—,https://www.instagram.com/p/DLjp16HyTFm/,"With the Petelle collection, never miss a chance to #CelebrateYourJourney  #OrianaByGRT #PetelleCollection #GoldJewellery #EverydayJewellery #LightweightJewellery #MinimalistJewellery"
294,2025-06-30,Reel / Video,1987101,9917,3,0.50%,4.64%,—,https://www.instagram.com/p/DLg4qgHoDnS/,"Pink, poised, and perfectly you. Step into everyday elegance with Petelle. #CelebrateYourJourney  #OrianaByGRT #PetelleCollection #GoldJewellery #EverydayJewellery #LightweightJewellery #MinimalistJewellery"
295,2025-06-29,Reel / Video,20179,162,3,0.80%,0.08%,—,https://www.instagram.com/p/DLfjA-SyWhT/,"Let every Petelle piece reflect your growth, your grace, your glow. #CelebrateYourJourney  #OrianaByGRT #PetelleCollection #GoldJewellery #EverydayJewellery #LightweightJewellery #MinimalistJewellery"
296,2025-06-28,Reel / Video,717959,2561,2,0.36%,1.20%,—,https://www.instagram.com/p/DLcfcFXywZy/,"Petelle Collection, made for all your blooming moments! #CelebrateYourJourney  #OrianaByGRT #PetelleCollection #GoldJewellery #EverydayJewellery #LightweightJewellery #MinimalistJewellery"
297,2025-06-27,Reel / Video,2044087,5248,6,0.26%,2.46%,—,https://www.instagram.com/p/DLZd4XsSvxj/,"Celebrate your growth and how you’ve blossomed, with Petelle! #CelebrateYourJourney  #OrianaByGRT #PetelleCollection #WomensDay #GoldJewellery #EverydayJewellery #LightweightJewellery #MinimalistJewellery"
298,2025-06-26,Single Photo,129468,10789,8,8.33%,5.05%,—,https://www.instagram.com/p/DLWjTY1sBDU/,Petelle – where your true self shines. #CelebrateYourJourney  #OrianaByGRT #PetelleCollection #GoldJewellery #EverydayJewellery #LightweightJewellery #MinimalistJewellery
299,2025-06-25,Reel / Video,2756131,4678,9,0.17%,2.19%,—,https://www.instagram.com/p/DLU2znuyJ10/,Style that never stops. #CelebrateYourJourney with the elegance of Petelle.  #OrianaByGRT #PetelleCollection #GoldJewellery #EverydayJewellery #LightweightJewellery #MinimalistJewellery
300,2025-06-24,Single Photo,143700,11975,8,8.33%,5.60%,—,https://www.instagram.com/p/DLRWrpey22g/,Celebrate your shine loud and proud with Petelle! #CelebrateYourJourney  #OrianaByGRT #PetelleCollection #GoldJewellery #EverydayJewellery #LightweightJewellery #MinimalistJewellery
301,2025-06-23,Reel / Video,3037962,1773,3,0.06%,0.83%,—,https://www.instagram.com/p/DLP3o1syBBW/,Comment below which Petelle Earring are you choosing to #CelebrateYourJourney  #OrianaByGRT #PetelleCollection #WomensDay #GoldJewellery #EverydayJewellery #LightweightJewellery #MinimalistJewellery
302,2025-06-22,Reel / Video,1329438,3487,6,0.26%,1.63%,—,https://www.instagram.com/p/DLNFgV3y0_B/,"No matter the milestone, your loved ones AND you deserve to #CelebrateYourJourney, with Petelle by Oriana  #OrianaByGRT #PetelleCollection #GoldJewellery #EverydayJewellery #LightweightJewellery #MinimalistJewellery"
303,2025-06-21,Single Photo,58956,4913,3,8.33%,2.30%,—,https://www.instagram.com/p/DLKob4FyytQ/,"Just like our jewellery, the wearer is a work of art too! #CelebrateYourJourney!  #OrianaByGRT #PetelleCollection #GoldJewellery #EverydayJewellery #LightweightJewellery #MinimalistJewellery"
304,2025-06-21,Reel / Video,2839974,5196,2,0.18%,2.43%,—,https://www.instagram.com/p/DLJU3gByUHb/,"Unbox your style and own the spotlight.  With the Neora collection by Orian, #BeTheMoment one iconic look at a time.  #OrianaByGRT #NeoraCollection #GoldJewellery #EverydayJewellery #LightweightJewellery #MinimalistJewellery"
305,2025-06-20,Reel / Video,3583132,27676,16,0.77%,12.94%,—,https://www.instagram.com/p/DLG5TNwPsfr/,Add a touch of bold glam to your jewellery collection with Neora! #BeTheMoment  #OrianaByGRT #NeoraCollection #GoldJewellery #EverydayJewellery #LightweightJewellery #MinimalistJewellery
306,2025-06-18,Single Photo,85140,7095,7,8.33%,3.32%,—,https://www.instagram.com/p/DLCX7Hvp4-8/,"Whether you're all glammed up or keeping it understated, Neora doesn’t ask you to choose. It simply flows with who you are, wherever you’re headed. #BeTheMoment  #OrianaByGRT #NeoraCollection #GoldJewellery #EverydayJewellery #LightweightJewellery #MinimalistJewellery"
307,2025-06-17,Reel / Video,4119826,49145,7,1.19%,22.97%,—,https://www.instagram.com/p/DLAefjRyVlL/,Aspire to the best version of you. #BeTheMoment with Neora.  #OrianaByGRT #NeoraCollection #GoldJewellery #EverydayJewellery #LightweightJewellery #MinimalistJewellery
308,2025-06-16,Reel / Video,2691323,14479,29,0.54%,6.78%,—,https://www.instagram.com/p/DK9zfgQSfRP/,Your favourite piece? You simply can’t choose with the Neora collection of statement pieces! #BeTheMoment  #OrianaByGRT #NeoraCollection #GoldJewellery #EverydayJewellery #LightweightJewellery #MinimalistJewellery
309,2025-06-15,Single Photo,123624,10302,7,8.33%,4.82%,—,https://www.instagram.com/p/DK6Ao5zyLLV/,"He first taught us how to stand up — and then, how to stand tall. Happy Father’s Day to our forever support system!  #HappyFathersDay #Oriana"
310,2025-06-14,Reel / Video,5960450,28376,45,0.48%,13.28%,—,https://www.instagram.com/p/DK4S7dDynhT/,Jewellery that keeps up with every version of you.  #OrianaByGRT #NeoraCollection #GoldJewellery #EverydayJewellery #LightweightJewellery #MinimalistJewellery
311,2025-06-13,Reel / Video,9133414,13898,20,0.15%,6.50%,—,https://www.instagram.com/p/DK2Imu1qADu/,"Cease the day and the night, with pieces that match your vibe! With Neora, #BeTheMoment, any moment of the day  #OrianaByGRT #NeoraCollection #GoldJewellery #EverydayJewellery #LightweightJewellery #MinimalistJewellery"
312,2025-06-12,Reel / Video,4351410,2743,0,0.06%,1.28%,—,https://www.instagram.com/p/DKzZ6xJpmFZ/,Draw gazes effortlessly. #BeTheMoment with Neora.  #OrianaByGRT #NeoraCollection #GoldJewellery #EverydayJewellery #LightweightJewellery #MinimalistJewellery
313,2025-06-11,Reel / Video,5745367,14946,16,0.26%,6.99%,—,https://www.instagram.com/p/DKwrHQfpW9H/,Waiting for a sign to upgrade your style statements? Look no further! Shop the Neora collection at the Oriana counter from your nearest GRT showroom and #BeTheMoment  #OrianaByGRT #NeoraCollection #GoldJewellery #EverydayJewellery #LightweightJewellery #MinimalistJewellery
314,2025-06-10,Single Photo,236964,19747,7,8.33%,9.23%,—,https://www.instagram.com/p/DKuiiymSIIM/,Getting ready rituals deserve more praise than they get! #BeTheMoment with Neora.  #OrianaByGRT #NeoraCollection #GoldJewellery #EverydayJewellery #LightweightJewellery #MinimalistJewellery
315,2025-06-09,Single Photo,188460,15705,7,8.33%,7.34%,—,https://www.instagram.com/p/DKrr4aFSQsR/,Gifting made meaningful with Neora! Celebrate their day with jewellery that makes every moment shine. #BeTheMoment   #OrianaByGRT #NeoraCollection #GoldJewellery #EverydayJewellery #LightweightJewellery #MinimalistJewellery
316,2025-06-08,Single Photo,201636,16803,5,8.33%,7.85%,—,https://www.instagram.com/p/DKo069gShyw/,"Be the main character, every moment! #BeTheMoment  #OrianaByGRT #NeoraCollection #GoldJewellery #EverydayJewellery #LightweightJewellery #MinimalistJewellery"
317,2025-06-07,Single Photo,280092,23341,8,8.33%,10.91%,—,https://www.instagram.com/p/DKmS7TsyzZq/,"Your style isn't one-size-fits-all,  and neither is Neora. Whatever your vibe, wear it with Neora and #BeTheMoment  #OrianaByGRT #NeoraCollection #GoldJewellery #EverydayJewellery #LightweightJewellery #MinimalistJewellery"
318,2025-06-06,Reel / Video,5230485,4608,4,0.09%,2.16%,—,https://www.instagram.com/p/DKjXOoqqlbH/,"Make a statement and pose! With Oriana’s Neora Collection, every day is yours, to #BeTheMoment  #OrianaByGRT #NeoraCollection #GoldJewellery #EverydayJewellery #LightweightJewellery #MinimalistJewellery"
319,2025-06-04,Carousel Album,159444,13287,1,8.33%,6.21%,—,https://www.instagram.com/p/DKexETIMDBi/,"Crafted to elevate, designed to empower — each piece of the Neora Collection is for you to #BeTheMoment  #OrianaByGRT #NeoraCollection #GoldJewellery #EverydayJewellery #LightweightJewellery #MinimalistJewellery"
320,2025-06-03,Carousel Album,177120,14760,4,8.33%,6.90%,—,https://www.instagram.com/p/DKcEloVNUho/,Glow through every moment of your life. #BeTheMoment with Neora.  #OrianaByGRT #NeoraCollection #GoldJewellery #EverydayJewellery #LightweightJewellery #MinimalistJewellery
321,2025-06-02,Single Photo,249180,20765,7,8.33%,9.71%,—,https://www.instagram.com/p/DKYhtEVJAdb/,"Trendy bracelets that let you be you, and make others want to be you! #BeTheMoment  #OrianaByGRT #NeoraCollection #GoldJewellery #EverydayJewellery #LightweightJewellery #MinimalistJewellery"
322,2025-05-31,Reel / Video,1305847,1189,4,0.09%,0.56%,—,https://www.instagram.com/p/DKTp5dnyhot/,Jewellery that helps every version of you shine. #BeTheMoment with Neora.  #OrianaByGRT #NeoraCollection #GoldJewellery #EverydayJewellery #LightweightJewellery #MinimalistJewellery
323,2025-05-29,Single Photo,128940,10745,6,8.33%,5.02%,—,https://www.instagram.com/p/DKO_h4cyh1P/,"Why Choose Neora? Because we chose the best for every piece;  ~ 22K gold jewellery ~ Technology meets craftsmanship ~ Trendy, lightweight pieces  Shine and #BeTheMoment with jewellery that’s timeless and beautiful!  #OrianaByGRT #NeoraCollection #GoldJewellery #EverydayJewellery #LightweightJewellery #MinimalistJewellery"
324,2025-05-28,Reel / Video,3772870,9701,4,0.26%,4.54%,—,https://www.instagram.com/p/DKMnH_9OvhZ/,"Make even the ordinary, iconic! #BeTheMoment with the Neora Colelction!  #OrianaByGRT #NeoraCollection #GoldJewellery #EverydayJewellery #LightweightJewellery #MinimalistJewellery"
325,2025-05-27,Carousel Album,93768,7814,8,8.33%,3.66%,—,https://www.instagram.com/p/DKKEHs3uRnt/,"Whether it’s dancing under streamers, celebrating like divas, or toasting to love— Neora helps you #BeTheMoment anywhere, anytime!  #OrianaByGRT #NeoraCollection #GoldJewellery #EverydayJewellery #LightweightJewellery #MinimalistJewellery"
326,2025-05-25,Reel / Video,2604551,12751,10,0.49%,5.96%,—,https://www.instagram.com/p/DKE2xzwyzIU/,"Discover the exquisite world of the Neora Collection — where every piece is a trend, and every moment is yours to own.  #BeTheMoment  #OrianaByGRT #NeoraCollection #GoldJewellery #EverydayJewellery #LightweightJewellery #MinimalistJewellery"
327,2025-05-24,Reel / Video,3027733,14956,4,0.49%,6.99%,—,https://www.instagram.com/p/DKCJBs-ye6d/,"Everyday wins are your thing! #BeTheMoment and upgrade your style game, with Neora.  #OrianaByGRT #NeoraCollection #GoldJewellery #EverydayJewellery #LightweightJewellery #MinimalistJewellery"
328,2025-05-23,Single Photo,164808,13734,14,8.33%,6.42%,—,https://www.instagram.com/p/DJ_9EU5OlL6/,The Neora woman knows how to multitask. Versatile. Elegant. Always on. #BeTheMoment  #OrianaByGRT #NeoraCollection #GoldJewellery #EverydayJewellery #LightweightJewellery #MinimalistJewellery
329,2025-05-19,Reel / Video,5423207,26211,16,0.48%,12.26%,—,https://www.instagram.com/p/DJ2CEsTyufo/,"Spontaneity looks good on you. So does Neora! #BeTheMoment with pieces that move with you, wherever the moment takes you!  #OrianaByGRT #NeoraCollection #GoldJewellery #EverydayJewellery #LightweightJewellery #MinimalistJewellery"
330,2025-05-18,Carousel Album,136404,11367,5,8.33%,5.31%,—,https://www.instagram.com/p/DJyws2cSoH2/,"Your day out stylebook is here! One collection. Every vibe.  From brunch to browsing, Neora’s made to match your mood and for you to #BeTheMoment  #OrianaByGRT #NeoraCollection #GoldJewellery #EverydayJewellery #LightweightJewellery #MinimalistJewellery"
331,2025-05-17,Reel / Video,6348412,12230,12,0.19%,5.72%,—,https://www.instagram.com/p/DJwwx7WSeQ0/,"Stun with your style and shine, every day of the week. #BeTheMoment with Neora.  #OrianaByGRT #NeoraCollection #GoldJewellery #EverydayJewellery #LightweightJewellery #MinimalistJewellery"
332,2025-05-16,Reel / Video,4811959,34777,19,0.72%,16.26%,—,https://www.instagram.com/p/DJt9QRiiq3x/,"When your artistic vision leads the way, the spotlight follows. Own your style, set the trend and #BeTheMoment  Shop the Neora Collection by Oriana at the nearest GRT store  #OrianaByGRT #NeoraCollection #GoldJewellery #EverydayJewellery #LightweightJewellery #MinimalistJewellery"
333,2025-05-15,Single Photo,231096,19258,15,8.33%,9.01%,—,https://www.instagram.com/p/DJrJNwMNoZ8/,The perfect gift for the one who never blends in! #BeTheMoment  #OrianaByGRT #NeoraCollection #GoldJewellery #EverydayJewellery #LightweightJewellery #MinimalistJewellery
334,2025-05-14,Reel / Video,5594530,17316,8,0.31%,8.10%,—,https://www.instagram.com/p/DJoq1p0sWme/,Rolling out the blue carpet for you to #BeTheMoment everyday!  Shop the trendiest lightweight gold jewellery from the Neora Collection.  #OrianaByGRT #NeoraCollection #GoldJewellery #EverydayJewellery #LightweightJewellery #MinimalistJewellery
335,2025-05-13,Carousel Album,155484,12957,6,8.33%,6.06%,—,https://www.instagram.com/p/DJlzWzktcxg/,"Be the quiet inspiration. Be the trendsetter. #BeTheMoment, with Neora.  #OrianaByGRT #NeoraCollection #GoldJewellery #EverydayJewellery #LightweightJewellery #MinimalistJewellery"
336,2025-05-12,Reel / Video,6874713,35253,18,0.51%,16.48%,—,https://www.instagram.com/p/DJj95PBqIq7/,"When you choose you, everything else falls into place! Be bold, be radiant, be you! #BeTheMoment  Shop the Neora Collection by Oriana at the nearest GRT store  #OrianaByGRT #NeoraCollection #GoldJewellery #EverydayJewellery #LightweightJewellery #MinimalistJewellery"
337,2025-05-11,Carousel Album,71568,5964,1,8.33%,2.79%,—,https://www.instagram.com/p/DJf0FYGKpJa/,"Every gift we give is a gesture she treasures just the same — because a mother’s love is unconditional, always.   Happy Mother’s Day to the most precious women in our lives!  #OrianaByGRT #HappyMothersDay #NeoraCollection #GoldJewellery #EverydayJewellery #LightweightJewellery #MinimalistJewellery"
338,2025-05-10,Reel / Video,3220406,16039,1,0.50%,7.50%,—,https://www.instagram.com/p/DJeFiRXv3dF/,"Make her smile shine brighter with jewellery that reflects her true essence. Celebrate this Mother's Day, with the Petelle and Prakriti collections by Oriana 💛  #OrianaByGRT #HappyMothersDay #PrakritiCollection #PetelleCollection #GoldJewellery #EverydayJewellery #LightweightJewellery #MinimalistJewellery"
339,2025-05-08,Reel / Video,4517298,4337,1,0.10%,2.03%,—,https://www.instagram.com/p/DJZOzfAyXCv/,"The present is a gift, made up of moments waiting to be enhanced by you and your shine.  Presenting Neora, your perfect opportunity to #BeTheMoment.  #OrianaByGRT #NeoraCollection #GoldJewellery #EverydayJewellery #LightweightJewellery #MinimalistJewellery"
340,2025-05-07,Single Photo,102036,8503,3,8.33%,3.97%,—,https://www.instagram.com/p/DJWNIY9JLUj/,"When you are the moment, all the attention is on you. And you? You’re just being your best self!  Presenting Neora, your perfect opportunity to #BeTheMoment  #OrianaByGRT #NeoraCollection #GoldJewellery #EverydayJewellery #LightweightJewellery #MinimalistJewellery"
341,2025-05-06,Single Photo,117372,9781,8,8.33%,4.57%,—,https://www.instagram.com/p/DJUHBGLS3IB/,"What does it mean to be Neora? It means to shine bright, exude radiance and #BeTheMoment.  Presenting Neora, your perfect opportunity to #BeTheMoment  #OrianaByGRT #NeoraCollection #GoldJewellery #EverydayJewellery #LightweightJewellery #MinimalistJewellery"
342,2025-05-05,Single Photo,144144,12012,5,8.33%,5.62%,—,https://www.instagram.com/p/DJRS2a7S9nf/,"Jewellery, like fashion, keeps evolving with the trend. With Neora, your everyday gold jewellery now has a trendy upgrade! And the wearer? She knows how to be the trendsetter!   Presenting Neora, your perfect opportunity to #BeTheMoment   #OrianaByGRT #NeoraCollection #GoldJewellery #EverydayJewellery #LightweightJewellery #MinimalistJewellery"
343,2025-04-30,Reel / Video,457694,5282,0,1.15%,2.47%,—,https://www.instagram.com/p/DJEUVLuysNm/,Adding a touch of good gold luck to your celebrations!  #YourBestInvestment and those you love with our special offers!  Get ₹250 OFF per gram on Gold Jewellery | ₹75 Extra per gram on old Gold Jewellery Exchange
344,2025-04-29,Reel / Video,3388366,7350,3,0.22%,3.44%,—,https://www.instagram.com/p/DJCCylzy8mu/,"When prosperity calls, will you answer? This Akshaya Tritiya, make #YourBestInvestment with our special offers   Get ₹250 OFF per gram on Gold Jewellery | ₹75 Extra per gram on old Gold Jewellery Exchange"
345,2025-04-28,Carousel Album,79896,6658,2,8.33%,3.11%,—,https://www.instagram.com/p/DI_tU--yAT2/,"This is a sign for you to exchange your old jewellery to get new, trendier ones.  Make #YourBestInvestment by making the best of our offers!  Get ₹250 OFF per gram on Gold Jewellery | ₹75 Extra per gram on old Gold Jewellery Exchange"
346,2025-04-27,Reel / Video,4194791,15702,2,0.37%,7.34%,—,https://www.instagram.com/p/DI83a4lS8Zj/,"A strong portfolio is the one that gives you compliments in return 🥰  This Akshaya Tritiya, make #YourBestInvestment with our special offers. Get ₹250 OFF per gram on Gold Jewellery | ₹75 Extra per gram on old Gold Jewellery Exchange"
347,2025-04-26,Carousel Album,39384,3282,6,8.33%,1.54%,—,https://www.instagram.com/p/DI6PERBubd-/,Invest in what’s best for both–your future and your style!  Make #YourBestInvestment with our special offers!  Get ₹250 OFF per gram on Gold Jewellery | ₹75 Extra per gram on old Gold Jewellery Exchange
348,2025-04-25,Single Photo,110220,9185,0,8.33%,4.29%,—,https://www.instagram.com/p/DI386x0SHaH/,"This Akshaya Tritiya, invest in what truly matters—moments that last a lifetime.  Make #YourBestInvestment and those you love with our special offers! Get ₹250 OFF per gram on Gold Jewellery | ₹75 Extra per gram on old Gold Jewellery Exchange   #OrianaByGRT #NeoraCollection #RosetteCollection #PetelleColelction #GoldJewellery #EverydayJewellery #LightweightJewellery #MinimalistJewellery #AkshayaTritiya #GoldenSavings"
349,2025-04-24,Reel / Video,2153512,3903,0,0.18%,1.82%,—,https://www.instagram.com/p/DI1HiPSy9Ca/,Celebrate Akshaya Tritiya with Oriana’s exquisite gold pieces!  It’s time to make #YourBestInvestment with our special offers  Get ₹250 OFF per gram on Gold Jewellery | ₹75 Extra per gram on old Gold Jewellery Exchange #OrianaByGRT #NeoraCollection #RosetteCollection #PetelleColelction #GoldJewellery #EverydayJewellery #LightweightJewellery #MinimalistJewellery #AkshayaTritiya #GoldenSavings
350,2025-04-23,Reel / Video,928166,3106,8,0.33%,1.46%,—,https://www.instagram.com/p/DIyjMFYypZJ/,"You read that right! This Akshaya Tritiya, make #YourBestInvestment with us!   Get ₹250 OFF per gram on old Gold Jewellery | ₹75 Extra per gram on old Gold Jewellery Exchange  #OrianaByGRT #NeoraCollection #RosetteCollection #PetelleColelction #GoldJewellery #EverydayJewellery #LightweightJewellery #MinimalistJewellery #AkshayaTritiya #GoldenSavings"
351,2025-04-22,Reel / Video,4760409,13579,0,0.29%,6.35%,—,https://www.instagram.com/p/DIv7o_8o5eN/,"You’ll always find the best options with us!  This Akshaya Tritiya, make #YourBestInvestment with our special offers -- get ₹250 OFF per gram on Gold Jewellery and ₹75 Extra per gram on old Gold Jewellery Exchange  Head to the Oriana counter at your nearest GRT showroom and shop now  #OrianaByGRT #NeoraCollection #RosetteCollection #PetelleColelction #GoldJewellery #EverydayJewellery #LightweightJewellery #MinimalistJewellery #AkshayaTritiya #GoldenSavings"
352,2025-04-21,Carousel Album,52776,4398,0,8.33%,2.06%,—,https://www.instagram.com/p/DItWtv0Jhhi/,"Check everything off your list of requirements for Akshaya Tritiya with the range of gold pieces by Oriana.  This Akshaya Tritiya, make #YourBestInvestment with our special offers! Get ₹250 OFF per gram on Gold Jewellery and ₹75 Extra per gram on old Gold Jewellery Exchange.  #OrianaByGRT #RosetteCollection #GoldJewellery #EverydayJewellery #LightweightJewellery #MinimalistJewellery #AkshayaTritiya #GoldenSavings"
353,2025-04-20,Reel / Video,4013942,8548,3,0.21%,4.00%,—,https://www.instagram.com/p/DIqMTt8s0gh/,"Get, Set, Ready for Akshaya Tritiya! Let us know below in the comments which one did you choose?  This Akshaya Tritiya, make #YourBestInvestment with our special offers -- get ₹250 OFF per gram on Gold Jewellery and ₹75 Extra per gram on old Gold Jewellery Exchange  #OrianaByGRT #RosetteCollection #GoldJewellery #EverydayJewellery #LightweightJewellery #MinimalistJewellery #AkshayaTritiya #GoldenSavings"
354,2025-04-19,Reel / Video,6996535,33060,3,0.47%,15.45%,—,https://www.instagram.com/p/DInbC4WtzFu/,"Gold that grows with you ✨  This Akshaya Tritiya, make #YourBestInvestment with Oriana! Explore the Rosette, Petelle, and Neora Collections at the Oriana counter in your nearest GRT showroom.  Enjoy Golden Savings with our special offers: ✨ ₹250 OFF per gram on gold jewellery ✨ ₹75 EXTRA per gram on old gold jewellery exchange  #OrianaByGRT #NeoraCollection #RosetteCollection #PetelleColelction #GoldJewellery #EverydayJewellery #LightweightJewellery #MinimalistJewellery #AkshayaTritiya #GoldenSavings"
355,2025-04-17,Reel / Video,4316101,2607,0,0.06%,1.22%,—,https://www.instagram.com/p/DIjZ-uDh5M6/,"This is your sign to get yourself some elegant everyday jewellery with us!  This Akshaya Trirtiya, make #YourBestInvestment with our Rosette, Petelle and Neora Collections. Stay tuned for exciting offers to come!  #OrianaByGRT #NeoraCollection #PetelleCollection #RosetteCollection #GoldJewellery #EverydayJewellery #LightweightJewellery #MinimalistJewellery #AkshayaTritiya #GoldenSavings"
356,2025-04-16,Carousel Album,78060,6505,2,8.33%,3.04%,—,https://www.instagram.com/p/DIgVyO7tZ1k/,"This Akshaya Tritiya, celebrate golden beginnings with the Neora Collection and make #YourBestInvestment! Stay tuned for special offers to come!  #OrianaByGRT #NeoraCollection #GoldJewellery #EverydayJewellery #LightweightJewellery #MinimalistJewellery #AkshayaTritiya #GoldenSavings"
357,2025-04-15,Single Photo,195996,16333,9,8.33%,7.64%,—,https://www.instagram.com/p/DIeFvbSyrBB/,"This Akshaya Tritiya, make #YourBestInvestment and discover the Neora Collection by Oriana to gift yourself something as special as the occasion!  Head to the Oriana counter at your nearest GRT showroom and shop now  #OrianaByGRT #NeoraCollection #GoldJewellery #EverydayJewellery #LightweightJewellery #MinimalistJewellery #AkshayaTritiya #GoldenSavings"
358,2025-04-14,Reel / Video,2021954,3151,3,0.16%,1.47%,—,https://www.instagram.com/p/DIbg41ACrsV/,Our carefully crafted pieces from the YounGLAMM collection are designed to capture your inner brilliance and celebrate every step forward.  Head to the Oriana counter at your nearest GRT showroom and shop now!  #OrianaByGRT #YounGLAMM #GoldJewellery #EverydayJewellery #LightweightJewellery #MinimalistJewellery
359,2025-04-14,Single Photo,31272,2606,0,8.33%,1.22%,—,https://www.instagram.com/p/DIagS8UPKJ2/,"May this Puthandu bless you tenfold with joy, prosperity, and shine! #PuthanduNalvazthukkal  #OrianaByGRT #Puthandu #PetelleCollection #TamilNewYear #GoldJewellery #EverydayJewellery #LightweightJewellery #MinimalistJewellery"
360,2025-04-13,Single Photo,205032,17086,7,8.33%,7.99%,—,https://www.instagram.com/p/DIX1rp4KnEZ/,Celebrate every chapter of your story with our Petelle Collection! #CelebrateYourJourney  Head to the nearest Oriana section at a GRT store and shop now!  #OrianaByGRT #PetelleCollection #GoldJewellery #EverydayJewellery #LightweightJewellery #MinimalistJewellery
361,2025-04-12,Reel / Video,2485023,5097,4,0.21%,2.38%,—,https://www.instagram.com/p/DIVPrK9pyHX/,"From every little detail to every big milestone, Oriana’s Petelle Collection is made to honour you. ✨ #CelebrateYourJourney  #OrianaByGRT #PetelleCollection #GoldJewellery #EverydayJewellery #LightweightJewellery #MinimalistJewellery"
362,2025-04-11,Carousel Album,85032,7086,3,8.33%,3.31%,—,https://www.instagram.com/p/DIS6ZP1SH2F/,Celebrate your wins and every step it took to get there!  Head to the nearest GRT store and shop from Oriana now!  #OrianaByGRT #PetelleCollection #GoldJewellery #EverydayJewellery #LightweightJewellery #MinimalistJewellery
363,2025-04-09,Reel / Video,6635597,7054,3,0.11%,3.30%,—,https://www.instagram.com/p/DIOjSnGPsUB/,"Wherever you are in your journey, Petelle serves as a reminder to love yourself! #CelebrateYourJourney  Head to the nearest Oriana section at a GRT store and shop now.  #OrianaByGRT #PetelleCollection #WomensDay #GoldJewellery #EverydayJewellery #LightweightJewellery #MinimalistJewellery"
364,2025-04-07,Single Photo,112524,9377,1,8.33%,4.38%,—,https://www.instagram.com/p/DIJZcL5svpJ/,"No matter where you are in your journey, find your confidence with Petelle! #CelebrateYourJourney  Head to the nearest GRT store and shop from Oriana now!  #OrianaByGRT #PetelleCollection #GoldJewellery #EverydayJewellery #LightweightJewellery #MinimalistJewellery"
365,2025-04-07,Reel / Video,2196187,4722,8,0.22%,2.21%,—,https://www.instagram.com/p/DIIoDU8NpSZ/,Wear your success with pride and #CelebrateYourJourney with our Petelle Collection!  Head to the nearest Oriana section at a GRT store and shop now!  #OrianaByGRT #PetelleCollection #GoldJewellery #EverydayJewellery #LightweightJewellery #MinimalistJewellery
366,2025-04-06,Reel / Video,5842068,22009,45,0.38%,10.31%,—,https://www.instagram.com/p/DIGHSsLhpec/,From small wins to big moves—wear jewelry that shines with you. #CelebrateYourJourney with our Petelle collection.   Head to the nearest Oriana section at a GRT store and shop now!  #OrianaByGRT #PetelleCollection #GoldJewellery #EverydayJewellery #LightweightJewellery #MinimalistJewellery
367,2025-04-04,Single Photo,301368,25114,8,8.33%,11.74%,—,https://www.instagram.com/p/DIBrh78v6ZQ/,"Every moment in your life is making you into the woman you want to be, and our Petelle Collection helps you celebrate it! #CelebrateYourJourney  #OrianaByGRT #PetelleCollection #GoldJewellery #EverydayJewellery  #LightweightJewellery #MinimalistJewellery"
368,2025-04-03,Single Photo,321768,26814,34,8.33%,12.55%,—,https://www.instagram.com/p/DH_Nkjit6B8/,"Every step forward, every win, every moment of growth, our Petelle Collection helps you #CelebrateYourJourney and shine through it all.  Head to the nearest Oriana section at a GRT store and shop now!  #OrianaByGRT #PetelleCollection #GoldJewellery #EverydayJewellery #LightweightJewellery #MinimalistJewellery"
369,2025-04-03,Reel / Video,4943135,18593,6,0.38%,8.69%,—,https://www.instagram.com/p/DH-UWtqOual/,"Every delicate facet of your story, is now in bloom✨  #CelebrateYourJourney with the Petelle Collection, shop now!  #OrianaByGRT #PetelleCollection #GoldJewellery #EverydayJewellery #LightweightJewellery #MinimalistJewellery"
370,2025-03-31,Single Photo,1020,85,1,8.33%,0.04%,—,https://www.instagram.com/p/DH2XApbTc0Q/,"This Eid, celebrate the ever-blooming bonds with your loved ones #EidMubarak   #OrianaByGRT #PetelleCollection #GoldJewellery #EverydayJewellery #LightweightJewellery #MinimalistJewellery"
371,2025-03-30,Single Photo,1200,100,2,8.33%,0.05%,—,https://www.instagram.com/p/DHzy2_VhowU/,"Life is a mix of sweet joy, bitter lows, tangy twists, spicy sparks, salty lessons, and sour challenges. Wishing you prosperity in every aspect of life! #HappyUgadi   #OrianaByGRT #PetelleCollection #GoldJewellery #EverydayJewellery #LightweightJewellery #MinimalistJewellery"
372,2025-03-29,Carousel Album,45192,3766,0,8.33%,1.76%,—,https://www.instagram.com/p/DHx-OUIPHkn/,"#CelebrateYourJourney by celebrating every version of you, with our Petelle collection. Shop now!   #OrianaByGRT #PetelleCollection #WomensDay #GoldJewellery #EverydayJewellery #LightweightJewellery #MinimalistJewellery"
373,2025-03-28,Single Photo,118896,9908,1,8.33%,4.63%,—,https://www.instagram.com/p/DHvTZy3yIC5/,"Every piece is more than jewelry—it’s a celebration of you✨  Of your milestones, your little wins, and the moments that make you smile. #CelebrateYourJourney with Petelle!   #OrianaByGRT #PetelleCollection #WomensDay #GoldJewellery #EverydayJewellery #LightweightJewellery #MinimalistJewellery"
374,2025-03-27,Reel / Video,2257354,18196,12,0.81%,8.51%,—,https://www.instagram.com/p/DHtHbvISoSM/,Little drops of shine for every win—big or small. Tell us yours🤩  #CelebrateYourJourney with our Petelle collection. Shop now!  #OrianaByGRT #PetelleCollection #WomensDay #GoldJewellery #EverydayJewellery #LightweightJewellery #MinimalistJewellery
375,2025-03-26,Single Photo,144084,12007,4,8.33%,5.61%,—,https://www.instagram.com/p/DHqhxH8M2h9/,From coffee catch-ups to career milestones—celebrate every step with jewelry that shines as bright as you! #CelebrateYourJourney with our Petelle Collection.  Head to the nearest Oriana section at a GRT store and shop now.  #OrianaByGRT #PetelleCollection #WomensDay #GoldJewellery #EverydayJewellery #LightweightJewellery #MinimalistJewellery
376,2025-03-25,Reel / Video,1810897,23484,0,1.30%,10.97%,—,https://www.instagram.com/p/DHn44seSPs7/,Wear your wins with pride and let the world know you have arrived! #CelebrateYourJourney with our Petelle collection.   Head to the nearest Oriana section at a GRT store and shop now.  #OrianaByGRT #PetelleCollection #WomensDay #GoldJewellery #EverydayJewellery #LightweightJewellery #MinimalistJewellery
377,2025-03-24,Reel / Video,4600706,16428,9,0.36%,7.68%,—,https://www.instagram.com/p/DHlPXtvSeww/,"The perfect earrings for the milestones that make you, you!✨  #CelebrateYourJourney with the Petelle Collection  Head to the nearest GRT store and shop now  #OrianaByGRT #PetelleCollection #WomensDay #GoldJewellery #EverydayJewellery #LightweightJewellery #MinimalistJewellery"
378,2025-03-23,Reel / Video,4444009,25154,6,0.57%,11.76%,—,https://www.instagram.com/p/DHi4TPzNvRB/,"Leela realised that all it takes to make her dream come true is taking the first step! She is ready to rise and shine as an entrepreneur, and Oriana’s Petelle Collection is here to honor every step of her journey. ✨ #CelebrateHerJourney  #OrianaByGRT #PetelleCollection #WomensDay #GoldJewellery #EverydayJewellery #LightweightJewellery #MinimalistJewellery"
379,2025-03-22,Reel / Video,2206674,15196,5,0.69%,7.10%,—,https://www.instagram.com/p/DHfg0MdSRrC/,"Every dream, every learning, every win—each one has brought her here. Take a guess at what Leela is up to in the comments below.  #CelebrateYourJourney  #OrianaByGRT #PetelleCollection #WomensDay #GoldJewellery #EverydayJewellery #LightweightJewellery #MinimalistJewellery"
380,2025-03-20,Reel / Video,6881946,15169,8,0.22%,7.09%,—,https://www.instagram.com/p/DHa-uVgsDZ5/,Some moments deserve more than flowers—make them golden. 🌟  Own your journey with the Petelle Collection. #CelebrateYourJourney  Head to the nearest GRT store and shop now!  #OrianaByGRT #PetelleCollection #WomensDay #GoldJewellery #EverydayJewellery #LightweightJewellery #MinimalistJewellery #InternationalDayofHappiness
381,2025-03-19,Carousel Album,122796,10233,6,8.33%,4.78%,—,https://www.instagram.com/p/DHYk_gyPBuW/,Every milestone deserves its moment in the spotlight!  #CelebrateYourJourney with the timeless elegance of the Petelle Collection.  Head to the nearest GRT store and shop now  #OrianaByGRT #PetelleCollection #WomensDay #GoldJewellery #EverydayJewellery #LightweightJewellery #MinimalistJewellery
382,2025-03-18,Reel / Video,9655782,19947,13,0.21%,9.33%,—,https://www.instagram.com/p/DHV3TxXoyVG/,"Your journey is unique, embrace it with pieces that speak for your growth! Get the Petelle Collection and #CelebrateYourJourney.   Head to the nearest GRT store and shop now!  #OrianaByGRT #PetelleCollection #WomensDay #GoldJewellery #EverydayJewellery #LightweightJewellery #MinimalistJewellery"
383,2025-03-17,Carousel Album,173640,14470,7,8.33%,6.76%,—,https://www.instagram.com/p/DHTRld6J52O/,Every step you take is a win worth celebrating! #CelebrateYourJourney with the Petelle Collection.   Head to the nearest GRT store and shop now  #OrianaByGRT #PetelleCollection #WomensDay #GoldJewellery #EverydayJewellery #LightweightJewellery #MinimalistJewellery
384,2025-03-14,Reel / Video,7992859,15996,15,0.20%,7.48%,—,https://www.instagram.com/p/DHLl8QdSjff/,"Your best days start with belief, ambition, and a touch of elegance with Petelle! #CelebrateYourJourney with our latest collection.   Head to the nearest GRT store and shop now!  #OrianaByGRT #PetelleCollection #WomensDay #GoldJewellery #EverydayJewellery #LightweightJewellery #MinimalistJewellery"
385,2025-03-12,Single Photo,9912,826,4,8.33%,0.39%,—,https://www.instagram.com/p/DHGelFMu9Xk/,"Walk into every room with confidence, grace, and a glow that’s all yours. #CelebrateYourJourney with our Petelle Collection.  Head to the nearest GRT store and shop now!  #OrianaByGRT #PetelleCollection #WomensDay #GoldJewellery #EverydayJewellery #LightweightJewellery #MinimalistJewellery"
386,2025-03-11,Single Photo,271656,22638,14,8.33%,10.59%,—,https://www.instagram.com/p/DHD7-dcPTvi/,This is your moment and you deserve to shine! #CelebrateYourJourney with our Petelle Collection.  Head to the nearest GRT store and shop now  #OrianaByGRT #PetelleCollection #WomensDay #GoldJewellery #EverydayJewellery #LightweightJewellery #MinimalistJewellery
387,2025-03-10,Reel / Video,7476946,23370,2,0.31%,10.92%,—,https://www.instagram.com/p/DHBAq-oMWNc/,Every step she takes paves the way for many more. Neha is ready to shine through every challenge that comes her way and Oriana's Petelle collection is here to #CelebrateHerJourney!   #OrianaByGRT #PetelleCollection #WomensDay #GoldJewellery #EverydayJewellery #LightweightJewellery #MinimalistJewellery
388,2025-03-08,Single Photo,84048,7004,6,8.33%,3.28%,—,https://www.instagram.com/p/DG7vAmUy3GW/,She shines. She leads. She conquers. Celebrating the power of her every single day!  Happy #InternationalWomensDay to you!  #OrianaByGRT #PetelleCollection #WomensDay #GoldJewellery #EverydayJewellery #LightweightJewellery #MinimalistJewellery
389,2025-03-06,Reel / Video,8450888,17889,2,0.21%,8.36%,—,https://www.instagram.com/p/DG3CfVUuHst/,She’s on the edge of something new. Can you guess what Neha is anxious about? Watch her #CelebrateHerJourney with us.  #OrianaByGRT #PetelleCollection #WomensDay #GoldJewellery #EverydayJewellery #LightweightJewellery #MinimalistJewellery
390,2025-03-05,Single Photo,912,76,0,8.33%,0.04%,—,https://www.instagram.com/p/DG0W9Wuuvvi/,"We believe that with each passing minute you are growing into the woman you truly are - through every choice, every experience and every learning you have. And as you grow, we want you to embrace each moment as a part of your journey that deserves to be celebrated. And our Petelle collection is a testament to the undying spirit of growth. Come, let’s #CelebrateYourJourney with pride!  #OrianaByGRT #PetelleCollection #WomensDay #GoldJewellery #EverydayJewellery #LightweightJewellery #MinimalistJewellery"
391,2025-03-05,Single Photo,624,52,0,8.33%,0.02%,—,https://www.instagram.com/p/DG0W2A0OC8p/,"Petelle—where ""petal"" meets ""elle"" (French for ‘her’).  Inspired by the petals that unfurl with time, the Petelle Collection signifies your strength, elegance and femininity. Crafted to celebrate your journey in all its grandeur.  #OrianaByGRT #PetelleCollection #WomensDay #GoldJewellery #EverydayJewellery #LightweightJewellery #MinimalistJewellery"
392,2025-03-05,Single Photo,708,59,2,8.33%,0.03%,—,https://www.instagram.com/p/DG0WwshODa3/,"Like a flower blooming petal by petal, every moment of growth shapes who you are. Petelle is a tribute to those little wins, big leaps, and everything in between. Because every step counts in your journey to shine. #CelebrateYourJourney  #OrianaByGRT #PetelleCollection #WomensDay #GoldJewellery #EverydayJewellery #LightweightJewellery #MinimalistJewellery"
393,2025-03-03,Single Photo,604404,50367,18,8.33%,23.54%,—,https://www.instagram.com/p/DGuh2L7sjXY/,"Every step, every challenge, every late-night email—it’s all been leading up to this moment. Stay tuned to witness her journey unfold. #CelebrateYourJourney  #OrianaByGRT #WomensDay #GoldJewellery #EverydayJewellery #LightweightJewellery #MinimalistJewellery"
394,2025-02-27,Reel / Video,913351,7695,3,0.84%,3.60%,—,https://www.instagram.com/p/DGlDIScMM7O/,"A woman’s journey is one of constant growth—embracing change, learning, and evolving with every step. Like a leaf reaching for the light, she’s always reaching for the next big thing. Our Prakriti collection honors your path of growth.   Wear #YourTrueNature, head to the nearest GRT Store and shop now!  #OrianaByGRT #Prakriti #YourTrueNature #NatureCollection #GoldJewellery #EverydayJewellery #LightweightJewellery #MinimalistJewellery"
395,2025-02-24,Single Photo,244272,20356,7,8.33%,9.52%,—,https://www.instagram.com/p/DGdMlJmt65P/,"A woman’s elegance is her quiet strength, radiating from within and leaving a mark wherever she goes. Like a flower that blooms against all odds, her beauty and grace are unmatched, always standing out.  Our Prakriti collection celebrates your natural brilliance. Wear #YourTrueNature, head to the nearest GRT store and shop now!  #OrianaByGRT #Prakriti #YourTrueNature #NatureCollection #GoldJewellery #EverydayJewellery #LightweightJewellery #MinimalistJewellery"
396,2025-02-22,Reel / Video,12991183,46162,42,0.36%,21.59%,—,https://www.instagram.com/p/DGYHou5NsDy/,"A butterfly’s beauty isn’t just in its flight but in its perseverance to break free from the past.  Inspired by your connection to the ever-elegant butterfly, Prakriti celebrates the quiet strength and limitless freedom within you. Head to the nearest GRT store and unlock #YourTrueNature.   #OrianaByGRT #Prakriti #YourTrueNature #NatureCollection #GoldJewellery #EverydayJewellery #LightweightJewellery #MinimalistJewellery"
397,2025-02-20,Reel / Video,16684301,76289,12,0.46%,35.65%,—,https://www.instagram.com/p/DGS5uYQi8Cp/,"Like a butterfly emerging from its cocoon, you grow, evolve, and transform into the best version of yourself. Our Prakriti collection helps you celebrate #YourTrueNature  Head to the nearest GRT store and shop the Prakriti collection!  #OrianaByGRT #Prakriti #YourTrueNature #NatureCollection #GoldJewellery #EverydayJewellery #LightweightJewellery #MinimalistJewellery"
398,2025-02-18,Single Photo,793380,66115,43,8.33%,30.91%,—,https://www.instagram.com/p/DGNtbHWPa4z/,"Like a bird soaring high, you carry an innate power to rise above challenges, driven by hope and endless aspirations. Inspired by this spirit, the Prakriti collection celebrates #YourTrueNature to dream and achieve ✨  Head to the nearest GRT store and buy the Prakriti range now!  #OrianaByGRT #Prakriti #YourTrueNature #NatureCollection #GoldJewellery #EverydayJewellery #LightweightJewellery #MinimalistJewellery"
399,2025-02-16,Reel / Video,23370322,73275,31,0.31%,34.26%,—,https://www.instagram.com/p/DGIlpFYNK4B/,"Through hard work, you thrive. Like the bees creating the building block for life, you persist with unwavering dedication to build a legacy of your own.   Shop the Prakriti collection at your nearest GRT store and embrace #YourTrueNature  #OrianaByGRT #Prakriti #YourTrueNature #NatureCollection #GoldJewellery #EverydayJewellery #LightweightJewellery #MinimalistJewellery"
400,2025-02-14,Single Photo,91308,7609,1,8.33%,3.56%,—,https://www.instagram.com/p/DGCgOFaSd33/,"Every feeling, every glance and every memory shared with your loved one is a reminder of true love!  Celebrate it with an #IconicGiftOfLove this Valentine’s Day!  Head to the nearest GRT store to shop the Hrdaya Collection now!  #IconicGiftOfLove #OrianaByGRT #Hrdaya #ValentinesDayCollection #GoldJewellery #EverydayJewellery #LightweightJewellery #MinimalistJewellery"
401,2025-02-13,Reel / Video,542030,9441,9,1.74%,4.42%,—,https://www.instagram.com/p/DGAzInTySai/,"Create everlasting memories this Valentine’s Day, no matter where you go, with a truly #IconicGiftOfLove.  Comment below your ideal date and head over to the nearest GRT store to shop the Hrdaya Collection now!  #IconicGiftOfLove #OrianaByGRT #Hrdaya #ValentinesDayCollection #GoldJewellery #EverydayJewellery #LightweightJewellery #MinimalistJewellery"
402,2025-02-12,Single Photo,178404,14867,3,8.33%,6.95%,—,https://www.instagram.com/p/DF-WlAfttjz/,"This Valentine’s Day, treat the one who’s always been there for you—yourself, because you deserve to shine like there’s no tomorrow!  Head over to the nearest GRT store and shop the Hrdaya Collection now!  #IconicGiftOfLove #OrianaByGRT #Hrdaya #ValentinesDayCollection #GoldJewellery #EverydayJewellery #LightweightJewellery #MinimalistJewellery"
403,2025-02-11,Reel / Video,3235076,7705,9,0.24%,3.60%,—,https://www.instagram.com/p/DF7swt9yGAh/,"Love speaks through gestures and every piece tells your story. This Valentine’s Day, celebrate the moments that makes your bond truly unique.   Head over to the nearest GRT store and shop the Hrdaya Collection now!  #IconicGiftOfLove #OrianaByGRT #Hrdaya #ValentinesDayCollection #GoldJewellery #EverydayJewellery #LightweightJewellery #MinimalistJewellery"
404,2025-02-10,Reel / Video,4352269,65128,7,1.50%,30.44%,—,https://www.instagram.com/p/DF5PGRCtpmH/,Love is in the air and so are our perfect pieces that’ll help you celebrate your unique love story! Gift your partner an #IconicGiftOfLove  Head over to the nearest GRT store and shop the Hrdaya Collection now!  #IconicGiftOfLove #OrianaByGRT #Hrdaya #ValentinesDayCollection #GoldJewellery #EverydayJewellery #LightweightJewellery #MinimalistJewellery
405,2025-02-09,Carousel Album,377508,31459,7,8.33%,14.70%,—,https://www.instagram.com/p/DF2snXvNOQd/,"Love speaks in symbols and each of these symbols carries a story, just like your journey of love. Celebrate these meaningful moments of togetherness with an #IconicGiftOfLove.  Head over to the nearest GRT  store and shop the Hrdaya Collection now!  #OrianaByGRT #Hrdaya #ValentinesDayCollection #GoldJewellery #EverydayJewellery #LightweightJewellery #MinimalistJewellery"
406,2025-02-08,Single Photo,633828,52819,12,8.33%,24.69%,—,https://www.instagram.com/p/DFz6I5USae5/,"In every heartfelt moment, love finds its forever! Presenting an #IconicGiftOfLove, that’s a shining reminder of love that’s forever yours.  Head over to the nearest GRT store and shop the Hrdaya Collection now!  #OrianaByGRT #Hrdaya #ValentinesDayCollection #GoldJewellery #EverydayJewellery #LightweightJewellery #MinimalistJewellery"
407,2025-02-07,Single Photo,210408,17534,9,8.33%,8.20%,—,https://www.instagram.com/p/DFxbbYhS7Yr/,"Shine bright together through moments that last forever, embodying the essence of infinite love. Give an #IconicGiftOfLove and show your partner how your love knows no end.  Head over to the nearest GRT  store and shop the Hrdaya Collection now!   #OrianaByGRT #Hrdya #ValentinesDayCollection #GoldJewellery #EverydayJewellery #LightweightJewellery #MinimalistJewellery"
408,2025-02-06,Single Photo,105444,8787,6,8.33%,4.11%,—,https://www.instagram.com/p/DFu1DKtyvYi/,"Your love is made of endless moments – shared laughter, memories and promises.  Show how love knows no end with a #IconicGiftOfLove that celebrates your love story.   Head over to the nearest GRT store and shop the Hrdaya Collection now!  #OrianaByGRT #Hrdaya #ValentinesDayCollection #GoldJewellery #EverydayJewellery #LightweightJewellery #MinimalistJewellery"
409,2025-02-04,Single Photo,194784,16232,23,8.33%,7.60%,—,https://www.instagram.com/p/DFpxKPbACXK/,"Here’s an #IconicGiftOfLove, that’s inspired by The City of Love, where every corner whispers romance and every moment is filled with memories! ✨  Head over to the nearest GRT store and shop the Hrdaya Collection now!   #OrianaByGRT #Hrdaya #ValentinesDayCollection #GoldJewellery #EverydayJewellery #LightweightJewellery #MinimalistJewellery"
410,2025-02-03,Single Photo,170088,14174,20,8.33%,6.63%,—,https://www.instagram.com/p/DFnij90NNJJ/,"Inspired by the universal symbols of love - hearts, we bring you an #IconicGiftOfLove,  that sparks a bond which only keeps growing stronger! ✨  Head over to the nearest GRT store and shop the Hrdaya Collection now!  #OrianaByGRT #Hrdaya #ValentinesDayCollection #GoldJewellery #EverydayJewellery #LightweightJewellery #MinimalistJewellery"
411,2025-02-02,Single Photo,230328,19194,8,8.33%,8.97%,—,https://www.instagram.com/p/DFj3gk0IHsL/,Some things need no explanation. We’ll still give you one✨  Are you ready for our big reveal?  #OrianaByGRT #IconicGiftOfLove #ValentinesDay #GoldJewellery #EverydayJewellery #LightweightJewellery #MinimalistJewellery
412,2025-02-01,Single Photo,195372,16281,17,8.33%,7.62%,—,https://www.instagram.com/p/DFh76dmCFC6/,The hints are everywhere! Stay tuned to know what we’ve been talking about!   Comment ♥️ if you already know  #OrianaByGRT #IconicGiftOfLove #ValentinesDay #GoldJewellery #EverydayJewellery #LightweightJewellery #MinimalistJewellery
413,2025-02-01,Single Photo,948684,79057,23,8.33%,36.95%,—,https://www.instagram.com/p/DFhNRUHt1vX/,The signs from the universe we want✨  Any guesses?   #OrianaByGRT #IconicGiftOfLove #ValentinesDay #GoldJewellery #EverydayJewellery #LightweightJewellery #MinimalistJewellery
414,2025-01-30,Reel / Video,772985,3058,23,0.40%,1.44%,—,https://www.instagram.com/p/DFdCHu9yLKy/,"Bloom into #YourTrueNature, where your inner beauty flourishes like the graceful petals of a flower.  Our Prakriti collection celebrates your natural brilliance.Shop the collection at the nearest GRT store.  #OrianaByGRT #Prakriti #YourTrueNature #NatureCollection #GoldJewellery #EverydayJewellery #LightweightJewellery #MinimalistJewellery"
415,2025-01-29,Single Photo,18504,1542,11,8.33%,0.73%,—,https://www.instagram.com/p/DFaNpA6ypne/,"Just like the elephant, your strength lies in your ability to navigate through life’s challenges, nurture those around you, and lead the way for the better. The Prakriti collection helps you celebrate #YourTrueNature.  Buy the range now.  #OrianaByGRT #Prakriti #YourTrueNature #NatureCollection #GoldJewellery #EverydayJewellery #LightweightJewellery #MinimalistJewellery”"
416,2025-01-28,Reel / Video,1517258,10685,304,0.70%,5.14%,—,https://www.instagram.com/p/DFXfVTFSb6C/,Tell us #YourTrueNature and stand a chance to win a surprise gift! ✨  👉🏼Follow @grtoriana 👉🏼Comment your answer 👉🏼Tag 2 friends and ask them to participate as well  What are you waiting for? Start commenting now! Don’t forget to follow us and tag your friends to participate. The last date to participate is 30th January 2025  Click the 🔗 in bio for the T&Cs   #ContestAlert #OrianaByGRT #Prakriti #YourTrueNature #NatureCollection #GoldJewellery #EverydayJewellery #LightweightJewellery #MinimalistJewellery
417,2025-01-27,Single Photo,71820,5985,0,8.33%,2.80%,—,https://www.instagram.com/p/DFVD8AnSpbz/,"A woman’s grit and spirit know no limits. Like a bird spreading its wings to soar, women rise above, carving their own path, fearless and free. Our Prakriti collection honours your spirit of Independence, Wear #YourTrueNature, shop now!  #OrianaByGRT #Prakriti #YourTrueNature #NatureCollection #GoldJewellery #EverydayJewellery #LightweightJewellery #MinimalistJewellery"
418,2025-01-26,Single Photo,1236,103,0,8.33%,0.05%,—,https://www.instagram.com/p/DFRt2GoNuZ8/,Let your love for the nation shine bright! Happy Republic Day! 🇮🇳  Head to your nearest GRT store and shop our Prakriti collection!  #OrianaByGRT #Prakriti #YourTrueNature #RepublicDay #NatureCollection #GoldJewellery #EverydayJewellery #LightweightJewellery #MinimalistJewellery
419,2025-01-25,Single Photo,20484,1707,1,8.33%,0.80%,—,https://www.instagram.com/p/DFP_RwEN5Ny/,"As the leaf embraces change, so do you. Learning, growing and becoming the real version of you with every step. The Prakriti collection celebrates your growth and embrace #YourTrueNature  #OrianaByGRT #Prakriti #YourTrueNature #NatureCollection #GoldJewellery #EverydayJewellery #LightweightJewellery #MinimalistJewellery"
420,2025-01-25,Single Photo,24672,2056,5,8.33%,0.96%,—,https://www.instagram.com/p/DFO3GwVSv5Z/,"Through challenges, you transform and through obstacles, you shine🦋  Presenting to you, Prakriti, which celebrates #YourTrueJourney  Buy the range now!  #OrianaByGRT #Prakriti #YourTrueNature #NatureCollection #GoldJewellery #EverydayJewellery #LightweightJewellery #MinimalistJewellery"
421,2025-01-23,Reel / Video,1649334,5214,3,0.32%,2.44%,—,https://www.instagram.com/p/DFK4pDVRZ_0/,"When you step into nature, you step closer to yourself. Join us as we pave the way for you.  #OrianaByGRT #YourTrueNature #NatureIsCalling #GoldJewellery #EverydayJewellery #LightweightJewellery #MinimalistJewellery"
422,2025-01-23,Reel / Video,1795103,3959,0,0.22%,1.85%,—,https://www.instagram.com/p/DFKHbqASqpo/,Every element of nature shows you a path to yourself. The wait is almost over.  #OrianaByGRT #YourTrueNature #NatureIsCalling #GoldJewellery #EverydayJewellery #LightweightJewellery #MinimalistJewellery
423,2025-01-21,Reel / Video,1661758,3913,1,0.24%,1.83%,—,https://www.instagram.com/p/DFFyZtLyhmI/,"Close your eyes, feel the rhythm of nature, it can lead you to your true self. Any guesses what’s coming up next?  #OrianaByGRT #NatureIsCalling #GoldJewellery #EverydayJewellery #LightweightJewellery #MinimalistJewellery"
424,2025-01-18,Single Photo,552,46,2,8.33%,0.02%,—,https://www.instagram.com/p/DE9VEUtSLW0/,Accessorize your office look with Thea 14kt Collection jewellery!  #TheaCollection #OrianaByGRT #Oriana #14KTGold #GoldJewellery #EverydayJewellery #LightweightJewellery #MinimalistJewellery
425,2025-01-15,Carousel Album,9864,822,1,8.33%,0.38%,—,https://www.instagram.com/p/DE2caarupsb/,"Just like the pots brimming with Pongal, it’s time for abundance to overflow into your life! Say yes to prosperity and style with YounGlamm and Thea collection!  #HarvestYourShine #OrianaByGRT #Oriana #GoldJewellery #EverydayJewellery #LightweightJewellery #MinimalistJewellery"
426,2025-01-14,Single Photo,11436,953,1,8.33%,0.45%,—,https://www.instagram.com/p/DEzyrilSRPr/,"Just like the twists and turns of the kolam, our Thea collection is intricately designed to elevate your celebrations, one piece at a time!  #HarvestYourShine and shop the Thea collection now at your nearest GRT store.   #OrianaByGRT #Oriana #GoldJewellery #EverydayJewellery #LightweightJewellery #MinimalistJewellery"
427,2025-01-14,Reel / Video,1234296,1304,2,0.11%,0.61%,—,https://www.instagram.com/p/DEy-yLOt1Qh/,"Oriana’s stunning YounGlamm are here to add that perfect touch of elegance, helping you look the best through every tradition and festivity ✨  Shop our finest pieces now at your nearest GRT store.  #HarvestYourShine #PongalCollections #Pongal #PongalJewellery #OrianaByGRT #Oriana #GoldJewellery #EverydayJewellery #LightweightJewellery #MinimalistJewellery"
428,2025-01-14,Single Photo,16392,1366,3,8.33%,0.64%,—,https://www.instagram.com/p/DEyn_Yty8nn/,Here’s to embracing a season of harvest and new beginnings! #HarvestYourShine and shop the YounGlamm collection now at your nearest GRT store.  #Pongal #OrianaByGRT #Oriana #GoldJewellery #EverydayJewellery #LightweightJewellery #MinimalistJewellery #YounGlammJewellery
429,2025-01-13,Reel / Video,740791,1955,5,0.26%,0.92%,—,https://www.instagram.com/p/DExciGINov3/,"Complete your Pongal tradition with the sparkle of Oriana’s Thea Collection, celebrating the beauty of togetherness and new beginnings. Shop the Thea collection from Oriana, now at your nearest GRT store.  #HarvestYourShine #PongalCollections #Pongal #PongalJewellery #OrianaByGRT #Oriana #GoldJewellery #EverydayJewellery #LightweightJewellery #MinimalistJewellery"
430,2025-01-12,Reel / Video,1217450,1773,3,0.15%,0.83%,—,https://www.instagram.com/p/DEuldxLSY7n/,"Harvest your style with Thea & YounGlamm collections from Oriana, now at your nearest GRT store. Happy Pongal! ✨  #HarvestYourShine #PongalCollections #Pongal #PongalJewellery #OrianaByGRT #Oriana #GoldJewellery #EverydayJewellery #LightweightJewellery #MinimalistJewellery"
431,2025-01-06,Reel / Video,8593,83,0,0.97%,0.04%,—,https://www.instagram.com/p/DEe6gKgSpl4/,Add a touch of glam to your work attire! The YounGLAMM Collection is handcrafted with an ultra light feel to ensure you radiate confidence and comfort all day long 😍🫶  #YounGLAMM #OrianaByGRT #Oriana #GoldJewellery #22KGoldJewellery #EverydayJewellery #LightweightJewellery #MinimalistJewellery
432,2025-01-03,Single Photo,600,50,0,8.33%,0.02%,—,https://www.instagram.com/p/DEXToccyXLC/,"Young, vibrant and oh-so-glam! The 22K gold jewellery from the YounGLAMM Collection feels weightless while adding a burst of freshness to every look. ✨  #YounGLAMM #OrianaByGRT #Oriana #GoldJewellery #EverydayJewellery #LightweightJewellery #MinimalistJewellery"
433,2024-12-31,Reel / Video,1730971,26682,1,1.54%,12.47%,—,https://www.instagram.com/p/DEP3IR8MTug/,"New milestones, bright beginnings and endless sparkle to light your way. Make 2025 magical with Oriana 🌟 Happy New Year! 🎇✨  #HappyNewYear #NewYear #Earrings #OrianaByGRT #Oriana #GoldJewellery #EverydayJewellery #LightweightJewellery"
434,2024-12-29,Single Photo,204744,17062,14,8.33%,7.98%,—,https://www.instagram.com/p/DEKlgBQNkm7/,"Who’s your style icon of the year? Tag the woman who owned every look in the comments, and let’s celebrate the trendsetters who inspire us 💫   #Earrings #OrianaByGRT #Oriana #StyleIcon #GoldJewellery #EverydayJewellery #LightweightJewellery #MinimalistJewellery"
435,2024-12-28,Reel / Video,1631184,30939,5,1.90%,14.46%,—,https://www.instagram.com/p/DEHh7LMP8D1/,"New Year, New Look! Make stunning earrings your go-to accessory in 2025 with Oriana 💛🎊  #Earrings #OrianaByGRT #Oriana #GoldJewellery #EverydayJewellery #LightweightJewellery #NewYearResolution"
436,2024-12-27,Reel / Video,1518878,13554,2,0.89%,6.33%,—,https://www.instagram.com/p/DEFC8XePYtx/,"Pop, sparkle, sizzle! Dress to impress and ring the New Year in style with Earrings that make your celebrations shine even brighter ❤️🎉  #Earrings #OrianaByGRT #Oriana #GoldJewellery #EverydayJewellery #LightweightJewellery #NewYearParty"
437,2024-12-25,Reel / Video,1405258,33153,1,2.36%,15.49%,—,https://www.instagram.com/p/DD_CYK0TbWp/,Merry Christmas! 🎄 Surprise your loved ones and celebrate the season with stockings full of sparkle and Earrings by Oriana that add extra joy to the holiday! 🎁🎉  #MerryChristmas #Christmas #OrianaByGRT #Oriana #Earrings #GoldJewellery #EverydayJewellery #LightweightJewellery #Celebration
438,2024-12-22,Reel / Video,1082020,14121,0,1.31%,6.60%,—,https://www.instagram.com/p/DD3wHjOvbv4/,Command attention with this season’s must-have accessory! Be the showstopper in earrings that sprinkle confidence and make you sparkle all night long. 💕  #EarringsCollection #OrianaByGRT #Oriana #GoldJewellery #EverydayJewellery #LightweightJewellery #MinimalistJewellery
439,2024-12-19,Single Photo,184920,15410,4,8.33%,7.20%,—,https://www.instagram.com/p/DDwmyYITbnM/,Put your jewellery IQ to the test! Let’s see if you can find all the hidden earring styles in this crossword and tag a friend to take the challenge too 🤩  #EarringsCollection #OrianaByGRT #Oriana #GoldJewellery #EverydayJewellery #LightweightJewellery #MinimalistJewellery
440,2024-12-18,Reel / Video,1433417,18949,0,1.32%,8.85%,—,https://www.instagram.com/p/DDtyDawvjdr/,"Transform every glance into a moment of wonder. From simple to sensational, Oriana’s unique earrings are your ultimate accessory for everyday elegance. Find your perfect match today! ❤  #EarringsCollection #OrianaByGRT #Oriana #GoldJewellery #EverydayJewellery #LightweightJewellery #MinimalistJewellery"
441,2024-12-16,Single Photo,232944,19412,5,8.33%,9.07%,—,https://www.instagram.com/p/DDo0lzcTgfk/,"This week, we're all about stunning style! Discover Oriana’s sophisticated earrings and find the perfect pair to elevate your look for every mood and occasion. Shop now!✨  #EarringsCollection #OrianaByGRT #Oriana #GoldJewellery #EverydayJewellery #LightweightJewellery #MinimalistJewellery"
442,2024-12-16,Reel / Video,1284684,32918,2,2.56%,15.38%,—,https://www.instagram.com/p/DDoWZDLvPuN/,Add a golden touch to your Christmas celebrations with the 14Kt Thea Collection and let each exquisite piece serve as a lasting reminder of the love and joy that fill your heart!  #TheaCollection #OrianaByGRT #Oriana #14KTGold #GoldJewellery #EverydayJewellery #LightweightJewellery #MinimalistJewellery
443,2024-12-14,Single Photo,265380,22115,6,8.33%,10.34%,—,https://www.instagram.com/p/DDjhlr4z7cg/,"Get your daily dose of sparkle with the lightweight 14Kt Thea Collection, designed to elevate your everyday look with a touch of brilliance! ❤️  #TheaCollection #OrianaByGRT #Oriana #14KTGold #GoldJewellery #EverydayJewellery #LightweightJewellery #MinimalistJewellery"
444,2024-12-13,Reel / Video,1313116,24973,1,1.90%,11.67%,—,https://www.instagram.com/p/DDg6C1yPDq3/,"Step into the office Christmas party with the 14Kt Thea Collection. Chic, sparkling, and ready to shine all night 💎🎉  #TheaCollection #OrianaByGRT #Oriana #14KTGold #GoldJewellery #EverydayJewellery #LightweightJewellery #MinimalistJewellery"
445,2024-12-11,Reel / Video,1221085,21091,1,1.73%,9.86%,—,https://www.instagram.com/p/DDb6zVvJA2y/,"Travel light, but stylish with the 14Kt jewellery from the Thea Collection, your perfect companion for every adventure ✨🌍  #TheaCollection #OrianaByGRT #Oriana #14KTGold #GoldJewellery #EverydayJewellery #LightweightJewellery #MinimalistJewellery"
446,2024-12-10,Reel / Video,1424478,27731,0,1.95%,12.96%,—,https://www.instagram.com/p/DDZj44lPYFd/,"On the hunt for a gift that stands out this Christmas? The 14Kt Thea Collection is the perfect mix of thoughtful design, everyday versatility, and dazzling sparkle 🌟  #TheaCollection #OrianaByGRT #Oriana #14KTGold #GoldJewellery #EverydayJewellery #LightweightJewellery #MinimalistJewellery"
447,2024-12-09,Reel / Video,1539218,25002,1,1.62%,11.68%,—,https://www.instagram.com/p/DDWlt7fOgYu/,Flaunt your sparkle with rings that match every vibe! Explore the 14Kt Thea Collection and let your charm shine brighter every day 💍  #TheaCollection #OrianaByGRT #Oriana #14KTGold #GoldJewellery #EverydayJewellery #LightweightJewellery #MinimalistJewellery
448,2024-12-06,Reel / Video,1698709,29219,3,1.72%,13.66%,—,https://www.instagram.com/p/DDO5P3ougoa/,"Pair your brunch with the lightweight 14Kt Thea Collection and add a touch of sophistication to your look, perfect for sunny Sundays 💛  #TheaCollection #OrianaByGRT #Oriana #14KTGold #GoldJewellery #EverydayJewellery #LightweightJewellery #MinimalistJewellery"
449,2024-12-04,Reel / Video,1648222,29482,0,1.79%,13.78%,—,https://www.instagram.com/p/DDJ0-wLP8Fx/,Celebrate the holidays with the perfect gift! Let the 14Kt Thea Collection add some sparkle and make every moment unforgettable 🎁  #OrianaByGRT #Oriana #GoldJewellery #EverydayJewellery #LightweightJewellery #MinimalistJewellery
450,2024-12-02,Single Photo,273084,22757,1,8.33%,10.63%,—,https://www.instagram.com/p/DDEvJtmzjej/,"From work to play, the 14Kt Thea Collection adds chicness to every moment, offering a perfect blend of style and comfort for the modern woman ✨  #OrianaByGRT #Oriana #GoldJewellery #EverydayJewellery #LightweightJewellery #MinimalistJewellery"
451,2024-11-30,Reel / Video,1210137,20151,0,1.67%,9.42%,—,https://www.instagram.com/p/DC_XZU8vOlP/,"It’s time to indulge! Celebrate your hard work with 14Kt jewellery from the Thea Collection and embrace your sweet success 🥳, (Available only in selected showrooms) #TheaCollection #14KTGold #OrianaByGRT #Oriana #GoldJewellery #EverydayJewellery #LightweightJewellery #MinimalistJewellery"
452,2024-11-29,Reel / Video,894771,39106,3,4.37%,18.28%,—,https://www.instagram.com/p/DC8-AfsvkjY/,"From bold necklaces to elegant earrings, the 14Kt jewellery from the Thea Collection offers the perfect accessories to express your unique personality and find the piece made just for you 🙌(Available only in selected showrooms)  #TheaCollection #14KTGold #OrianaByGRT #Oriana #GoldJewellery #EverydayJewellery #LightweightJewellery #MinimalistJewellery"
453,2024-11-28,Reel / Video,633401,17058,1,2.69%,7.97%,—,https://www.instagram.com/p/DC6REouPtvi/,Nail your first interview look with the elegance of 14KT pieces from Thea collection - crafted to style your success and make a lasting impression 👩‍💼💛(Available only in selected showrooms)  #TheaCollection #14KGold #OrianaByGRT #Oriana #GoldJewellery #EverydayJewellery #LightweightJewellery #MinimalistJewellery
454,2024-11-26,Single Photo,171648,14304,1,8.33%,6.68%,—,https://www.instagram.com/p/DC1p4PfzE8P/,The 14KT Thea Collection is designed to add charm to your everyday moments with chic and sophisticated pieces that define modern elegance (Available only in selected showrooms)  #TheaCollection #14KTGold #OrianaByGRT #Oriana #GoldJewellery #EverydayJewellery #LightweightJewellery #MinimalistJewellery
455,2024-11-25,Reel / Video,2123376,29358,4,1.38%,13.72%,—,https://www.instagram.com/p/DCyuWcIPnMD/,"Step into your power with 14KT jewellery from Thea, the perfect companion for the woman who leads with style 💕(Available only in selected showrooms)  #TheaCollection #14KGold #OrianaByGRT #Oriana #GoldJewellery #EverydayJewellery #LightweightJewellery #MinimalistJewellery"
456,2024-11-23,Reel / Video,2271498,29240,1,1.29%,13.66%,—,https://www.instagram.com/p/DCtXAkLvEkp/,Thank your office bestie with a piece of elegance they’ll never forget! The bold and beautiful 14KT jewellery from Thea perfectly captures the bonds you share 👯🏻(Available only in selected showrooms)  #TheaCollection #14KGold #OrianaByGRT #Oriana #GoldJewellery #EverydayJewellery #LightweightJewellery #MinimalistJewellery
457,2024-11-22,Reel / Video,1895770,35497,2,1.87%,16.59%,—,https://www.instagram.com/p/DCq4lUnPf1q/,"Add a touch of boldness to your everyday! Make 14KT jewellery from Thea your go-to, for moments that shine with chicness 💛(Available only in selected showrooms)  #TheaCollection #14KGold #OrianaByGRT #Oriana #GoldJewellery #EverydayJewellery #LightweightJewellery #MinimalistJewellery"
458,2024-11-19,Reel / Video,2261094,36488,1,1.61%,17.05%,—,https://www.instagram.com/p/DCjL21XxXQi/,"Ready to shine for your next meeting? Let your accessories do the talking with Thea 14KT jewellery for a polished, poised look that commands attention ✨(Available only in selected showrooms)  #TheaCollection #OrianaByGRT #Oriana #GoldJewellery #14KGold #EverydayJewellery #LightweightJewellery #MinimalistJewellery"
459,2024-11-18,Reel / Video,613643,27953,1,4.56%,13.06%,—,https://www.instagram.com/p/DCgixqfvMAJ/,"Turn your brunch into a trendsetting occasion with the bold beauty of Thea, 14KT chic and elegant jewellery, designed for everyday and beyond 🥰(Available only in selected showrooms)  #TheaCollection #OrianaByGRT #Oriana #GoldJewellery #14KTGold #EverydayJewellery #LightweightJewellery #MinimalistJewellery"
460,2024-11-15,Single Photo,186312,15526,8,8.33%,7.26%,—,https://www.instagram.com/p/DCY1jY7zr0v/,"Bold, elegant and effortlessly charming! Discover the perfect blend of beauty, affordability and practicality with 14K jewellery - Thea Collection that never goes out of style 💕(Available only in selected showrooms)  #TheaCollection #OrianaByGRT #Oriana #GoldJewellery #EverydayJewellery #LightweightJewellery #MinimalistJewellery"
461,2024-11-14,Reel / Video,1481610,24098,0,1.63%,11.26%,—,https://www.instagram.com/p/DCWZIAnP8Dl/,Add a touch of glam to your work attire! The YounGLAMM Collection is handcrafted with an ultra light feel to ensure you radiate confidence and comfort all day long 😍🫶  #YounGLAMM #OrianaByGRT #Oriana #GoldJewellery #22KGoldJewellery #EverydayJewellery #LightweightJewellery #MinimalistJewellery
462,2024-11-13,Single Photo,174036,14503,9,8.33%,6.78%,—,https://www.instagram.com/p/DCUFQPLz0Si/,"Young, vibrant and oh-so-glam! The 22K gold jewellery from the YounGLAMM Collection feels weightless while adding a burst of freshness to every look. ✨  #YounGLAMM #OrianaByGRT #Oriana #GoldJewellery #EverydayJewellery #LightweightJewellery #MinimalistJewellery"
463,2024-11-12,Reel / Video,1393392,42243,0,3.03%,19.74%,—,https://www.instagram.com/p/DCRdZPBvJN4/,Looking for the perfect gift? Surprise your loved ones with the beautifully hand-dyed and ultra-lightweight YounGLAMM Collection 🎁  #YounGLAMM #OrianaByGRT #Oriana #GoldJewellery #EverydayJewellery #LightweightJewellery #MinimalistJewellery
464,2024-11-10,Reel / Video,1621933,57404,1,3.54%,26.82%,—,https://www.instagram.com/p/DCMIIz3PgWr/,Add some glitter and gleam to your festive season with the hand-dyed and ultra-lightweight jewels from the YounGLAMM Collection 💎✨  #YounGLAMM #OrianaByGRT #Oriana #GoldJewellery #EverydayJewellery #LightweightJewellery #MinimalistJewellery
465,2024-11-08,Reel / Video,1280840,47387,1,3.70%,22.14%,—,https://www.instagram.com/p/DCG-ZYvvudO/,"Make your success sweeter with a little sparkle for yourself! Handcrafted to perfection and light as air, the YounGLAMM Collection makes every moment unforgettable. 👑💍  #YounGLAMM #OrianaByGRT #Oriana #GoldJewellery #EverydayJewellery #LightweightJewellery #MinimalistJewellery"
466,2024-11-06,Single Photo,142728,11894,2,8.33%,5.56%,—,https://www.instagram.com/p/DCB444FTVSw/,"Embrace the connections that make your heart glow!  Tag the friend(s) who light up your life, and treat them to the beauty of the ultra-light and handcrafted YounGLAMM collection 💕  #YounGLAMM #OrianaByGRT #Oriana #GoldJewellery #EverydayJewellery #LightweightJewellery #MinimalistJewellery"
467,2024-11-04,Reel / Video,1049974,57523,5,5.48%,26.88%,—,https://www.instagram.com/p/DB8oZrhPwNN/,"Elevate your everyday with a touch of playfulness! Explore the super light and hand-painted YounGLAMM Collection, for the radiant you ❤️✨ #YounGLAMM #HappyDeepavali #OrianaByGRT #Oriana #GoldJewellery #EverydayJewellery #LightweightJewellery #MinimalistJewellery"
468,2024-11-02,Single Photo,200448,16704,3,8.33%,7.81%,—,https://www.instagram.com/p/DB3VoyhzRXm/,"Craft your own style narrative with the air light, hand-dyed and spectacular YounGLAMM Collection, for every beautiful chapter in your story 🥰⚡️  #YounGLAMM #HappyDeepavali #OrianaByGRT #Oriana #GoldJewellery #EverydayJewellery #LightweightJewellery #MinimalistJewellery"
469,2024-11-01,Single Photo,167880,13990,3,8.33%,6.54%,—,https://www.instagram.com/p/DB1Ae6fzBvz/,"Explore fantastic offers on the ultra-lightweight, hand-dyed YounGLAMM Collection and sparkle your way through the festivities 🤩✨  #YounGLAMM #HappyDeepavali #OrianaByGRT #Oriana #GoldJewellery #EverydayJewellery #LightweightJewellery #MinimalistJewellery"
470,2024-10-31,Reel / Video,1163039,28437,2,2.45%,13.29%,—,https://www.instagram.com/p/DBxbyFxv-jT/,"Gift your loved ones a sparkle they’ll treasure forever ✨ This Deepavali, let Oriana’s jewels whisper tales of love, connection and celebration 🪔❤️  #HappyDeepavali #OrianaByGRT #Oriana #Deepavali #GoldJewellery #EverydayJewellery #LightweightJewellery #MinimalistJewellery"
471,2024-10-30,Reel / Video,1224257,33445,1,2.73%,15.63%,—,https://www.instagram.com/p/DBv4DOnM2Q9/,"Ready, Set, Sparkle! Transform your look with the ultra-lightweight and hand-dyed YounGLAMM Collection and let your radiance steal the spotlight 🪔❤️  #HappyDeepavali #OrianaByGRT #Oriana #GoldJewellery #EverydayJewellery #LightweightJewellery #MinimalistJewellery"
472,2024-10-28,Reel / Video,1019143,40065,3,3.93%,18.72%,—,https://www.instagram.com/p/DBqqRdUtWVj/,Welcome the blessings of wealth and well-being this Dhanteras! Celebrate the vibrant spirit of prosperity with the stunning ultra-lightweight and hand-dyed YounGLAMM Collection 💚✨  #HappyDhanteras #YoungGlamCollection #OrianaByGRT #Oriana #GoldJewellery #EverydayJewellery #LightweightJewellery #MinimalistJewellery
473,2024-10-27,Single Photo,173736,14478,8,8.33%,6.77%,—,https://www.instagram.com/p/DBn2NuDNo4N/,Get ready to turn heads with Oriana’s stunning jewels that amplify your unique vibe! 💛👑  #HappyDeepavali #OrianaByGRT #Oriana #Deepavali #GoldJewellery #EverydayJewellery #LightweightJewellery #MinimalistJewellery
474,2024-10-25,Single Photo,206556,17213,2,8.33%,8.04%,—,https://www.instagram.com/p/DBjBAU0zdvj/,Step into the festive spirit with Oriana’s glittering deals 💫  It’s time to bring out your shine with pieces that celebrate YOU! 🎉  #HappyDeepavali #OrianaByGRT #Oriana #ElysiaCollection #Elysia #Deepavali #GoldJewellery #EverydayJewellery #LightweightJewellery #MinimalistJewellery
475,2024-10-23,Reel / Video,1626273,37924,4,2.33%,17.72%,—,https://www.instagram.com/p/DBd2ilMNl1r/,"Wrap your loved ones in modern chicness this Deepavali! 🎁 Celebrate the joy of giving with the ultra-lightweight, hand-dyed and exquisite YounGLAMM Collection!   #HappyDeepavali #OrianaByGRT #Oriana #ElysiaCollection #Elysia #Deepavali #GoldJewellery #EverydayJewellery #LightweightJewellery #MinimalistJewellery"
476,2024-10-20,Single Photo,213288,17774,4,8.33%,8.31%,—,https://www.instagram.com/p/DBV-JjEzHJF/,Embellish your style this Deepavali!  Explore Oriana’s exclusive deals and illuminate your festivities with radiant pieces that reflect your inner glow.  #OrianaByGRT #Oriana #ElysiaCollection #Elysia #Deepavali #GoldJewellery #EverydayJewellery #LightweightJewellery #MinimalistJewellery
477,2024-10-17,Single Photo,127380,10615,3,8.33%,4.96%,—,https://www.instagram.com/p/DBOTwgczGU-/,"This festive season, glow like the gem you truly are with the YounGLAMM Collection, handcrafted to perfection featuring ultra-lightweight & hand-dyed jewels.   #YounGLAMMCollection #OrianaByGRT #Oriana #GoldJewellery #EverydayJewellery #LightweightJewellery #MinimalistJewellery"
478,2024-10-15,Reel / Video,1494430,80858,2,5.41%,37.79%,—,https://www.instagram.com/p/DBJGTeNhaMg/,✨ Something glamorous is coming your way! ✨  Get ready to elevate your glam game like never before. Stay tuned for a reveal that will light up your look! 💖   #YounGLAMMCollection #OrianaByGRT #Oriana #GoldJewellery #EverydayJewellery #LightweightJewellery #MinimalistJewellery
479,2024-10-14,Reel / Video,1517461,50497,6,3.33%,23.60%,—,https://www.instagram.com/p/DBGkEJZPWgB/,Illuminate your Deepavali with Oriana’s dazzling deals and find the perfect piece that reflects the love and light in your life  #HappyDussehra #OrianaByGRT #Oriana #RosetteCollection #Rosette #Dussehra #GoldJewellery #EverydayJewellery #LightweightJewellery #MinimalistJewellery
480,2024-10-12,Single Photo,190992,15916,1,8.33%,7.44%,—,https://www.instagram.com/p/DBAekKyzXdZ/,Wishing you a joyful Dussehra filled with the light of victory and the warmth of togetherness.  #HappyDussehra #OrianaByGRT #Oriana #RosetteCollection #Rosette #Dussehra #GoldJewellery #EverydayJewellery #LightweightJewellery #MinimalistJewellery
