#,Hierarchy Tier,Brand Name,State / Origin (HQ),Creator Handle,Followers,Video Content Genre,Views / Plays,Likes,Comments,Like-to-View %,Creator ER%,Post Date,Direct Instagram URL,Boost Status & Reason,Caption Preview
1,Tier 1: Toggle ON + Boosted,Japam,Pan-India / Rajasthan (HQ: Jaipur),@safarnama.kartik,5986,"🕉️ Mantras, Japa Meditation & Puja Rituals",13490533,87514,346,0.65%,1467.76%,2026-01-31,https://www.instagram.com/p/DULPCWCjEWG/,🚀 Boosted (Paid Ad Spend): High view multiplier (2253.68x followers) combined with low engagement rate (0.65%),"Where spirituality meets style Ft. @japam.in brings authentic, handcrafted jewelry designed to radiate strength, positivity, and purpose.✅ Shop the collection at www.japam.in ✨  #japam #reels #viralreels #trendingreels #devotional   Japam, Rudraksha,"
2,Tier 1: Toggle ON + Boosted,Japam,Pan-India / Rajasthan (HQ: Jaipur),@shivyapathania,452000,"🕉️ Mantras, Japa Meditation & Puja Rituals",12966053,74607,425,0.58%,16.60%,2026-01-14,https://www.instagram.com/p/DTfYmQzDKjj/,🚀 Boosted (Paid Ad Spend): High view multiplier (28.69x followers) combined with low engagement rate (0.58%),"“Lately, I’m choosing things that feel calm ✨ Nothing loud. Nothing forced. Just good energy. Dhanashree Pyrite anklet from @japam.in Easy to wear, easy to feel.” Magic that can only be felt personally !"
3,Tier 1: Toggle ON + Boosted,Japam,Pan-India / Rajasthan (HQ: Jaipur),@harsh_nagpal,30000,"🔬 Rudraksha Authenticity, Lab Testing & Craft Lore",6337488,17676,213,0.28%,59.63%,2025-11-08,https://www.instagram.com/p/DQyy7V3Dzbp/,"🚀 Heavily Boosted (Paid Ad Spend): High view count (6,337,488) with sub-0.35% like rate (0.28%) indicates paid video ads campaign","Spiritual meets style. 🕉️ This Silver Plated Eternal Karungali Mala from @japam.in isn’t just an accessory — it’s energy, authenticity, and elegance, all in one. From daily wear to mindful moments, it’s a beautiful reminder that fashion can have a de"
4,Tier 1: Toggle ON + Boosted,Japam,Pan-India / Rajasthan (HQ: Jaipur),@harsh_nagpal,30000,"🕉️ Mantras, Japa Meditation & Puja Rituals",2084949,4075,134,0.20%,14.03%,2026-01-27,https://www.instagram.com/p/DUAfucIj08l/,"🚀 Heavily Boosted (Paid Ad Spend): High view count (2,084,949) with sub-0.35% like rate (0.2%) indicates paid video ads campaign","Not just something you wear… something you believe in 🖤 This Karungali Necklace with Hanuman Ji Pendant from @japam.in carries strength, protection, and grounding energy.  Made with genuine Karungali beads and crafted under strict quality checks — pl"
5,Tier 1: Toggle ON + Boosted,Japam,Pan-India / Rajasthan (HQ: Jaipur),@kanha_girl385,103000,"🕉️ Mantras, Japa Meditation & Puja Rituals",1437563,13686,164,0.95%,13.45%,2026-08-11,https://www.instagram.com/p/Db4_MmuPZ1y/,"🔍 Likely Boosted (Targeted Ad): Disproportionate views (1,437,563) relative to likes (13,686)",Rakhi కేవలం ఒక దారం కాదు… ❤️ | Special Rakhi for My Brother | Japam Karungali Rakhi  ఈ రక్షాబంధన్‌కి నా అన్న కోసం ప్రత్యేకమైన Rakhi కోసం వెతుకుతుండగా Japam Karungali Rakhi Collection నాకు చాలా నచ్చింది. ❤️  🌿 Original Karungali Beads ✨ Handcrafted De
6,Tier 1: Toggle ON + Boosted,Japam,Pan-India / Rajasthan (HQ: Jaipur),@ridhivarmaofficial,42000,"🕉️ Mantras, Japa Meditation & Puja Rituals",478788,3368,33,0.70%,8.10%,2026-07-31,https://www.instagram.com/p/DbdQk3PsZVs/,"🔍 Likely Boosted (Targeted Ad): Disproportionate views (478,788) relative to likes (3,368)","🌸 The Most Meaningful Rakhi Gift of 2026 💎 . . . . . Every sister wishes for her brother's happiness, success, and prosperity. This year, make your Rakhi gift truly meaningful with the Japam Lotus Dhanlabh Crystal Rakhi Box. 🌸 💎 Includes: • Lotus Dha"
7,Tier 1: Toggle ON + Boosted,Japam,Pan-India / Rajasthan (HQ: Jaipur),@vivekthakuurr,3024,"🕉️ Mantras, Japa Meditation & Puja Rituals",17125,3,60,0.02%,2.08%,2026-03-07,https://www.instagram.com/p/DVkeIwdD5KH/,🚀 Boosted (Paid Ad Spend): High view multiplier (5.66x followers) combined with low engagement rate (0.02%),"Har Har Mahadev🙏 Rudraksh Jap Mala – Shiv bhakton ke liye pavitra saathi. . . Shop now at @japam.in  And www.japam.in  . . #japam #ʜᴀʀʜᴀʀᴍᴀʜᴀᴅᴇᴠ #rudrakshmala #peace  Follow @vivekthakuurr  ( japam , rudrakshmala , mahadev , japam.in , spiritual , de"
8,Tier 2: Toggle ON + Organic,Japam,Pan-India / Rajasthan (HQ: Jaipur),@theanshagrawal,4812,"🕉️ Mantras, Japa Meditation & Puja Rituals",21980741,403408,461,1.84%,8392.96%,2026-04-04,https://www.instagram.com/p/DWtQGNTCRqj/,⚪ Standard Organic: Baseline organic collab reach,"Gold plated Karungali necklace with a divine Hanuman pendant 🔱 A symbol of strength, protection & style. Shop now from @japam.in 🛍️  #hanuman #faith #power #money #karunglimala"
9,Tier 2: Toggle ON + Organic,Japam,Pan-India / Rajasthan (HQ: Jaipur),@atouchofmystery_telugu,187000,🕉️ Devotional Content & Spiritual Storytelling,3686366,235994,3298,6.40%,127.96%,2025-07-25,https://www.instagram.com/p/DMiFLQYpugu/,"📈 Viral Organic Reach: High organic views (3,686,366) with strong like rate (6.4%)",Rakshabandan Born from Mahabharatam ? | The story behind Rakshabandan | A Touch of Mystery-Telugu . . Comment “Link” to get the website link & Coupon code on DM . . Keywords:  Rakshabandan story | Rakhi panduga story | Why do we celebrate raksha band
10,Tier 2: Toggle ON + Organic,Divine Hindu,Pan-India / Delhi NCR (HQ: New Delhi),@shannu_7,3000000,✨ Spiritual Lifestyle & Modern Wellness,2156441,57975,70,2.69%,1.93%,2026-04-15,https://www.instagram.com/p/DXJqLkWE8G7/,⚪ Standard Organic: Baseline organic collab reach,"Known as the “Miracle Wood,” Karungali helps improve focus and supports your path to success. Our Silver-Capped Malai blends this natural power with the elegance of silver 🖤 Lab-certified for your peace of mind 📜  Get yours today from divinehindu.in"
11,Tier 2: Toggle ON + Organic,Japam,Pan-India / Rajasthan (HQ: Jaipur),@vishnu_porkulam_,536000,🕉️ Devotional Content & Spiritual Storytelling,1682472,124999,421,7.43%,23.40%,2025-09-10,https://www.instagram.com/p/DOa3o5Uj0-Y/,"📈 Viral Organic Reach: High organic views (1,682,472) with strong like rate (7.43%)",ഇതിന്റെ ഒക്കെ കൂടെ ജീവിക്കുന്നതിലും നല്ലെ എല്ലാം വിറ്റുപറക്കി പൊന്നയ..
12,Tier 2: Toggle ON + Organic,Japam,Pan-India / Rajasthan (HQ: Jaipur),@safarnama.kartik,5986,"🕉️ Mantras, Japa Meditation & Puja Rituals",1237080,13699,117,1.11%,230.81%,2026-04-01,https://www.instagram.com/p/DWmD_onEnn9/,⚪ Standard Organic: Baseline organic collab reach,Silver Plated Rudraksha + Karungali Beads Mala 🕉️🔱❤️  #japam #spiritualjewelry #shiv #shiva #bholenath
13,Tier 2: Toggle ON + Organic,Japam,Pan-India / Rajasthan (HQ: Jaipur),@_ajay_sri_,515000,"🏛️ Temple Lore, Mythology & Sanatan Philosophy",923827,12271,129,1.33%,2.41%,2026-08-01,https://www.instagram.com/p/Dbf01mVJVts/,⚪ Standard Organic: Baseline organic collab reach,"కరుంగాలి చెట్టు ఆధ్యాత్మికం గా చాలా గొప్పది. ఎంతో శక్తి వంత మైనది #virelreels #god #ajaysri #trendy #karungali   disclaimer : based on puranas and spiritual beliefs, Hindu beliefs no guarantee results."
14,Tier 2: Toggle ON + Organic,Japam,Pan-India / Rajasthan (HQ: Jaipur),@siduncut,383000,"🕉️ Mantras, Japa Meditation & Puja Rituals",839818,128124,249,15.26%,33.52%,2025-12-27,https://www.instagram.com/p/DSxXQYwEtz6/,"📈 Viral Organic Reach: High organic views (839,818) with strong like rate (15.26%)","Ep-55: Buddha’s Physics of Touch. Japam products are available on their official site, and also on platforms like Amazon and Flipkart  #ad #buddha #buddhism #rudraksha #philosophy"
15,Tier 2: Toggle ON + Organic,Divine Hindu,Pan-India / Delhi NCR (HQ: New Delhi),@nikitindheer,733000,🕉️ Devotional Content & Spiritual Storytelling,774177,4969,123,0.64%,0.69%,2026-03-18,https://www.instagram.com/p/DWB3SmWCPkr/,⚪ Standard Organic: Baseline organic collab reach,"Not everything you wear has to just look good… some things protect your energy too ✨🖤   Lately, I’ve been wearing the Karungali Mala from Divine Hindu and honestly, it’s been such a calming addition to my everyday life. Known for protecting against t"
16,Tier 2: Toggle ON + Organic,Divine Hindu,Pan-India / Delhi NCR (HQ: New Delhi),@atouchofmystery_telugu,187000,🕉️ Devotional Content & Spiritual Storytelling,733034,68866,3697,9.39%,38.80%,2025-11-17,https://www.instagram.com/p/DRKMhczjxIT/,"📈 Viral Organic Reach: High organic views (733,034) with strong like rate (9.39%)",The God of war - Lord Karthikeya | The protector from Evil eye & Nara Drishti | A Touch of Mystery-Telugu . . Comment “Link” to get the product link on DM . . Keywords:  Karthikeya | Murugan | Skanda | God of War | Lord Karthikeya Story | Devasura Yu
17,Tier 2: Toggle ON + Organic,Isha Life India,"Pan-India / Tamil Nadu (HQ: Coimbatore, Isha)",@farukhchenda,124000,🕉️ Devotional Content & Spiritual Storytelling,621886,7293,38,1.17%,5.91%,2025-12-18,https://www.instagram.com/p/DSZzj9gghs8/,⚪ Standard Organic: Baseline organic collab reach,"मट्ठे और हल्दी से बनी देसी कड़ी, बाजरे के आटे की गरमागरम सोगरा, ऊपर से ishalife के शुद्ध घी की खुशबू… और मिठास में शहद व संजीवनी लड्डू का भरोसा 🍯✨  ये सिर्फ खाना नहीं, ये है हमारे मिट्टी के संस्कार — और इस स्वाद में साथ है 🌿 Isha Life 🌿  शुद्धता वही,"
18,Tier 2: Toggle ON + Organic,Japam,Pan-India / Rajasthan (HQ: Jaipur),@_loveineveryframe_,124000,"🕉️ Mantras, Japa Meditation & Puja Rituals",568454,55091,164,9.69%,44.56%,2026-01-22,https://www.instagram.com/p/DT0HX4KkX-1/,"📈 Viral Organic Reach: High organic views (568,454) with strong like rate (9.69%)","Stone of love !  From ancient civilizations to modern minds, rose quartz has always symbolized love, calm, and emotional balance.  I chose a lab-tested, authentic stone from @japam.in , because intention matters — and so does trust. 🤍"
19,Tier 2: Toggle ON + Organic,Japam,Pan-India / Rajasthan (HQ: Jaipur),@atouchofmystery_telugu,187000,"🔮 Astrology, Horoscope & Gemstone Consultation",519627,21197,833,4.08%,11.78%,2025-09-04,https://www.instagram.com/p/DOLpwR1Dyf-/,"📈 Viral Organic Reach: High organic views (519,627) with strong like rate (4.08%)",రాశులు ఎలా పుట్టాయో తెలుసా ? | How your Zodiac sign will be decided | A Touch of Mystery-Telugu . . Comment your “Zodiac sign” to get the product link & Coupon code on DM  Use coupon “TOUCH50” to get an exclusive discount of 50/- on your Order. . . K
20,Tier 2: Toggle ON + Organic,Japam,Pan-India / Rajasthan (HQ: Jaipur),@mantra_saadhana,93000,"🕉️ Mantras, Japa Meditation & Puja Rituals",466772,5886,40,1.26%,6.37%,2026-03-06,https://www.instagram.com/p/DVi2pvWgV3C/,⚪ Standard Organic: Baseline organic collab reach,"Got a very nice real Karungali Mala 📿 from @japam.in they make some very amazing spiritual products and jewelry which is very stylish for all wear, traditional and casual #mantrasadhana"
21,Tier 2: Toggle ON + Organic,Divine Hindu,Pan-India / Delhi NCR (HQ: New Delhi),@aishwaryakaushik__,2000000,"🏛️ Temple Lore, Mythology & Sanatan Philosophy",276599,12196,183,4.41%,0.62%,2025-12-02,https://www.instagram.com/p/DRwlNe_D1Us/,⚪ Standard Organic: Baseline organic collab reach,"दोनो ही तरह की energies - सकारात्मक और नकारात्मक, हमारे ऊपर प्रभाव डालती है । कैसे हम केवल positive एनर्जी को attract करें आइए जानते हैं । ❤️🙏🏼 #Divinehindu #sanatan #hindu #mahadev #rudraksha #rudra #hindu #aishwaryakaushik #promotion #ad #shiv #shi"
22,Tier 2: Toggle ON + Organic,Japam,Pan-India / Rajasthan (HQ: Jaipur),@shrestha_mohanty20,90000,"🕉️ Mantras, Japa Meditation & Puja Rituals",246306,2809,57,1.14%,3.18%,2025-12-18,https://www.instagram.com/p/DSZ3NYFETtG/,⚪ Standard Organic: Baseline organic collab reach,"3rd vaala point is most important! 🫂💝✨ . Also, don’t forget to check out @japam.in for the best spiritual accessories! 🧿 . . . . . #datingtipsformen #dayingtipsforwomen #relationshipadvice101 #relationshipadviceforwomen #relationshipadviceformen #how"
23,Tier 2: Toggle ON + Organic,Divine Hindu,Pan-India / Delhi NCR (HQ: New Delhi),@ibhavna90,284000,"🔮 Astrology, Horoscope & Gemstone Consultation",230525,3,50,0.00%,0.02%,2026-03-31,https://www.instagram.com/p/DWijA4dDHyw/,⚪ Standard Organic: Baseline organic collab reach,Energy is everything ✨ Protect it. Elevate it. Feel it. 💫  #Ad #EnergyMatters #DivineHindu #astrology #creator
24,Tier 2: Toggle ON + Organic,Isha Life India,"Pan-India / Tamil Nadu (HQ: Coimbatore, Isha)",@shiv_shakti__soul,16000,🕉️ Devotional Content & Spiritual Storytelling,173265,6131,40,3.54%,38.57%,2026-02-01,https://www.instagram.com/p/DUN2tZjiBPv/,"📈 Viral Organic Reach: High organic views (173,265) with strong like rate (3.54%)",Mahadev Abhishek🪷 Samagri from : @isha.life.india   #bholenath #mahakal #viralvideos
25,Tier 2: Toggle ON + Organic,Divine Hindu,Pan-India / Delhi NCR (HQ: New Delhi),@_loveineveryframe_,124000,🕉️ Devotional Content & Spiritual Storytelling,163111,8117,117,4.98%,6.64%,2026-02-21,https://www.instagram.com/p/DVArM2JkUbt/,"📈 Viral Organic Reach: High organic views (163,111) with strong like rate (4.98%)",In this process Rudraksha helped me ! @karungali_by_divinehindu   #trending #fypシ #explore #truelove #rudraksha
26,Tier 2: Toggle ON + Organic,Japam,Pan-India / Rajasthan (HQ: Jaipur),@manvendra28,658000,🕉️ Devotional Content & Spiritual Storytelling,148783,3591,40,2.41%,0.55%,2026-04-20,https://www.instagram.com/p/DXWOnEeD2fj/,⚪ Standard Organic: Baseline organic collab reach,3 Signs of A High Value Woman . . . . #woman #heartbreak #love #women
27,Tier 2: Toggle ON + Organic,Japam,Pan-India / Rajasthan (HQ: Jaipur),@yashvii___a,81000,"🕉️ Mantras, Japa Meditation & Puja Rituals",146659,4510,21,3.08%,5.59%,2025-12-13,https://www.instagram.com/p/DSM84Q8AUp9/,"📈 Viral Organic Reach: High organic views (146,659) with strong like rate (3.08%)","[88/365] kuchh cheezein humein jaankar add karte rehna chahiye for balance , abundance and protection :)  Grateful to @japam.in for being a conscious addition to my unfinished room. It is India’s largest spiritual accessories brand. Additionally, all"
28,Tier 2: Toggle ON + Organic,Japam,Pan-India / Rajasthan (HQ: Jaipur),@harsh_nagpal,30000,🕉️ Devotional Content & Spiritual Storytelling,146017,10362,171,7.10%,35.11%,2026-08-18,https://www.instagram.com/p/DcLbPLgv79k/,"📈 Viral Organic Reach: High organic views (146,017) with strong like rate (7.1%)","A Rakhi is more than a thread — it’s a reminder of the bond, the protection and everything you wish for your brother. ❤️  This Raksha Bandhan, I’m choosing something that carries a little more meaning — the Silver-Plated Ganesh Karungali Rakhi hamper"
29,Tier 2: Toggle ON + Organic,Japam,Pan-India / Rajasthan (HQ: Jaipur),@toshti_gupta,92000,🕉️ Devotional Content & Spiritual Storytelling,143290,3,154,0.00%,0.17%,2026-05-04,https://www.instagram.com/p/DX58376oeEZ/,⚪ Standard Organic: Baseline organic collab reach,"Success attract करना है? ✨ Then mindset बदलना पड़ेगा 💯  I’ve started using the Ultimate Success Magnet Band 💫  Designed to boost positivity, focus & confidence.  ✔️ Authentic Product ✔️ Lab Tested ✔️ Natural Stones  अगर आप भी अपने goals achieve करना "
30,Tier 2: Toggle ON + Organic,Japam,Pan-India / Rajasthan (HQ: Jaipur),@srishtihihihihi,117000,"🕉️ Mantras, Japa Meditation & Puja Rituals",141330,9255,24,6.55%,7.93%,2026-02-17,https://www.instagram.com/p/DU3RE5TEtAr/,"📈 Viral Organic Reach: High organic views (141,330) with strong like rate (6.55%)",“Har baar trauma mil jata h 🙃” Money magnet bracelet by @japam.in. Order now from https://www.japam.in  #ad #relatable #psychology #lifelesson trending
31,Tier 2: Toggle ON + Organic,Japam,Pan-India / Rajasthan (HQ: Jaipur),@divinelight_harsh,510000,"🕉️ Mantras, Japa Meditation & Puja Rituals",140857,7232,86,5.13%,1.43%,2025-11-12,https://www.instagram.com/p/DQ8qoFNEnH7/,⚪ Standard Organic: Baseline organic collab reach,"Where spirituality meets style ✨ @japam.in brings authentic, handcrafted jewelry designed to radiate strength, positivity, and purpose. Shop the collection at www.japam.in  💫  #collab #paid #japam"
32,Tier 2: Toggle ON + Organic,Japam,Pan-India / Rajasthan (HQ: Jaipur),@aviralsongara,210000,"🕉️ Mantras, Japa Meditation & Puja Rituals",137109,4680,28,3.41%,2.24%,2025-10-16,https://www.instagram.com/p/DP3Bt6qkUvR/,⚪ Standard Organic: Baseline organic collab reach,"Pyrite Wealth Band by @japam.in is more than just a bracelet — it’s a symbol of focus, confidence & powerful energy. Every piece by Japam is authentic and lab-tested, crafted with purpose and meaning.  Discover the collection at 👉 japam.in  Paid Part"
33,Tier 2: Toggle ON + Organic,Japam,Pan-India / Rajasthan (HQ: Jaipur),@prathmeshparrdeshi,150000,🕉️ Devotional Content & Spiritual Storytelling,134585,8544,99,6.35%,5.76%,2026-02-13,https://www.instagram.com/p/DUs92cyk8Eg/,"📈 Viral Organic Reach: High organic views (134,585) with strong like rate (6.35%)",Bharosa rakho sab thik hojayega!❤️ . . . #believe  #god #mother #job #motivation
34,Tier 2: Toggle ON + Organic,Japam,Pan-India / Rajasthan (HQ: Jaipur),@the_fashion_maverick,127000,🕉️ Devotional Content & Spiritual Storytelling,113547,2167,667,1.91%,2.23%,2025-08-14,https://www.instagram.com/p/DNVGWK_yfUS/,⚪ Standard Organic: Baseline organic collab reach,"TRY GENUINE KARUNGALI MALA FOR SPIRITUAL WELL-BEING AND PEACEFUL ,POSITIVE ENERGY AROUND YOU  . . . . #men #life #karungalimala #dhanush #hindu #bharath"
35,Tier 2: Toggle ON + Organic,Divine Hindu,Pan-India / Delhi NCR (HQ: New Delhi),@deefvckk,82000,🕉️ Devotional Content & Spiritual Storytelling,113194,808,104,0.71%,1.11%,2026-08-04,https://www.instagram.com/p/Dbnwf3ACuXq/,⚪ Standard Organic: Baseline organic collab reach,"I never expected such a simple change to make such a big difference.   Wearing this every day reminds me to stay positive, focused, and connected to my faith. If you’re looking for a meaningful spiritual accessory, this is definitely worth trying.   "
36,Tier 2: Toggle ON + Organic,Isha Life India,"Pan-India / Tamil Nadu (HQ: Coimbatore, Isha)",@krishmaharana,106000,🎉 Festival & Auspicious Muhurat Activations,102746,1182,167,1.15%,1.27%,2026-02-15,https://www.instagram.com/p/DUx2eYRDDLD/,⚪ Standard Organic: Baseline organic collab reach,"As the dhoop rises and incense whispers devotion, I feel closer to Adiyogi… closer to stillness… closer to myself. This Mahashivratri, Isha Life offerings turned my prayers into an experience of the Divine. ✨  #Mahashivratri2026 #IshaLife #Adiyogi #S"
37,Tier 2: Toggle ON + Organic,Isha Life India,"Pan-India / Tamil Nadu (HQ: Coimbatore, Isha)",@_noopur_deshpande_,15000,✨ Spiritual Lifestyle & Modern Wellness,98982,1501,477,1.52%,13.19%,2026-06-19,https://www.instagram.com/p/DZu10oVCe7z/,⚪ Standard Organic: Baseline organic collab reach,"Comment “Link” for outfits details 🛍️💌  #AD  [Summer co-ord sets, cotton sets, college outfits, work outfit, work wear, comfortable daily wear]"
38,Tier 2: Toggle ON + Organic,Japam,Pan-India / Rajasthan (HQ: Jaipur),@aviralsongara,210000,"🕉️ Mantras, Japa Meditation & Puja Rituals",87034,3221,16,3.70%,1.54%,2026-03-20,https://www.instagram.com/p/DWGEImogHm2/,⚪ Standard Organic: Baseline organic collab reach,"Money Magnet Fusion Band from @japam.in is more than just a bracelet - it’s a symbol of focus, confidence & powerful energy. Every piece by Japam is authentic and lab-tested, crafted with purpose and meaning.  Discover the collection at 👉 japam.in   "
39,Tier 2: Toggle ON + Organic,Japam,Pan-India / Rajasthan (HQ: Jaipur),@atouchofmystery_telugu,187000,🕉️ Devotional Content & Spiritual Storytelling,83239,3230,250,3.88%,1.86%,2025-09-25,https://www.instagram.com/p/DPB2_bXD1wN/,⚪ Standard Organic: Baseline organic collab reach,Connection between Lord Murugan & Karungali Mala | How Karungali mala is connected to Karthikeya | A Touch of Mystery - Telugu . . Comment “Link” to get product link on DM . . Keywords:   Bogar Siddhar | Palani Murugan | Paathala Shambu Murugam | Kar
40,Tier 2: Toggle ON + Organic,Divine Hindu,Pan-India / Delhi NCR (HQ: New Delhi),@srijlaguha,477000,🕉️ Devotional Content & Spiritual Storytelling,78036,2893,47,3.71%,0.62%,2026-03-16,https://www.instagram.com/p/DV8XD0_EW2i/,⚪ Standard Organic: Baseline organic collab reach,"Discover the power of divine protection with the Mahadev Protection Pendant from @divinehindu.in   Crafted with sacred rudraksha and natural elements, each piece is designed to bring positivity, strength, and spiritual balance into your life. Every p"
41,Tier 2: Toggle ON + Organic,Isha Life India,"Pan-India / Tamil Nadu (HQ: Coimbatore, Isha)",@esyraen,3621,🌟 Celebrity & Spiritual Leader Endorsement,76225,1174,30,1.54%,33.25%,2026-02-15,https://www.instagram.com/p/DUxV6k1kkP5/,⚪ Standard Organic: Baseline organic collab reach,Peace over noise🤍  Saree @isha.life.india   #mahashivaratri #ishalife #shivalingam #adiyogi #sadhguru
42,Tier 2: Toggle ON + Organic,Isha Life India,"Pan-India / Tamil Nadu (HQ: Coimbatore, Isha)",@withsadhguru,978000,🌟 Celebrity & Spiritual Leader Endorsement,71761,3879,17,5.41%,0.40%,2026-03-20,https://www.instagram.com/p/DWGsiHigT2T/,⚪ Standard Organic: Baseline organic collab reach,#repost @sadhguru  Participants of the Mystic Musings Program explored Udaipur with Sadhguru.   Explore Adiyogi t-shirts on ishalife.com  #ishalife #forconsciousliving #sadhguru #adiyogi
43,Tier 2: Toggle ON + Organic,Japam,Pan-India / Rajasthan (HQ: Jaipur),@raminsightsoffical,304000,"🏛️ Temple Lore, Mythology & Sanatan Philosophy",68215,3,251,0.00%,0.08%,2026-01-20,https://www.instagram.com/p/DTu4kwvExdK/,⚪ Standard Organic: Baseline organic collab reach,మనిషిపై పడిన చెడు దృష్టి (కన్ను దోషం) తొలగించే మార్గం 🧿 || Share this video 🙏 || Raminsightsoffical . . .  #telugu #trending #devotional #mythology #karungalimala
44,Tier 2: Toggle ON + Organic,Divine Hindu,Pan-India / Delhi NCR (HQ: New Delhi),@mantra_saadhana,93000,"🕉️ Mantras, Japa Meditation & Puja Rituals",62473,4948,99,7.92%,5.43%,2026-03-28,https://www.instagram.com/p/DWazbY0gV5q/,"📈 Viral Organic Reach: High organic views (62,473) with strong like rate (7.92%)",Do you know what all Hindus wear on their necks? It’s called Tulasi Mala 📿 and it’s not just a necklace it’s a symbol of love and devotion to lord Krishna 🪈Get your mala from @divinehindu.in #mantrasadhana
45,Tier 2: Toggle ON + Organic,Japam,Pan-India / Rajasthan (HQ: Jaipur),@aaradhyasinghhhh,161000,"🕉️ Mantras, Japa Meditation & Puja Rituals",61087,3,41,0.00%,0.03%,2026-05-05,https://www.instagram.com/p/DX9Msp3P_uw/,⚪ Standard Organic: Baseline organic collab reach,"Not just a mala, it’s a connection to peace 🌿 Elevate your aura with Double Layer Tulsi Mala. Wear faith. Wear power. Shop now at @japam.in   #tulsimala #mala #japam #explore #ad  @aaradhyasinghhhh"
46,Tier 2: Toggle ON + Organic,Japam,Pan-India / Rajasthan (HQ: Jaipur),@hitjukripa_,39000,"🕉️ Mantras, Japa Meditation & Puja Rituals",58087,1890,45,3.25%,4.96%,2025-12-02,https://www.instagram.com/p/DRwpdUECLS_/,"📈 Viral Organic Reach: High organic views (58,087) with strong like rate (3.25%)","Read caption 🌻 Benefit of wearing tulsi mala  ✨spiritual growth ✨mental peace ✨protection from negative energies  To get your authentic tulsi mala with beautiful designs, visit @japam.in ✨"
47,Tier 2: Toggle ON + Organic,Japam,Pan-India / Rajasthan (HQ: Jaipur),@hightime_voice,69000,"🕉️ Mantras, Japa Meditation & Puja Rituals",57916,843,51,1.46%,1.30%,2026-02-25,https://www.instagram.com/p/DVLmxlhkvhE/,⚪ Standard Organic: Baseline organic collab reach,"Balanced. Protected. Prosperous. ✨Check out this incredible pyrite and seven chakra band made by 🔗 @Japam.in. The seven chakra stones can help you balance your chakras 🕉️, while pyrite can assist you in drawing wealth and self-assurance. Crystals and"
48,Tier 2: Toggle ON + Organic,Divine Hindu,Pan-India / Delhi NCR (HQ: New Delhi),@mystery_with_revanth,259000,"📦 Unboxing, Gifting & Product Review",54441,3,23,0.01%,0.01%,2026-06-27,https://www.instagram.com/p/DaFg5j-SetI/,⚪ Standard Organic: Baseline organic collab reach,Powerful Vel kada & Karungali bracelet combo✨ . . @divinehindu.in #spiritual #hindu #divinehindu
49,Tier 2: Toggle ON + Organic,Japam,Pan-India / Rajasthan (HQ: Jaipur),@jagritikatyal,32000,"🕉️ Mantras, Japa Meditation & Puja Rituals",53857,540,14,1.00%,1.73%,2026-03-15,https://www.instagram.com/p/DV6OUcXk26J/,⚪ Standard Organic: Baseline organic collab reach,BHAI WHAT AN EXPERIENCE! 🥹  officially old enough to go for bhajan clubbing instead of concerts/clubbing 🤭💖  @japam.in thank you for the beautiful rudraksha bracelet and the rudraksha mala 💖 (& for this experience☺️)  @saazprakharlive aap logo ki awa
50,Tier 2: Toggle ON + Organic,Japam,Pan-India / Rajasthan (HQ: Jaipur),@vedicvisa,52000,"🕉️ Mantras, Japa Meditation & Puja Rituals",53108,897,25,1.69%,1.77%,2026-08-12,https://www.instagram.com/p/Db72aOsSO37/,⚪ Standard Organic: Baseline organic collab reach,Do you know real meaning of Rakshabandhan 🪷🙏 Celebrate Rakshabandhan with @japam.in 🥳🎉 Radha Krishna Rakhi Festival 🪅✨ #radha #krishna #rakhispecial #explore #foryoupage
51,Tier 2: Toggle ON + Organic,Japam,Pan-India / Rajasthan (HQ: Jaipur),@anuskaananya,96000,"🕉️ Mantras, Japa Meditation & Puja Rituals",53015,575,16,1.08%,0.62%,2025-12-15,https://www.instagram.com/p/DSSltPJjQfy/,⚪ Standard Organic: Baseline organic collab reach,Carry what grounds you. Wear what protects you. ✨ . . . . . . #ad #Japam #JapamJewels #IntentionalLiving #MindfulWear #GroundedEnergy #AlignedEnergy #ProtectionWear #SacredAccessories  #bangaloreinfluencer
52,Tier 2: Toggle ON + Organic,Japam,Pan-India / Rajasthan (HQ: Jaipur),@sagarchoudhury_arts,125000,"🕉️ Mantras, Japa Meditation & Puja Rituals",52793,1569,15,2.97%,1.27%,2025-10-19,https://www.instagram.com/p/DP-wuIYAfKz/,⚪ Standard Organic: Baseline organic collab reach,"This Diwali, I wanted something more than lights and sweets — a little peace, a little purpose. ✨ That’s when I found Japam’s lab-tested, 100% pure Rudraksha mala — it’s not just jewelry, it’s a vibe. Every bead feels like calm energy in your hands. "
53,Tier 2: Toggle ON + Organic,Japam,Pan-India / Rajasthan (HQ: Jaipur),@shreesakhi______,40000,🕉️ Devotional Content & Spiritual Storytelling,51665,1981,177,3.83%,5.39%,2026-05-08,https://www.instagram.com/p/DYE_G97SThc/,"📈 Viral Organic Reach: High organic views (51,665) with strong like rate (3.83%)","Tulsi maala sirf abhushan nahi… Kishori Ju ki kripa ka prateek hai 🌿✨  Aur kripa se judi cheezon mein shuddhta bahut maayne rakhti hai. Isliye original, lab-tested & spiritually authentic Tulsi Kanthi aur devotional products ke liye connect with @jap"
54,Tier 2: Toggle ON + Organic,Japam,Pan-India / Rajasthan (HQ: Jaipur),@mystery_with_revanth,259000,"🕉️ Mantras, Japa Meditation & Puja Rituals",51088,1571,103,3.08%,0.65%,2026-02-10,https://www.instagram.com/p/DUlCHn5kiWX/,⚪ Standard Organic: Baseline organic collab reach,"🔮 POWERFUL KARUNGALI MALA ENERGY 🙏🏻 . . @japam.in  . . DESCRIPTION: Karungali mala is known for its strong protective and grounding energy 🔱 Worn for spiritual strength, negativity protection, and inner stability. A sacred tool for those walking the "
55,Tier 2: Toggle ON + Organic,Divine Hindu,Pan-India / Delhi NCR (HQ: New Delhi),@riyabyt,53000,🕉️ Devotional Content & Spiritual Storytelling,49914,1022,54,2.05%,2.03%,2026-04-07,https://www.instagram.com/p/DW00xmZD0_b/,⚪ Standard Organic: Baseline organic collab reach,Divine Hindu ❤️#ad  #fypppppppppppppppppppppppppppppppppppppppppppppppppppppppppppppppppppppp #instagram #realkarofeelkaro #shareifyourelate♥️✨
56,Tier 2: Toggle ON + Organic,Divine Hindu,Pan-India / Delhi NCR (HQ: New Delhi),@rose_sk18_official,186000,"📦 Unboxing, Gifting & Product Review",48387,538,19,1.11%,0.30%,2026-04-22,https://www.instagram.com/p/DXbJ9cAkS-6/,⚪ Standard Organic: Baseline organic collab reach,Karungali & rudraksha bracelet   SHOP NOW ON @karungali_by_divinehindu   #rosesk18 #karungali #divinehindu
57,Tier 2: Toggle ON + Organic,Divine Hindu,Pan-India / Delhi NCR (HQ: New Delhi),@riyabyt,53000,🕉️ Devotional Content & Spiritual Storytelling,47659,820,36,1.72%,1.62%,2026-04-14,https://www.instagram.com/p/DXGzngdj2hb/,⚪ Standard Organic: Baseline organic collab reach,Divine hindu❤️🙏#ad   #fypppppppppppppppppppppppppppppppppppppppppppppppppppppppppppppppppppppp #instagram #realkarofeelkaro #shareifyourelate♥️✨
58,Tier 2: Toggle ON + Organic,Isha Life India,"Pan-India / Tamil Nadu (HQ: Coimbatore, Isha)",@withsadhguru,978000,"🏛️ Temple Lore, Mythology & Sanatan Philosophy",46231,2499,12,5.41%,0.26%,2025-12-19,https://www.instagram.com/p/DSbvrn7AWoS/,⚪ Standard Organic: Baseline organic collab reach,Today is Amavasya - 19th December.  #ishalife #forconsciousliving #amavasya #shiva #adiyogi🙏🏻
59,Tier 2: Toggle ON + Organic,Divine Hindu,Pan-India / Delhi NCR (HQ: New Delhi),@amxnroy,50000,"🏛️ Temple Lore, Mythology & Sanatan Philosophy",44929,3,37,0.01%,0.08%,2026-03-23,https://www.instagram.com/p/DWOJ8RKEU2n/,⚪ Standard Organic: Baseline organic collab reach,🕉️ namah shivay❤️🙇🏻‍♂️  . @divinehindu.in  . . #explorepage #instagram #divinehindu #bhojpuri #amxnroy
60,Tier 2: Toggle ON + Organic,Japam,Pan-India / Rajasthan (HQ: Jaipur),@passionframe03,62000,"🕉️ Mantras, Japa Meditation & Puja Rituals",44606,1327,54,2.97%,2.23%,2026-02-23,https://www.instagram.com/p/DVGbi86Eomi/,⚪ Standard Organic: Baseline organic collab reach,Energy Never Lies…  Energy matters. @japam.in   #foryou #explorepage #growth
61,Tier 2: Toggle ON + Organic,Japam,Pan-India / Rajasthan (HQ: Jaipur),@seemamehtasm,32000,"🔮 Astrology, Horoscope & Gemstone Consultation",43560,3,57,0.01%,0.19%,2026-04-28,https://www.instagram.com/p/DXqws-akTWx/,⚪ Standard Organic: Baseline organic collab reach,"Pisces energy, protected and balanced 💜 Wearing my Japam Amethyst Zodiac Band — known for calm, clarity & intuition. 100% authentic gemstone, lab-tested, and report comes with the product.  Shop now at japam.in  #Japam #AmethystBand #PiscesZodiac #Ge"
62,Tier 2: Toggle ON + Organic,Japam,Pan-India / Rajasthan (HQ: Jaipur),@buntyhimachalii,52000,"🕉️ Mantras, Japa Meditation & Puja Rituals",42587,3,16,0.01%,0.04%,2026-04-24,https://www.instagram.com/p/DXg-rlcBeGU/,⚪ Standard Organic: Baseline organic collab reach,"New Silver-Plated Shiv Shankh  Mala with certified Rudraksha Beads 🕉️📿 . 🛍️Buy Now From @japam.in   it’s energy, protection, and connection with Lord Shiva . Not everyone understands it - but those who do, feel it. #japam #rudraksha #shiva #trending "
63,Tier 2: Toggle ON + Organic,Divine Hindu,Pan-India / Delhi NCR (HQ: New Delhi),@sonibrothersofficial,66000,"🏛️ Temple Lore, Mythology & Sanatan Philosophy",42164,2827,21,6.70%,4.32%,2026-03-17,https://www.instagram.com/p/DV_FCgeE9nT/,"📈 Viral Organic Reach: High organic views (42,164) with strong like rate (6.7%)",Wear the energy of Mahadev🔱 Power. Protection. Presence. Shiva Trishul Rudraksha Necklace by @divinehindu.in   #mahadev #rudraksh #kaalbhairav #ad
64,Tier 2: Toggle ON + Organic,Divine Hindu,Pan-India / Delhi NCR (HQ: New Delhi),@mystery_with_revanth,259000,"🏛️ Temple Lore, Mythology & Sanatan Philosophy",41226,1071,95,2.60%,0.45%,2026-01-24,https://www.instagram.com/p/DT4X9CUkthO/,⚪ Standard Organic: Baseline organic collab reach,"🚩 DIVINE SHIVA POWER KADA ✨ . . @karungali_by_divinehindu  @divinehindu.in  . . DESCRIPTION Channel the energy of Lord Shiva with this powerful Trishul–Damroo Karungali Kada, beautifully gold plated for a divine and premium finish. A perfect blend of"
65,Tier 2: Toggle ON + Organic,House of Rudra,Pan-India / Gujarat (HQ: Ahmedabad),@24caratgujju,126000,"📦 Unboxing, Gifting & Product Review",40234,443,71,1.10%,0.41%,2026-06-30,https://www.instagram.com/p/DaNWZBsMedP/,⚪ Standard Organic: Baseline organic collab reach,"💸 શું ખરેખર પૈસા અને સફળતા તમારી તરફ આકર્ષિત થઈ શકે? 😱  મેં પણ પહેલા વિશ્વાસ નહોતો કર્યો… પરંતુ જ્યારે મેં આ Money Magnet Bracelet પહેરવાનું શરૂ કર્યું, ત્યારથી મારા કામમાં સારો બદલાવ અનુભવ્યો. ✨  જો તમે પણ તમારા Business, Career અને Financial Growth"
66,Tier 2: Toggle ON + Organic,Japam,Pan-India / Rajasthan (HQ: Jaipur),@sangeethaeswarann,24000,"🕉️ Mantras, Japa Meditation & Puja Rituals",39858,3,14,0.01%,0.07%,2026-03-09,https://www.instagram.com/p/DVqXZClCfNa/,⚪ Standard Organic: Baseline organic collab reach,"This anklet from @japam.in !! Loved the color combination in this . Comment “ link “ for product details   ( Anklet , positivity , peace , home , village , temple )"
67,Tier 2: Toggle ON + Organic,Japam,Pan-India / Rajasthan (HQ: Jaipur),@ramannkripa,52000,"🕉️ Mantras, Japa Meditation & Puja Rituals",39733,1274,30,3.21%,2.51%,2026-03-12,https://www.instagram.com/p/DVyNO9GEVMr/,⚪ Standard Organic: Baseline organic collab reach,"This Gold Plated Tulsi Mala is officially my new favorite accessory , get yours from @japam.in   #explore #viralreels #reelitfeelit #collab"
68,Tier 2: Toggle ON + Organic,Japam,Pan-India / Rajasthan (HQ: Jaipur),@twinkle._.dogra,92000,"🕉️ Mantras, Japa Meditation & Puja Rituals",39396,346,29,0.88%,0.41%,2025-11-26,https://www.instagram.com/p/DRhxEyZkh_U/,⚪ Standard Organic: Baseline organic collab reach,Abundance starts with the right vibrations.   Money Magnet Fusion Band by Japam.   visit :-  www.japam.in  use my code : TWINKLE50 and get extra 50 rs OFF  #japam #spirtuality  #dharma #religion #moneyband #pyrite #shiva #reel #instagram #money #weal
69,Tier 2: Toggle ON + Organic,Divine Hindu,Pan-India / Delhi NCR (HQ: New Delhi),@_ankitadash,112000,"🔮 Astrology, Horoscope & Gemstone Consultation",39010,1047,23,2.68%,0.96%,2026-03-07,https://www.instagram.com/p/DVlHQongZJA/,⚪ Standard Organic: Baseline organic collab reach,"GEMINI RASHI STONE BRACELET  A green aventurine or green stone bracelet is a symbol of good luck. It brings you luck in the areas of health, love, relationships, business, opportunities, and wealth.   Get your Rashi bracelet from DivineHindu website "
70,Tier 2: Toggle ON + Organic,Divine Hindu,Pan-India / Delhi NCR (HQ: New Delhi),@_ankitadash,112000,"🔬 Rudraksha Authenticity, Lab Testing & Craft Lore",38206,1022,16,2.67%,0.93%,2026-03-06,https://www.instagram.com/p/DVi6-0fgbP3/,⚪ Standard Organic: Baseline organic collab reach,"4 Mukhi Rudraksha from @divinehindu.in   The influence of Budha (mercury) is exerted on the Four Mukhi Rudraksha. The 4 Mukhi Brahma Bead is known to enhance intelligence, verbal communication and mathematical aptitude.   Shop yours now #ankitadash #"
71,Tier 2: Toggle ON + Organic,Isha Life India,"Pan-India / Tamil Nadu (HQ: Coimbatore, Isha)",@stories.by.ganesh,93000,"🏛️ Temple Lore, Mythology & Sanatan Philosophy",37186,1648,129,4.43%,1.91%,2026-03-08,https://www.instagram.com/p/DVn3E4MEVzB/,⚪ Standard Organic: Baseline organic collab reach,Adiyogi Offerings 🔱📿 @isha.life.india  . . . #mahadev #adiyogi #shiva #explore #trending
72,Tier 2: Toggle ON + Organic,Japam,Pan-India / Rajasthan (HQ: Jaipur),@lifeofrounak,51000,"🕉️ Mantras, Japa Meditation & Puja Rituals",36479,3,33,0.01%,0.07%,2026-05-03,https://www.instagram.com/p/DX3Gs-eiIVf/,⚪ Standard Organic: Baseline organic collab reach,Kabhi kabhi hum cheez nahi…✨️ uske peeche wali feeling dhoondh rahe hote hain.  Aur jab wo mil jaati hai… to sab kuch simple ho jaata hai. 🙏 Har Har Mahadev 🔱  The Asli Brand Of Rudraksha Wearables @japam.in  ●Pioneered BTR Lab Certification In India
73,Tier 2: Toggle ON + Organic,Japam,Pan-India / Rajasthan (HQ: Jaipur),@itsrishlife,128000,🕉️ Devotional Content & Spiritual Storytelling,36450,414,20,1.14%,0.34%,2026-01-21,https://www.instagram.com/p/DTxVe6zk8-P/,⚪ Standard Organic: Baseline organic collab reach,My Favourite Daily Essential   #manifest #ad
74,Tier 2: Toggle ON + Organic,Japam,Pan-India / Rajasthan (HQ: Jaipur),@a_classic_vibe,52000,"🕉️ Mantras, Japa Meditation & Puja Rituals",36044,1631,14,4.53%,3.16%,2026-01-30,https://www.instagram.com/p/DUIpFUiE-EM/,⚪ Standard Organic: Baseline organic collab reach,"Bengaluru’s Gali Anjaneya unleashes Hanuman’s fury on evil eye—lemons explode negativity, threads shield pain. But shield smarter: Japam’s certified Karungali Mali + Nandi statue guards BEFORE buri nazar strikes! Patience, peace, career protection—So"
75,Tier 2: Toggle ON + Organic,Japam,Pan-India / Rajasthan (HQ: Jaipur),@_anuragthakurr,46000,"🕉️ Mantras, Japa Meditation & Puja Rituals",35514,748,61,2.11%,1.76%,2025-09-09,https://www.instagram.com/p/DOX78U5jGbp/,⚪ Standard Organic: Baseline organic collab reach,"From the rush of my India trip to the chaotic peace of Ganesh utsav in Maharashtra, Japam is my constant reminder of get in touch with my spirituality 🙇‍♂️🔱  My japam bracelet not only looks good but also keeps me in touch with divine energy🙏  #ad  #"
76,Tier 2: Toggle ON + Organic,Isha Life India,"Pan-India / Tamil Nadu (HQ: Coimbatore, Isha)",@___surya_068,104000,"🏛️ Temple Lore, Mythology & Sanatan Philosophy",35061,1421,11,4.05%,1.38%,2026-06-10,https://www.instagram.com/p/DZaTbHVSMlu/,⚪ Standard Organic: Baseline organic collab reach,Adiyogi Offerings 🔱📿 @isha.life.india  . . . #mahadev #adiyogi #shiva #explore #trending
77,Tier 2: Toggle ON + Organic,Japam,Pan-India / Rajasthan (HQ: Jaipur),@buntyhimachalii,52000,"🕉️ Mantras, Japa Meditation & Puja Rituals",34401,3,23,0.01%,0.05%,2026-05-04,https://www.instagram.com/p/DX68oCGp4u0/,⚪ Standard Organic: Baseline organic collab reach,Gold Plated Bajrangbali Karungali Necklace 🕉️📿 Every Hanuman Bhakt Should Wear This 🔱 🛍️Buy Now From @japam.in  . #reels #spritual #japam #shiva #trending
78,Tier 2: Toggle ON + Organic,Japam,Pan-India / Rajasthan (HQ: Jaipur),@explorewithakansh,33000,"🕉️ Mantras, Japa Meditation & Puja Rituals",34332,903,24,2.63%,2.81%,2026-07-13,https://www.instagram.com/p/DavKegDvxGT/,⚪ Standard Organic: Baseline organic collab reach,Click on the given link below to buy now ❤️  https://japam.in/products/gold-plated-hanuman-ji-idol-for-car-dashboard . . . .  #hanumanji #cardashboard #bajrangbali #japam #trending
79,Tier 2: Toggle ON + Organic,Divine Hindu,Pan-India / Delhi NCR (HQ: New Delhi),@sonibrothersofficial,66000,"🔬 Rudraksha Authenticity, Lab Testing & Craft Lore",32195,946,10,2.94%,1.45%,2026-03-21,https://www.instagram.com/p/DWJvUvHE5d5/,⚪ Standard Organic: Baseline organic collab reach,Power. Protection. Presence. 🔱 Saptmukhi Rudraksha by @divinehindu.in   #ad #rudraksh
80,Tier 2: Toggle ON + Organic,Japam,Pan-India / Rajasthan (HQ: Jaipur),@team_tigers_tv,123000,🕉️ Devotional Content & Spiritual Storytelling,31856,394,9,1.24%,0.33%,2026-05-07,https://www.instagram.com/p/DYCbJ59NUnD/,⚪ Standard Organic: Baseline organic collab reach,The Secret Energy Formula Used By Billionaires! 😱😱  Keywords : tiger nail spiritual secret | billionaire success secrets | spiritual power of tiger nail | rich people lucky secrets | business success spirituality | billionaire mindset | tiger claw pe
81,Tier 2: Toggle ON + Organic,Divine Hindu,Pan-India / Delhi NCR (HQ: New Delhi),@ramannkripa,52000,"📦 Unboxing, Gifting & Product Review",31563,1478,38,4.68%,2.92%,2026-02-19,https://www.instagram.com/p/DU8V5_qCNjT/,⚪ Standard Organic: Baseline organic collab reach,Mahadev ke bhakto ke liye ye must have hai .  Order Now - @divinehindu.in @karungali_by_divinehindu   #viralreels #explore #reelitfeelit #collab ##gifted
82,Tier 2: Toggle ON + Organic,Isha Life India,"Pan-India / Tamil Nadu (HQ: Coimbatore, Isha)",@nehamuthappa,8602,🌟 Celebrity & Spiritual Leader Endorsement,30184,1091,36,3.61%,13.10%,2026-01-13,https://www.instagram.com/p/DTc5bg7EeXg/,"📈 Viral Organic Reach: High organic views (30,184) with strong like rate (3.61%)","What she carries within, she carries everywhere🔱  Nandi • Devi Vastram • Devi Hanging • Adiyogi • Sadhguru Little pieces of grace from @isha.life.india  . . . . . #ishalife #sadhguru #adiyogi #yoga #saree #women #driving #ishafoundation #explore #kaa"
83,Tier 2: Toggle ON + Organic,Divine Hindu,Pan-India / Delhi NCR (HQ: New Delhi),@kanishkatalenthub,814000,🕉️ Devotional Content & Spiritual Storytelling,30145,3,35,0.01%,0.00%,2026-04-06,https://www.instagram.com/p/DWyIk65EgZL/,⚪ Standard Organic: Baseline organic collab reach,@divinehindu.in
84,Tier 2: Toggle ON + Organic,Japam,Pan-India / Rajasthan (HQ: Jaipur),@anvitasudarshan,52000,🕉️ Devotional Content & Spiritual Storytelling,29956,540,14,1.80%,1.07%,2026-02-06,https://www.instagram.com/p/DUaqCI0Ewfx/,⚪ Standard Organic: Baseline organic collab reach,"Fact is, not much research, from a historical perspective, seems to exist on any of the minor Upanishads, beyond the basic superficial level. And that is a major obstacle to understanding correctly not only the precise dates of their composition but "
85,Tier 2: Toggle ON + Organic,Divine Hindu,Pan-India / Delhi NCR (HQ: New Delhi),@pia__mishra_,155000,🕉️ Devotional Content & Spiritual Storytelling,29280,559,15,1.91%,0.37%,2026-03-17,https://www.instagram.com/p/DV-5s63jaBd/,⚪ Standard Organic: Baseline organic collab reach,"Krungali mala from Divine Hindu ✨🕉️ Sirf ek jewelry nahi… ye ek divine connection hai 💫 Har bead me shanti, positivity aur spiritual energy feel hoti hai 🙏  #DivineHindu #KrungaliMala #SpiritualVibes #PositiveEnergy #explore"
86,Tier 2: Toggle ON + Organic,Divine Hindu,Pan-India / Delhi NCR (HQ: New Delhi),@paddu__.gowda,16000,🕉️ Devotional Content & Spiritual Storytelling,28229,3,0,0.01%,0.02%,2026-05-04,https://www.instagram.com/p/DX62CxLT83C/,⚪ Standard Organic: Baseline organic collab reach,Divine Hindu Store | Jayanagar @divinehindu.in @divinehindustorebangalore  #divinehindu   #likes #fyp #explore #instagood
87,Tier 2: Toggle ON + Organic,Japam,Pan-India / Rajasthan (HQ: Jaipur),@_shamal_chavan_,6745,"🕉️ Mantras, Japa Meditation & Puja Rituals",27895,563,31,2.02%,8.81%,2026-05-03,https://www.instagram.com/p/DX3WRcTsAu0/,"📈 Viral Organic Reach: High organic views (27,895) with strong like rate (2.02%)",Buy yours stunning Gold plated tulsi mala Now with @japam.in 🌸 #tulsimala#tulsi#harekrishna#radheradhe#spirituality  Radhe Radhe🌸
88,Tier 2: Toggle ON + Organic,Divine Hindu,Pan-India / Delhi NCR (HQ: New Delhi),@rose_sk18_official,186000,🕉️ Devotional Content & Spiritual Storytelling,27771,785,33,2.83%,0.44%,2026-04-02,https://www.instagram.com/p/DWoZkD7kc2r/,⚪ Standard Organic: Baseline organic collab reach,Watch full video for positive vibe 😇✨  #viralreel #karungalimalai #rosesk18 #divinehindu
89,Tier 2: Toggle ON + Organic,Isha Life India,"Pan-India / Tamil Nadu (HQ: Coimbatore, Isha)",@vaagdevi_sharma_,13000,"🏛️ Temple Lore, Mythology & Sanatan Philosophy",27605,1139,44,4.13%,9.10%,2026-02-03,https://www.instagram.com/p/DUSeyDXk6Qu/,"📈 Viral Organic Reach: High organic views (27,605) with strong like rate (4.13%)","Wrapped in Devi’s grace, singing for Shiva 🌺🕉️ Grateful for these sacred offerings from @isha.life.india 🫶❤️  #ishalife #adiyogi #shiva #shivaratri #thedivinewithin"
90,Tier 2: Toggle ON + Organic,Divine Hindu,Pan-India / Delhi NCR (HQ: New Delhi),@pia__mishra_,155000,🕉️ Devotional Content & Spiritual Storytelling,27411,3,22,0.01%,0.02%,2026-03-24,https://www.instagram.com/p/DWQl9jYCEHo/,⚪ Standard Organic: Baseline organic collab reach,Divine Days Sale✨ Offer - 100% Cashback 💸 Order now @divinehindu.in   #hindu #explore #viralvideo #divine #instagram
91,Tier 2: Toggle ON + Organic,Divine Hindu,Pan-India / Delhi NCR (HQ: New Delhi),@panditanubhvmishra,56000,"🔮 Astrology, Horoscope & Gemstone Consultation",27265,243,0,0.89%,0.43%,2026-01-20,https://www.instagram.com/p/DTuRWHeCFgN/,⚪ Standard Organic: Baseline organic collab reach,आज ही मंगवाएँ @divinehindu.in का धन योग Bracelet 🔱💰  #astrology #focus #explore  #divinehindu #divine #bracelet #dhani #dhan #yog #money #attract #paisa #luxury #business #job #promotion #virals #viralreelsvideo❤️ #viralproducts #2026
92,Tier 2: Toggle ON + Organic,Divine Hindu,Pan-India / Delhi NCR (HQ: New Delhi),@bimbika_j_rao,24000,"📦 Unboxing, Gifting & Product Review",26949,416,9,1.54%,1.77%,2026-03-23,https://www.instagram.com/p/DWN6N0vjon6/,⚪ Standard Organic: Baseline organic collab reach,Karungali bracelet ….📿🧿  @divinehindu.in  @karungali_by_divinehindu   https://www.divinehindu.in/collections/all-karungali/products/karungali-harmony-combo https://www.divinehindu.in/collections/all-karungali/products/karungali-malai-copper-wire-with
93,Tier 2: Toggle ON + Organic,Japam,Pan-India / Rajasthan (HQ: Jaipur),@safarnama.kartik,5986,"🕉️ Mantras, Japa Meditation & Puja Rituals",26482,203,6,0.77%,3.49%,2026-08-08,https://www.instagram.com/p/Dbx9_r0yQLW/,⚪ Standard Organic: Baseline organic collab reach,"A little faith for every journey. ❤️🙏 My travel companion, Hanuman Ji, always by my side. ✨  Get yours from Japam.in and carry blessings wherever you go. 🙏  Order Now !  #Japam #HanumanJi #JaiBajrangbali #trendingreels #viralreels   [Japam In Spiritu"
94,Tier 2: Toggle ON + Organic,Isha Life India,"Pan-India / Tamil Nadu (HQ: Coimbatore, Isha)",@_sadhguru.wisdom_,284000,"🏛️ Temple Lore, Mythology & Sanatan Philosophy",26467,1371,17,5.18%,0.49%,2026-01-23,https://www.instagram.com/p/DT2AJWvAVDC/,⚪ Standard Organic: Baseline organic collab reach,How Vishnu got his Sudarshan Chakra: An incredible story of absolute devotion and surrender!   #ishalife #forconsciousliving #mahashivratri2026 #Adiyogi #Shiva
95,Tier 2: Toggle ON + Organic,Japam,Pan-India / Rajasthan (HQ: Jaipur),@_anuragthakurr,46000,"🕉️ Mantras, Japa Meditation & Puja Rituals",26340,924,42,3.51%,2.10%,2025-09-25,https://www.instagram.com/p/DPBo8UbEwOr/,⚪ Standard Organic: Baseline organic collab reach,"At the divine land of Murudeshwar, I wore my Japam Rudraksha Malaa for the first time… and trust me, the energy I felt was beyond words.   Standing before the 123 ft statue of Lord Shiva, it wasn’t just a visit — it was a connection.  Japam isn’t jus"
96,Tier 2: Toggle ON + Organic,Divine Hindu,Pan-India / Delhi NCR (HQ: New Delhi),@bimbika_j_rao,24000,🕉️ Devotional Content & Spiritual Storytelling,26062,367,19,1.41%,1.61%,2026-03-17,https://www.instagram.com/p/DV-rWMNlPOD/,⚪ Standard Organic: Baseline organic collab reach,Karungali Mala….📿🕉️🧿  @divinehindu.in   product link/website -www.divinehindu.in  https://www.divinehindu.in/collections/all-karungali/products/karungali-harmony-combo https://www.divinehindu.in/collections/all-karungali/products/karungali-malai-copp
97,Tier 2: Toggle ON + Organic,Japam,Pan-India / Rajasthan (HQ: Jaipur),@gaurav_siddh_,321000,"🔬 Rudraksha Authenticity, Lab Testing & Craft Lore",26006,409,18,1.57%,0.13%,2026-04-01,https://www.instagram.com/p/DWlz0NxT1Os/,⚪ Standard Organic: Baseline organic collab reach,"Silver Plated Panchmukhi Hanumanji Bracelet from @japam.in is more than just a bracelet - it’s a symbol of positivity & powerful energy. Every piece by Japam is authentic and lab-tested,crafted with purpose and meaning.  Discover the collection at 👉🏻"
98,Tier 2: Toggle ON + Organic,Isha Life India,"Pan-India / Tamil Nadu (HQ: Coimbatore, Isha)",@sadhgurusharings_,203000,🎉 Festival & Auspicious Muhurat Activations,25776,1084,6,4.21%,0.54%,2026-01-17,https://www.instagram.com/p/DTmuvgAAf7z/,⚪ Standard Organic: Baseline organic collab reach,Get ready for Mahashivratri 2026! Exciting offerings coming soon.  #ishalife #forconsciousliving #mahashivratri2026 #adiyogi #isha
99,Tier 2: Toggle ON + Organic,Divine Hindu,Pan-India / Delhi NCR (HQ: New Delhi),@iam_brm,3943,"📦 Unboxing, Gifting & Product Review",25378,368,19,1.45%,9.81%,2025-12-12,https://www.instagram.com/p/DSKwga9jKgT/,⚪ Standard Organic: Baseline organic collab reach,"The Green Flag you need 🫂❤️ Also, get your Karungali Malai and Damru bracelet from @divinehindu.in  . . #therelatableguy #ad #greenflag #relatable #girlfriend"
100,Tier 2: Toggle ON + Organic,Japam,Pan-India / Rajasthan (HQ: Jaipur),@okbyepranathi,7091,"🕉️ Mantras, Japa Meditation & Puja Rituals",24449,407,17,1.66%,5.98%,2026-04-09,https://www.instagram.com/p/DW6al--k_LV/,⚪ Standard Organic: Baseline organic collab reach,"These days focused ga undadam kuda achievement laga anipisthondi Trying small things to feel a little calmer and more in control! ✨ @japam.in  . . . #ad   [focus problems, stress and anxiety, metal peace, overthinking, mindfulness habits, calm routin"
101,Tier 2: Toggle ON + Organic,Divine Hindu,Pan-India / Delhi NCR (HQ: New Delhi),@heenatales,63000,"🔬 Rudraksha Authenticity, Lab Testing & Craft Lore",24238,284,17,1.17%,0.48%,2026-03-24,https://www.instagram.com/p/DWQXKITiB4G/,⚪ Standard Organic: Baseline organic collab reach,Raw Pyrite anklet  Divine Days Sale Offer - 100% Cashback  Brand @divinehindu.in  Video edit - @crafting_._girl  Video shoot - @samruddhihihiii  In frame - @heenatales   #ad #heenatales #anklet #gujarati
102,Tier 2: Toggle ON + Organic,Japam,Pan-India / Rajasthan (HQ: Jaipur),@bhavyeshh,32000,🕉️ Devotional Content & Spiritual Storytelling,23898,443,0,1.85%,1.38%,2026-07-21,https://www.instagram.com/p/DbDfagYyyb_/,⚪ Standard Organic: Baseline organic collab reach,"Carry the blessings of Mahabali Hanuman wherever you go. ❤️🙏  Crafted with authentic Karungali beads and a beautifully detailed Gold-Plated Hanuman Pendant, this sacred necklace symbolizes strength, courage, devotion, and divine protection. The elega"
103,Tier 2: Toggle ON + Organic,Divine Hindu,Pan-India / Delhi NCR (HQ: New Delhi),@heenatales,63000,"🔬 Rudraksha Authenticity, Lab Testing & Craft Lore",23608,663,9,2.81%,1.07%,2026-01-25,https://www.instagram.com/p/DT7uAf-CHNc/,⚪ Standard Organic: Baseline organic collab reach,Rudraksh protect us from negative energy.. Go check @divinehindu.in   #ad #heenatales #rudraksh #gujarati  Video Shoot - @samruddhihihiii  Video edit - @crafting_._girl  In Frame @heenatales
104,Tier 2: Toggle ON + Organic,Japam,Pan-India / Rajasthan (HQ: Jaipur),@supriyasaankrit,1345,"🕉️ Mantras, Japa Meditation & Puja Rituals",22633,172,21,0.76%,14.35%,2026-05-11,https://www.instagram.com/p/DYNGKXryzRr/,⚪ Standard Organic: Baseline organic collab reach,"Inner peace starts from within✨  And sometimes, a sacred reminder like Rudraksha helps you stay connected to that energy 30  Exploring authentic spiritual jewellery from japam.in . . . . . . . . . . . . . . . . . . . #ad #rudrakshamala #spirituality "
105,Tier 2: Toggle ON + Organic,Divine Hindu,Pan-India / Delhi NCR (HQ: New Delhi),@preeeeyaaa,14000,🕉️ Devotional Content & Spiritual Storytelling,22178,310,12,1.40%,2.30%,2026-04-14,https://www.instagram.com/p/DXHJpmEEn-C/,⚪ Standard Organic: Baseline organic collab reach,Shop now and start your successful divine journey with @divinehindu.in 🌸 . #divine #divinehindu #fyp #explorepage
106,Tier 2: Toggle ON + Organic,Divine Hindu,Pan-India / Delhi NCR (HQ: New Delhi),@prateek_matoria,66000,"🏛️ Temple Lore, Mythology & Sanatan Philosophy",21591,314,15,1.45%,0.50%,2026-05-08,https://www.instagram.com/p/DYFHRmzPnbK/,⚪ Standard Organic: Baseline organic collab reach,"Carry your faith wherever life takes you with the Divine Hindu Pocket Temple. Designed for comfort and portability, its compact build ensures you stay connected to your gods, even on the road. Devotion now fits in your pocket! Shop now: www.divinehin"
107,Tier 2: Toggle ON + Organic,Isha Life India,"Pan-India / Tamil Nadu (HQ: Coimbatore, Isha)",@the.creativetongue,2756,🕉️ Devotional Content & Spiritual Storytelling,21259,813,54,3.82%,31.46%,2026-04-04,https://www.instagram.com/p/DWs1ko2E9ST/,"📈 Viral Organic Reach: High organic views (21,259) with strong like rate (3.82%)",Turned this kurta into a canvas and created something close to my soul.🕉️❤️  Thank you @isha.life.india   #jaishreeram #harharmahadev🙏🌿🕉️ #ishalifeindia #adiyogi #viral
108,Tier 2: Toggle ON + Organic,Japam,Pan-India / Rajasthan (HQ: Jaipur),@life_with_piyu,18000,"🕉️ Mantras, Japa Meditation & Puja Rituals",20789,3,28,0.01%,0.17%,2026-08-05,https://www.instagram.com/p/DbpsgZ5M_0n/,⚪ Standard Organic: Baseline organic collab reach,"When anxiety or stress feels overwhelming, I wear my 7 Chakra Healing Bracelet. ✨ Shop from - @japam.in  . . #ChakraHealing #HealingBracelet #SpiritualWellness #EnergyHealing #MindfulLiving  (chakra healing, healing bracelet, 7 chakra bracelet, spiri"
109,Tier 2: Toggle ON + Organic,Isha Life India,"Pan-India / Tamil Nadu (HQ: Coimbatore, Isha)",@thesahilartist_07,57000,🎉 Festival & Auspicious Muhurat Activations,20756,3,16,0.01%,0.03%,2026-02-14,https://www.instagram.com/p/DUunhDajHWV/,⚪ Standard Organic: Baseline organic collab reach,When faith meets creativity.. magic happens  Bring this Shivratri adiyogi blessing at your home from @isha.life.india  Good quality products ✨ You can wear in your dailylife routine  . . . #shivratri #mahadev #adiyogi #mahakal #painting
110,Tier 2: Toggle ON + Organic,Divine Hindu,Pan-India / Delhi NCR (HQ: New Delhi),@_shamal_chavan_,6745,"🏛️ Temple Lore, Mythology & Sanatan Philosophy",19516,353,8,1.81%,5.35%,2026-05-24,https://www.instagram.com/p/DYtbu3rslaJ/,⚪ Standard Organic: Baseline organic collab reach,Get your Rudraksha mala and Bracelet form @divinehindu.in 🌸 #rudraksha #spiritual #sanatandharm #explore #exploremore   Shoot by @_lifetouch_studios_ Edit by @manishedits_official
111,Tier 2: Toggle ON + Organic,Isha Life India,"Pan-India / Tamil Nadu (HQ: Coimbatore, Isha)",@the_taste_of_truth,206000,"🏛️ Temple Lore, Mythology & Sanatan Philosophy",19239,1133,8,5.89%,0.55%,2026-01-24,https://www.instagram.com/p/DT42qD1AfTq/,⚪ Standard Organic: Baseline organic collab reach,Gear up for Mahashivratri 2026 with exciting offers and new Adiyogi inspired offerings.  #ishalife #forconsciousliving #mahashivratri2026 #adiyogi #shiva
112,Tier 2: Toggle ON + Organic,Isha Life India,"Pan-India / Tamil Nadu (HQ: Coimbatore, Isha)",@shakti_shukla__,134000,🕉️ Devotional Content & Spiritual Storytelling,19110,1119,49,5.86%,0.87%,2026-02-13,https://www.instagram.com/p/DUsRrOcE1ge/,⚪ Standard Organic: Baseline organic collab reach,Feeling blessed to receive these beautiful spiritual essentials from @isha.life.india 🕉️ Pure • Natural • Conscious Living 🤍 Har Har Mahadev ✨  . . . . . . ISHALIFE | COLLAB | CONSCIOUS LIVING | MAHADEV  #ishalife #consciousliving #shaktifam #shivsha
113,Tier 2: Toggle ON + Organic,Divine Hindu,Pan-India / Delhi NCR (HQ: New Delhi),@_shamal_chavan_,6745,🕉️ Devotional Content & Spiritual Storytelling,18797,585,12,3.11%,8.85%,2026-06-20,https://www.instagram.com/p/DZy9yvhPKLJ/,"📈 Viral Organic Reach: High organic views (18,797) with strong like rate (3.11%)","Get Yours now🛍️Dm for link✨  #divinehindu#explore #spirituality #exploremore #explorepage   [Spiritual,spirituality,Rudraksh,japmala,Rudraksh Mala]"
114,Tier 2: Toggle ON + Organic,Divine Hindu,Pan-India / Delhi NCR (HQ: New Delhi),@heenatales,63000,"🔬 Rudraksha Authenticity, Lab Testing & Craft Lore",17155,446,9,2.60%,0.72%,2026-01-17,https://www.instagram.com/p/DTnK2VFgfux/,⚪ Standard Organic: Baseline organic collab reach,તુલસી માળા From Divine Hindu ✨  #ad #paidpromotion #heenatales #divinehindu  Video Shoot - @samruddhihihiii  Video edit - @crafting_._girl  In Frame @heenatales
115,Tier 2: Toggle ON + Organic,Divine Hindu,Pan-India / Delhi NCR (HQ: New Delhi),@arkaduhita,354000,"🔬 Rudraksha Authenticity, Lab Testing & Craft Lore",17137,158,41,0.92%,0.06%,2026-03-02,https://www.instagram.com/p/DVXuIN8EkP5/,⚪ Standard Organic: Baseline organic collab reach,"Alternative Of Silver Anklet ? . . Start your manifestation journey get your lab certified pyrite anklet from @divinehindu.in or website www.divinehindu.in  Pyrite Anklet Benefits, Healing Crystals India, Wealth and Abundance, Divine Hindu Products, "
116,Tier 2: Toggle ON + Organic,Divine Hindu,Pan-India / Delhi NCR (HQ: New Delhi),@heenatales,63000,"🔬 Rudraksha Authenticity, Lab Testing & Craft Lore",16909,206,7,1.22%,0.34%,2026-03-15,https://www.instagram.com/p/DV5vYm8DXmz/,⚪ Standard Organic: Baseline organic collab reach,7 Mukhi Rudraksh from @divinehindu.in  #ad #gujarati #rudraksha #heenatales
117,Tier 2: Toggle ON + Organic,Divine Hindu,Pan-India / Delhi NCR (HQ: New Delhi),@krishnachaudhary._,4758,🕉️ Devotional Content & Spiritual Storytelling,16821,482,13,2.87%,10.40%,2025-11-17,https://www.instagram.com/p/DRJXzjoEkb5/,"📈 Viral Organic Reach: High organic views (16,821) with strong like rate (2.87%)","Sacred vibes, every bead📿 Get your tulsi mala and many more from @divinehindu.in 🌸 .  .  . #instagram #instagramreels #foryou #instadaily #trending #collaboration #tulsimala #ad"
118,Tier 2: Toggle ON + Organic,Divine Hindu,Pan-India / Delhi NCR (HQ: New Delhi),@nishha_keshri,1360,"🏛️ Temple Lore, Mythology & Sanatan Philosophy",16781,132,6,0.79%,10.15%,2026-07-26,https://www.instagram.com/p/DbP7385Jrav/,⚪ Standard Organic: Baseline organic collab reach,Faith is the greatest strength you can wear.Every detail of this @divinehindu.in jewellery reminds me to stay connected to my roots and my beliefs.  #DivineHindu #HarHarMahadev #Mahadev #Shiva #Rudraksha OmNamahShivaya SanatanDharma HinduCulture Spir
119,Tier 2: Toggle ON + Organic,Divine Hindu,Pan-India / Delhi NCR (HQ: New Delhi),@itsrishlife,128000,🕉️ Devotional Content & Spiritual Storytelling,15731,391,9,2.49%,0.31%,2026-01-05,https://www.instagram.com/p/DTHmdiPE_U_/,⚪ Standard Organic: Baseline organic collab reach,"Shiv Ka Ehsaas, Har Pal with @divinehindu.in 🔱  #shiv #karungali"
120,Tier 2: Toggle ON + Organic,Divine Hindu,Pan-India / Delhi NCR (HQ: New Delhi),@the_facts_plus,65000,🕉️ Devotional Content & Spiritual Storytelling,15683,3,6,0.02%,0.01%,2026-03-19,https://www.instagram.com/p/DWBze4QkVX9/,⚪ Standard Organic: Baseline organic collab reach,रुद्राक्ष लेते समय ये गलती मत करना 😰🤯 Mistakes people do while buying Rudraksha #dailyfacts
121,Tier 2: Toggle ON + Organic,Divine Hindu,Pan-India / Delhi NCR (HQ: New Delhi),@arkaduhita,354000,"📦 Unboxing, Gifting & Product Review",15284,192,29,1.26%,0.06%,2026-02-23,https://www.instagram.com/p/DVGczgUCGWa/,⚪ Standard Organic: Baseline organic collab reach,"Kya Money Magnet Bracelet Sach Mein Kaam Karta Hai ?  Grap your money magnet bracelet by @divinehindu.in   Money magnet bracelet, pyrite bracelet benefits, citrine bracelet for wealth, tiger eye bracelet benefits, green aventurine bracelet, bracelet "
122,Tier 2: Toggle ON + Organic,Divine Hindu,Pan-India / Delhi NCR (HQ: New Delhi),@the_facts_plus,65000,"🔬 Rudraksha Authenticity, Lab Testing & Craft Lore",14396,3,1,0.02%,0.01%,2026-01-08,https://www.instagram.com/p/DTPl5FpEsZw/,⚪ Standard Organic: Baseline organic collab reach,8 Mukhi Rudraksha 🕉️ | Get Your Original Certified 8 Mukhi Rudraksha From 🛕 Divine Hindu 🪷 #rudraksha #mahadev
123,Tier 2: Toggle ON + Organic,Isha Life India,"Pan-India / Tamil Nadu (HQ: Coimbatore, Isha)",@traditional__aestheticss,11000,"🏛️ Temple Lore, Mythology & Sanatan Philosophy",14336,249,9,1.74%,2.35%,2026-02-15,https://www.instagram.com/p/DUyZs-UD-FT/,⚪ Standard Organic: Baseline organic collab reach,"This Maha Shivratri, may the lord be a guiding light to assisting you to pass through the rough paths of life. @isha.life.india  #shiva #adiyogi #mahashivaratri"
124,Tier 2: Toggle ON + Organic,Divine Hindu,Pan-India / Delhi NCR (HQ: New Delhi),@the_facts_plus,65000,🕉️ Devotional Content & Spiritual Storytelling,14166,3,2,0.02%,0.01%,2026-04-25,https://www.instagram.com/p/DXhE-_RkebV/,⚪ Standard Organic: Baseline organic collab reach,रुद्राक्ष को पहना क्यों जरूरी होता है ? This will blow your mind 🤔🤯 #rudrkash #mystery #dailyfacts
125,Tier 2: Toggle ON + Organic,Divine Hindu,Pan-India / Delhi NCR (HQ: New Delhi),@aastroben,29000,🕉️ Devotional Content & Spiritual Storytelling,13507,78,6,0.58%,0.29%,2026-03-01,https://www.instagram.com/p/DVVqjiNknNP/,⚪ Standard Organic: Baseline organic collab reach,"Raw Pyrite Anklet 🧿 ​हे पैंजण नैसर्गिक पायराईट दगडांपासून बनवलेले आहे, ज्याला 'मूर्खांचे सोने' (Fool's Gold) असेही म्हणतात. हिंदू परंपरेत हे समृद्धी आणि संरक्षणाचे प्रतीक मानले जाते. ​वैशिष्ट्ये: ​नॅचरल रॉ पायराईट मणी. ​ऍडजस्टेबल साखळी (Adjustable Ex"
126,Tier 2: Toggle ON + Organic,Divine Hindu,Pan-India / Delhi NCR (HQ: New Delhi),@itsrishlife,128000,🕉️ Devotional Content & Spiritual Storytelling,13183,137,6,1.04%,0.11%,2025-12-29,https://www.instagram.com/p/DS1luQAk5Mu/,⚪ Standard Organic: Baseline organic collab reach,Balance hi asli success hai 💪   #travel #travelhacks #virgo
127,Tier 2: Toggle ON + Organic,Isha Life India,"Pan-India / Tamil Nadu (HQ: Coimbatore, Isha)",@not_so_sarkari,29000,🕉️ Devotional Content & Spiritual Storytelling,12452,137,70,1.10%,0.71%,2026-04-24,https://www.instagram.com/p/DXg-iHiiKJW/,⚪ Standard Organic: Baseline organic collab reach,"Saree to work, files on my desk and flight to Pune!  Just another Friday in my Consulting life.   This is what a day in Government Consists looks like and honestly. 21 year old me had absolutely no idea a career like this was even possible.   Wore th"
128,Tier 2: Toggle ON + Organic,Divine Hindu,Pan-India / Delhi NCR (HQ: New Delhi),@aastroben,29000,🕉️ Devotional Content & Spiritual Storytelling,12415,110,5,0.89%,0.40%,2026-03-09,https://www.instagram.com/p/DVqqFGEiCDr/,⚪ Standard Organic: Baseline organic collab reach,तुळशी माळ घालण्याचे फायदे: ●भगवान विष्णू आणि श्रीकृष्णाची कृपा प्राप्त होते. ●​तणाव कमी होण्यास मदत होते. ●मन शांत राहते आणि एकाग्रता वाढते.  तुळशी माळ खरेदी करण्यासाठी @divinehindu.in हा एक उत्तम पर्याय मानला जातो. त्याचे थोडक्यात स्पष्टीकरण खालीलप्
129,Tier 2: Toggle ON + Organic,Divine Hindu,Pan-India / Delhi NCR (HQ: New Delhi),@aastroben,29000,"📦 Unboxing, Gifting & Product Review",12092,59,3,0.49%,0.21%,2026-04-24,https://www.instagram.com/p/DXgeQAgE5G6/,⚪ Standard Organic: Baseline organic collab reach,"​The Divine Hindu Birthday Sale is LIVE! 🎂 Prices Slashed! The Divine Hindu Birthday Sale started on April 24th and you don't want to miss these deals. Grab your favorites and enjoy a complimentary gift when you spend ₹1,999. Shop now before it’s gon"
130,Tier 2: Toggle ON + Organic,Divine Hindu,Pan-India / Delhi NCR (HQ: New Delhi),@explore.deewane,53000,🕉️ Devotional Content & Spiritual Storytelling,12056,3,32,0.02%,0.07%,2026-01-02,https://www.instagram.com/p/DTASnITASXu/,⚪ Standard Organic: Baseline organic collab reach,"""Bhakti aur Shakti ka sangam. ❤️⚡ Wear your devotion as a reminder of the strength within you. Let the divine energy guide your soul.❤️🕉️😍  Check out our latest collection at @divinehindu.in 🚩  #Bhakti #Faith #Devotion #IndianHeritage #DivineHindu"
131,Tier 2: Toggle ON + Organic,Isha Life India,"Pan-India / Tamil Nadu (HQ: Coimbatore, Isha)",@rangolibypratibha,12000,🕉️ Devotional Content & Spiritual Storytelling,12039,287,2,2.38%,2.41%,2026-05-04,https://www.instagram.com/p/DX6n1eOSzRT/,⚪ Standard Organic: Baseline organic collab reach,"In the sacred space of a pooja, every offering becomes a bridge… 🪔✨ A way to invoke, to connect, to simply be in presence.  A gentle haze of Sambrani rises— not just as fragrance, but as an offering… carrying devotion into the subtle. 🌫️  Isha Life’s"
132,Tier 2: Toggle ON + Organic,Divine Hindu,Pan-India / Delhi NCR (HQ: New Delhi),@gyanibhaiyajii,32000,"🔬 Rudraksha Authenticity, Lab Testing & Craft Lore",10134,144,21,1.42%,0.52%,2026-02-07,https://www.instagram.com/p/DUclhAZE6A0/,⚪ Standard Organic: Baseline organic collab reach,"Is Mahashivratri, sirf pooja nahi… ✨ Apni aura ko activate karo ✨ 5 Mukhi Rudraksha – 🧘‍♂️ Focus ko jagaye 🛡️ Protection ko majboot banaye 🌌 Energy ko cosmic rhythm ke saath align kare Curated specially for Mahashivratri by Divine Hindu Har Har Mahad"
133,Tier 2: Toggle ON + Organic,Divine Hindu,Pan-India / Delhi NCR (HQ: New Delhi),@gyanibhaiyajii,32000,🕉️ Devotional Content & Spiritual Storytelling,10099,151,9,1.50%,0.50%,2026-02-20,https://www.instagram.com/p/DU-C_shiNX1/,⚪ Standard Organic: Baseline organic collab reach,"Checkout @divinehindu.in Ek beej jo 'Shiv ke aansu' se bana, aaj modern science bhi uski energy ko maanti hai. 🔱 ​Maine hamesha se Rudraksha ki power ke baare mein suna tha, par Divine Hindu ki is authentic mala ko pehenne ke baad wo calmness khud me"
134,Tier 2: Toggle ON + Organic,Divine Hindu,Pan-India / Delhi NCR (HQ: New Delhi),@aastroben,29000,"📦 Unboxing, Gifting & Product Review",10065,60,12,0.60%,0.25%,2026-02-25,https://www.instagram.com/p/DVLwMwNiHPg/,⚪ Standard Organic: Baseline organic collab reach,"आयुष्यात सुख-समृद्धी हवी असेल, तर हे धनयोग ब्रेसलेट नक्की ट्राय करा.💰💲🪙 ऑर्डर करण्यासाठी @divinehindu.in च्या वेबसाईटला आत्ताच भेट द्या! 🕉️ Dhan yog bracelet: ​Magnet for Success🧿  You can directly order Dhanyog bracele from here👇💰 or comment link I "
135,Tier 2: Toggle ON + Organic,House of Rudra,Pan-India / Gujarat (HQ: Ahmedabad),@rashmi_basani__,17000,🕉️ Devotional Content & Spiritual Storytelling,10012,190,16,1.90%,1.21%,2026-02-22,https://www.instagram.com/p/DVBTQyFDOar/,⚪ Standard Organic: Baseline organic collab reach,"The Karungali Mala is known for its strong spiritual vibrations, helping shield you from negativity while keeping your energy grounded and balanced.  Simple. Powerful. Meaningful.  To get yours, DM House of Rudra or  visit 👉 houseofrudra.in ✨  #ad #c"
136,Tier 2: Toggle ON + Organic,Divine Hindu,Pan-India / Delhi NCR (HQ: New Delhi),@the_facts_plus,65000,"📦 Unboxing, Gifting & Product Review",9460,3,0,0.03%,0.00%,2026-01-15,https://www.instagram.com/p/DTiCbTfEh4K/,⚪ Standard Organic: Baseline organic collab reach,This Money Magnet Bracelet Can Fix All Your Financial Problems. #moneymagnet #devinehindu
137,Tier 2: Toggle ON + Organic,Isha Life India,"Pan-India / Tamil Nadu (HQ: Coimbatore, Isha)",@yogic.living.srini,451,🌟 Celebrity & Spiritual Leader Endorsement,8781,244,1,2.78%,54.32%,2026-02-04,https://www.instagram.com/p/DUVa8g8kr1T/,"📈 Viral Organic Reach: High organic views (8,781) with strong like rate (2.78%)",Wearing the stillness of Adiyogi.🔱  #ishalife  #adiyogi  #sadhguru  #mahashivratri  #shiva
138,Tier 2: Toggle ON + Organic,House of Rudra,Pan-India / Gujarat (HQ: Ahmedabad),@chaitanya_acharya.11,3404,🕉️ Devotional Content & Spiritual Storytelling,3967,142,3,3.58%,4.26%,2026-02-07,https://www.instagram.com/p/DUdcdELE7oL/,"📈 Viral Organic Reach: High organic views (3,967) with strong like rate (3.58%)",ಕರುಂಗಲಿ ಮಾಲೆ 📿✨️ Place your order now  Link is in my bio ❤️  Follow @houseofrudra_social & Buy on https://www.houseofrudra.in They have authentic Karungali Malas with lab tested certificates   #religious #karungalemala #trendingreels #fyppp #viralree
139,Tier 2: Toggle ON + Organic,Isha Life India,"Pan-India / Tamil Nadu (HQ: Coimbatore, Isha)",@sadhgurusharings_,203000,🎉 Festival & Auspicious Muhurat Activations,3848,208,5,5.41%,0.10%,2026-01-21,https://www.instagram.com/p/DTx1rdVgbdp/,⚪ Standard Organic: Baseline organic collab reach,The Largest Collection of Adiyogi Offerings Live Now on ishalife.com   Shop Now   #isha #mahashivratri #adiyogi #newlaunch #ishalife
140,Tier 2: Toggle ON + Organic,House of Rudra,Pan-India / Gujarat (HQ: Ahmedabad),@ashwanihub,3839,🕉️ Devotional Content & Spiritual Storytelling,3842,101,20,2.63%,3.15%,2026-03-07,https://www.instagram.com/p/DVknFsEDBqT/,⚪ Standard Organic: Baseline organic collab reach,"“Recently bought this Karungali Mala. At first I thought it’s just a bead… But after wearing it, I can actually feel the change in my energy, focus, and positivity. Some spiritual things really work when you believe in them. 🔱”  Place your order now "
141,Tier 2: Toggle ON + Organic,House of Rudra,Pan-India / Gujarat (HQ: Ahmedabad),@renuvenugopalvv,1010,🕉️ Devotional Content & Spiritual Storytelling,3271,72,0,2.20%,7.13%,2026-02-07,https://www.instagram.com/p/DUdEoocD1su/,"📈 Viral Organic Reach: High organic views (3,271) with strong like rate (2.2%)","Wearing my heart on my sleeve this Valentine’s Day. 🌹✨  💕There’s something so special about the soft glow of Rose Quartz. Known as the stone of unconditional love, this stunning piece from @houseofrudra_social is my favorite way to add a little roman"
142,Tier 2: Toggle ON + Organic,Divine Hindu,Pan-India / Delhi NCR (HQ: New Delhi),@nishha_keshri,1360,"🏛️ Temple Lore, Mythology & Sanatan Philosophy",1090,46,4,4.22%,3.68%,2026-07-27,https://www.instagram.com/p/DbSe1xyhhOE/,⚪ Standard Organic: Baseline organic collab reach,"A bracelet that speaks louder than words. The glow isn’t from the bracelet, it’s from the blessings. 🌼 @divinehindu.in     #DivineHindu #YellowBracelet #SpiritualJewelry #FaithInStyle #PositiveVibes BlessedLife HinduCulture SanatanDharma SpiritualLif"
143,Tier 3: Toggle OFF + Boosted,Japam,Pan-India / Rajasthan (HQ: Jaipur),@trilokbandofficial,37000,"🕉️ Mantras, Japa Meditation & Puja Rituals",16470934,34860,411,0.21%,95.33%,2026-02-15,https://www.instagram.com/p/DUxwYxwEhah/,"🚀 Heavily Boosted (Paid Ad Spend): High view count (16,470,934) with sub-0.35% like rate (0.21%) indicates paid video ads campaign","7 Chakras. One band. Everyday balance.😇  Explore the Japam x Trilok Shivratri collection - now live.  [Japam, Trilok, Shivratri, Energy Stones, Devotion, Spiritual Wearables]"
144,Tier 3: Toggle OFF + Boosted,Japam,Pan-India / Rajasthan (HQ: Jaipur),@muskantiwari221,333000,"🕉️ Mantras, Japa Meditation & Puja Rituals",5682165,3,148,0.00%,0.05%,2026-07-31,https://www.instagram.com/p/DbdQSWksmjC/,"🚀 Heavily Boosted (Paid Ad Spend): High view count (5,682,165) with sub-0.35% like rate (0.0%) indicates paid video ads campaign",Minimal Dhanlabh Crystal Rakhi Box♥️  This Rakhi makes your festive season even more special and spiritually meaningful…..  Shop now at @japam.in and make this festive season unforgettable  #trendingreels #rakhispecial #japam #siblings #instagram
145,Tier 3: Toggle OFF + Boosted,Isha Life India,"Pan-India / Tamil Nadu (HQ: Coimbatore, Isha)",@ishajaiswal__,26000,🌟 Celebrity & Spiritual Leader Endorsement,4628493,19159,117,0.41%,74.14%,2026-01-13,https://www.instagram.com/p/DTc1Tk7kgmE/,🚀 Boosted (Paid Ad Spend): High view multiplier (178.02x followers) combined with low engagement rate (0.41%),"The Isha Life store, guided by Sadhguru’s vision, is a space dedicated to spiritual wellness and conscious living. It offers a range of pure, thoughtfully crafted wellness and puja-related products, each reflecting authenticity and traditional wisdom"
146,Tier 3: Toggle OFF + Boosted,Japam,Pan-India / Rajasthan (HQ: Jaipur),@lifeofrounak,51000,"🕉️ Mantras, Japa Meditation & Puja Rituals",2751823,3,270,0.00%,0.54%,2026-03-03,https://www.instagram.com/p/DVaCuGFjAjN/,"🚀 Heavily Boosted (Paid Ad Spend): High view count (2,751,823) with sub-0.35% like rate (0.0%) indicates paid video ads campaign","‼️Kya sachme money magnet 🧲 bracelet paise ko attract krta hai?  Ans ke liye videos pura end tk dekhoo 👀  WHY JAPAM: @japam.in  The Money Magnet Double Fusion Tie-Up Band is created with a powerful combination of Tiger Eye, Pyrite, Citrine, and Avent"
147,Tier 3: Toggle OFF + Boosted,Isha Life India,"Pan-India / Tamil Nadu (HQ: Coimbatore, Isha)",@wayoutswithin,7823,🌟 Celebrity & Spiritual Leader Endorsement,1720779,5155,23,0.30%,66.19%,2026-04-15,https://www.instagram.com/p/DXJvUSLiU-1/,"🚀 Heavily Boosted (Paid Ad Spend): High view count (1,720,779) with sub-0.35% like rate (0.3%) indicates paid video ads campaign","Welcome to Sadhguru Yogasthal—an oasis located right inside the Shri Kashi Vishwanath Corridor. Whether you are seeking a moment of peace, wishing to learn free yoga, or looking to deepen your receptivity to Kashi through the ‘Shivasvasa’ sadhana, th"
148,Tier 3: Toggle OFF + Boosted,House of Rudra,Pan-India / Gujarat (HQ: Ahmedabad),@aditi_speakss,153000,🕉️ Devotional Content & Spiritual Storytelling,1330793,10894,618,0.82%,7.52%,2026-05-15,https://www.instagram.com/p/DYW6BMCSFSD/,"🔍 Likely Boosted (Targeted Ad): Disproportionate views (1,330,793) relative to likes (10,894)",ಇದು ನಿಮ್ಮ ಎಲ್ಲಾ ಹಣದ ಅಡೆತಡೆಗಳನ್ನು ದೂರ ಮಾಡುತ್ತದೆ. ಮನಿ ಮ್ಯಾಗ್ನೆಟ್ ಬ್ರೇಸ್ಲೆಟ್ ಪಡೆಯಲು ಕಾಮೆಂಟ್‌ನಲ್ಲಿ ಲಿಂಕ್ ಎಂದು ಬರೆಯಿರಿ.  Place your order now  Link is in my bio ❤️  Follow @houseofrudra_social & Buy on www.houseofrudra.in They have authentic money magnet 
149,Tier 3: Toggle OFF + Boosted,Japam,Pan-India / Rajasthan (HQ: Jaipur),@aaru_aarvi10,204000,"🕉️ Mantras, Japa Meditation & Puja Rituals",842141,2123,0,0.25%,1.04%,2026-05-15,https://www.instagram.com/p/DYWJnUwhhyA/,"🚀 Heavily Boosted (Paid Ad Spend): High view count (842,141) with sub-0.35% like rate (0.25%) indicates paid video ads campaign","“Bringing home positivity, strength & success with these beautiful 7 horses from Japam ✨🐎” #7horsespirates #homedecor #japam #fypppppppppppppppppppppppppppppppppppppppppppppppppppppppppppppppppppppp"
150,Tier 3: Toggle OFF + Boosted,House of Rudra,Pan-India / Gujarat (HQ: Ahmedabad),@invited_shadow,241000,"📦 Unboxing, Gifting & Product Review",768828,6507,258,0.85%,2.81%,2026-04-07,https://www.instagram.com/p/DW1NBaWATAK/,"🔍 Likely Boosted (Targeted Ad): Disproportionate views (768,828) relative to likes (6,507)",Don’t Skip  this video watch till end  Place your order now  Link is in my bio ❤️  Follow @houseofrudra_social & Buy on www.houseofrudra.in They have authentic Money Magnet Bracelet with lab tested certificates  #religious #rudraksh #accessories #rel
151,Tier 3: Toggle OFF + Boosted,House of Rudra,Pan-India / Gujarat (HQ: Ahmedabad),@raghuvarya_k,101000,"📦 Unboxing, Gifting & Product Review",672045,3,0,0.00%,0.00%,2026-07-16,https://www.instagram.com/p/Da2pjObskg0/,"🚀 Heavily Boosted (Paid Ad Spend): High view count (672,045) with sub-0.35% like rate (0.0%) indicates paid video ads campaign",This will change your life  Comment ‘ Link ‘ to get money magnet bracelet in your Dm  Place your order now  Link is in my bio ❤️  Follow @houseofrudra_social & Buy on www.houseofrudra.in They have authentic money magnet bracelet with lab tested certi
152,Tier 3: Toggle OFF + Boosted,House of Rudra,Pan-India / Gujarat (HQ: Ahmedabad),@shrinayana4,217000,🕉️ Devotional Content & Spiritual Storytelling,633752,3,51,0.00%,0.02%,2026-03-09,https://www.instagram.com/p/DVqdL3KCYSF/,"🚀 Heavily Boosted (Paid Ad Spend): High view count (633,752) with sub-0.35% like rate (0.0%) indicates paid video ads campaign",ಜೀವನದಲ್ಲಿ ನಂಬಿಕೆ ಅನ್ನೊದು ತುಂಬಾ ಮುಖ್ಯ ಅಲ್ವಾ  .... Place your order now  Link is in my bio ❤️  Follow @houseofrudra_social & Buy on www.houseofrudra.in They have authentic Karungali Malas with lab tested certificates   #religious #karungalemala #mala #
153,Tier 3: Toggle OFF + Boosted,House of Rudra,Pan-India / Gujarat (HQ: Ahmedabad),@kedarnath001,51000,🕉️ Devotional Content & Spiritual Storytelling,487683,4050,69,0.83%,8.08%,2026-06-12,https://www.instagram.com/p/DZfFCG4vlfG/,"🔍 Likely Boosted (Targeted Ad): Disproportionate views (487,683) relative to likes (4,050)","ఇది మీ జీవితంలో అపారమైన సంపద, శ్రేయస్సు మరియు సానుకూల శక్తిని ఆకర్షించగలదని నమ్ముతారా. ✨💰  This will attract immense abundance in your Life  Place your order now  Link is in my bio ❤️  Follow @houseofrudra_social & Buy on www.houseofrudra.in They hav"
154,Tier 3: Toggle OFF + Boosted,Japam,Pan-India / Rajasthan (HQ: Jaipur),@supriya_avyay,111000,"🕉️ Mantras, Japa Meditation & Puja Rituals",421552,942,267,0.22%,1.09%,2026-05-02,https://www.instagram.com/p/DX2D9_ypazc/,"🔍 Likely Boosted (Targeted Ad): Disproportionate views (421,552) relative to likes (942)","Good vibes, prosperity & positivity all in one frame ✨ Loving this beautiful 7 Horses Pyrite Frame from Japam 💛 Perfect to uplift your space & energy!”  #Japam #7HorsesPyriteFrame #PositiveVibesOnly #HomeDecorIndia #VastuDecor"
155,Tier 3: Toggle OFF + Boosted,Japam,Pan-India / Rajasthan (HQ: Jaipur),@hitjukripa_,39000,"🕉️ Mantras, Japa Meditation & Puja Rituals",143037,343,0,0.24%,0.88%,2026-08-13,https://www.instagram.com/p/Db-ils3Ib-J/,"🔍 Likely Boosted (Targeted Ad): Disproportionate views (143,037) relative to likes (343)","Don’t think, just order! 🛍️✨ Order your JAPAM Rakhi Box from @japam.in ❤️ . . . . . #fyp #japam"
156,Tier 3: Toggle OFF + Boosted,Japam,Pan-India / Rajasthan (HQ: Jaipur),@theprettylonewolf,13000,✨ Spiritual Lifestyle & Modern Wellness,65760,377,107,0.57%,3.72%,2025-12-05,https://www.instagram.com/p/DR1ehPxkWT5/,🚀 Boosted (Paid Ad Spend): High view multiplier (5.06x followers) combined with low engagement rate (0.57%),"Comment me your DOB and I'll DM you guys suitable stone and crystal remedy for you ✨️😌  Story time !   #prettylonewolf #janvisukhija #contentcreator fashioninfluencer lifestyleinfluencer   [ relatable content, lifestyle influencer, fashion influencer"
157,Tier 3: Toggle OFF + Boosted,Divine Hindu,Pan-India / Delhi NCR (HQ: New Delhi),@divinehindustorebangalore,128,🕉️ Devotional Content & Spiritual Storytelling,34217,213,2,0.62%,167.97%,2026-04-23,https://www.instagram.com/p/DXejKO8iYVF/,🚀 Boosted (Paid Ad Spend): High view multiplier (267.32x followers) combined with low engagement rate (0.62%),"✨ A dream. A vision. A reality. ✨  What started as a seed of faith has blossomed into something truly sacred and now, we’re bringing it to your doorstep. 🙏🏽  We are beyond thrilled to announce the grand opening of our very first offline store, a spac"
158,Tier 3: Toggle OFF + Boosted,Divine Hindu,Pan-India / Delhi NCR (HQ: New Delhi),@divinehindustorebangalore,128,🕉️ Devotional Content & Spiritual Storytelling,28251,137,1,0.48%,107.81%,2026-04-23,https://www.instagram.com/p/DXdnNvKgGDd/,🚀 Boosted (Paid Ad Spend): High view multiplier (220.71x followers) combined with low engagement rate (0.48%),"🚨 GRAND OPENING TOMORROW! 🚨 Divine Hindu is now coming to Jayanagar, Bengaluru (ಜಯನಗರ)!  See you Tomorrow   #divinehindu #jayanagar #offlinestore #bangalore #fyp"
159,Tier 3: Toggle OFF + Boosted,Divine Hindu,Pan-India / Delhi NCR (HQ: New Delhi),@divinehindustorebangalore,128,"🏛️ Temple Lore, Mythology & Sanatan Philosophy",20854,124,4,0.59%,100.00%,2026-04-19,https://www.instagram.com/p/DXUElhDSAvU/,🚀 Boosted (Paid Ad Spend): High view multiplier (162.92x followers) combined with low engagement rate (0.59%),"You saw the first look. Now imagine what’s coming. 👀🔱   We’ve been building this with love, faith, and pure devotion….and it’s almost time🙏🏻  Stay Tuned😌✨  [New Beginnings, Faith, Something Big, Hindu, Hinduism, Akshaya Tritiya, Spiritual, Sanatan Dh"
160,Tier 3: Toggle OFF + Boosted,Isha Life India,"Pan-India / Tamil Nadu (HQ: Coimbatore, Isha)",@_.shishuuuu._,2181,🕉️ Devotional Content & Spiritual Storytelling,18122,3,9,0.02%,0.55%,2025-12-16,https://www.instagram.com/p/DSUwtGwkVpZ/,🚀 Boosted (Paid Ad Spend): High view multiplier (8.31x followers) combined with low engagement rate (0.02%),"Timeless cotton, steady thoughts, and the calm of a café afternoon 🍃 Cotton mulmul saree - @isha.life.india  #fyp #explore #reels #explorepage #cafe #fypppppppppppppppppppppppppppppppppppppppppppppppppppppppppppppppppppppp"
161,Tier 3: Toggle OFF + Boosted,Divine Hindu,Pan-India / Delhi NCR (HQ: New Delhi),@sanchitamitra8629,2890,"📦 Unboxing, Gifting & Product Review",18014,114,2,0.63%,4.01%,2026-03-06,https://www.instagram.com/p/DViyxrAD3mE/,🚀 Boosted (Paid Ad Spend): High view multiplier (6.23x followers) combined with low engagement rate (0.63%),"This Karungili and Rudraksha bracelet from @divinehindu.in reduces stress, keeps you strong, and fills your day with positive energy.  Buy this now from @divinehindu.in   #divinehindu #instagram #reels #viral"
162,Tier 3: Toggle OFF + Boosted,Japam,Pan-India / Rajasthan (HQ: Jaipur),@divinehealing05,118,"🕉️ Mantras, Japa Meditation & Puja Rituals",16761,65,7,0.39%,61.02%,2026-07-21,https://www.instagram.com/p/DbCqat-TSKM/,🚀 Boosted (Paid Ad Spend): High view multiplier (142.04x followers) combined with low engagement rate (0.39%),Manifest it. Wear it. Live it. ✨  Discover the power of Pyrite. Shop the Pyrite Collection at @japam.in   #japam #dailywearjewellery #spiritualjewelry #pyrite
163,Tier 3: Toggle OFF + Boosted,Isha Life India,"Pan-India / Tamil Nadu (HQ: Coimbatore, Isha)",@sshraddhasolunkke,1511,🕉️ Devotional Content & Spiritual Storytelling,16233,3,13,0.02%,1.06%,2026-02-15,https://www.instagram.com/p/DUw9DnriLQf/,🚀 Boosted (Paid Ad Spend): High view multiplier (10.74x followers) combined with low engagement rate (0.02%),Divine energy in every moment with beautiful spiritual essentials receive from @isha.life.india   Pure. Natural. Blessed   Har Har Mahadev 🙏🏻🕉️  . . . . . ISHA LIFE | COLLAB
164,Tier 3: Toggle OFF + Boosted,Divine Hindu,Pan-India / Delhi NCR (HQ: New Delhi),@rahul_jadhav_motivation_90,851,🕉️ Devotional Content & Spiritual Storytelling,14111,3,6,0.02%,1.06%,2025-12-19,https://www.instagram.com/p/DSbbh_FiqPR/,🚀 Boosted (Paid Ad Spend): High view multiplier (16.58x followers) combined with low engagement rate (0.02%),By from divine Hindu  Jay Shree ram❤️🕉️  #reels #trending #virals  #viralposts #viral viralpost explorepage trending viralvideos instagram explore viralvideo instagood viralreels like follow fyp virals trendingnow ram dodge x hindu hanuman india cumm
165,Tier 3: Toggle OFF + Boosted,Isha Life India,"Pan-India / Tamil Nadu (HQ: Coimbatore, Isha)",@thepinal_,1968,🕉️ Devotional Content & Spiritual Storytelling,13715,3,0,0.02%,0.15%,2026-06-28,https://www.instagram.com/p/DaIllPAP7Rv/,🚀 Boosted (Paid Ad Spend): High view multiplier (6.97x followers) combined with low engagement rate (0.02%),@isha.life.india 🌿🧺  #fyp #foryou #explore #trend #viral
166,Tier 3: Toggle OFF + Boosted,Divine Hindu,Pan-India / Delhi NCR (HQ: New Delhi),@crystal_by_divinehindu,1332,"🔮 Astrology, Horoscope & Gemstone Consultation",11115,51,2,0.46%,3.98%,2026-01-20,https://www.instagram.com/p/DTu33WsE6bu/,🚀 Boosted (Paid Ad Spend): High view multiplier (8.34x followers) combined with low engagement rate (0.46%),"Thinking of wearing Ruby (माणिक)? 👀❤️  Ruby, known as Manik, is the gemstone of Surya Grah (Sun) ☀️ It is associated with confidence, leadership, power, vitality, and success 🔥✨  Consult before you wear ❤️ Right guidance = right results ✨  [Ruby, Man"
167,Tier 3: Toggle OFF + Boosted,Divine Hindu,Pan-India / Delhi NCR (HQ: New Delhi),@crystal_by_divinehindu,1332,"🔮 Astrology, Horoscope & Gemstone Consultation",11082,59,2,0.53%,4.58%,2026-03-03,https://www.instagram.com/p/DVaZH6Nkl_g/,🚀 Boosted (Paid Ad Spend): High view multiplier (8.32x followers) combined with low engagement rate (0.53%),"जब अहंकार जला और भक्ति बची, वही है होलिका दहन का सच्चा अर्थ 🔥✨  आइए इस पावन अग्नि में अपने भीतर की हर नकारात्मकता को समर्पित करें और जीवन में नई रोशनी का स्वागत करें। ✨🔥  [Holika, Holi, Holika dahan, Grahan, Hindu, Hinduism, Festival]  #divinehindu #"
168,Tier 3: Toggle OFF + Boosted,Divine Hindu,Pan-India / Delhi NCR (HQ: New Delhi),@rahul_jadhav_motivation_90,851,🕉️ Devotional Content & Spiritual Storytelling,10432,3,0,0.03%,0.35%,2026-07-14,https://www.instagram.com/p/DaxIcm_Ktm5/,🚀 Boosted (Paid Ad Spend): High view multiplier (12.26x followers) combined with low engagement rate (0.03%),Order from divine hindu🙏  #trending #reels #trendingreels #viral #viralvideos
169,Tier 3: Toggle OFF + Boosted,Divine Hindu,Pan-India / Delhi NCR (HQ: New Delhi),@crystal_by_divinehindu,1332,"🔮 Astrology, Horoscope & Gemstone Consultation",9822,61,9,0.62%,5.26%,2026-07-30,https://www.instagram.com/p/DbZunekzmOJ/,🚀 Boosted (Paid Ad Spend): High view multiplier (7.37x followers) combined with low engagement rate (0.62%),"Not an ordinary Rakhi. A Rakhi chosen for his Rashi. ✨  This Raksha Bandhan, tie a Divine Rashi Rakhi thoughtfully curated with crystals selected for your Bhai’s zodiac sign.  12 Rashis. 12 unique designs. One meaningful Rakhi made especially for him"
170,Tier 3: Toggle OFF + Boosted,Divine Hindu,Pan-India / Delhi NCR (HQ: New Delhi),@crystal_by_divinehindu,1332,"🔮 Astrology, Horoscope & Gemstone Consultation",8431,28,0,0.33%,2.10%,2026-02-01,https://www.instagram.com/p/DUNuli9E8Aa/,🚀 Boosted (Paid Ad Spend): High view multiplier (6.33x followers) combined with low engagement rate (0.33%),"Thinking of wearing Hessonite (Gomed)? 👀  Gomed is the gemstone of Rahu Grah 🌑 It helps balance Rahu’s energy, brings mental peace, removes obstacles & boosts confidence ✨🔥  ⚠️ Always consult before wearing ❤️ Right guidance = right results ✨  [Gomed"
171,Tier 3: Toggle OFF + Boosted,Divine Hindu,Pan-India / Delhi NCR (HQ: New Delhi),@the.chaos.wife,859,"🏛️ Temple Lore, Mythology & Sanatan Philosophy",8145,56,3,0.69%,6.87%,2026-08-25,https://www.instagram.com/p/DcdX2rAP_Y0/,🚀 Boosted (Paid Ad Spend): High view multiplier (9.48x followers) combined with low engagement rate (0.69%),"✨ Divine energy, peaceful soul & a little faith in the universe. 🕉️🙏  Wearing my Green Aventurine 💚 — often associated with positivity, growth, abundance & good energy.  🎁 Use code: [CHOASWIF10] for a special discount.  #sanatandharm #hindureels #div"
172,Tier 4: Toggle OFF + Organic (Noise),Divine Hindu,Pan-India / Delhi NCR (HQ: New Delhi),@epic_sunny_01,1000000,🕉️ Devotional Content & Spiritual Storytelling,23079073,1839521,15199,7.97%,185.47%,2026-01-05,https://www.instagram.com/p/DTHxXIPiLfL/,"📈 Viral Organic Reach: High organic views (23,079,073) with strong like rate (7.97%)",Comment main batuo 🙏🏻🦚 #Radheradhe   #reel #insta #fb #fbreels
173,Tier 4: Toggle OFF + Organic (Noise),Japam,Pan-India / Rajasthan (HQ: Jaipur),@tanyamittalofficial,5000000,"🕉️ Mantras, Japa Meditation & Puja Rituals",11952300,250766,1789,2.10%,5.05%,2025-08-27,https://www.instagram.com/p/DN3JoUv5iIt/,"📈 Viral Organic Reach: High organic views (11,952,300) with strong like rate (2.1%)","Starting my mornings with the sacred energy of Rudraksha. Each bead reminds me to slow down, connect within and carry Lord Shiva’s blessings throughout the day. Shop your Rudraksha Mala only from  www.japam.in"
174,Tier 4: Toggle OFF + Organic (Noise),Isha Life India,"Pan-India / Tamil Nadu (HQ: Coimbatore, Isha)",@savorwithbharti,327000,🕉️ Devotional Content & Spiritual Storytelling,11789177,140735,293,1.19%,43.13%,2026-01-06,https://www.instagram.com/p/DTKnQotk-gS/,⚪ Standard Organic: Baseline organic collab reach,Makar Sankranti Special Til Mawa Roll😋❤️  Have you tried this melt in mouth Til Mawa Roll if not give this a try and you will be amazed with its flavour😋🥰  ✅Save and share for future reference! ✅FOLLOW @savorwithbharti for more recipes❤️  Ingredients
175,Tier 4: Toggle OFF + Organic (Noise),Divine Hindu,Pan-India / Delhi NCR (HQ: New Delhi),@vidhya_vidhu21,2000000,🕉️ Devotional Content & Spiritual Storytelling,11327445,243293,924,2.15%,12.21%,2025-12-21,https://www.instagram.com/p/DSgw_7yk4ro/,"📈 Viral Organic Reach: High organic views (11,327,445) with strong like rate (2.15%)",😳🙏🏻 @divinehindu.in  @karungali_by_divinehindu  #reels #instagram #insta #instadaily #reelsinstagram
176,Tier 4: Toggle OFF + Organic (Noise),Japam,Pan-India / Rajasthan (HQ: Jaipur),@_your_rock_999_,92000,"🕉️ Mantras, Japa Meditation & Puja Rituals",5483673,961471,4290,17.53%,1049.74%,2026-01-20,https://www.instagram.com/p/DTuvQPMjyTq/,"📈 Viral Organic Reach: High organic views (5,483,673) with strong like rate (17.53%)","Har Har Mahadev 🕉️🔱 Authentic. Spiritual. Handcrafted. ✨ Discover @japam.in, where every piece of jewelry is made with intention and rooted in ancient energy. Shop timeless pieces at www.japam.in  💫"
177,Tier 4: Toggle OFF + Organic (Noise),Japam,Pan-India / Rajasthan (HQ: Jaipur),@cowsblike,2000000,"🕉️ Mantras, Japa Meditation & Puja Rituals",4139293,311917,527,7.54%,15.62%,2025-11-29,https://www.instagram.com/p/DRpM_trE2dL/,"📈 Viral Organic Reach: High organic views (4,139,293) with strong like rate (7.54%)",Vrinda ko sab Puchna rehta h😄.. Anyways Got this amazing bracelet from @japam.in ✨
178,Tier 4: Toggle OFF + Organic (Noise),Divine Hindu,Pan-India / Delhi NCR (HQ: New Delhi),@rashmithapoojary96,1000000,🕉️ Devotional Content & Spiritual Storytelling,3369291,71894,466,2.13%,7.24%,2025-12-16,https://www.instagram.com/p/DSUhGKYEUgy/,"📈 Viral Organic Reach: High organic views (3,369,291) with strong like rate (2.13%)",Wait For End ❤️  #reel #reelinstagram #comedy #rashmithapoojary  @divinehindu.in
179,Tier 4: Toggle OFF + Organic (Noise),House of Rudra,Pan-India / Gujarat (HQ: Ahmedabad),@divinelight_harsh,510000,"🔬 Rudraksha Authenticity, Lab Testing & Craft Lore",2726336,114658,496,4.21%,22.58%,2026-03-21,https://www.instagram.com/p/DWJUC_bjZUA/,"📈 Viral Organic Reach: High organic views (2,726,336) with strong like rate (4.21%)",This hanuman jayanti lets make this year the best year ✨️  Place your order now  Link is in my bio ❤️  Follow @houseofrudra_social & Buy on www.houseofrudra.in They have authentic 7 mukhi rudraksh with lab tested certificates  This hanuman jayanti le
180,Tier 4: Toggle OFF + Organic (Noise),Japam,Pan-India / Rajasthan (HQ: Jaipur),@aishwaryakaushik__,2000000,🕉️ Devotional Content & Spiritual Storytelling,2316560,13129,250,0.57%,0.67%,2026-02-12,https://www.instagram.com/p/DUpeTEmD26I/,⚪ Standard Organic: Baseline organic collab reach,महाशिवरात्रि ❤️ शिव शक्ति का संयोग ही नहीं है ये एक ऐसा पावन पर्व है जब हम बाबा महादेव और माता पार्वती को प्रसन्न करने के लिए कुछ छोटे छोटे उपाय कर अपना जीवन और धन्य बना सकते हैं । - ॰ रुद्राभिषेक अवश्य करें  ॰ रुद्राक्ष की माला 📿 से जाप अवश्य करें  
181,Tier 4: Toggle OFF + Organic (Noise),Divine Hindu,Pan-India / Delhi NCR (HQ: New Delhi),@varun._.aradya,1000000,🕉️ Devotional Content & Spiritual Storytelling,2202890,103659,175,4.71%,10.38%,2026-01-17,https://www.instagram.com/p/DTmhEiKDwiz/,"📈 Viral Organic Reach: High organic views (2,202,890) with strong like rate (4.71%)",Watch till end 😂❤️ #reelkarofeelkaro #reels #reelitfeelit #reel #reelsvideo
182,Tier 4: Toggle OFF + Organic (Noise),Divine Hindu,Pan-India / Delhi NCR (HQ: New Delhi),@amisha_rakholiyaa,456000,"📦 Unboxing, Gifting & Product Review",2119179,82043,2985,3.87%,18.65%,2026-03-24,https://www.instagram.com/p/DWQ0S4VConL/,"📈 Viral Organic Reach: High organic views (2,119,179) with strong like rate (3.87%)",Best gift for her♥️🌸 Hurry up for Divine Days sale with 100% cashback 💯 @divinehindu.in   #myvoice #hindilines #divinehindu #spiritual #motivation
183,Tier 4: Toggle OFF + Organic (Noise),Rudralife,Pan-India / Maharashtra (HQ: Mumbai),@milindrunning,2000000,"🔬 Rudraksha Authenticity, Lab Testing & Craft Lore",1738260,93960,683,5.41%,4.73%,2025-04-14,https://www.instagram.com/p/DIbV33py4xb/,"📈 Viral Organic Reach: High organic views (1,738,260) with strong like rate (5.41%)",Wore the rare and powerful 1-21 Mukhi Indra Mala from Rudralife as show stopper at Bombay Times Fashion Week !   Walking the ramp after so many years with such a brilliant theme was fantastic!   Unveiled for the first time the one of its kind Nakshat
184,Tier 4: Toggle OFF + Organic (Noise),Isha Life India,"Pan-India / Tamil Nadu (HQ: Coimbatore, Isha)",@shriysss,101000,"🏛️ Temple Lore, Mythology & Sanatan Philosophy",1636248,209847,898,12.82%,208.66%,2026-06-06,https://www.instagram.com/p/DZOyLyfFAM2/,"📈 Viral Organic Reach: High organic views (1,636,248) with strong like rate (12.82%)","krishna in every smiling face, every soul, every heart that feels deeply.  for where there is love ,he’s there💙  And, There are some things you wear, and then there are some things you experience…  Draping this Devi energised saree felt like more tha"
185,Tier 4: Toggle OFF + Organic (Noise),Divine Hindu,Pan-India / Delhi NCR (HQ: New Delhi),@amarraghuofficial,2000000,🕉️ Devotional Content & Spiritual Storytelling,1313170,73460,9499,5.59%,4.15%,2026-01-06,https://www.instagram.com/p/DTKIyiIkaBL/,"📈 Viral Organic Reach: High organic views (1,313,170) with strong like rate (5.59%)","📍COMMENT "" LINK "" FOR KARUNGALI MALA 📿 😱🙏|"
186,Tier 4: Toggle OFF + Organic (Noise),House of Rudra,Pan-India / Gujarat (HQ: Ahmedabad),@mude_ashok_ashu,306000,"📦 Unboxing, Gifting & Product Review",1310602,19051,202,1.45%,6.29%,2026-07-09,https://www.instagram.com/p/Dakg04nB12O/,⚪ Standard Organic: Baseline organic collab reach,"బాధపడకు అన్ని సర్దుకొంటాయి …. . 🕉 🔱 Comment ""Link""  For  Money Magnet Bracelet  Place your order now  Link is in my bio ❤️  Follow @houseofrudra_social & Buy on www.houseofrudra.in They have authentic Money Magnet bracelets  with lab tested certifica"
187,Tier 4: Toggle OFF + Organic (Noise),Nepa Rudraksha,Nepal & Pan-India (HQ: Kathmandu / Delhi),@ajaydevgn,12000000,🕉️ Devotional Content & Spiritual Storytelling,1281508,85483,940,6.67%,0.72%,2025-07-03,https://www.instagram.com/p/DLpVJbZpLaH/,⚪ Standard Organic: Baseline organic collab reach,Purpose. Energy. Truth.  @neparudraksha #NepaRudraksha
188,Tier 4: Toggle OFF + Organic (Noise),House of Rudra,Pan-India / Gujarat (HQ: Ahmedabad),@santu_shiru,218000,🕉️ Devotional Content & Spiritual Storytelling,1162600,23017,59,1.98%,10.59%,2026-02-17,https://www.instagram.com/p/DU26xYjk4dZ/,⚪ Standard Organic: Baseline organic collab reach,ಮಾತ ಎತ್ತಿದ್ರೆ ಹೊಡಿತಾಳೆ ನನ್ನ ಹೆಂಡ್ತಿ 😭😂  Place your order now  Link is in my bio ❤️  Follow @houseofrudra_social & Buy on www.houseofrudra.in They have authentic Karungali Malas with lab tested certificates   #religious #karungalemala #mala #accessori
189,Tier 4: Toggle OFF + Organic (Noise),House of Rudra,Pan-India / Gujarat (HQ: Ahmedabad),@invited_shadow,241000,🕉️ Devotional Content & Spiritual Storytelling,1053841,20936,429,1.99%,8.87%,2026-02-19,https://www.instagram.com/p/DU8Ed8GAc1P/,⚪ Standard Organic: Baseline organic collab reach,Place your order now  Link is in my bio ❤️  Follow @houseofrudra_social & Buy on www.houseofrudra.in They have authentic Karungali Malas with lab tested certificates   #religious #karungalemala #mala #karungali #instagood
190,Tier 4: Toggle OFF + Organic (Noise),House of Rudra,Pan-India / Gujarat (HQ: Ahmedabad),@jahnavianagani,313000,🕉️ Devotional Content & Spiritual Storytelling,935085,26295,2646,2.81%,9.25%,2026-07-29,https://www.instagram.com/p/DbXXQhiodAD/,"📈 Viral Organic Reach: High organic views (935,085) with strong like rate (2.81%)",✨ శతాబ్దాలుగా దక్షిణ భారత దేవాలయ సంప్రదాయాల్లో వాడే సుగంధ ద్రవ్యం ఏంటో తెలుసా? 🤔  Comment “Link”  For Gajakesari Punugu Or Place your order now  Link is in my bio ❤️  #viral #fyp #telugu #explore #hindu
191,Tier 4: Toggle OFF + Organic (Noise),House of Rudra,Pan-India / Gujarat (HQ: Ahmedabad),@divinelight_harsh,510000,"🔬 Rudraksha Authenticity, Lab Testing & Craft Lore",931860,132084,1410,14.17%,26.18%,2026-06-15,https://www.instagram.com/p/DZm035MvWti/,"📈 Viral Organic Reach: High organic views (931,860) with strong like rate (14.17%)",हर हर महादेव 🕉️🔱  Place your order now  Link is in my bio ❤️  Follow @houseofrudra_social & Buy on www.houseofrudra.in They have authentic 7 Mukhi Rudraksh with lab tested certificates  #religious #rudraksh #accessories  #trendingreels #fyp
192,Tier 4: Toggle OFF + Organic (Noise),House of Rudra,Pan-India / Gujarat (HQ: Ahmedabad),@the.sree.ram,115000,🕉️ Devotional Content & Spiritual Storytelling,845016,9174,646,1.09%,8.54%,2026-04-11,https://www.instagram.com/p/DW_gYulzlno/,⚪ Standard Organic: Baseline organic collab reach,This video is  your sign that you will going to get blessings from Mahadev and Murugan swamy  Place your order now  Link is in my bio ❤️  Follow @houseofrudra_social & Buy on www.houseofrudra.in They have authentic Silver karungali mala with lab test
193,Tier 4: Toggle OFF + Organic (Noise),Isha Life India,"Pan-India / Tamil Nadu (HQ: Coimbatore, Isha)",@parhita.kitchen,34000,🕉️ Devotional Content & Spiritual Storytelling,826872,18668,89,2.26%,55.17%,2026-02-13,https://www.instagram.com/p/DUs3LsIE_uK/,"📈 Viral Organic Reach: High organic views (826,872) with strong like rate (2.26%)","Ingredients For fresh coconut milk Fresh coconut – 1 medium (chopped) Water – 1 to 1½ cups For the cashew–banana base Soaked cashews – ½ cup (or at least a minimum of 10 count) Cardamom pods – 3 Banana – 1 (use 2 for a thicker, creamier texture) Wate"
194,Tier 4: Toggle OFF + Organic (Noise),Divine Hindu,Pan-India / Delhi NCR (HQ: New Delhi),@sumana5976,118000,"🏛️ Temple Lore, Mythology & Sanatan Philosophy",781930,64191,401,8.21%,54.74%,2026-01-15,https://www.instagram.com/p/DTiI_z5kj4n/,"📈 Viral Organic Reach: High organic views (781,930) with strong like rate (8.21%)","শিবকে যে হৃদয়ে রাখে, সে প্রশ্নের উত্তর দিতে কখনো দেরি করে না😍হর হর মহাদেব 🙏 @divinehindu.in    #qna #quotes #sanatanadharma #sanatanihindu #harharmahadev #mahadev #mahakal #reel #insta #fb #fbreels #foryou #viral"
195,Tier 4: Toggle OFF + Organic (Noise),Isha Life India,"Pan-India / Tamil Nadu (HQ: Coimbatore, Isha)",@aangan_thali,46000,🕉️ Devotional Content & Spiritual Storytelling,771481,19474,69,2.52%,42.48%,2026-06-14,https://www.instagram.com/p/DZjLNWApq83/,"📈 Viral Organic Reach: High organic views (771,481) with strong like rate (2.52%)",देसी तरीके से चूल्हे पर बनी स्वादिष्ट कद्दू की सब्ज़ी और आटे का हलवा😍| • • • • • • • With - @isha.life.india —————————————————————————— #reels #foodlover #viral #cooking #fyp
196,Tier 4: Toggle OFF + Organic (Noise),House of Rudra,Pan-India / Gujarat (HQ: Ahmedabad),@shrinayana4,217000,"📦 Unboxing, Gifting & Product Review",763744,16324,0,2.14%,7.52%,2025-12-25,https://www.instagram.com/p/DSsCnluCL-X/,"📈 Viral Organic Reach: High organic views (763,744) with strong like rate (2.14%)",ದೇವರು ಎಲ್ಲರಿಗೂ ಒಳ್ಳೆದ ಮಾಡ್ಲಿ  Place your order now  Link is in my bio ❤️  Follow @houseofrudra_social & Buy on www.houseofrudra.in They have authentic products with lab tested certificates  #religious #bracelet #accessories #religious accessories #tr
197,Tier 4: Toggle OFF + Organic (Noise),Isha Life India,"Pan-India / Tamil Nadu (HQ: Coimbatore, Isha)",@babydoll_ishaaaa,257000,🌟 Celebrity & Spiritual Leader Endorsement,757381,20965,97,2.77%,8.20%,2025-12-27,https://www.instagram.com/p/DSwVcShCWhg/,"📈 Viral Organic Reach: High organic views (757,381) with strong like rate (2.77%)","When food is pure, life becomes balanced 🌿 Natural wellness,Naturally Sweet and traditionally strong #IshaLife #Sadhguru #EatConsciously"
198,Tier 4: Toggle OFF + Organic (Noise),Divine Hindu,Pan-India / Delhi NCR (HQ: New Delhi),@pavanedition,1000000,🕉️ Devotional Content & Spiritual Storytelling,749649,53069,1185,7.08%,5.43%,2026-01-09,https://www.instagram.com/p/DTSkR9bDNhE/,"📈 Viral Organic Reach: High organic views (749,649) with strong like rate (7.08%)","కరుంగలి మాల అంటే కేవలం ఆభరణం కాదు…  🔑 Keywords   Karungali Mala benefits, spiritual protection, positive energy, negative energy removal, ancient tradition, spiritual jewelry, divine vibes, daily spiritual wear, wood mala  #️⃣ Hashtags   #KarungaliMa"
199,Tier 4: Toggle OFF + Organic (Noise),Japam,Pan-India / Rajasthan (HQ: Jaipur),@sharpnerworld,379000,"🕉️ Mantras, Japa Meditation & Puja Rituals",701891,40689,74,5.80%,10.76%,2025-09-11,https://www.instagram.com/p/DOdn3p9DBzv/,"📈 Viral Organic Reach: High organic views (701,891) with strong like rate (5.8%)","रुद्राक्ष फक्त माळ नाही, तर शरीराला मिळणारी नैसर्गिक ऊर्जा आहे. 🌱 Japam सोबत शोधा आपल्या आरोग्याचा नवा मंत्र. Japam website - japam.in | trending | Sharpner | रुद्राक्ष | energy | facts"
200,Tier 4: Toggle OFF + Organic (Noise),Divine Hindu,Pan-India / Delhi NCR (HQ: New Delhi),@epic_sunny_01,1000000,🕉️ Devotional Content & Spiritual Storytelling,684421,36434,740,5.32%,3.72%,2026-02-18,https://www.instagram.com/p/DU47iKZCM-2/,⚪ Standard Organic: Baseline organic collab reach,Comment main batuo 🙏🏻   #reel #insta #fb #fbreels #fbviral
201,Tier 4: Toggle OFF + Organic (Noise),Japam,Pan-India / Rajasthan (HQ: Jaipur),@rakshithh_077,230000,"🕉️ Mantras, Japa Meditation & Puja Rituals",679732,57938,27,8.52%,25.20%,2025-09-15,https://www.instagram.com/p/DOnxOxSEh7Z/,"📈 Viral Organic Reach: High organic views (679,732) with strong like rate (8.52%)",wait for the end 💥 we got it from @japam.in   #japam
202,Tier 4: Toggle OFF + Organic (Noise),Rudralife,Pan-India / Maharashtra (HQ: Mumbai),@thearpitfilms,176000,"🏛️ Temple Lore, Mythology & Sanatan Philosophy",654871,62645,1179,9.57%,36.26%,2025-06-09,https://www.instagram.com/p/DKrfAj8NABq/,"📈 Viral Organic Reach: High organic views (654,871) with strong like rate (9.57%)","✨ Divine Journey to Amarnath🌿  Embark on a virtual pilgrimage to the majestic Amarnath cave, home of Shiva’s eternal presence. ❄️🙏  Every step of this sacred Yatra deepens your bond with Lord Shiva,  and his most precious blessing: the Rudraksha.   S"
203,Tier 4: Toggle OFF + Organic (Noise),Isha Life India,"Pan-India / Tamil Nadu (HQ: Coimbatore, Isha)",@naenaesthetics,27000,🌟 Celebrity & Spiritual Leader Endorsement,621406,13670,73,2.20%,50.90%,2026-05-26,https://www.instagram.com/p/DYyiuU4vMrS/,"📈 Viral Organic Reach: High organic views (621,406) with strong like rate (2.2%)","One breakfast that’s been a constant in my fitness journey.  Adding Seeds and berries from @isha.life.india - giving it more micronutrients, more fibre and extra crunch ✨  #isha #sadhguru #oats #seeds #nuts"
204,Tier 4: Toggle OFF + Organic (Noise),Rudralife,Pan-India / Maharashtra (HQ: Mumbai),@mrcinepion,237000,"🔬 Rudraksha Authenticity, Lab Testing & Craft Lore",600103,2377,8,0.40%,1.01%,2025-02-01,https://www.instagram.com/p/DFh5mU3pX0B/,⚪ Standard Organic: Baseline organic collab reach,"Ever experienced something you can’t quite explain, and you feel empowered?  Got a 5 Mukhi Rudraksha Kantha/Mala from Rudralife, and something shifted—like a quiet calm settling in.   A sense of balance, clarity, and peace I didn’t know I needed. ✨ #"
205,Tier 4: Toggle OFF + Organic (Noise),Rudralife,Pan-India / Maharashtra (HQ: Mumbai),@ayushkalra,225000,"🏛️ Temple Lore, Mythology & Sanatan Philosophy",591338,54471,486,9.21%,24.43%,2025-02-10,https://www.instagram.com/p/DF5RmjIyrYs/,"📈 Viral Organic Reach: High organic views (591,338) with strong like rate (9.21%)","Rudraksha is not just a bead - it’s a blessing, a journey, an emotion. #rudraksha   To understand it, one must experience it. Visit : https://rudralife.com  Om Namah Shivaye . . . #mahadev #shivshankar #kedarnath #somnath #kashi #mahadeva #shivratri "
206,Tier 4: Toggle OFF + Organic (Noise),Rudralife,Pan-India / Maharashtra (HQ: Mumbai),@milindrunning,2000000,🕉️ Devotional Content & Spiritual Storytelling,582626,20514,236,3.52%,1.04%,2025-04-23,https://www.instagram.com/p/DIyeuHVyvWY/,⚪ Standard Organic: Baseline organic collab reach,Har Har Mahadev!! Loved this show 😀 @rudraliferudraksha . . . Edit by @taraahh_connect :)
207,Tier 4: Toggle OFF + Organic (Noise),Isha Life India,"Pan-India / Tamil Nadu (HQ: Coimbatore, Isha)",@sanju_kandregula,191000,🕉️ Devotional Content & Spiritual Storytelling,567395,30670,944,5.41%,16.55%,2026-02-22,https://www.instagram.com/p/DVCys-igfiT/,"📈 Viral Organic Reach: High organic views (567,395) with strong like rate (5.41%)",Simple Living 🫠❤️  Saree @isha.life.india 🙏  #simple #feltcute #traditional #sareelove #sanju
208,Tier 4: Toggle OFF + Organic (Noise),Divine Hindu,Pan-India / Delhi NCR (HQ: New Delhi),@alekhyaharika_,2000000,🕉️ Devotional Content & Spiritual Storytelling,560348,17286,0,3.08%,0.86%,2025-12-17,https://www.instagram.com/p/DSXXXxrkoNv/,⚪ Standard Organic: Baseline organic collab reach,Karungali Mala A Step To Change Life ✨  @karungali_by_divinehindu
209,Tier 4: Toggle OFF + Organic (Noise),Japam,Pan-India / Rajasthan (HQ: Jaipur),@surbhigandhii,536000,🕉️ Devotional Content & Spiritual Storytelling,549062,13721,373,2.50%,2.63%,2026-02-02,https://www.instagram.com/p/DUOJ7mHEiqJ/,⚪ Standard Organic: Baseline organic collab reach,"Ladies, do this to make people respect you  When you don’t depend on validation, people take you seriously. This isn’t about being cold or distant. It’s about being stable.  I’ve been working on building this inner steadiness, and one small thing I’v"
210,Tier 4: Toggle OFF + Organic (Noise),House of Rudra,Pan-India / Gujarat (HQ: Ahmedabad),@invited_shadow,241000,"📦 Unboxing, Gifting & Product Review",509553,11421,92,2.24%,4.78%,2026-03-06,https://www.instagram.com/p/DViv74VAc1m/,"📈 Viral Organic Reach: High organic views (509,553) with strong like rate (2.24%)",Tiger eye benefits Link is in my bio ❤️  Follow @houseofrudra_social & Buy on www.houseofrudra.in They have authentic money magnet bracelet with lab tested certificates   #religious #moneymagnetbracelate #bracelate #accessories #instagood
211,Tier 4: Toggle OFF + Organic (Noise),Divine Hindu,Pan-India / Delhi NCR (HQ: New Delhi),@sweetymofficial,2000000,"📦 Unboxing, Gifting & Product Review",480425,7503,42,1.56%,0.38%,2026-04-24,https://www.instagram.com/p/DXhOil1E6aT/,⚪ Standard Organic: Baseline organic collab reach,Coment Link for this beautiful bracelet   #foryou #sweety_24 #explore #trending #explorepage
212,Tier 4: Toggle OFF + Organic (Noise),House of Rudra,Pan-India / Gujarat (HQ: Ahmedabad),@its_me_laya_vinay,372000,🕉️ Devotional Content & Spiritual Storytelling,479531,8435,239,1.76%,2.33%,2025-10-10,https://www.instagram.com/p/DPnqo67ksXf/,⚪ Standard Organic: Baseline organic collab reach,Link na bio  undi ippude download cesukondi ♥️  Follow @houseofrudra_social & Buy on www.houseofrudra.in They have authentic Karungali Malas with lab tested certificates   #religious #karungalemala #telegu #trendingreels #fyp #religiousproduct #viral
213,Tier 4: Toggle OFF + Organic (Noise),Rudralife,Pan-India / Maharashtra (HQ: Mumbai),@secret_temples,658000,"🏛️ Temple Lore, Mythology & Sanatan Philosophy",469992,25405,132,5.41%,3.88%,2025-03-04,https://www.instagram.com/p/DGxwSSnT7MU/,⚪ Standard Organic: Baseline organic collab reach,"✨ A Rare Ritual at Jagannath Temple! ✨  Deep within the traditions of Puri’s Jagannath Temple lies a sacred ceremony that happens only once in 12-19 years! 🕉️  A ritual symbolizing rebirth and immortality, where the deities undergo a divine transform"
214,Tier 4: Toggle OFF + Organic (Noise),House of Rudra,Pan-India / Gujarat (HQ: Ahmedabad),@divinelight_harsh,510000,"📦 Unboxing, Gifting & Product Review",456504,14625,124,3.20%,2.89%,2026-04-21,https://www.instagram.com/p/DXZJjYuEsLp/,⚪ Standard Organic: Baseline organic collab reach,Kya apko bhi aisa lagta hai???🤯  Place your order now  Link is in my bio ❤️  Follow @houseofrudra_social & Buy on www.houseofrudra.in They have authentic Money Magnet Bracelet with lab tested certificates  #religious  #accessories #religiousaccessori
215,Tier 4: Toggle OFF + Organic (Noise),Japam,Pan-India / Rajasthan (HQ: Jaipur),@its_arjun_official___,258000,"🕉️ Mantras, Japa Meditation & Puja Rituals",429379,6680,568,1.56%,2.81%,2025-08-01,https://www.instagram.com/p/DMzFesWBZsp/,⚪ Standard Organic: Baseline organic collab reach,"Dark hills, deep thoughts... . . . . . #goviral #reelitfeelit #explorepage #viral #trending #japam"
216,Tier 4: Toggle OFF + Organic (Noise),Japam,Pan-India / Rajasthan (HQ: Jaipur),@just_manju_things,437000,🕉️ Devotional Content & Spiritual Storytelling,422286,17407,40,4.12%,3.99%,2025-12-11,https://www.instagram.com/p/DSG0Ftgj4vk/,⚪ Standard Organic: Baseline organic collab reach,"ವರ ನೀಡಿದ ಋಷಿ ಯಾರು?  Kannadareels, Mahabharatha, Quiz, Karungali Mala, Viral   @sanvi_mahadev Thank you for participating.🚩"
217,Tier 4: Toggle OFF + Organic (Noise),Japam,Pan-India / Rajasthan (HQ: Jaipur),@appu__asare,259000,"🕉️ Mantras, Japa Meditation & Puja Rituals",420572,12848,72,3.05%,4.99%,2025-09-04,https://www.instagram.com/p/DOLihEdEsEX/,"📈 Viral Organic Reach: High organic views (420,572) with strong like rate (3.05%)","ಓಂ ನಮಃ ಶಿವಾಯ🕉️🙏 Follow @appu__asare  To get yours, visit japam.in or Dm on their instagram👈  #karnataka #viralvideos #respect #humanity #india #respect #india #bracelet #instamood #trendingsongs❤️ #viralreels❤️ #yadgiri #yadgiri❤️ #helping #tren"
218,Tier 4: Toggle OFF + Organic (Noise),Divine Hindu,Pan-India / Delhi NCR (HQ: New Delhi),@59rancho,539000,🕉️ Devotional Content & Spiritual Storytelling,414578,40003,270,9.65%,7.47%,2025-12-27,https://www.instagram.com/p/DSwILp2DPC_/,"📈 Viral Organic Reach: High organic views (414,578) with strong like rate (9.65%)",Shri ram ji ko Dhanush Kisne diya tha?🕉️🥹🔱🙏.... #love #reels #jaishivray #jaishreeram #reelsinstagram
219,Tier 4: Toggle OFF + Organic (Noise),Isha Life India,"Pan-India / Tamil Nadu (HQ: Coimbatore, Isha)",@sapna_gowda_,178000,🕉️ Devotional Content & Spiritual Storytelling,412325,8097,69,1.96%,4.59%,2026-02-10,https://www.instagram.com/p/DUkWlbNAS24/,⚪ Standard Organic: Baseline organic collab reach,Tuesday Pooja with Devi saree🌸🙏🏻  #ragavendraswami #explorepage #tuesdayvibes #chamundeshwari #amavasya
220,Tier 4: Toggle OFF + Organic (Noise),House of Rudra,Pan-India / Gujarat (HQ: Ahmedabad),@jahnavianagani,313000,🕉️ Devotional Content & Spiritual Storytelling,402302,13217,1066,3.29%,4.56%,2026-08-13,https://www.instagram.com/p/Db-CCrOt-EF/,"📈 Viral Organic Reach: High organic views (402,302) with strong like rate (3.29%)",అందరికీ శ్రావణ మాసం శుభాకాంక్షలు…   హర హర మహాదేవ్ 🕉️ . . . . . . . #viral #fyp #telugu #explore #hindu
221,Tier 4: Toggle OFF + Organic (Noise),Japam,Pan-India / Rajasthan (HQ: Jaipur),@sharktank.india,2000000,"🕉️ Mantras, Japa Meditation & Puja Rituals",390822,3640,117,0.93%,0.19%,2026-01-15,https://www.instagram.com/p/DTh6KYzDC_8/,⚪ Standard Organic: Baseline organic collab reach,"When the Tank pauses for a soulful talk on fear, faith, and purpose 💭🦈 @japam.in  Watch Shark Tank India Season 5, Streaming Now Mon-Fri, 8 PM on Sony LIV.  @anupammittal.me @boatxaman  @namitathapar @vineetasng @1kunalbahl @amitjain_cardekho  @rites"
222,Tier 4: Toggle OFF + Organic (Noise),Divine Hindu,Pan-India / Delhi NCR (HQ: New Delhi),@aishwaryakaushik__,2000000,🕉️ Devotional Content & Spiritual Storytelling,371752,25706,303,6.91%,1.30%,2025-11-25,https://www.instagram.com/p/DRek8-DDwmA/,⚪ Standard Organic: Baseline organic collab reach,"बहुत आवश्यक है रुद्राक्ष हमेशा सही और कुदरती पहनना 📿  एक मुखी रुद्राक्ष सबसे दुर्लभ और शक्तिशाली रुद्राक्ष है, जिसे भगवान शिव का सीधा प्रतीक माना जाता है। यह आध्यात्मिक विकास, शांति और एकाग्रता को बढ़ावा देता है, साथ ही भौतिक लाभ भी प्रदान करता है जै"
223,Tier 4: Toggle OFF + Organic (Noise),Divine Hindu,Pan-India / Delhi NCR (HQ: New Delhi),@amisha_rakholiyaa,456000,"🔮 Astrology, Horoscope & Gemstone Consultation",362953,12395,80,3.42%,2.74%,2026-04-13,https://www.instagram.com/p/DXECl5IgCa4/,⚪ Standard Organic: Baseline organic collab reach,Best gift for Mesh Rashi in 2026🔥  #myvoice #hindilines #2026 #astrology #trending
224,Tier 4: Toggle OFF + Organic (Noise),Isha Life India,"Pan-India / Tamil Nadu (HQ: Coimbatore, Isha)",@raji.sharma.k,216000,"🏛️ Temple Lore, Mythology & Sanatan Philosophy",356709,14539,50,4.08%,6.75%,2026-02-08,https://www.instagram.com/p/DUdJxxbDTR6/,"📈 Viral Organic Reach: High organic views (356,709) with strong like rate (4.08%)","Me when mom isnt home🥰🏃‍♀️  One peaceful divine morning is enough & ofcourse Dosa has to be a part of it😋✅ and also, Amazing healthy offerings from @isha.life.india 🫶🏻❤️‍🩹   #ishafoundation #mahashivarathri #telugucontent #sunday #rayalaseema"
225,Tier 4: Toggle OFF + Organic (Noise),Divine Hindu,Pan-India / Delhi NCR (HQ: New Delhi),@rashmithapoojary96,1000000,🕉️ Devotional Content & Spiritual Storytelling,353934,10832,93,3.06%,1.09%,2025-11-25,https://www.instagram.com/p/DReGcWPjCgz/,⚪ Standard Organic: Baseline organic collab reach,Wait For End ❤️  #reel #reelinstagram #couplegoals #vjpawankirashmi #vjpawansingh #rashmithapoojary
226,Tier 4: Toggle OFF + Organic (Noise),Divine Hindu,Pan-India / Delhi NCR (HQ: New Delhi),@aishwaryakaushik__,2000000,🕉️ Devotional Content & Spiritual Storytelling,346074,13046,235,3.77%,0.66%,2026-02-03,https://www.instagram.com/p/DUSxunvj-L5/,⚪ Standard Organic: Baseline organic collab reach,जाप के प्रमुख लाभ- 🌸आध्यात्मिक लाभ :-  ईश्वर से जुड़ाव  कर्मों का शुद्धिकरण  आत्मिक शांति  भक्ति भाव की वृद्धि   🌸 वैज्ञानिक लाभ :  तनाव और चिंता में कमी  ब्लड प्रेशर नियंत्रित  एकाग्रता में वृद्धि  नींद में सुधार  आज विज्ञान भी मानता है कि मंत्र जप 
227,Tier 4: Toggle OFF + Organic (Noise),Divine Hindu,Pan-India / Delhi NCR (HQ: New Delhi),@aryanpagare05,253000,🕉️ Devotional Content & Spiritual Storytelling,337112,35101,143,10.41%,13.93%,2026-05-04,https://www.instagram.com/p/DX6HPqQTZy_/,"📈 Viral Organic Reach: High organic views (337,112) with strong like rate (10.41%)",KARMA  order this divine mala : @divinehindu.in  . #instagram #instagood #instalike #aryanpagare02 #indore
228,Tier 4: Toggle OFF + Organic (Noise),Isha Life India,"Pan-India / Tamil Nadu (HQ: Coimbatore, Isha)",@raji.sharma.k,216000,🕉️ Devotional Content & Spiritual Storytelling,317012,5060,36,1.60%,2.36%,2026-05-05,https://www.instagram.com/p/DX8f4yLC6Jx/,⚪ Standard Organic: Baseline organic collab reach,Share this to her💖    The beautiful kurtha-dhoti & the products from @isha.life.india 💥
229,Tier 4: Toggle OFF + Organic (Noise),Divine Hindu,Pan-India / Delhi NCR (HQ: New Delhi),@kalluganiofficial,163000,🕉️ Devotional Content & Spiritual Storytelling,312781,30425,72,9.73%,18.71%,2025-12-23,https://www.instagram.com/p/DSlmzEOk0as/,"📈 Viral Organic Reach: High organic views (312,781) with strong like rate (9.73%)",Secret of our love😍   #viral #explore #reels #trending
230,Tier 4: Toggle OFF + Organic (Noise),House of Rudra,Pan-India / Gujarat (HQ: Ahmedabad),@shivuhustle_07,88000,"🔬 Rudraksha Authenticity, Lab Testing & Craft Lore",306592,8506,279,2.77%,9.98%,2026-07-06,https://www.instagram.com/p/DaczTPHx5zK/,"📈 Viral Organic Reach: High organic views (306,592) with strong like rate (2.77%)","🕉️🔱 ನಿಜವಾದ 7 ಮುಖಿ ನೇಪಾಳಿ ರುದ್ರಾಕ್ಷಿಯನ್ನು ಹುಡುಕುತ್ತಿದ್ದೀರಾ? ಇಲ್ಲಿದೆ ನಿಮಗಾಗಿ! 🙏  💬 Comment ""Link"" to get the 7 Mukhi Rudraksha product link. ❤️ Place your order now!  🔗 Link in my bio.  Follow @houseofrudra_social They offer authentic 7 Mukhi Rudraksha"
231,Tier 4: Toggle OFF + Organic (Noise),House of Rudra,Pan-India / Gujarat (HQ: Ahmedabad),@voice_of_dharani_official,183000,🕉️ Devotional Content & Spiritual Storytelling,297737,2110,60,0.71%,1.19%,2026-04-30,https://www.instagram.com/p/DXwY8caxgq5/,⚪ Standard Organic: Baseline organic collab reach,Did you know this?🤔  Place your order now  Link is in my bio ❤️  Follow @houseofrudra_social & Buy on www.houseofrudra.in They have authentic Silver Karungali Mala with lab tested certificates  #religious #rudraksh #accessories #religious accessories
232,Tier 4: Toggle OFF + Organic (Noise),Divine Hindu,Pan-India / Delhi NCR (HQ: New Delhi),@_loveineveryframe_,124000,"📦 Unboxing, Gifting & Product Review",295608,20062,505,6.79%,16.59%,2026-03-06,https://www.instagram.com/p/DViPk8OjG2u/,"📈 Viral Organic Reach: High organic views (295,608) with strong like rate (6.79%)",Rose quartz 7 chakra bracelet !  #trending #fypシ #explore #truelove #divinehindu
233,Tier 4: Toggle OFF + Organic (Noise),Japam,Pan-India / Rajasthan (HQ: Jaipur),@tanukusisters,575000,"🕉️ Mantras, Japa Meditation & Puja Rituals",286792,27221,415,9.49%,4.81%,2026-01-28,https://www.instagram.com/p/DUCTALGEtyH/,"📈 Viral Organic Reach: High organic views (286,792) with strong like rate (9.49%)","Omkaram  .  We both felt really good when we received these - peaceful, positive, and light. Just calm and positive energy around. Thank you so much for these things !!  If anyone’s interested, you can check them out : @japam.in  . [Shiva , mahadev, "
234,Tier 4: Toggle OFF + Organic (Noise),Isha Life India,"Pan-India / Tamil Nadu (HQ: Coimbatore, Isha)",@divyaaabhatt,39000,🕉️ Devotional Content & Spiritual Storytelling,285815,13074,142,4.57%,33.89%,2026-07-14,https://www.instagram.com/p/Daxcun7T5ks/,"📈 Viral Organic Reach: High organic views (285,815) with strong like rate (4.57%)",The first few hours of my day decide the rest of it. So I protect it 🏡🌅  Sambrani Cups- @isha.life.india   #slowmorning #mountainview #manali #homestay #mountainlife
235,Tier 4: Toggle OFF + Organic (Noise),Isha Life India,"Pan-India / Tamil Nadu (HQ: Coimbatore, Isha)",@deepu_rajasthan,161000,🕉️ Devotional Content & Spiritual Storytelling,279899,5914,76,2.11%,3.72%,2026-04-16,https://www.instagram.com/p/DXMRiDJBve1/,⚪ Standard Organic: Baseline organic collab reach,दाल बाटी चूरमा 😋😍… . With :- @isha.life.india  . . #dalbatichurma #desifood #reel #explore #rajasthan
236,Tier 4: Toggle OFF + Organic (Noise),Japam,Pan-India / Rajasthan (HQ: Jaipur),@not.sospritual,171000,🕉️ Devotional Content & Spiritual Storytelling,271695,42591,112,15.68%,24.97%,2025-11-26,https://www.instagram.com/p/DRhBIg7DUTU/,"📈 Viral Organic Reach: High organic views (271,695) with strong like rate (15.68%)",Want Real and authentic Rudraksha !
237,Tier 4: Toggle OFF + Organic (Noise),House of Rudra,Pan-India / Gujarat (HQ: Ahmedabad),@_funny_boy_ganesh_,457000,"🏛️ Temple Lore, Mythology & Sanatan Philosophy",271561,19370,115,7.13%,4.26%,2026-02-14,https://www.instagram.com/p/DUuGqFED6aO/,"📈 Viral Organic Reach: High organic views (271,561) with strong like rate (7.13%)",MAHA SHIVARATRI..🙇🕉️📿🚩 .. .. Place your order now  Link is in my bio ❤️  Follow @houseofrudra_social & Buy on www.houseofrudra.in They have authentic Karungali Malas with lab tested certificates   #trending #shiva #shivaratri #karungali #mala
238,Tier 4: Toggle OFF + Organic (Noise),Divine Hindu,Pan-India / Delhi NCR (HQ: New Delhi),@59rancho,539000,"🕉️ Mantras, Japa Meditation & Puja Rituals",265602,12228,82,4.60%,2.28%,2026-04-29,https://www.instagram.com/p/DXtzWmXDHvp/,⚪ Standard Organic: Baseline organic collab reach,Mumbai ki sabse badi Aarti kaha hoti? ✍️ 🥹🙏.... #love #reels #mahadev #ganpatibappa #reelsinstagram
239,Tier 4: Toggle OFF + Organic (Noise),Japam,Pan-India / Rajasthan (HQ: Jaipur),@aasrit.mylife,197000,"🔬 Rudraksha Authenticity, Lab Testing & Craft Lore",260107,380,67,0.15%,0.23%,2026-05-09,https://www.instagram.com/p/DYIDocwitkk/,⚪ Standard Organic: Baseline organic collab reach,"Bringing home more than just décor… it’s all about the right energy ✨  Loved this 7 Horses Frame from Japam—premium, meaningful & comes with a lab test report for authenticity ✔️ japam.in 💫  #Japam #HomeDecorIndia #VastuDecor #PositiveVibes #HomeAest"
240,Tier 4: Toggle OFF + Organic (Noise),House of Rudra,Pan-India / Gujarat (HQ: Ahmedabad),@daivekd,180000,🕉️ Devotional Content & Spiritual Storytelling,258989,10190,251,3.93%,5.80%,2026-07-08,https://www.instagram.com/p/DaiDgQBStja/,"📈 Viral Organic Reach: High organic views (258,989) with strong like rate (3.93%)",ಅದ್ಭುತವಾದ ಸುಗಂಧಭರಿತ ದ್ರವ್ಯ.  House Of Rudra Gajakesari Punugu ಲಿಂಕ್ ಅನ್ನು ನಿಮ್ಮ DM ನಲ್ಲಿ ಪಡೆಯಲು “Link” ಎಂದು ಕಾಮೆಂಟ್ ಮಾಡಿ.  ಇಂದೇ ನಿಮ್ಮ ಆರ್ಡರ್ ಮಾಡಿ. ಲಿಂಕ್ ನನ್ನ ಬಯೋದಲ್ಲಿದೆ ❤️  Follow @houseofrudra_social & Buy on www.houseofrudra.in  ಅವರ ಬಳಿ ಲ್ಯಾಬ್-ಟೆಸ್
241,Tier 4: Toggle OFF + Organic (Noise),Isha Life India,"Pan-India / Tamil Nadu (HQ: Coimbatore, Isha)",@nishuslushlife,9351,"🏛️ Temple Lore, Mythology & Sanatan Philosophy",256014,7823,621,3.06%,90.30%,2026-07-04,https://www.instagram.com/p/DaXvvcvhM5o/,"📈 Viral Organic Reach: High organic views (256,014) with strong like rate (3.06%)","Loved wearing this beautiful piece from @isha.life.india at Adiyogi . Outfit: @isha.life.india  [spiritual, yogi, isha foundation, adiyogi, outfitoftheday, shiva, peace, nature]"
242,Tier 4: Toggle OFF + Organic (Noise),Divine Hindu,Pan-India / Delhi NCR (HQ: New Delhi),@epic_sunny_01,1000000,🕉️ Devotional Content & Spiritual Storytelling,251492,3,11,0.00%,0.00%,2026-02-28,https://www.instagram.com/p/DVTJcf9E_fn/,⚪ Standard Organic: Baseline organic collab reach,Bolo Radhe Radhe 🫀❤️🦚 @epic_sunny01   #reel #insta #radheradhe #insta  #fb
243,Tier 4: Toggle OFF + Organic (Noise),Divine Hindu,Pan-India / Delhi NCR (HQ: New Delhi),@midnight_traveller_sonu,2000000,"🏛️ Temple Lore, Mythology & Sanatan Philosophy",239539,10117,134,4.22%,0.51%,2025-12-04,https://www.instagram.com/p/DR0tu1PASAM/,⚪ Standard Organic: Baseline organic collab reach,"“When life broke me… only Mahadev held me together. This Rudraksh isn’t jewelry — it’s my strength, my peace.”  🔱 Order Now From:- Divine Hindu  #explore #kedarnath #trendingréels #reelitfeelit #viratreels #cinematic #divinehindu #reelinstagram #expl"
244,Tier 4: Toggle OFF + Organic (Noise),Rudralife,Pan-India / Maharashtra (HQ: Mumbai),@secret_temples,658000,"🏛️ Temple Lore, Mythology & Sanatan Philosophy",235918,13782,72,5.84%,2.11%,2025-02-15,https://www.instagram.com/p/DGF-9mRPTz8/,⚪ Standard Organic: Baseline organic collab reach,"Maha Shivratri isn’t just a festival, it’s a night of deep spiritual significance🔱 Observed on the 14th night of the waning moon in the Hindu month of Phalguna✨  Devotees stay awake, meditate, and align with the divine energy of Lord Shiva 🕉️🙏🏻  Let "
245,Tier 4: Toggle OFF + Organic (Noise),Divine Hindu,Pan-India / Delhi NCR (HQ: New Delhi),@pooja_parihhaar,358000,🕉️ Devotional Content & Spiritual Storytelling,234424,9420,73,4.02%,2.65%,2026-05-15,https://www.instagram.com/p/DYWlt5Ixh9y/,⚪ Standard Organic: Baseline organic collab reach,More than just an anklet this raw pyrite beauty form @divinehindu.in carries the energy of abundance confidence end production
246,Tier 4: Toggle OFF + Organic (Noise),Divine Hindu,Pan-India / Delhi NCR (HQ: New Delhi),@aishwaryakaushik__,2000000,"🏛️ Temple Lore, Mythology & Sanatan Philosophy",231731,16376,266,7.07%,0.83%,2026-01-15,https://www.instagram.com/p/DThbWF1j2wJ/,⚪ Standard Organic: Baseline organic collab reach,शक्ति सुख संपन्नता 🔱🚩❤️ This triple protection bracelet from @divinehindu.in is going to protect Strengthen and Heal you from within. #sanatan #sangam
247,Tier 4: Toggle OFF + Organic (Noise),Japam,Pan-India / Rajasthan (HQ: Jaipur),@the_fashionengineer,236000,"🕉️ Mantras, Japa Meditation & Puja Rituals",227197,9694,2364,4.27%,5.11%,2025-08-23,https://www.instagram.com/p/DNsy0Ui4kqX/,"📈 Viral Organic Reach: High organic views (227,197) with strong like rate (4.27%)","Comment 'Link' or share me this reel for the product link✨  🌿 Balance your aura, strengthen your spirit. Karungali Mala crafted with purity & purpose from @japam.in 🧿  #KarungaliMala #Japam #SpiritualHealing #SacredEnergies #DivineVibes #PositiveAura"
248,Tier 4: Toggle OFF + Organic (Noise),Divine Hindu,Pan-India / Delhi NCR (HQ: New Delhi),@call_me_padayappa,386000,"📦 Unboxing, Gifting & Product Review",226850,4350,1302,1.92%,1.46%,2025-11-24,https://www.instagram.com/p/DRcE4qIEkt6/,⚪ Standard Organic: Baseline organic collab reach,Fahadh Faazil Bracelet Comment”Link” for product mail . . . . . #fypage #virals #fahadhfaasil
249,Tier 4: Toggle OFF + Organic (Noise),House of Rudra,Pan-India / Gujarat (HQ: Ahmedabad),@akhil_rajputt0,586000,"📦 Unboxing, Gifting & Product Review",224626,559,12,0.25%,0.10%,2026-03-18,https://www.instagram.com/p/DWBsqjXkXe8/,⚪ Standard Organic: Baseline organic collab reach,इस Hanuman Janmotsav पर बदलो अपनी किस्मत – सिर्फ एक Rudraksh Bracelet से🥰  Place your order now  Link is in my bio ❤️  Follow @houseofrudra_social & Buy on www.houseofrudra.in They have authentic Gold plated rudraksh bracelet with lab tested certific
250,Tier 4: Toggle OFF + Organic (Noise),Divine Hindu,Pan-India / Delhi NCR (HQ: New Delhi),@bedazartvalley,225000,🕉️ Devotional Content & Spiritual Storytelling,220505,1736,187,0.79%,0.85%,2025-11-26,https://www.instagram.com/p/DRhkcrODEID/,⚪ Standard Organic: Baseline organic collab reach,"Discover the joy of worship with our Antique Gold Brass Pooja Thali Set from @divinehindu.in — a complete ensemble crafted to honour every ritual with purity and grace. It includes a beautifully engraved brass thali, diya, bell, dhoop stand, panchamr"
251,Tier 4: Toggle OFF + Organic (Noise),House of Rudra,Pan-India / Gujarat (HQ: Ahmedabad),@sachinsoni_ji7,98000,"🔬 Rudraksha Authenticity, Lab Testing & Craft Lore",211611,30537,596,14.43%,31.77%,2026-04-23,https://www.instagram.com/p/DXeYDaMCMUF/,"📈 Viral Organic Reach: High organic views (211,611) with strong like rate (14.43%)",हर हर महादेव 🔱  Place your order now  Link is in my bio ❤️  Follow @houseofrudra_social & Buy on www.houseofrudra.in They have authentic 7 mukhi rudraksh with lab tested certificates  #religious #rudraksh #accessories #religious accessories #explorar
252,Tier 4: Toggle OFF + Organic (Noise),Divine Hindu,Pan-India / Delhi NCR (HQ: New Delhi),@asopacharu,1000000,🕉️ Devotional Content & Spiritual Storytelling,211386,2590,37,1.23%,0.26%,2026-03-25,https://www.instagram.com/p/DWTB0y3j6wH/,⚪ Standard Organic: Baseline organic collab reach,"Aap bhi try karke dekhiye, zero risk hai.  @divinehindu.in"
253,Tier 4: Toggle OFF + Organic (Noise),Divine Hindu,Pan-India / Delhi NCR (HQ: New Delhi),@bohra_vihaan,253000,🕉️ Devotional Content & Spiritual Storytelling,211291,10185,171,4.82%,4.09%,2026-05-19,https://www.instagram.com/p/DYhfHnYIBe8/,"📈 Viral Organic Reach: High organic views (211,291) with strong like rate (4.82%)",Papa ki Bhakti Mai Shakti😭🤣.. #family #familylife  . .. … #viralreels #reelsinstagram #explorepage✨
254,Tier 4: Toggle OFF + Organic (Noise),Divine Hindu,Pan-India / Delhi NCR (HQ: New Delhi),@karungali_by_divinehindu,97000,"🏛️ Temple Lore, Mythology & Sanatan Philosophy",207899,1561,2,0.75%,1.61%,2026-04-21,https://www.instagram.com/p/DXZLe_7yAEf/,⚪ Standard Organic: Baseline organic collab reach,"All eyes on April 24th 👀 Because this one hits different✨  Stay Tuned  [Something Big, Coming Soon, Sale alert, must have, limited time offer, hindu, Spiritual, sanatan dharma]  #divinehindu #fyp #exploremore #sale"
255,Tier 4: Toggle OFF + Organic (Noise),Japam,Pan-India / Rajasthan (HQ: Jaipur),@dr.shubhamsanatani,2000000,"🕉️ Mantras, Japa Meditation & Puja Rituals",206518,17744,320,8.59%,0.90%,2025-12-20,https://www.instagram.com/p/DSewsHyj9XY/,⚪ Standard Organic: Baseline organic collab reach,You can order from here @japam.in
256,Tier 4: Toggle OFF + Organic (Noise),Japam,Pan-India / Rajasthan (HQ: Jaipur),@surajvrindavan01,251000,🕉️ Devotional Content & Spiritual Storytelling,197060,26288,591,13.34%,10.71%,2025-12-31,https://www.instagram.com/p/DS7ZvtZCWHH/,"📈 Viral Organic Reach: High organic views (197,060) with strong like rate (13.34%)",Saal ke akhiri din vrindavan kr bankey bihari radhavallabh radharaman ju ke darshan ho jaye to anand aa jata hai❤️ . #vrindavan #bankeybihari #radhavallabh #radharamana
257,Tier 4: Toggle OFF + Organic (Noise),Japam,Pan-India / Rajasthan (HQ: Jaipur),@thatkrishnasboy,116000,"🕉️ Mantras, Japa Meditation & Puja Rituals",196874,5263,0,2.67%,4.54%,2026-05-20,https://www.instagram.com/p/DYkKB0SzZgU/,"📈 Viral Organic Reach: High organic views (196,874) with strong like rate (2.67%)","Received Silver Plated Karungali  Bracelet known for its spiritual significance and believed to provide protection from negative energies, enhance focus, and bring inner stability & positivity. Visit @japam.in"
258,Tier 4: Toggle OFF + Organic (Noise),Japam,Pan-India / Rajasthan (HQ: Jaipur),@archanarcs,186000,"🕉️ Mantras, Japa Meditation & Puja Rituals",195383,18964,232,9.71%,10.32%,2026-02-02,https://www.instagram.com/p/DUPEeBQkzQV/,"📈 Viral Organic Reach: High organic views (195,383) with strong like rate (9.71%)",ಭಜ ವಿಶ್ವನಾಥಂ 🔱🌸 . . . . . #brand #vibhoothisundri #japam #fyp #instagood   [ Spiritual Divine Kannada Kannadathi Godsplan Explorepage Traditional]
259,Tier 4: Toggle OFF + Organic (Noise),Japam,Pan-India / Rajasthan (HQ: Jaipur),@dhammu_bharatpur,373000,"🔬 Rudraksha Authenticity, Lab Testing & Craft Lore",188719,17820,347,9.44%,4.87%,2025-10-06,https://www.instagram.com/p/DPd4hxNk5Ln/,"📈 Viral Organic Reach: High organic views (188,719) with strong like rate (9.44%)","When I ordered this Panchmukhi Hanuman locket from @japam.in, it was supposed to be delivered in 2-3 days... But it got delayed and finally arrived on 10th June, the biggest Tuesday of the year.  That’s when I realized Delays aren’t denials. They’re "
260,Tier 4: Toggle OFF + Organic (Noise),Isha Life India,"Pan-India / Tamil Nadu (HQ: Coimbatore, Isha)",@shimogakitchen.recipes,37000,🕉️ Devotional Content & Spiritual Storytelling,187994,3150,48,1.68%,8.64%,2026-04-12,https://www.instagram.com/p/DXCBjPdEWv-/,⚪ Standard Organic: Baseline organic collab reach,"Mango Puliyogare 🥭✨  A traditional summer rice made using freshly ground homemade masala and raw mango. The tangy, spicy and slightly sweet flavours come together beautifully in this dish❤️  For the masala: Channa dal (1 tbsp), urad dal (1 tbsp), fen"
261,Tier 4: Toggle OFF + Organic (Noise),Japam,Pan-India / Rajasthan (HQ: Jaipur),@mca_arjun_01,269000,"🕉️ Mantras, Japa Meditation & Puja Rituals",183508,3299,17,1.80%,1.23%,2025-08-05,https://www.instagram.com/p/DM-LqCORVST/,⚪ Standard Organic: Baseline organic collab reach,Japam.in book now   #trending #love #trendingreels #instagram #reels #reelsvideo #instagood #reelsinstagram #vairalvideo #instalike
262,Tier 4: Toggle OFF + Organic (Noise),House of Rudra,Pan-India / Gujarat (HQ: Ahmedabad),@say_sarthak.2,527000,🕉️ Devotional Content & Spiritual Storytelling,183127,23935,276,13.07%,4.59%,2026-05-05,https://www.instagram.com/p/DX9Vos0SRUo/,"📈 Viral Organic Reach: High organic views (183,127) with strong like rate (13.07%)",Jai Shree Ram🕉️🙏  Place your order now  Link is in my bio ❤️  Follow @houseofrudra_social & Buy on www.houseofrudra.in They have authentic Hanuman Gada Locket  with lab tested certificates  #religious #rudraksh #accessories #religious accessories #tr
263,Tier 4: Toggle OFF + Organic (Noise),Isha Life India,"Pan-India / Tamil Nadu (HQ: Coimbatore, Isha)",@mrudulavangalaa,11000,🕉️ Devotional Content & Spiritual Storytelling,179599,2309,17,1.29%,21.15%,2026-01-22,https://www.instagram.com/p/DT1EiPPEiKM/,⚪ Standard Organic: Baseline organic collab reach,"@isha.life.india by @isha.foundation brings together natural foods, conscious living, and sustainable products. From nourishing snacks to sacred Isha offerings, every choice supports wellbeing inside and out 🌿  Now featuring ragi huru hittu, moringa "
264,Tier 4: Toggle OFF + Organic (Noise),Divine Hindu,Pan-India / Delhi NCR (HQ: New Delhi),@bedazartvalley,225000,🕉️ Devotional Content & Spiritual Storytelling,178001,1835,99,1.03%,0.86%,2026-04-25,https://www.instagram.com/p/DXj6YPvDBoE/,⚪ Standard Organic: Baseline organic collab reach,"A tiny reminder to trust my journey, move with faith, and let everything unfold in its own time ✨ this beautiful Feng Shui brass turtle from @divinehindu.in"
265,Tier 4: Toggle OFF + Organic (Noise),Japam,Pan-India / Rajasthan (HQ: Jaipur),@iamlakshaysingh,113000,"🔮 Astrology, Horoscope & Gemstone Consultation",176709,3,50,0.00%,0.05%,2025-10-14,https://www.instagram.com/p/DPyts3aE3-z/,⚪ Standard Organic: Baseline organic collab reach,"Match hua kya..? ‼️  ✨ To shop this Zodiac Bracelet and explore many more authentic spiritual jewels, visit japam.in or DM on their Instagram 💫  @iamlakshaysingh  #instagood #instagram #gfbf #girlfriend #trendingreels #foryou #explorepage #fyp #explo"
266,Tier 4: Toggle OFF + Organic (Noise),Divine Hindu,Pan-India / Delhi NCR (HQ: New Delhi),@vibesxrahul,275000,"📦 Unboxing, Gifting & Product Review",172372,6383,43,3.70%,2.34%,2026-02-26,https://www.instagram.com/p/DVNnigyE4Le/,⚪ Standard Organic: Baseline organic collab reach,"Dhan Yog Bracelet — wear prosperity, attract abundance. @divinehindu.in   Invite abundance, attract prosperity, and align your energy with success. The Dhan Yog Bracelet is crafted with sacred intention to support wealth consciousness, confidence, an"
267,Tier 4: Toggle OFF + Organic (Noise),House of Rudra,Pan-India / Gujarat (HQ: Ahmedabad),@aditi_speakss,153000,🕉️ Devotional Content & Spiritual Storytelling,168376,1245,33,0.74%,0.84%,2026-06-11,https://www.instagram.com/p/DZcls1NygsM/,⚪ Standard Organic: Baseline organic collab reach,ಸಿಲ್ವರ್ ಕರುಂಗಲಿ ಮಾಲಾ ಬೇಕು ಅಂದ್ರೆ ಲಿಂಕ್ ಅಂತ ಕಾಮೆಂಟ್ ಮಾಡಿ   #explorepage #houseofrudra #lifereality #silverkarungalimala
268,Tier 4: Toggle OFF + Organic (Noise),Isha Life India,"Pan-India / Tamil Nadu (HQ: Coimbatore, Isha)",@marwarichori_pinky,80000,🕉️ Devotional Content & Spiritual Storytelling,167287,2175,46,1.30%,2.78%,2026-06-30,https://www.instagram.com/p/DaMt_S5JV-t/,⚪ Standard Organic: Baseline organic collab reach,"Traditional Rajasthani Churma meets Fresh Mango with @isha.life.india desi cow ghee! 🥭🥞✨ . . . . . In Collab with @isha.life.india . .  .rajasthani mango churma ladoo recipe, khet me bana mango churma laddu, how to make rajasthani churma ladoo at hom"
269,Tier 4: Toggle OFF + Organic (Noise),Divine Hindu,Pan-India / Delhi NCR (HQ: New Delhi),@bedazartvalley,225000,"🏛️ Temple Lore, Mythology & Sanatan Philosophy",165538,1690,73,1.02%,0.78%,2026-08-04,https://www.instagram.com/p/Dbn2--zMUEq/,⚪ Standard Organic: Baseline organic collab reach,"Invite the blessings of Lord Krishna and the divine Kamdhenu into your home from @divinehindu.in .✨ Crafted in premium brass, this sacred idol is believed to attract prosperity, positivity, and abundance…"
270,Tier 4: Toggle OFF + Organic (Noise),Japam,Pan-India / Rajasthan (HQ: Jaipur),@nanditas_shloka_classes,144000,"🕉️ Mantras, Japa Meditation & Puja Rituals",163064,3660,126,2.24%,2.63%,2026-04-15,https://www.instagram.com/p/DXJrwIoT7Qj/,⚪ Standard Organic: Baseline organic collab reach,"AKSHAYA TRITIYA : On this day, every good deed, heartfelt prayer and every positive action is believed to bring blessings that multiply and stay forever as good karma.  This Akshaya Tritiya, chant this Lakshmi Gayatri Mantra 108 times/ 9 times to bri"
271,Tier 4: Toggle OFF + Organic (Noise),Divine Hindu,Pan-India / Delhi NCR (HQ: New Delhi),@bohra_vihaan,253000,🕉️ Devotional Content & Spiritual Storytelling,162299,8966,174,5.52%,3.61%,2025-12-17,https://www.instagram.com/p/DSXeuuqEunH/,⚪ Standard Organic: Baseline organic collab reach,Mummy Papa Khush Toh Sab Khush😭🥹.. #family #familylife  . .. … #FamilyComedy #FunnyFamily #ComedyReels #MomLifeComedy #SiblingGoals #ViralReels #ReelsOfInstagram #FamilyFun #ExplorePage #RelatableComedy #explorepage✨
272,Tier 4: Toggle OFF + Organic (Noise),Japam,Pan-India / Rajasthan (HQ: Jaipur),@the_harshhthakur,219000,"🕉️ Mantras, Japa Meditation & Puja Rituals",160232,5478,0,3.42%,2.50%,2025-07-24,https://www.instagram.com/p/DMfbo1nhvzb/,⚪ Standard Organic: Baseline organic collab reach,Maa tho Maa Hoti hai 🥹🤍 Guys in this Festival season Go and Visit Japam.in And Surprise Your Friends and Family   #reel #marwadi #exploremore #theharshhz #mother #love
273,Tier 4: Toggle OFF + Organic (Noise),Japam,Pan-India / Rajasthan (HQ: Jaipur),@sharktank.india,2000000,"🕉️ Mantras, Japa Meditation & Puja Rituals",158982,1692,279,1.06%,0.10%,2026-01-15,https://www.instagram.com/p/DTheylyke8u/,⚪ Standard Organic: Baseline organic collab reach,"From flavour-packed pitches to problem-solving innovations, the Tank serves variety like never before 💡 @zenbarefoot  @japam.in  @goatgoel  Watch Shark Tank India Season 5, Streaming Now, New episodes  Mon-Fri, 8 PM on Sony LIV.  @AnupamMittal @amang"
274,Tier 4: Toggle OFF + Organic (Noise),Isha Life India,"Pan-India / Tamil Nadu (HQ: Coimbatore, Isha)",@the_bahuraani,23000,🕉️ Devotional Content & Spiritual Storytelling,158242,3014,31,1.90%,13.24%,2026-08-03,https://www.instagram.com/p/DbkrI3iyvs6/,⚪ Standard Organic: Baseline organic collab reach,"कुछ सुकून खरीदा नहीं जाता… उसे हर दिन जीया जाता है।  सुबह की ताज़ी हवा, पेड़-पौधों की देखभाल, रसोई में बनती गरमा-गरम कचौरियाँ… यही छोटे-छोटे पल मेरे दिन की सबसे बड़ी खुशी हैं।  इन्हीं पलों के बीच Isha Life A2 Ghee, Instant sanjeevni mix और Vibhuti In"
275,Tier 4: Toggle OFF + Organic (Noise),Japam,Pan-India / Rajasthan (HQ: Jaipur),@sharktank.india,2000000,"🕉️ Mantras, Japa Meditation & Puja Rituals",157265,4639,64,2.95%,0.24%,2026-01-16,https://www.instagram.com/p/DTkPDA-jE40/,⚪ Standard Organic: Baseline organic collab reach,"Spirituality takes center stage in the Tank but will it translate into a deal for JAPAM? ✨🦈 @japam.in  Watch Shark Tank India Season 5, Streaming Now Mon-Fri, 8 PM on Sony LIV.  @anupammittal.me @boatxaman  @namitathapar @vineetasng @1kunalbahl @amit"
276,Tier 4: Toggle OFF + Organic (Noise),Isha Life India,"Pan-India / Tamil Nadu (HQ: Coimbatore, Isha)",@bhoomija.yogini,13000,🕉️ Devotional Content & Spiritual Storytelling,155816,3379,51,2.17%,26.38%,2026-02-05,https://www.instagram.com/p/DUYYvr1j62D/,"📈 Viral Organic Reach: High organic views (155,816) with strong like rate (2.17%)",Are your friends Isha life Paglus too?
277,Tier 4: Toggle OFF + Organic (Noise),Divine Hindu,Pan-India / Delhi NCR (HQ: New Delhi),@priya.savadi,791000,🕉️ Devotional Content & Spiritual Storytelling,154372,4293,34,2.78%,0.55%,2026-06-17,https://www.instagram.com/p/DZsTmC2NA0z/,⚪ Standard Organic: Baseline organic collab reach,Believe🫵💯  @karungali_by_divinehindu @divinehindu.in   #priyasavadi #hanuman #hanumanji #blessed #love
278,Tier 4: Toggle OFF + Organic (Noise),Divine Hindu,Pan-India / Delhi NCR (HQ: New Delhi),@59rancho,539000,"🏛️ Temple Lore, Mythology & Sanatan Philosophy",153991,5614,140,3.65%,1.07%,2026-05-19,https://www.instagram.com/p/DYhSuvOMGeD/,⚪ Standard Organic: Baseline organic collab reach,Bhagwan Krishna ji ka phala naam kya tha?🕉️🥹🙏... #love #reels #krishna #mahadev #reelsinstagram
279,Tier 4: Toggle OFF + Organic (Noise),Isha Life India,"Pan-India / Tamil Nadu (HQ: Coimbatore, Isha)",@shriysss,101000,🌟 Celebrity & Spiritual Leader Endorsement,153805,6387,37,4.15%,6.36%,2026-05-22,https://www.instagram.com/p/DYoUkucOKN-/,"📈 Viral Organic Reach: High organic views (153,805) with strong like rate (4.15%)",💛🪷🧘🏻‍♀️  https://ishalife.sadhguru.org/in/
280,Tier 4: Toggle OFF + Organic (Noise),Isha Life India,"Pan-India / Tamil Nadu (HQ: Coimbatore, Isha)",@jyothi_lakshmy,28000,"🔮 Astrology, Horoscope & Gemstone Consultation",150649,7981,46,5.30%,28.67%,2026-02-12,https://www.instagram.com/p/DUqKwpik8zs/,"📈 Viral Organic Reach: High organic views (150,649) with strong like rate (5.3%)","Draped in devotion 🌚 This saree carries a divine vibration—Adiyogi’s anugraham in every thread. Blessed to wear his sacred Rudraksha ✨ Grateful to collaborate with @isha.life.india  Thank you, Isha Life. Happy Shivaratri 🔱  #shivarathri2025🕉️🔱 #isha "
281,Tier 4: Toggle OFF + Organic (Noise),Divine Hindu,Pan-India / Delhi NCR (HQ: New Delhi),@mr.wolfthink,1000000,🕉️ Devotional Content & Spiritual Storytelling,149862,2327,66,1.55%,0.24%,2025-12-03,https://www.instagram.com/p/DRzKAVrEzVG/,⚪ Standard Organic: Baseline organic collab reach,
282,Tier 4: Toggle OFF + Organic (Noise),Isha Life India,"Pan-India / Tamil Nadu (HQ: Coimbatore, Isha)",@madhuris_rangoli_and_art,155000,"🕉️ Mantras, Japa Meditation & Puja Rituals",147977,4718,183,3.19%,3.16%,2026-02-12,https://www.instagram.com/p/DUqgZ-QjcJ0/,⚪ Standard Organic: Baseline organic collab reach,"Mahashivratri Pooja Offerings From @isha.life.india  Turn your shivratri rituals into a truly divine experience with @isha.life.india puja offerings ! ✨️  Product in focus: * Mahashivratri Prasadam with Adiyogi Statue, Snake Ring, Rudraksh with black"
283,Tier 4: Toggle OFF + Organic (Noise),Isha Life India,"Pan-India / Tamil Nadu (HQ: Coimbatore, Isha)",@rangolisimpli,176000,"🏛️ Temple Lore, Mythology & Sanatan Philosophy",146706,3331,17,2.27%,1.90%,2026-02-15,https://www.instagram.com/p/DUyJegzk7FR/,⚪ Standard Organic: Baseline organic collab reach,"A heartfelt thank you to @isha.life.india @isha.foundation for sending these beautiful, sacred offerings.  Receiving this box around Mahashivaratri feels so special and aligned, like a reminder to slow down, turn inward, and reconnect. Each product c"
284,Tier 4: Toggle OFF + Organic (Noise),Japam,Pan-India / Rajasthan (HQ: Jaipur),@mankivlogger,117000,"🔬 Rudraksha Authenticity, Lab Testing & Craft Lore",146288,6570,89,4.49%,5.69%,2025-08-07,https://www.instagram.com/p/DNDokWtJA4h/,"📈 Viral Organic Reach: High organic views (146,288) with strong like rate (4.49%)","🎬 जब Dogesh का बैग खुला, सबकी बोलती बंद हो गई! निकला Panchmukhi Hanuman Ji ka silver-plated necklace by Japam — और बारात में मच गया बवाल! लंगूर लड़कियाँ खुशी से झूम उठीं... Manki Bhai बोल पड़ा — “Japam की माला ने सबका दिल जीत लिया दोस्तो!”  अब तुम्हा"
285,Tier 4: Toggle OFF + Organic (Noise),Japam,Pan-India / Rajasthan (HQ: Jaipur),@muskanvijaysoni19,158000,"🕉️ Mantras, Japa Meditation & Puja Rituals",144183,1019,134,0.71%,0.73%,2026-06-13,https://www.instagram.com/p/DZg8FmqBg6E/,⚪ Standard Organic: Baseline organic collab reach,✨ The kind of bracelet that makes every outfit feel a little more special. 💛✨ #Japam #DhanlabhBracelet #BraceletLove #EverydayElegance #JewelleryLover GoldBracelet PremiumJewellery MinimalStyle FashionAccessories DailyWearJewellery ElegantLook
286,Tier 4: Toggle OFF + Organic (Noise),Isha Life India,"Pan-India / Tamil Nadu (HQ: Coimbatore, Isha)",@tanyakukreja24,2366,🕉️ Devotional Content & Spiritual Storytelling,143153,7738,36,5.41%,328.57%,2026-06-01,https://www.instagram.com/p/DZBzLRIgmTG/,"📈 Viral Organic Reach: High organic views (143,153) with strong like rate (5.41%)","Devi’s Child 🌺  There are moments when words fall short, and only gratitude remains.  Wearing Devi’s saree today felt like more than adorning myself in a beautiful shade of red it felt like being wrapped in Her presence. Every thread seemed to carry "
287,Tier 4: Toggle OFF + Organic (Noise),Japam,Pan-India / Rajasthan (HQ: Jaipur),@harshzilla_,443000,"🕉️ Mantras, Japa Meditation & Puja Rituals",142547,4654,64,3.26%,1.07%,2025-07-26,https://www.instagram.com/p/DMkc_FFBNYJ/,⚪ Standard Organic: Baseline organic collab reach,@japam.in 🔱  #japam #spiritual #virals
288,Tier 4: Toggle OFF + Organic (Noise),Divine Hindu,Pan-India / Delhi NCR (HQ: New Delhi),@amisha_rakholiyaa,456000,"📦 Unboxing, Gifting & Product Review",142269,3894,78,2.74%,0.87%,2026-04-03,https://www.instagram.com/p/DWqSDvjigDV/,⚪ Standard Organic: Baseline organic collab reach,Best gift for him ♥️  #myvoice #hindilines #divinehindu #spiritual #motivation
289,Tier 4: Toggle OFF + Organic (Noise),Japam,Pan-India / Rajasthan (HQ: Jaipur),@ashitha__varma,68000,"🕉️ Mantras, Japa Meditation & Puja Rituals",142128,1825,25,1.28%,2.72%,2025-12-24,https://www.instagram.com/p/DSphQ-EErCX/,⚪ Standard Organic: Baseline organic collab reach,"For the best quality Karungali bracelet, order it from the right place 🤍 #Karungali #Rudraksha #Japam #InnerPeace #SpiritualVibes DivineEnergy MeditationLife PositiveEnergy SanatanaDharma PeaceWithin"
290,Tier 4: Toggle OFF + Organic (Noise),Divine Hindu,Pan-India / Delhi NCR (HQ: New Delhi),@shriramkiayodhya,258000,"🏛️ Temple Lore, Mythology & Sanatan Philosophy",141113,1873,51,1.33%,0.75%,2026-03-30,https://www.instagram.com/p/DWgtnuFga-O/,⚪ Standard Organic: Baseline organic collab reach,Bring the divine blessings of Lord Shri Hanuman Ji to your home today and be a part of this spiritual journey.   Jai Shree Ram! For order visit @divinehindu.in   #ramnavami #explore #ayodhya #rammandir #divinehindu
291,Tier 4: Toggle OFF + Organic (Noise),Japam,Pan-India / Rajasthan (HQ: Jaipur),@murali.mayaa,154000,"🏛️ Temple Lore, Mythology & Sanatan Philosophy",140878,13325,529,9.46%,9.00%,2025-09-09,https://www.instagram.com/p/DOXb9ZMkmj5/,"📈 Viral Organic Reach: High organic views (140,878) with strong like rate (9.46%)",Durga mata temple || very powerful || dailyvlog . . . . . . . . . . . . . . . . . #ganesha #ganpati #bappa #ganeshchaturthi #ganpatibappamorya #ganesh #morya #mumbai #india #ganpatibappa #bappamorya #hindu #maharashtra #ganeshutsav #lordganesha #shiv
292,Tier 4: Toggle OFF + Organic (Noise),Isha Life India,"Pan-India / Tamil Nadu (HQ: Coimbatore, Isha)",@decorwithshrec,203000,🕉️ Devotional Content & Spiritual Storytelling,140291,4347,68,3.10%,2.17%,2026-04-13,https://www.instagram.com/p/DXE_4jQjbsM/,⚪ Standard Organic: Baseline organic collab reach,"Upgrade the season. Upgrade your routine.  This summer isn’t just about change—it’s about choosing what truly adds value.  For me, that upgrade has been Isha Life Instant Sanjeevani.  A clean, natural health drink powered by 9 superfoods—millets, len"
293,Tier 4: Toggle OFF + Organic (Noise),Divine Hindu,Pan-India / Delhi NCR (HQ: New Delhi),@vaishnavi_pujari108k,247000,🕉️ Devotional Content & Spiritual Storytelling,140031,9986,55,7.13%,4.07%,2026-06-19,https://www.instagram.com/p/DZwRw9XJA07/,"📈 Viral Organic Reach: High organic views (140,031) with strong like rate (7.13%)",💛   #viralreels #explore #kurubanarani👸❤ #instagood #explorepage
294,Tier 4: Toggle OFF + Organic (Noise),Isha Life India,"Pan-India / Tamil Nadu (HQ: Coimbatore, Isha)",@sagana.muralidharan,51000,🎉 Festival & Auspicious Muhurat Activations,139911,8226,66,5.88%,16.26%,2026-02-17,https://www.instagram.com/p/DU24nQbD6cx/,"📈 Viral Organic Reach: High organic views (139,911) with strong like rate (5.88%)",Blessed beyond words to receive this saree all the way from @isha.life.india this Maha Shivratri :’) 🤍  Saree & Jewel from @isha.life.india 📍  #MahaShivratri #IshaFoundation #Thevaram #VaananaiMadhiSoodiyaMaindhanai #Bharathanatyam
295,Tier 4: Toggle OFF + Organic (Noise),Japam,Pan-India / Rajasthan (HQ: Jaipur),@snehaatalks,265000,"🕉️ Mantras, Japa Meditation & Puja Rituals",138525,6272,109,4.53%,2.41%,2025-08-03,https://www.instagram.com/p/DM5BtjAv8nH/,⚪ Standard Organic: Baseline organic collab reach,Got this beautiful gold-plated Rudraksha bracelet from @japam.in and I’m already in love with it📿❤️ You can also get yours from their website Har Har Mahadev!
296,Tier 4: Toggle OFF + Organic (Noise),Japam,Pan-India / Rajasthan (HQ: Jaipur),@vaishnavi_jairam,390000,"🏛️ Temple Lore, Mythology & Sanatan Philosophy",138432,7288,84,5.26%,1.89%,2025-09-18,https://www.instagram.com/p/DOvtGX6E4Ci/,⚪ Standard Organic: Baseline organic collab reach,"🌺3 Powerful Navratri Practices to Transform Your Life 🌺  Navratri is not just a festival—it is a spiritual portal where the energy of Maa Durga and the Devi Shakti is at its highest. If you want to experience true transformation in Hinduism, Sanatan "
297,Tier 4: Toggle OFF + Organic (Noise),Japam,Pan-India / Rajasthan (HQ: Jaipur),@mens__fashion_vibes,283000,"🕉️ Mantras, Japa Meditation & Puja Rituals",138256,3,1649,0.00%,0.58%,2025-10-25,https://www.instagram.com/p/DQO5h6JD-Ir/,⚪ Standard Organic: Baseline organic collab reach,Om namah shivaya🔱 . . . #explorepage✨ #viralreels #trendingreels #viral #reelsinstagram #explorepage #reels #suggestions #suggestions #trending #instagrammer #viral
298,Tier 4: Toggle OFF + Organic (Noise),Divine Hindu,Pan-India / Delhi NCR (HQ: New Delhi),@vaishnavi_pujari108k,247000,🕉️ Devotional Content & Spiritual Storytelling,137799,9239,50,6.70%,3.76%,2026-04-07,https://www.instagram.com/p/DW0EIFGj4O_/,⚪ Standard Organic: Baseline organic collab reach,Divine Hindu raw pyrite anklet📿   Divinehindu.in   #viralreels #kannada #kurubanarani👸❤ #likes #explorepage
299,Tier 4: Toggle OFF + Organic (Noise),House of Rudra,Pan-India / Gujarat (HQ: Ahmedabad),@created_abhi_,67000,"📦 Unboxing, Gifting & Product Review",137358,2054,185,1.50%,3.34%,2026-03-11,https://www.instagram.com/p/DVvtzKHEXtr/,⚪ Standard Organic: Baseline organic collab reach,This bracelet = Money magnet energy.  Place your order now  Link is in my bio ❤️  Follow @houseofrudra_social & Buy on www.houseofrudra.in They have authentic products with lab tested certificates  #religious #bracelet #accessories #religious accesso
300,Tier 4: Toggle OFF + Organic (Noise),Isha Life India,"Pan-India / Tamil Nadu (HQ: Coimbatore, Isha)",@bhoomija.yogini,13000,🕉️ Devotional Content & Spiritual Storytelling,136160,2062,12,1.51%,15.95%,2026-07-27,https://www.instagram.com/p/DbSUG7wv1yE/,⚪ Standard Organic: Baseline organic collab reach,"This Guru Purnima, I thought of offering something to the Adiguru.🔱  🌹But then I realised how silly of me. Everything I have, everything I am, and everything I have ever been is nothing but His grace.  So what is truly mine to offer? Only myself. And"
301,Tier 4: Toggle OFF + Organic (Noise),Japam,Pan-India / Rajasthan (HQ: Jaipur),@seanbanerjee.sb,217000,"🕉️ Mantras, Japa Meditation & Puja Rituals",135239,1710,174,1.26%,0.87%,2026-07-04,https://www.instagram.com/p/DaXPA7Cz3L9/,⚪ Standard Organic: Baseline organic collab reach,"Money Magnet Fusion Band by Japam ✨ Crafted with Pyrite, Tiger Eye, Citrine & Aventurine beads, this band blends timeless design with meaningful elements—perfect for everyday wear.  Shop now at japam.in and explore the energy of natural stones.  #jap"
302,Tier 4: Toggle OFF + Organic (Noise),Divine Hindu,Pan-India / Delhi NCR (HQ: New Delhi),@startupseekho,25000,🕉️ Devotional Content & Spiritual Storytelling,133545,1740,11,1.30%,7.00%,2026-03-14,https://www.instagram.com/p/DV3yQmUCUEc/,⚪ Standard Organic: Baseline organic collab reach,"When culture meets storytelling, powerful collaborations happen. That’s how Divine Hindu became the official merchandise partner of Kantara. 🌐 https://startupseekho.com/⁠� 🎯 https://topmate.io/startupseekho⁠� Comment “startup”, “guide”, “grow”, or “b"
303,Tier 4: Toggle OFF + Organic (Noise),Japam,Pan-India / Rajasthan (HQ: Jaipur),@sharktank.india,2000000,"🕉️ Mantras, Japa Meditation & Puja Rituals",132468,1509,137,1.14%,0.08%,2026-01-15,https://www.instagram.com/p/DTiNF0HDG_L/,⚪ Standard Organic: Baseline organic collab reach,"Confident and competition-ready but will Ritoban’s grit be enough to win the Sharks’ funding? 🦈💼 @japam.in  Watch Shark Tank India Season 5, Streaming Now Mon-Fri, 8 PM on Sony LIV.  @anupammittal.me @boatxaman  @namitathapar @vineetasng @1kunalbahl "
304,Tier 4: Toggle OFF + Organic (Noise),Divine Hindu,Pan-India / Delhi NCR (HQ: New Delhi),@divinelight_harsh,510000,🕉️ Devotional Content & Spiritual Storytelling,131786,8263,15,6.27%,1.62%,2025-12-03,https://www.instagram.com/p/DRymscJknGj/,⚪ Standard Organic: Baseline organic collab reach,Now live — Divine Hindu Astrological Consultation.  #divinehindu #vedicastrologer #spiritualguidance
305,Tier 4: Toggle OFF + Organic (Noise),Japam,Pan-India / Rajasthan (HQ: Jaipur),@arveen_poonia,273000,"🕉️ Mantras, Japa Meditation & Puja Rituals",129229,8322,64,6.44%,3.07%,2025-12-01,https://www.instagram.com/p/DRuIsgWCV_f/,⚪ Standard Organic: Baseline organic collab reach,Small additions. Big shifts. . . Wearing the Gold plated Tulsi Mala by @japam.in 🌿✨ . . #reel #insta #mala #krishna #discipline #motivation
306,Tier 4: Toggle OFF + Organic (Noise),Divine Hindu,Pan-India / Delhi NCR (HQ: New Delhi),@aryanpagare05,253000,🕉️ Devotional Content & Spiritual Storytelling,127897,3791,38,2.96%,1.51%,2026-02-02,https://www.instagram.com/p/DUQIelcDP2u/,⚪ Standard Organic: Baseline organic collab reach,"pyrites: paisa sirf kamaya nhi jata , paise ko attract bhi kiya jata hai. by @divinehindu.in  . . . #instagram #instagood #divinehindu #aryanpagare02"
307,Tier 4: Toggle OFF + Organic (Noise),Divine Hindu,Pan-India / Delhi NCR (HQ: New Delhi),@dr.shubhamsanatani,2000000,🕉️ Devotional Content & Spiritual Storytelling,127830,8320,247,6.51%,0.43%,2026-01-27,https://www.instagram.com/p/DUA6zNGD4I4/,⚪ Standard Organic: Baseline organic collab reach,
308,Tier 4: Toggle OFF + Organic (Noise),Japam,Pan-India / Rajasthan (HQ: Jaipur),@abhaychikku7,380000,🕉️ Devotional Content & Spiritual Storytelling,127634,6718,76,5.26%,1.79%,2026-06-29,https://www.instagram.com/p/DaKyAQozZCx/,⚪ Standard Organic: Baseline organic collab reach,വിശ്വാസികൾക്ക് അയച്ചു കൊടുക്ക്‌ 🖤 . . . #kerala #kochi #trending #malayalam #trendingreels
309,Tier 4: Toggle OFF + Organic (Noise),Divine Hindu,Pan-India / Delhi NCR (HQ: New Delhi),@bohra_vihaan,253000,🕉️ Devotional Content & Spiritual Storytelling,127094,6762,139,5.32%,2.73%,2025-12-02,https://www.instagram.com/p/DRw4cYhktCf/,⚪ Standard Organic: Baseline organic collab reach,Indian Mom Aur Unka Gussa😭🤣.. #family #familylife  . .. … #FamilyComedy #FunnyFamily #ComedyReels #MomLifeComedy #SiblingGoals #ViralReels #ReelsOfInstagram #FamilyFun #ExplorePage #RelatableComedy #explorepage✨
310,Tier 4: Toggle OFF + Organic (Noise),Isha Life India,"Pan-India / Tamil Nadu (HQ: Coimbatore, Isha)",@harshiteju_,110000,🕉️ Devotional Content & Spiritual Storytelling,127092,12009,72,9.45%,10.98%,2026-04-02,https://www.instagram.com/p/DWnuUOGjynU/,"📈 Viral Organic Reach: High organic views (127,092) with strong like rate (9.45%)",జై బోలో హనుమానకి 🏹🙏🏻🙂‍↕️ . .saree from : @isha.life.india  . #trendingreels #instagram #telugureels #goviral #hanuman
311,Tier 4: Toggle OFF + Organic (Noise),Divine Hindu,Pan-India / Delhi NCR (HQ: New Delhi),@isha_karnwal,155000,"🔬 Rudraksha Authenticity, Lab Testing & Craft Lore",125046,1121,88,0.90%,0.78%,2026-05-04,https://www.instagram.com/p/DX6EMM7NsrS/,⚪ Standard Organic: Baseline organic collab reach,POV: You put on one necklace and Shiv ji literally fixed everything. 🕉️🙏  54 original Rudraksha beads. Silver capping. Indonesia certified Rudraksha. Comes with an Authenticity Card. Because real faith deserves real Rudraksha. ✨   www.divinehindu.in 
312,Tier 4: Toggle OFF + Organic (Noise),Divine Hindu,Pan-India / Delhi NCR (HQ: New Delhi),@jayu_smiley_boy,188000,🕉️ Devotional Content & Spiritual Storytelling,124656,5890,74,4.73%,3.17%,2026-02-02,https://www.instagram.com/p/DUQI-lqCPaN/,⚪ Standard Organic: Baseline organic collab reach,🙏jai jai hanuman
313,Tier 4: Toggle OFF + Organic (Noise),Japam,Pan-India / Rajasthan (HQ: Jaipur),@muskanarrates,274000,"🕉️ Mantras, Japa Meditation & Puja Rituals",123865,3240,66,2.62%,1.21%,2026-02-02,https://www.instagram.com/p/DUQvHjck6OU/,⚪ Standard Organic: Baseline organic collab reach,"Pyrite can work wonders if you’re seeking financial abundance. Just make sure you trust the real deal like @japam.in , a trusted and certified brand for authentic stones.  @muskanarrates   #story #storytelling #kahani #story #fyp"
314,Tier 4: Toggle OFF + Organic (Noise),Divine Hindu,Pan-India / Delhi NCR (HQ: New Delhi),@shriramkiayodhya,258000,"🏛️ Temple Lore, Mythology & Sanatan Philosophy",123633,1472,25,1.19%,0.58%,2026-04-06,https://www.instagram.com/p/DWyKN0OAdax/,⚪ Standard Organic: Baseline organic collab reach,Bring the divine blessings of Lord Mahadev Ji to your home today and be a part of this spiritual journey.   Har Har Mahadev ! For order visit @divinehindu.in   #ramnavami #explore #ayodhya #rammandir #divinehindu
315,Tier 4: Toggle OFF + Organic (Noise),Japam,Pan-India / Rajasthan (HQ: Jaipur),@rahulzehtra,648000,"🕉️ Mantras, Japa Meditation & Puja Rituals",122764,6300,83,5.13%,0.99%,2025-11-14,https://www.instagram.com/p/DRCE-B0kj5N/,⚪ Standard Organic: Baseline organic collab reach,"Where spirituality meets style ✨ @japam.in brings authentic, handcrafted jewelry designed to radiate strength, positivity, and purpose. Shop the collection at www.japam.in  💫  #Japam #JapamIndia #JewelryWithMeaning #positivevibesønly"
316,Tier 4: Toggle OFF + Organic (Noise),Japam,Pan-India / Rajasthan (HQ: Jaipur),@jagadeesh4u_,91000,"🕉️ Mantras, Japa Meditation & Puja Rituals",122402,319,4,0.26%,0.35%,2026-06-20,https://www.instagram.com/p/DZzacsRyPOs/,⚪ Standard Organic: Baseline organic collab reach,"✨ Step into abundance with the Japam Money Magnet Anklet. 💫  Designed to attract positivity, prosperity, and success, this anklet is more than jewelry—it’s a daily reminder that wealth flows where intention grows. 💰🌿  #MoneyMagnet #JapamAnklet #Prosp"
317,Tier 4: Toggle OFF + Organic (Noise),House of Rudra,Pan-India / Gujarat (HQ: Ahmedabad),@becoming_kunj,84000,"📦 Unboxing, Gifting & Product Review",122362,3,35,0.00%,0.05%,2026-06-27,https://www.instagram.com/p/DaFwsZeN3wS/,⚪ Standard Organic: Baseline organic collab reach,શું તમારું પણ સપનું અમીર બનવાનું છે?!   તો આજે જ તમારો ઓર્ડર કરો! ❤️ 🔗 Link is in my bio  Follow @houseofrudra_social & Shop now at www.houseofrudra.in  તેમની પાસે Lab Tested Certificate સાથેનું અસલી **Money magnet bracelet ઉપલબ્ધ છે. ✨
318,Tier 4: Toggle OFF + Organic (Noise),Divine Hindu,Pan-India / Delhi NCR (HQ: New Delhi),@isha_karnwal,155000,"📦 Unboxing, Gifting & Product Review",121668,1226,85,1.01%,0.85%,2026-04-17,https://www.instagram.com/p/DXPJXd6ksUn/,⚪ Standard Organic: Baseline organic collab reach,"Your money era isn’t luck. It’s alignment✨ Pyrite. Jade. Tiger’s Eye. Citrine. Four powerful abundance stones. One bracelet. Wear it on your left wrist; your receiving hand, and step into confidence, opportunity, and financial flow. 100% Made in Indi"
319,Tier 4: Toggle OFF + Organic (Noise),Divine Hindu,Pan-India / Delhi NCR (HQ: New Delhi),@ishq_e_lucknowi,216000,🕉️ Devotional Content & Spiritual Storytelling,121535,1028,80,0.85%,0.51%,2026-03-23,https://www.instagram.com/p/DWOd1O1Df90/,⚪ Standard Organic: Baseline organic collab reach,"जब जीवन में नकारात्मकता बढ़ने लगे और मन अशांत हो जाए… तब जरूरत होती है एक दिव्य सहारे की 🙏 54 दानों वाला चांदी का रुद्राक्ष नेकलेस सिर्फ आभूषण नहीं, बल्कि शांति, सकारात्मकता और भगवान के आशीर्वाद का प्रतीक है ✨ इसे धारण करें और अपने जीवन में बदलाव महस"
320,Tier 4: Toggle OFF + Organic (Noise),Japam,Pan-India / Rajasthan (HQ: Jaipur),@mr_.royo_,370000,"🕉️ Mantras, Japa Meditation & Puja Rituals",120276,2758,35,2.29%,0.75%,2025-09-22,https://www.instagram.com/p/DO55X0Rk3BE/,⚪ Standard Organic: Baseline organic collab reach,Details @japam.in
321,Tier 4: Toggle OFF + Organic (Noise),Japam,Pan-India / Rajasthan (HQ: Jaipur),@krupa.dave.talks,236000,"🕉️ Mantras, Japa Meditation & Puja Rituals",120175,1938,38,1.61%,0.84%,2026-01-20,https://www.instagram.com/p/DTuhYw2EcdF/,⚪ Standard Organic: Baseline organic collab reach,"રુદ્રાક્ષ અને કરૂંગલી — ભક્તિ, શાંતિ અને આધ્યાત્મિક જોડાણનું પ્રતિક🙏  શ્રદ્ધા અને પવિત્ર ભાવથી ધારણ કરેલ રુદ્રાક્ષ અને કરૂંગલી માળા મનને શાંત કરે છે અને ભક્તિને વધુ ગાઢ બનાવે છે.  આ સિલ્વર પ્લેટેડ રુદ્રાક્ષ અને કરૂંગલી માળા મને મળી છે @japam.in તરફથી"
322,Tier 4: Toggle OFF + Organic (Noise),Japam,Pan-India / Rajasthan (HQ: Jaipur),@chandu_vlogger_,116000,"🕉️ Mantras, Japa Meditation & Puja Rituals",119879,10330,24,8.62%,8.93%,2025-10-10,https://www.instagram.com/p/DPoPT-riePf/,"📈 Viral Organic Reach: High organic views (119,879) with strong like rate (8.62%)",Must read below...⬇️  Buy Karungali mala:- www.JAPAM.in 100% geniune and trusted   #japam #kannada #kannadareels #karnataka
323,Tier 4: Toggle OFF + Organic (Noise),Japam,Pan-India / Rajasthan (HQ: Jaipur),@nanditas_shloka_classes,144000,"🕉️ Mantras, Japa Meditation & Puja Rituals",114463,4340,158,3.79%,3.12%,2026-04-23,https://www.instagram.com/p/DXdniF4xA1p/,⚪ Standard Organic: Baseline organic collab reach,"SOME FACTS ABOUT MAHA MRITYUNJAYA MANTRA   The Maha Mrityunjaya Mantra is an ancient, potent Sanskrit prayer from the Rig Veda (Mandala VII, Hymn 59) dedicated to Lord Shiva to overcome the fear of death, invoke healing, and secure liberation.   Know"
324,Tier 4: Toggle OFF + Organic (Noise),House of Rudra,Pan-India / Gujarat (HQ: Ahmedabad),@davanagerejodi,109000,"📦 Unboxing, Gifting & Product Review",114430,4382,19,3.83%,4.04%,2026-02-07,https://www.instagram.com/p/DUcHvc6EYbz/,"📈 Viral Organic Reach: High organic views (114,430) with strong like rate (3.83%)",When devotion meets devine desain🙏 Place your order now  Link is in my bio ❤️  Follow @houseofrudra_social & Buy on www.houseofrudra.in They have authentic money magnet bracelet with lab tested certificates   #religious #moneymagnetbracelate #bracela
325,Tier 4: Toggle OFF + Organic (Noise),Divine Hindu,Pan-India / Delhi NCR (HQ: New Delhi),@dr.shubhamsanatani,2000000,🕉️ Devotional Content & Spiritual Storytelling,112835,6848,183,6.07%,0.35%,2026-01-07,https://www.instagram.com/p/DTNT1sTD7-g/,⚪ Standard Organic: Baseline organic collab reach,order from @divinehindu.in
326,Tier 4: Toggle OFF + Organic (Noise),Japam,Pan-India / Rajasthan (HQ: Jaipur),@shreedha_sanatan_world,427000,🕉️ Devotional Content & Spiritual Storytelling,112446,3966,81,3.53%,0.95%,2025-08-26,https://www.instagram.com/p/DNzh4hA5M32/,⚪ Standard Organic: Baseline organic collab reach,"🔱 रुद्राक्ष माला के फायदे 🔱 	•	मन और मस्तिष्क को शांति देता है 🧘‍♀️ 	•	तनाव, चिंता और क्रोध को कम करता है 	•	रक्तचाप (BP) और हृदय को संतुलित रखता है ❤️ 	•	नकारात्मक ऊर्जा और बुरी शक्तियों से रक्षा करता है 	•	एकाग्रता और स्मरण शक्ति बढ़ाता है 📿 	•	आध्"
327,Tier 4: Toggle OFF + Organic (Noise),Divine Hindu,Pan-India / Delhi NCR (HQ: New Delhi),@bedazartvalley,225000,"🔬 Rudraksha Authenticity, Lab Testing & Craft Lore",111981,1744,141,1.56%,0.84%,2026-02-02,https://www.instagram.com/p/DUQo0HSjE43/,⚪ Standard Organic: Baseline organic collab reach,"Not an accessory— a legacy. 5 Mukhi Rudraksha, carrying our parampara and Shiva’s calm ….   Rudraksha from @divinehindu.in"
328,Tier 4: Toggle OFF + Organic (Noise),Isha Life India,"Pan-India / Tamil Nadu (HQ: Coimbatore, Isha)",@sattvic_nirvana,26000,🕉️ Devotional Content & Spiritual Storytelling,111902,4341,22,3.88%,16.78%,2025-12-14,https://www.instagram.com/p/DSPZZYuiBUa/,"📈 Viral Organic Reach: High organic views (111,902) with strong like rate (3.88%)","✨ Red Rice Payasam — pure, earthy & made with Isha Life ✨  Made this warm bowl of Red Rice Payasam today, and what truly elevates the flavour is the quality of the Isha Life ingredients I used: Red Rice, Jaggery Powder, and A2 Desi Cow Ghee. There’s "
329,Tier 4: Toggle OFF + Organic (Noise),Isha Life India,"Pan-India / Tamil Nadu (HQ: Coimbatore, Isha)",@laxmi_rathore_kitchen,105000,🕉️ Devotional Content & Spiritual Storytelling,111886,3,5,0.00%,0.01%,2026-04-25,https://www.instagram.com/p/DXjnqIRiLOw/,⚪ Standard Organic: Baseline organic collab reach,Moong Dal Halwa 😍.  . Natural food offerings- @isha.life.india  . Explore Natural Food on ishalife.com . . . #homemade #cookwithme #cooking #rajasthaniculture #explore
330,Tier 4: Toggle OFF + Organic (Noise),Japam,Pan-India / Rajasthan (HQ: Jaipur),@bhajans_by_aakritti,68000,"🕉️ Mantras, Japa Meditation & Puja Rituals",111680,9002,65,8.06%,13.33%,2025-09-01,https://www.instagram.com/p/DOEH0iziGit/,"📈 Viral Organic Reach: High organic views (111,680) with strong like rate (8.06%)",जय श्री गणेश ✨😇 आप सभी को गणेश चतुर्थी की शुभकामनाएँ 🙏🏻 Also the bracelet can be purchased from japam.in ✨ @japam.in  . . . . #ganesh #bhajan #devotional #ganeshchaturthi
331,Tier 4: Toggle OFF + Organic (Noise),Isha Life India,"Pan-India / Tamil Nadu (HQ: Coimbatore, Isha)",@jyothikaindhu,51000,🌟 Celebrity & Spiritual Leader Endorsement,111604,2610,135,2.34%,5.38%,2026-02-16,https://www.instagram.com/p/DUzcmDyjN1f/,"📈 Viral Organic Reach: High organic views (111,604) with strong like rate (2.34%)","అందరికీ మహాశివ రాత్రి శుభాకాంక్షలు 🕉️🛕🌸🌸 Jewellery: @varaahicreations 🫶 Comment for links   [mahashivaratri celebrations in USA, adiyogi, shiva , lord, energy, energized saree, Isha foundation, sadhguru, temple get ready with me, get ready with me fo"
332,Tier 4: Toggle OFF + Organic (Noise),Divine Hindu,Pan-India / Delhi NCR (HQ: New Delhi),@gurukriipa,112000,🕉️ Devotional Content & Spiritual Storytelling,110143,4396,28,3.99%,3.95%,2026-03-17,https://www.instagram.com/p/DV-671ND7Qw/,⚪ Standard Organic: Baseline organic collab reach,@divinehindu.in ✨
333,Tier 4: Toggle OFF + Organic (Noise),Divine Hindu,Pan-India / Delhi NCR (HQ: New Delhi),@srishti__jain,252000,🕉️ Devotional Content & Spiritual Storytelling,109013,1895,58,1.74%,0.78%,2026-01-06,https://www.instagram.com/p/DTKyHZviYau/,⚪ Standard Organic: Baseline organic collab reach,"Wealth mere liye sirf income nahi, ek energy hai. Yeh mere kuch personal pyrite pieces hain jo mujhe protection, stability aur growth yaad dilate hain.  Sharing what truly resonates ✨ @divinehindu.in  @karungali_by_divinehindu   #divinehindu"
334,Tier 4: Toggle OFF + Organic (Noise),Japam,Pan-India / Rajasthan (HQ: Jaipur),@kushalbhadra,1000000,"🕉️ Mantras, Japa Meditation & Puja Rituals",108916,641,58,0.59%,0.07%,2025-11-06,https://www.instagram.com/p/DQssP4akilO/,⚪ Standard Organic: Baseline organic collab reach,"The Most Powerful Bracelet ! ✨  Authentic. Spiritual. Handcrafted. ✨ Discover @japam.in, where every piece of jewelry is made with intention and rooted in ancient energy. Shop timeless pieces at www.japam.in  💫  #motivation #information #fact #tips #"
335,Tier 4: Toggle OFF + Organic (Noise),Japam,Pan-India / Rajasthan (HQ: Jaipur),@voiceofkrishnaveniofficial,906000,🕉️ Devotional Content & Spiritual Storytelling,108632,2279,432,2.10%,0.30%,2026-07-23,https://www.instagram.com/p/DbId5c9vi2Z/,⚪ Standard Organic: Baseline organic collab reach,👑Topic 541: “Powerful Anklet”🕊️🫶|   ⚠️Disclaimer : இது தனிப்பட்ட அனுபவம் மற்றும் பொதுவாக பகிரப்படும் நம்பிக்கைகளை அடிப்படையாகக் கொண்ட தகவல் மட்டுமே. பலன்கள் ஒவ்வொருவருக்கும் மாறுபடலாம்.
336,Tier 4: Toggle OFF + Organic (Noise),Divine Hindu,Pan-India / Delhi NCR (HQ: New Delhi),@bedazartvalley,225000,🕉️ Devotional Content & Spiritual Storytelling,107051,2756,131,2.57%,1.28%,2026-02-10,https://www.instagram.com/p/DUlSl1IDKyW/,⚪ Standard Organic: Baseline organic collab reach,"Not just an anklet—Lakshmi-inspired pyrite energy for wealth, confidence & everyday balance. ✨ @divinehindu.in"
337,Tier 4: Toggle OFF + Organic (Noise),Japam,Pan-India / Rajasthan (HQ: Jaipur),@e_gita._,165000,🕉️ Devotional Content & Spiritual Storytelling,105939,4023,60,3.80%,2.47%,2025-10-02,https://www.instagram.com/p/DPTjgptD2Ix/,⚪ Standard Organic: Baseline organic collab reach,"This is not just a mala. This is Karungali – the sacred ebony that sages, saints, and even celebrities trust. 🌑✨  When it’s authentic, it is believed to: 🔮 Absorb negativity & evil eye 🧘 Calm the restless mind 💰 Invite prosperity & stability 🌌 Balanc"
338,Tier 4: Toggle OFF + Organic (Noise),Isha Life India,"Pan-India / Tamil Nadu (HQ: Coimbatore, Isha)",@aaharindianplate,38000,✨ Spiritual Lifestyle & Modern Wellness,104785,868,16,0.83%,2.33%,2026-06-26,https://www.instagram.com/p/DaCLzrOycMJ/,⚪ Standard Organic: Baseline organic collab reach,"Falsa Sharbat Before fancy coolers and bottled drinks, our elders would crush seasonal fruits on a mortar and pestle, mixing them with herbs and natural sweetness to make something simple, cooling, and healing.  Today, I’m bringing back that same tra"
339,Tier 4: Toggle OFF + Organic (Noise),Divine Hindu,Pan-India / Delhi NCR (HQ: New Delhi),@shalutyagidance,544000,🕉️ Devotional Content & Spiritual Storytelling,104717,1240,26,1.18%,0.23%,2026-03-13,https://www.instagram.com/p/DV0Xs_6gQfE/,⚪ Standard Organic: Baseline organic collab reach,💛💛  @divinehindu.in
340,Tier 4: Toggle OFF + Organic (Noise),House of Rudra,Pan-India / Gujarat (HQ: Ahmedabad),@gayathrianil_official,369000,🕉️ Devotional Content & Spiritual Storytelling,103844,2040,0,1.96%,0.55%,2025-11-14,https://www.instagram.com/p/DRCTs1aklC8/,⚪ Standard Organic: Baseline organic collab reach,మధ్యతరగతి కుటుంబాల పోరాటాలు🥲😔  Follow @houseofrudra_social & Buy on www.houseofrudra.in They have authentic Karungali Malas with lab tested certificates   #religious #karungalemala #mala #accessories #religious accessories #trendingreels #fyp #religi
341,Tier 4: Toggle OFF + Organic (Noise),Isha Life India,"Pan-India / Tamil Nadu (HQ: Coimbatore, Isha)",@piyushanjili_12,37000,"🕉️ Mantras, Japa Meditation & Puja Rituals",102810,6195,88,6.03%,16.98%,2026-04-02,https://www.instagram.com/p/DWnoolYk_FF/,"📈 Viral Organic Reach: High organic views (102,810) with strong like rate (6.03%)","So happy to have received this natural set from @isha.life.india grateful .   Isha,isha life, adiyogi , shiva , om namah shivaya , classical dance , kuchipudi , natural   #trending #fyp #classicaldance #artist #ishalife"
342,Tier 4: Toggle OFF + Organic (Noise),Japam,Pan-India / Rajasthan (HQ: Jaipur),@pavitragyaan,131000,🕉️ Devotional Content & Spiritual Storytelling,102749,6179,833,6.01%,5.35%,2025-09-09,https://www.instagram.com/p/DOY3A8nE139/,"📈 Viral Organic Reach: High organic views (102,749) with strong like rate (6.01%)",काम बनते-बनते क्यों बिगड़ जाते हैं? घर में घुसते ही अजीब सी नेगेटिविटी क्यों महसूस होती है? क्या सच में किसी की नज़र ने सब बिगाड़ दिया है…?   शास्त्र कहते हैं हर विपदा से बचाने के लिए चाहिए एक अभेद्य कवच। और यही है पंचमुखी हनुमान जी का दिव्य रूप 🙏   
343,Tier 4: Toggle OFF + Organic (Noise),Divine Hindu,Pan-India / Delhi NCR (HQ: New Delhi),@chetnabalharaofficial,649000,🕉️ Devotional Content & Spiritual Storytelling,102332,3503,53,3.42%,0.55%,2026-03-16,https://www.instagram.com/p/DV73xn_ERkj/,⚪ Standard Organic: Baseline organic collab reach,Har Har Mahadev 🙏🏻🪴   #chetnabalhara #divinehindu
344,Tier 4: Toggle OFF + Organic (Noise),Divine Hindu,Pan-India / Delhi NCR (HQ: New Delhi),@ashbar666,729000,"🔮 Astrology, Horoscope & Gemstone Consultation",102062,1304,53,1.28%,0.19%,2026-03-30,https://www.instagram.com/p/DWgYHr4DwPY/,⚪ Standard Organic: Baseline organic collab reach,Order from https://www.divinehindu.in/collections/rashi-stones-1
345,Tier 4: Toggle OFF + Organic (Noise),Japam,Pan-India / Rajasthan (HQ: Jaipur),@radhikaachopra_,290000,"🕉️ Mantras, Japa Meditation & Puja Rituals",101135,2519,42,2.49%,0.88%,2025-08-29,https://www.instagram.com/p/DN8PQKACZq3/,⚪ Standard Organic: Baseline organic collab reach,"The magical powers of RUDRAKSHA ✨🔥     Get 100% rudraksha jewellery from @japam.in 🔥   {spiritual, lord shiva, rudraksha, narendra modi, spiritual celebrities, money, growth, power of rudraksha, spiritual healing}   #rudraksh #lordshiva #motivation #"
346,Tier 4: Toggle OFF + Organic (Noise),Japam,Pan-India / Rajasthan (HQ: Jaipur),@black_raavanan,877000,"🕉️ Mantras, Japa Meditation & Puja Rituals",100091,1018,67,1.02%,0.12%,2026-06-13,https://www.instagram.com/p/DZhNYhxTcek/,⚪ Standard Organic: Baseline organic collab reach,Orginal karugali 📿  . #blackraavanan #reels #japam #karugalimalai #tamil
347,Tier 4: Toggle OFF + Organic (Noise),Isha Life India,"Pan-India / Tamil Nadu (HQ: Coimbatore, Isha)",@rajiiii__tales,28000,🕉️ Devotional Content & Spiritual Storytelling,100085,1755,12,1.75%,6.31%,2026-06-07,https://www.instagram.com/p/DZSUqGNPGlt/,⚪ Standard Organic: Baseline organic collab reach,"Stay natural,stay glowing🎀💆‍♀️☀️ Loving these organic essentials from @isha.life.india  . . . [selfcare,bodycare,skincare,haircare,morningroutine]  #ishalife#fyp #explorepage #viralvideos #slowmorning"
348,Tier 4: Toggle OFF + Organic (Noise),Japam,Pan-India / Rajasthan (HQ: Jaipur),@hey_jyotii,270000,"🔬 Rudraksha Authenticity, Lab Testing & Craft Lore",97786,509,11,0.52%,0.19%,2026-03-14,https://www.instagram.com/p/DV2mxrVgWDi/,⚪ Standard Organic: Baseline organic collab reach,"When spirituality meets authenticity. ✨ These pieces from @japam.in aren’t just accessories — they’re authentic energy stones designed to attract abundance, protection, and positivity"
349,Tier 4: Toggle OFF + Organic (Noise),Isha Life India,"Pan-India / Tamil Nadu (HQ: Coimbatore, Isha)",@harshiteju_,110000,🌟 Celebrity & Spiritual Leader Endorsement,97762,3,35,0.00%,0.03%,2026-02-15,https://www.instagram.com/p/DUxFNhvE__s/,⚪ Standard Organic: Baseline organic collab reach,మహాశివరాత్రి శుభాకాంక్షలు 🕉️🙏🏻 Om namaha sivaya🙏🏻 Thankyou for this precious offering and opportunity  saree from : @isha.life.india 🥺🙏🏻 . . . #trendingreels #instagram #ishalife #sadhguru #goviral
350,Tier 4: Toggle OFF + Organic (Noise),Japam,Pan-India / Rajasthan (HQ: Jaipur),@kaarangandhi,120000,"🕉️ Mantras, Japa Meditation & Puja Rituals",96559,3697,48,3.83%,3.12%,2026-02-05,https://www.instagram.com/p/DUYFtImkm6T/,⚪ Standard Organic: Baseline organic collab reach,"Long distance doesn’t test love.  It proves it. ❤️ Miles apart, hearts connected🧿  You can buy these bands from @japam.in  they are really helful and beautiful ✨  #kaarangandhi #truelove #longdistance #relationships #love"
351,Tier 4: Toggle OFF + Organic (Noise),Divine Hindu,Pan-India / Delhi NCR (HQ: New Delhi),@walk_with_deepu__,311000,"🏛️ Temple Lore, Mythology & Sanatan Philosophy",96393,2601,23,2.70%,0.84%,2026-01-17,https://www.instagram.com/p/DTmUyNPk0GV/,⚪ Standard Organic: Baseline organic collab reach,Miku Unna Negative Energy Kii Denitho Check Pettandi😍 . . . #KarungaliMala #DivineEnergy #SpiritualPower #HinduDivine #SanatanaDharma #DivineVibes #PositiveEnergy #SpiritualReels #GodBlessings
352,Tier 4: Toggle OFF + Organic (Noise),Divine Hindu,Pan-India / Delhi NCR (HQ: New Delhi),@bedazartvalley,225000,"🏛️ Temple Lore, Mythology & Sanatan Philosophy",96130,2803,126,2.92%,1.30%,2025-12-19,https://www.instagram.com/p/DScygKHjFue/,⚪ Standard Organic: Baseline organic collab reach,"In our traditions, Nandi is known as the first devotee of Lord Shiva — always seated, always listening. That’s why in every temple, Nandi faces Mahadev.  We even whisper our wishes into Nandi’s ear, believing he carries our words straight to Baba Mah"
353,Tier 4: Toggle OFF + Organic (Noise),Divine Hindu,Pan-India / Delhi NCR (HQ: New Delhi),@shalutyagidance,544000,🕉️ Devotional Content & Spiritual Storytelling,95570,1103,18,1.15%,0.21%,2026-03-19,https://www.instagram.com/p/DWEHNnMAZMI/,⚪ Standard Organic: Baseline organic collab reach,🤍🤍  @divinehindu.in
354,Tier 4: Toggle OFF + Organic (Noise),Isha Life India,"Pan-India / Tamil Nadu (HQ: Coimbatore, Isha)",@harshiteju_,110000,"🏛️ Temple Lore, Mythology & Sanatan Philosophy",94584,3,41,0.00%,0.04%,2026-02-26,https://www.instagram.com/p/DVOHH5oCT6i/,⚪ Standard Organic: Baseline organic collab reach,"The vibe of shiva’s songs>>>❤️‍🔥🥺🕉️  Wearing the Devi-energised saree from @isha.life.india 🙏🏻 a reminder that Devi is not outside, She is within. This saree symbolizes emotion,shakthi,and sacred presence. Every movement became a prayer. Every expres"
355,Tier 4: Toggle OFF + Organic (Noise),Isha Life India,"Pan-India / Tamil Nadu (HQ: Coimbatore, Isha)",@vrupeshofficial,305000,"🕉️ Mantras, Japa Meditation & Puja Rituals",94153,2600,59,2.76%,0.87%,2026-04-27,https://www.instagram.com/p/DXn4hyXzPuQ/,⚪ Standard Organic: Baseline organic collab reach,"Weekends for me are all about slowing down and taking care of myself ✨  A little self-pampering with a face pack, body mask, and herbal hair oil, along with my daily puja—makes it complete 🙏  This weekend was even more special as I included @isha.lif"
356,Tier 4: Toggle OFF + Organic (Noise),Divine Hindu,Pan-India / Delhi NCR (HQ: New Delhi),@a.kshitsharma,284000,"🔬 Rudraksha Authenticity, Lab Testing & Craft Lore",93191,4299,234,4.61%,1.60%,2026-03-02,https://www.instagram.com/p/DVX1so_iQKH/,⚪ Standard Organic: Baseline organic collab reach,"Har Rudraksha har kisi ke liye nahi hota. Galat pehen liya toh fayde ki jagah imbalance bhi ho sakta hai.  Is reel mein 1 se 21 Mukhi tak ka simple breakdown diya hai — kaunsa beginner ke liye, kaunsa focus ke liye, kaunsa protection ke liye, aur kau"
357,Tier 4: Toggle OFF + Organic (Noise),Divine Hindu,Pan-India / Delhi NCR (HQ: New Delhi),@divinelight_harsh,510000,✨ Spiritual Lifestyle & Modern Wellness,92996,6010,48,6.46%,1.19%,2026-01-27,https://www.instagram.com/p/DUAbvrwEzXW/,⚪ Standard Organic: Baseline organic collab reach,Designed to restore balance and inner harmony. Rose Quartz 7 Chakras | @divinehindu.in   #divinehindu #rosequartz #energybalance #healingcristals #spiritualwellness
358,Tier 4: Toggle OFF + Organic (Noise),Japam,Pan-India / Rajasthan (HQ: Jaipur),@59rancho,539000,"🕉️ Mantras, Japa Meditation & Puja Rituals",92592,1142,16,1.23%,0.21%,2026-06-22,https://www.instagram.com/p/DZ419CuMAcd/,⚪ Standard Organic: Baseline organic collab reach,"Elevate your everyday style with elegant Pyrite Anklet — a perfect blend of beauty, positive energy, and timeless charm. 💛📿   Shop now from @Japam.in 🛍️ 👈   #love #reels #travel #jaimatadi #reelsinstagram"
359,Tier 4: Toggle OFF + Organic (Noise),Isha Life India,"Pan-India / Tamil Nadu (HQ: Coimbatore, Isha)",@aarti_ka_aashiyana,103000,🕉️ Devotional Content & Spiritual Storytelling,92251,2063,16,2.24%,2.02%,2026-02-04,https://www.instagram.com/p/DUVZAkjEmlT/,⚪ Standard Organic: Baseline organic collab reach,महाशिवरात्रि Special राजस्थानी प्रसिद्ध दाल बाटी चूरमा रेसिपी 🙏😋 || Dal Bati Churma Recipe   Rajsthani Cultural & Desi Traditional Food Recipe  Rajsthani Famous Dal Bati Churma Recipe 🤤 Old and authentic recipe 🙏 😍  It’s never about how grand or perf
360,Tier 4: Toggle OFF + Organic (Noise),Divine Hindu,Pan-India / Delhi NCR (HQ: New Delhi),@aryanpagare05,253000,"📦 Unboxing, Gifting & Product Review",92006,6321,67,6.87%,2.52%,2025-11-29,https://www.instagram.com/p/DRo6NSwCMQP/,⚪ Standard Organic: Baseline organic collab reach,"Elevate your vibe — wear peace, power & prosperity. ✨🙏 Get your gold-plated Rudraksha bracelet today and feel the divine energy in every moment. 🛒 Tap ‘Buy Now’  @divinehindu.in . #instagram #instagood #instalike #instareels #reelitfeelit #reelkarofe"
361,Tier 4: Toggle OFF + Organic (Noise),Divine Hindu,Pan-India / Delhi NCR (HQ: New Delhi),@divinelight_harsh,510000,🕉️ Devotional Content & Spiritual Storytelling,91773,5200,37,5.67%,1.03%,2026-03-13,https://www.instagram.com/p/DVxqJ54yqZM/,⚪ Standard Organic: Baseline organic collab reach,"Faith you can wear. 🔱  Powerful blend of Rudraksha + Karungali wood + Shiv pendant for protection, peace and divine energy.  Wearing the blessings of Mahadev.  Har Har Mahadev 🕉️  #mahadev #rudraksha #karungali #sańatandharma #divinehindu"
362,Tier 4: Toggle OFF + Organic (Noise),Divine Hindu,Pan-India / Delhi NCR (HQ: New Delhi),@sargun_kaur.luthra,823000,"🔮 Astrology, Horoscope & Gemstone Consultation",91637,3412,63,3.72%,0.42%,2026-02-18,https://www.instagram.com/p/DU5vWKwCBGU/,⚪ Standard Organic: Baseline organic collab reach,"Worldwide FAMOUS Amethyst Bracelet 💜—specially curated for Makar Rashi (Capricorn). Known for mental peace, clarity, and emotional balance.  This bracelet is made using 100% original Amethyst, backed with a certificate of authenticity.  At Divine Hin"
363,Tier 4: Toggle OFF + Organic (Noise),Divine Hindu,Pan-India / Delhi NCR (HQ: New Delhi),@bedazartvalley,225000,"📦 Unboxing, Gifting & Product Review",91429,1189,130,1.30%,0.59%,2026-03-06,https://www.instagram.com/p/DVjC0_dDOAy/,⚪ Standard Organic: Baseline organic collab reach,"Amethyst bracelet — a quiet reminder to stay calm, clear, and spiritually grounded. From @divinehindu.in"
364,Tier 4: Toggle OFF + Organic (Noise),Divine Hindu,Pan-India / Delhi NCR (HQ: New Delhi),@6garvkharb,180000,🕉️ Devotional Content & Spiritual Storytelling,91090,5538,51,6.08%,3.10%,2025-11-19,https://www.instagram.com/p/DRPilENkwuc/,⚪ Standard Organic: Baseline organic collab reach,"🦁Lord Narasimha is said to remove Neagtive Energy from One’s life and protect them against all atrocities!  And just like him, the 3rd Avatar of Lord Vishnu, that is Varaha Dev has also been known to be a Divine Protector of his Devotees and blesses "
365,Tier 4: Toggle OFF + Organic (Noise),Isha Life India,"Pan-India / Tamil Nadu (HQ: Coimbatore, Isha)",@artbyakhil_17,35000,"🏛️ Temple Lore, Mythology & Sanatan Philosophy",91032,1077,112,1.18%,3.40%,2026-04-30,https://www.instagram.com/p/DXwl04aySVN/,⚪ Standard Organic: Baseline organic collab reach,"I had never painted on fabric before this felt completely new.🩷 Yet, somewhere along the way, it became deeply touching. It wasn’t just painting… it felt like Shiva’s grace and presence flowing through. A kurta and a copper cuff, but more than that a"
366,Tier 4: Toggle OFF + Organic (Noise),Divine Hindu,Pan-India / Delhi NCR (HQ: New Delhi),@bedazartvalley,225000,🕉️ Devotional Content & Spiritual Storytelling,90797,1797,107,1.98%,0.85%,2026-02-23,https://www.instagram.com/p/DVGzEEeDFo6/,⚪ Standard Organic: Baseline organic collab reach,When energy meets intention — this Pyrite 7 horse frame feels powerful.
367,Tier 4: Toggle OFF + Organic (Noise),Divine Hindu,Pan-India / Delhi NCR (HQ: New Delhi),@bohra_vihaan,253000,🕉️ Devotional Content & Spiritual Storytelling,89905,5656,136,6.29%,2.29%,2026-01-25,https://www.instagram.com/p/DT77HLikhFw/,⚪ Standard Organic: Baseline organic collab reach,Baap Beta Vs Savitaji😭🤣.. #family #familylife  . .. … #viralreels #instalike #explorepage✨
368,Tier 4: Toggle OFF + Organic (Noise),Divine Hindu,Pan-India / Delhi NCR (HQ: New Delhi),@bedazartvalley,225000,🕉️ Devotional Content & Spiritual Storytelling,89528,2682,147,3.00%,1.26%,2026-05-29,https://www.instagram.com/p/DY7eXcmzRzZ/,⚪ Standard Organic: Baseline organic collab reach,"Finally found the perfect Himalayan salt lamp from Divine Hindu ✨ The warm cozy glow, the peaceful vibe, and the little touch of positivity it adds to my evenings… absolutely love it ❤️  Perfect for slow nights and better sleep 🌙 Use my code BEDA10 f"
369,Tier 4: Toggle OFF + Organic (Noise),Divine Hindu,Pan-India / Delhi NCR (HQ: New Delhi),@ok_ashokkk,269000,"🔮 Astrology, Horoscope & Gemstone Consultation",88888,742,52,0.83%,0.30%,2026-01-15,https://www.instagram.com/p/DThYl45jDe1/,⚪ Standard Organic: Baseline organic collab reach,Comment Your Rashi to get the link of this amazing product in your DMs😍❤️  #divine #fyp #students #college #internship #freelance #courses #summerinternship #hindu #divinehindu #spiritual #viratkohli
370,Tier 4: Toggle OFF + Organic (Noise),House of Rudra,Pan-India / Gujarat (HQ: Ahmedabad),@divinelight_harsh,510000,"🔬 Rudraksha Authenticity, Lab Testing & Craft Lore",88888,4291,140,4.83%,0.87%,2026-08-10,https://www.instagram.com/p/Db3BNzrvkW7/,⚪ Standard Organic: Baseline organic collab reach,"Comment “Har Har Mahadev” 🔱  This Sawan, carry a symbol of faith, devotion & spirituality. 🕉️  7 Mukhi Nepali Rudraksha by House of Rudra. 📿  #Sawan #HarHarMahadev #Mahadev #7MukhiRudraksha #HouseOfRudra"
371,Tier 4: Toggle OFF + Organic (Noise),Japam,Pan-India / Rajasthan (HQ: Jaipur),@naxmaaa,33000,"🕉️ Mantras, Japa Meditation & Puja Rituals",88720,699,97,0.79%,2.41%,2025-12-24,https://www.instagram.com/p/DSplgGwEkc8/,⚪ Standard Organic: Baseline organic collab reach,"Minimal shine, everyday confidence ✨ The Dhanashree Pyrite Anklet — handcrafted, versatile, and effortlessly elegant. From Japam.in . . . [aesthetic jewel, anklet, pinterest anklets, pinterest jewellery, fyp, explore, trending, viral] #explore #fyp #"
372,Tier 4: Toggle OFF + Organic (Noise),Isha Life India,"Pan-India / Tamil Nadu (HQ: Coimbatore, Isha)",@itsmystylestory,105000,🎉 Festival & Auspicious Muhurat Activations,88256,1611,107,1.83%,1.64%,2026-02-09,https://www.instagram.com/p/DUiYTbLD_-0/,⚪ Standard Organic: Baseline organic collab reach,"“One with Adiyogi’s grace 🌸“ Getting ready for MahaShivratri with a quiet heart and folded hands 🙏🏻 What we wear today carries meaning beyond fabric it reflects conscious living, simplicity, and an inner stillness.  Through Adiyogi’s blessings, we’re"
373,Tier 4: Toggle OFF + Organic (Noise),House of Rudra,Pan-India / Gujarat (HQ: Ahmedabad),@its_manoharx,60000,🕉️ Devotional Content & Spiritual Storytelling,87785,977,6,1.11%,1.64%,2026-04-03,https://www.instagram.com/p/DWqzy3Yj38c/,⚪ Standard Organic: Baseline organic collab reach,Watch it without skipping this video   Place your order now  Link is in my bio ❤️  Follow @houseofrudra_social & Buy on www.houseofrudra.in They have karungali mala with lab tested certificates  #religious #rudraksh #accessories #religious accessorie
374,Tier 4: Toggle OFF + Organic (Noise),Isha Life India,"Pan-India / Tamil Nadu (HQ: Coimbatore, Isha)",@madhavi_unplugged,18000,🕉️ Devotional Content & Spiritual Storytelling,87718,3025,33,3.45%,16.99%,2026-07-29,https://www.instagram.com/p/DbXRMkMTYBK/,"📈 Viral Organic Reach: High organic views (87,718) with strong like rate (3.45%)","This Guru Purnima, I find myself reflecting on what it truly means to have a Guru.  A Guru is not someone you simply admire. A Guru becomes the path itself. In moments of clarity and in moments of confusion, his presence silently guides every step. Y"
375,Tier 4: Toggle OFF + Organic (Noise),Japam,Pan-India / Rajasthan (HQ: Jaipur),@sanal.pnair,13000,"🕉️ Mantras, Japa Meditation & Puja Rituals",86048,3604,94,4.19%,28.45%,2025-10-13,https://www.instagram.com/p/DPwF8DpD64i/,"📈 Viral Organic Reach: High organic views (86,048) with strong like rate (4.19%)","Divine aura💫 @japam.in  . . #divine #japam #murugan #traditional #aura #trending #reels #bakthi #blessings #temple #positivity  (Temple, Traditional, Reels, divine, Trend)"
376,Tier 4: Toggle OFF + Organic (Noise),Divine Hindu,Pan-India / Delhi NCR (HQ: New Delhi),@srishti__jain,252000,🕉️ Devotional Content & Spiritual Storytelling,85724,1233,29,1.44%,0.50%,2026-01-28,https://www.instagram.com/p/DUDlybRiKKy/,⚪ Standard Organic: Baseline organic collab reach,Sagittarius energy = growth mindset ♐️ Sometimes you don’t need answers. Just the right reminder.”  #Divinehindu
377,Tier 4: Toggle OFF + Organic (Noise),Japam,Pan-India / Rajasthan (HQ: Jaipur),@arjunadhibro,215000,"🏛️ Temple Lore, Mythology & Sanatan Philosophy",85055,2651,45,3.12%,1.25%,2025-09-15,https://www.instagram.com/p/DOoCFSAkjuK/,⚪ Standard Organic: Baseline organic collab reach,Ha Ratri en aytu gotta ??   #arjunadhi #mysore #hassan #bengaluru  #lord #mahadev #god #scary #suspence #lordshiva
378,Tier 4: Toggle OFF + Organic (Noise),Divine Hindu,Pan-India / Delhi NCR (HQ: New Delhi),@divinelight_harsh,510000,🕉️ Devotional Content & Spiritual Storytelling,84481,5215,73,6.17%,1.04%,2026-01-15,https://www.instagram.com/p/DThhpjygJQN/,⚪ Standard Organic: Baseline organic collab reach,“Not just a locket. It’s Ram with me. Do check it out. divinehindu.in  #divinehindu #paidpromotion
379,Tier 4: Toggle OFF + Organic (Noise),Divine Hindu,Pan-India / Delhi NCR (HQ: New Delhi),@thebharatkhanna,475000,🕉️ Devotional Content & Spiritual Storytelling,83163,1265,41,1.52%,0.27%,2025-12-04,https://www.instagram.com/p/DR1zG5tEqL6/,⚪ Standard Organic: Baseline organic collab reach,Tag Your Unmarried MAMA ! 😆  #mamabhanja #bhanja #nephew
380,Tier 4: Toggle OFF + Organic (Noise),Japam,Pan-India / Rajasthan (HQ: Jaipur),@iam_kuldeep_666,431000,"🕉️ Mantras, Japa Meditation & Puja Rituals",81818,5293,104,6.47%,1.25%,2026-07-29,https://www.instagram.com/p/DbYEExPopIp/,⚪ Standard Organic: Baseline organic collab reach,Go and purchase from ✨ @japam.in  . #reelsinstagram #trending #kuldeep666 #harekrishna
381,Tier 4: Toggle OFF + Organic (Noise),Isha Life India,"Pan-India / Tamil Nadu (HQ: Coimbatore, Isha)",@farzan.dadachanji,13000,🌟 Celebrity & Spiritual Leader Endorsement,81218,4362,80,5.37%,34.17%,2026-05-16,https://www.instagram.com/p/DYY0ILwKJK8/,"📈 Viral Organic Reach: High organic views (81,218) with strong like rate (5.37%)","Some things enter your space and everything feels different. Not decoration, but presence. ✨ Bringing home Sadhguru and Devi wasn’t about decor, it was about creating a space that reminds me to turn inward, every single day. A lamp, a flower, a momen"
382,Tier 4: Toggle OFF + Organic (Noise),Japam,Pan-India / Rajasthan (HQ: Jaipur),@_pinkieee__,23000,"🕉️ Mantras, Japa Meditation & Puja Rituals",81160,2282,56,2.81%,10.17%,2026-08-12,https://www.instagram.com/p/Db8bKN5SPLM/,"📈 Viral Organic Reach: High organic views (81,160) with strong like rate (2.81%)","Japam, Gold plated Shiv Rudraksha Karungali Rakhi📿🔱  .  #japam #fyp #rakshabandhan #viralreel"
383,Tier 4: Toggle OFF + Organic (Noise),Japam,Pan-India / Rajasthan (HQ: Jaipur),@pia__mishra_,155000,"🕉️ Mantras, Japa Meditation & Puja Rituals",80616,662,29,0.82%,0.45%,2026-03-10,https://www.instagram.com/p/DVsitmEiOyj/,⚪ Standard Organic: Baseline organic collab reach,"Rudraksh: protection, peace & power 🔱 @japam.in"
384,Tier 4: Toggle OFF + Organic (Noise),Divine Hindu,Pan-India / Delhi NCR (HQ: New Delhi),@59rancho,539000,🕉️ Devotional Content & Spiritual Storytelling,79763,2469,62,3.10%,0.47%,2026-01-20,https://www.instagram.com/p/DTt5SRoDL9U/,⚪ Standard Organic: Baseline organic collab reach,Ganesh Jayanti kab Banai Jaati hai? 🥹🔱🙏.... #love #reels #mahadev #ganpatibappa #reelsinstagram
385,Tier 4: Toggle OFF + Organic (Noise),Japam,Pan-India / Rajasthan (HQ: Jaipur),@pallavi_goenka_,148000,"🕉️ Mantras, Japa Meditation & Puja Rituals",79179,275,35,0.35%,0.21%,2025-12-31,https://www.instagram.com/p/DS63YsYiPd_/,⚪ Standard Organic: Baseline organic collab reach,As a true believer in energies and power pf crystals I recently got my hands on this beautiful Dhanshree pyrite anklet from Japam.   Their crystals are authentic and lab tested. You can also purchase yours from Japam.in . . . . . . #crystal #abundanc
386,Tier 4: Toggle OFF + Organic (Noise),Divine Hindu,Pan-India / Delhi NCR (HQ: New Delhi),@bedazartvalley,225000,🕉️ Devotional Content & Spiritual Storytelling,79111,1473,97,1.86%,0.70%,2026-04-09,https://www.instagram.com/p/DW6prVIDK-k/,⚪ Standard Organic: Baseline organic collab reach,"Bring home calm, balance, and positive energy with the Moon 7 Chakra Agate Dream Catcher from @divinehindu.in — a beautiful blend of spiritual vibes and artisanal decor for your peaceful corner."
387,Tier 4: Toggle OFF + Organic (Noise),Divine Hindu,Pan-India / Delhi NCR (HQ: New Delhi),@khushbooaroraofficial,133000,"🏛️ Temple Lore, Mythology & Sanatan Philosophy",78400,1863,76,2.38%,1.46%,2026-04-30,https://www.instagram.com/p/DXwWwgIIWEd/,⚪ Standard Organic: Baseline organic collab reach,POV: pocket-sized serenity 🕊️   Pocket temple - @divinehindu.in   #explore #fyp #contentcreator #reelsinstagram
388,Tier 4: Toggle OFF + Organic (Noise),Divine Hindu,Pan-India / Delhi NCR (HQ: New Delhi),@codewithsrajan,501000,🕉️ Devotional Content & Spiritual Storytelling,77740,3,70,0.00%,0.01%,2025-12-29,https://www.instagram.com/p/DS2EXJkiAfj/,⚪ Standard Organic: Baseline organic collab reach,Start 2026 With New Energies⚡️ . . . . #reels #explore #motivation #newyear #positive
389,Tier 4: Toggle OFF + Organic (Noise),Isha Life India,"Pan-India / Tamil Nadu (HQ: Coimbatore, Isha)",@sanju_kandregula,191000,🕉️ Devotional Content & Spiritual Storytelling,77498,4223,155,5.45%,2.29%,2026-02-06,https://www.instagram.com/p/DUaPPSzAeT6/,⚪ Standard Organic: Baseline organic collab reach,"Some days begin with silence, devotion, and awareness.  This pooja to Devi Linga Bhairavi felt like coming back to myself — every offering placed with intention, every moment lived consciously. Wearing the energised saree, sitting in stillness, I fel"
390,Tier 4: Toggle OFF + Organic (Noise),House of Rudra,Pan-India / Gujarat (HQ: Ahmedabad),@its_manoharx,60000,"📦 Unboxing, Gifting & Product Review",77236,2487,11,3.22%,4.16%,2026-03-21,https://www.instagram.com/p/DWJY4-Nj9FP/,"📈 Viral Organic Reach: High organic views (77,236) with strong like rate (3.22%)",This year will be the best year   Place your order now  Link is in my bio ❤️  Follow @houseofrudra_social & Buy on www.houseofrudra.in They have authentic Tiger eye bracelet with lab tested certificates  #religious #rudraksh #accessories #religious a
391,Tier 4: Toggle OFF + Organic (Noise),Divine Hindu,Pan-India / Delhi NCR (HQ: New Delhi),@praneetbhat,121000,🕉️ Devotional Content & Spiritual Storytelling,76867,2439,33,3.17%,2.04%,2026-03-08,https://www.instagram.com/p/DVnhkQAD0J6/,⚪ Standard Organic: Baseline organic collab reach,"This Divine Mahadev Locket is crafted with sacred Karungali beads, known for their powerful spiritual energy. It is believed to attract positivity, protection, and inner strength while keeping negative energies away. Wearing this locket connects you "
392,Tier 4: Toggle OFF + Organic (Noise),House of Rudra,Pan-India / Gujarat (HQ: Ahmedabad),@24caratgujju,126000,🕉️ Devotional Content & Spiritual Storytelling,75190,1022,26,1.36%,0.83%,2026-03-17,https://www.instagram.com/p/DV_ViBEDEKc/,⚪ Standard Organic: Baseline organic collab reach,પુરાણોમાં કહેવામાં આવે છે કે મહાદેવજી  ના આંસુમાંથી જન્મેલું રુદ્રાક્ષ માત્ર એક બીજ નથી… એ છે તમારા જીવનનું રક્ષણ કવચ 🙏  Place your order now  Link is in my bio ❤️  Follow @houseofrudra_social & Buy on www.houseofrudra.in They have authentic rudraksh
393,Tier 4: Toggle OFF + Organic (Noise),Divine Hindu,Pan-India / Delhi NCR (HQ: New Delhi),@aryanpagare05,253000,🕉️ Devotional Content & Spiritual Storytelling,75020,6629,95,8.84%,2.66%,2026-04-14,https://www.instagram.com/p/DXG4YzvCO3R/,⚪ Standard Organic: Baseline organic collab reach,shiv sada sahay ❤️🙏🏻 . . #instagram #instagood #instalike #aryanpagare02 #indore
394,Tier 4: Toggle OFF + Organic (Noise),Isha Life India,"Pan-India / Tamil Nadu (HQ: Coimbatore, Isha)",@seethus_verse,20000,🌟 Celebrity & Spiritual Leader Endorsement,75000,1841,38,2.45%,9.40%,2026-02-23,https://www.instagram.com/p/DVFqy3uE7wm/,"📈 Viral Organic Reach: High organic views (75,000) with strong like rate (2.45%)","Monday mornings are for Mahadev 🕉️✨  . . . . . .. . . . . . #livingalone #aadhiyogi #isha #sadhguru #trending  [adiyogi, shiva, lord, energy, Isha foundation, sadhguru, Monday morning ritual’s, Pooja at home, shiva tandavam, isha collab, Isha life, s"
395,Tier 4: Toggle OFF + Organic (Noise),Divine Hindu,Pan-India / Delhi NCR (HQ: New Delhi),@hollowhaunts,178000,🕉️ Devotional Content & Spiritual Storytelling,74604,766,23,1.03%,0.44%,2026-03-24,https://www.instagram.com/p/DWRFD6QEiAd/,⚪ Standard Organic: Baseline organic collab reach,Ultimate Shield against Negative Energy 🔱 @divinehindu.in   #haunted #negativeenergy #divinehindu #hollowhaunts #2026
396,Tier 4: Toggle OFF + Organic (Noise),Divine Hindu,Pan-India / Delhi NCR (HQ: New Delhi),@i_amgovindnishad,856000,🕉️ Devotional Content & Spiritual Storytelling,73880,702,22,0.95%,0.08%,2026-05-28,https://www.instagram.com/p/DY3yDd0IYcY/,⚪ Standard Organic: Baseline organic collab reach,Shiv ji ke Dhanush ke Kya naam ? 🥰!! @i_amgovindnishad @divinehindu.in @karungali_by_divinehindu  #instagram #viral #instagood #explore #trending
397,Tier 4: Toggle OFF + Organic (Noise),House of Rudra,Pan-India / Gujarat (HQ: Ahmedabad),@pj_traveller_9,40000,"📦 Unboxing, Gifting & Product Review",73870,1834,70,2.48%,4.76%,2026-03-17,https://www.instagram.com/p/DV_ZHvSzF_C/,"📈 Viral Organic Reach: High organic views (73,870) with strong like rate (2.48%)",Tiger Eye Bracelet 🔥 Stress Relief + Protection + Confidence 💯 .  Place your order now  Link is in my bio ❤️  Follow @houseofrudra_social & Buy on www.houseofrudra.in They have authentic tiger eye  bracelet  with lab tested certificates . . Mee life 
398,Tier 4: Toggle OFF + Organic (Noise),Japam,Pan-India / Rajasthan (HQ: Jaipur),@v_sharma2009,30000,"🕉️ Mantras, Japa Meditation & Puja Rituals",73797,3,54,0.00%,0.19%,2025-11-05,https://www.instagram.com/p/DQqdIb6jyjg/,⚪ Standard Organic: Baseline organic collab reach,"“Japam ke saath mehsoos karo bhakti ka asli roop 💫 Gold-plated Kanthi Mala aur Tulsi ki pavitrta — dono ek saath ek divine connection banate hain. Har bead mein shanti, har sparkle mein bhakti ✨🌸 #Japam #KanthiMala #TulsiMala #DivineJewelry #Spiritua"
399,Tier 4: Toggle OFF + Organic (Noise),Divine Hindu,Pan-India / Delhi NCR (HQ: New Delhi),@i_amgovindnishad,856000,🕉️ Devotional Content & Spiritual Storytelling,73751,3,16,0.00%,0.00%,2026-05-19,https://www.instagram.com/p/DYhWVxNIIOL/,⚪ Standard Organic: Baseline organic collab reach,Comment karo 🥹🚩!!  @i_amgovindnishad @divinehindu.in  #instagram #viral #instagood #explore #trending
400,Tier 4: Toggle OFF + Organic (Noise),House of Rudra,Pan-India / Gujarat (HQ: Ahmedabad),@invited_shadow,241000,"📦 Unboxing, Gifting & Product Review",73624,559,23,0.76%,0.24%,2026-06-25,https://www.instagram.com/p/DaA5BWph1VV/,⚪ Standard Organic: Baseline organic collab reach,Order Money Magnet Bracelet Now! .  Place your order now  Link is in my bio ❤️  Follow @houseofrudra_social & Buy on www.houseofrudra.in They have authentic Money Magnet Bracelet with lab tested certificates  #religious #rudraksh #accessories #religi
401,Tier 4: Toggle OFF + Organic (Noise),Japam,Pan-India / Rajasthan (HQ: Jaipur),@l___grey___l,109000,"🕉️ Mantras, Japa Meditation & Puja Rituals",73395,3313,36,4.51%,3.07%,2026-03-07,https://www.instagram.com/p/DVlZ1o1EvD0/,⚪ Standard Organic: Baseline organic collab reach,Go grab yours now @japam.in ❤️ #rudraksh #trending #foryou #viral #explorepage
402,Tier 4: Toggle OFF + Organic (Noise),Isha Life India,"Pan-India / Tamil Nadu (HQ: Coimbatore, Isha)",@ramyaa.sg,10000,🕉️ Devotional Content & Spiritual Storytelling,73034,1245,42,1.70%,12.87%,2026-01-16,https://www.instagram.com/p/DTj8CmmE0Jg/,⚪ Standard Organic: Baseline organic collab reach,Styled in the beautiful handloom sarees and offbeat blouses from @isha.life.india
403,Tier 4: Toggle OFF + Organic (Noise),Divine Hindu,Pan-India / Delhi NCR (HQ: New Delhi),@rohitpandey_65,1000000,🕉️ Devotional Content & Spiritual Storytelling,72794,1982,42,2.72%,0.20%,2026-03-26,https://www.instagram.com/p/DWWXny7jKze/,⚪ Standard Organic: Baseline organic collab reach,✨ Strong Mind and Clear Vision 💪  Get all your products from @divinehindu.in   #mindset #spritualıty
404,Tier 4: Toggle OFF + Organic (Noise),Japam,Pan-India / Rajasthan (HQ: Jaipur),@kajaldasanii,94000,"🕉️ Mantras, Japa Meditation & Puja Rituals",72279,3,24,0.00%,0.03%,2026-03-06,https://www.instagram.com/p/DVizs8dEpYF/,⚪ Standard Organic: Baseline organic collab reach,"Love how I can style it with ethnic, casual, even work outfits effortlessly✨ Authentic & genuine crystals by @japam.in"
405,Tier 4: Toggle OFF + Organic (Noise),Divine Hindu,Pan-India / Delhi NCR (HQ: New Delhi),@shishir_shastry_official,189000,🕉️ Devotional Content & Spiritual Storytelling,71874,936,0,1.30%,0.50%,2025-12-30,https://www.instagram.com/p/DS451iZD-1s/,⚪ Standard Organic: Baseline organic collab reach,"Rudrakhi and Karungali mala from @divinehindu.in  for protection, peace and calmness.  Premium quality with certificate   @divinehindu.in   #nimmashishir"
406,Tier 4: Toggle OFF + Organic (Noise),Divine Hindu,Pan-India / Delhi NCR (HQ: New Delhi),@chetnabalharaofficial,649000,🕉️ Devotional Content & Spiritual Storytelling,71137,3,16,0.00%,0.00%,2026-03-23,https://www.instagram.com/p/DWN_CsxiM9S/,⚪ Standard Organic: Baseline organic collab reach,Stay Healthy Stay Spiritual 🪴❤️   #chetnabalhara #chetnabalharaofficial #trendingnow #poetrycommunity
407,Tier 4: Toggle OFF + Organic (Noise),Divine Hindu,Pan-India / Delhi NCR (HQ: New Delhi),@curlystorm7,51000,"📦 Unboxing, Gifting & Product Review",71126,2525,26,3.55%,5.00%,2026-02-28,https://www.instagram.com/p/DVTR2K9EfSd/,"📈 Viral Organic Reach: High organic views (71,126) with strong like rate (3.55%)","Link is in bio🔗 🚨‼️SALE IS LIVE NOW🥳 Holi's Sale,spritual jewellery, yantras,bracelets and many more🤩everything under ₹999😍go and get yours now🥳"
408,Tier 4: Toggle OFF + Organic (Noise),Japam,Pan-India / Rajasthan (HQ: Jaipur),@storiesby.m,27000,"🕉️ Mantras, Japa Meditation & Puja Rituals",71026,3,4,0.00%,0.03%,2026-04-22,https://www.instagram.com/p/DXZDsM4CeCF/,⚪ Standard Organic: Baseline organic collab reach,Things like these just keeps me grounded. 🌟  Shop more such spiritual jewellery at @japam.in  #storiesbym #foryou #explorepage #japam
409,Tier 4: Toggle OFF + Organic (Noise),Divine Hindu,Pan-India / Delhi NCR (HQ: New Delhi),@sindharthvlogs,197000,🕉️ Devotional Content & Spiritual Storytelling,70920,3,43,0.00%,0.02%,2026-03-25,https://www.instagram.com/p/DWTu5rVzldA/,⚪ Standard Organic: Baseline organic collab reach,"Karungali Mala at Divine Hindu 📿 you get 100% Authentic, lab-certified products you can trust✨ STRENGTH, PROTECTION, POSITIVITY 🔱 ORDER NOW at Divinehindu.In 📦  #divienhindu #karungalimala"
410,Tier 4: Toggle OFF + Organic (Noise),Isha Life India,"Pan-India / Tamil Nadu (HQ: Coimbatore, Isha)",@withshambhavi,16000,🌟 Celebrity & Spiritual Leader Endorsement,70870,2639,53,3.72%,16.83%,2026-01-24,https://www.instagram.com/p/DT5Q6K8E8YK/,"📈 Viral Organic Reach: High organic views (70,870) with strong like rate (3.72%)","Isha Life sources Rudraksha from Himalayas, Nepal and Indonesia.  Check now @isha.life.india   Sadhguru: For someone who is constantly on the move and who eats and sleeps in various places, rudraksha is a very good support because it creates a cocoon"
411,Tier 4: Toggle OFF + Organic (Noise),Japam,Pan-India / Rajasthan (HQ: Jaipur),@krishnpriya_ramanuja_dasi,25000,"🕉️ Mantras, Japa Meditation & Puja Rituals",70844,2698,75,3.81%,11.09%,2025-11-28,https://www.instagram.com/p/DRl0fdUip1n/,"📈 Viral Organic Reach: High organic views (70,844) with strong like rate (3.81%)","DM @japam.in ,OR, Visit Japam.in 🌐 . . #trending #trendingreels #instagramreels #instagram #krishna #vrindavan #reelitfeelit #ishitagrover #vrindavandham #tulsi #viralvideos #tulsimata #tulsipooja #tulsimala #kanthi #viralreels #devotee #devotees #va"
412,Tier 4: Toggle OFF + Organic (Noise),Divine Hindu,Pan-India / Delhi NCR (HQ: New Delhi),@shivanichaudharymua,212000,"📦 Unboxing, Gifting & Product Review",70577,762,17,1.08%,0.37%,2026-02-10,https://www.instagram.com/p/DUkPzLPj5nd/,⚪ Standard Organic: Baseline organic collab reach,India’s love language ✨❤️ @divinehindu.in 🌸 . . . #divinehindu #valentinesgift #couplegoals #love #goals
413,Tier 4: Toggle OFF + Organic (Noise),Divine Hindu,Pan-India / Delhi NCR (HQ: New Delhi),@khushbooaroraofficial,133000,🕉️ Devotional Content & Spiritual Storytelling,70443,2655,91,3.77%,2.06%,2026-04-16,https://www.instagram.com/p/DXMWVgbk653/,⚪ Standard Organic: Baseline organic collab reach,Some jewelry isn’t just worn… it’s felt ✨  Anklet - @divinehindu.in   #contentcreator #reelsinstagram #viralvideos
414,Tier 4: Toggle OFF + Organic (Noise),Divine Hindu,Pan-India / Delhi NCR (HQ: New Delhi),@divinelight_harsh,510000,"🔬 Rudraksha Authenticity, Lab Testing & Craft Lore",70273,3730,35,5.31%,0.74%,2026-05-05,https://www.instagram.com/p/DX9UFgYy-3r/,⚪ Standard Organic: Baseline organic collab reach,"Wear the energy of protection and abundance. 7 Mukhi Rudraksha isn’t just a bead, it’s a shift in your life. Buy now from Divine Hindu.  #divinehindu #product #7mukhirudraksh"
415,Tier 4: Toggle OFF + Organic (Noise),Isha Life India,"Pan-India / Tamil Nadu (HQ: Coimbatore, Isha)",@liltravelstories,98000,🕉️ Devotional Content & Spiritual Storytelling,70250,345,11,0.49%,0.36%,2026-01-05,https://www.instagram.com/p/DS2nqEvEU-6/,⚪ Standard Organic: Baseline organic collab reach,"Slow and productive mornings are truly the best☀️  Got a chance to try these amazing Isha Life products, and I’m honestly loving how natural, healthy, and thoughtfully made everything is🌿  I genuinely recommend giving these a try if you’re looking to"
416,Tier 4: Toggle OFF + Organic (Noise),Japam,Pan-India / Rajasthan (HQ: Jaipur),@krsna.devotee.das,152000,🕉️ Devotional Content & Spiritual Storytelling,69931,5521,183,7.89%,3.75%,2026-07-28,https://www.instagram.com/p/DbUvzNtRWUo/,⚪ Standard Organic: Baseline organic collab reach,तुलसी कंठी धारण करने के फ़ायदे 🌼 1. तुलसी कंठी धारण करने के अद्भुत आध्यात्मिक लाभ 🌿📿 2. हर वैष्णव को तुलसी कंठी क्यों धारण करनी चाहिए? 🙏 3. तुलसी कंठी के फायदे | शास्त्रों के अनुसार 📖 4. क्या आप जानते हैं तुलसी कंठी धारण करने का वास्तविक महत्व? 🌿 5. 
417,Tier 4: Toggle OFF + Organic (Noise),Isha Life India,"Pan-India / Tamil Nadu (HQ: Coimbatore, Isha)",@preetiscookingclasses,19000,🕉️ Devotional Content & Spiritual Storytelling,69797,604,3,0.87%,3.19%,2026-07-18,https://www.instagram.com/p/Da8E2eUIZQe/,⚪ Standard Organic: Baseline organic collab reach,"The weather is unpredictable right now, and i want to ensure that we try to help and spread kindness all around us. Using offerings by @isha.life.india products by Isha life for this video, comment for the link. Be kind, share love."
418,Tier 4: Toggle OFF + Organic (Noise),Divine Hindu,Pan-India / Delhi NCR (HQ: New Delhi),@mr_tkd_broo,306000,🕉️ Devotional Content & Spiritual Storytelling,69673,3,21,0.00%,0.01%,2026-01-02,https://www.instagram.com/p/DTAhtuaE44_/,⚪ Standard Organic: Baseline organic collab reach,ಹೊಸ ವರ್ಷದ ಶುಭಾಶಯಗಳು 🥰
419,Tier 4: Toggle OFF + Organic (Noise),Isha Life India,"Pan-India / Tamil Nadu (HQ: Coimbatore, Isha)",@matthewleuver,77000,"🏛️ Temple Lore, Mythology & Sanatan Philosophy",69530,3518,37,5.06%,4.62%,2025-12-12,https://www.instagram.com/p/DSKS7j7D6vC/,"📈 Viral Organic Reach: High organic views (69,530) with strong like rate (5.06%)","In the yogic tradition, Rudraksha are considered as the ""Tears of Shiva"" and not just an accessory or a piece of jewellery. It is seen as an instrument for inner transformation.   What is a Rudraksha? Rudraksha (also called as Rudraksh) are dried see"
420,Tier 4: Toggle OFF + Organic (Noise),Isha Life India,"Pan-India / Tamil Nadu (HQ: Coimbatore, Isha)",@mounikasanju_,19000,"🏛️ Temple Lore, Mythology & Sanatan Philosophy",68455,3761,45,5.49%,20.03%,2026-02-09,https://www.instagram.com/p/DUiEqU1DBXn/,"📈 Viral Organic Reach: High organic views (68,455) with strong like rate (5.49%)",🔱🙏Panchambhrutha Abhishekam at Home felt more special with divine offerings @isha.life.india 🫶🏻📿 . if you want to try comment shiva hari om tassat har har mahadev  . . #ishalife #harharmahadev #trending #shiva adiyog
421,Tier 4: Toggle OFF + Organic (Noise),Japam,Pan-India / Rajasthan (HQ: Jaipur),@anchor_madhumala_official,80000,"🕉️ Mantras, Japa Meditation & Puja Rituals",68020,518,10,0.76%,0.66%,2025-10-28,https://www.instagram.com/p/DQV6qkLAS60/,⚪ Standard Organic: Baseline organic collab reach,"Triple Protection Band🕉️🌸with Tiger Eye, Black Obsidian & Hematite Beads  @japam.in   Do follow @anchor_madhumala_official for more content   #spritualjewelry #japam #tripleprotectionbracelet #tigereye #hematitebeads #blackobsidian #ceritified #karun"
422,Tier 4: Toggle OFF + Organic (Noise),Japam,Pan-India / Rajasthan (HQ: Jaipur),@twinkle._.dogra,92000,"🕉️ Mantras, Japa Meditation & Puja Rituals",68001,406,18,0.60%,0.46%,2026-04-23,https://www.instagram.com/p/DXdpWHMD79V/,⚪ Standard Organic: Baseline organic collab reach,"Elevating my space with pieces that carry both meaning and presence ✨  This Pyrite Prosperity Tortoise from Japam symbolizes stability, protection, and abundance—while adding a refined touch to my surroundings.  Explore yours from Japam. - @twinkle._"
423,Tier 4: Toggle OFF + Organic (Noise),Japam,Pan-India / Rajasthan (HQ: Jaipur),@__jatin.sobti__,102000,"🕉️ Mantras, Japa Meditation & Puja Rituals",67952,1508,117,2.22%,1.59%,2025-12-15,https://www.instagram.com/p/DSSS78ME_AQ/,⚪ Standard Organic: Baseline organic collab reach,"When devotion meets divine design. ✨ The Money Magnet Fusion Band by Japam.in is a powerful blend of Pyrite, Tiger Eye, Citrine & Aventurine—stones revered in Sanatan traditions for prosperity, protection, confidence, and abundance. Wear it not just "
424,Tier 4: Toggle OFF + Organic (Noise),Isha Life India,"Pan-India / Tamil Nadu (HQ: Coimbatore, Isha)",@sana.uppalapati,40000,🕉️ Devotional Content & Spiritual Storytelling,67605,1857,47,2.75%,4.76%,2026-04-16,https://www.instagram.com/p/DXLrIzbhdQl/,"📈 Viral Organic Reach: High organic views (67,605) with strong like rate (2.75%)","Natural care always feels the best with ammama   Using Isha Life hair oil for my roots and turmeric and herbal face pack for a natural glow @isha.life.india   [Hair care, hair oiling, ammmama love, skincare , nature skincare, natural living, skincare"
425,Tier 4: Toggle OFF + Organic (Noise),Isha Life India,"Pan-India / Tamil Nadu (HQ: Coimbatore, Isha)",@geeta.soundarya,42000,🕉️ Devotional Content & Spiritual Storytelling,67431,1061,5,1.57%,2.54%,2026-06-09,https://www.instagram.com/p/DZWslISSnf3/,⚪ Standard Organic: Baseline organic collab reach,"A glimpse into what my kid usually eats in a day 🍽️ Simple homemade meals, a few favorite snacks, and some everyday staples from @isha.life.india ✨that have become a part of our routine 🥗  { isha life , food , routine , diml ,vlog }"
426,Tier 4: Toggle OFF + Organic (Noise),Japam,Pan-India / Rajasthan (HQ: Jaipur),@sharktank.india,2000000,"🕉️ Mantras, Japa Meditation & Puja Rituals",67352,588,17,0.87%,0.03%,2026-01-20,https://www.instagram.com/p/DTvJw3vDMPH/,⚪ Standard Organic: Baseline organic collab reach,"Built on ethics and honesty, Ritoban believes trust is the strongest currency and now he brings that belief to the Tank 🦈✨ @japam.in  Watch The New Episodes  Of Shark Tank India Season 5, Streaming Now Mon-Fri, 8 PM on Sony LIV.  @anupammittal.me @bo"
427,Tier 4: Toggle OFF + Organic (Noise),House of Rudra,Pan-India / Gujarat (HQ: Ahmedabad),@radha._talks,35000,"📦 Unboxing, Gifting & Product Review",66719,1646,20,2.47%,4.76%,2026-06-02,https://www.instagram.com/p/DZFWewnzI8x/,"📈 Viral Organic Reach: High organic views (66,719) with strong like rate (2.47%)",Welcome the divine energies in your life ✨️   Place your order now  Link is in my bio ❤️  Follow @houseofrudra_social & Buy on  www.houseofrudra.in They have authentic Punugu with lab tested certificates  #religious #moneymagnetbracelet #accessories 
428,Tier 4: Toggle OFF + Organic (Noise),Japam,Pan-India / Rajasthan (HQ: Jaipur),@ismart.gowthu,230000,"🏛️ Temple Lore, Mythology & Sanatan Philosophy",65779,3,167,0.00%,0.07%,2026-01-08,https://www.instagram.com/p/DTPhHL_kwc8/,⚪ Standard Organic: Baseline organic collab reach,Silver plated karungali mala ✨ . . . #karungali #devotional #temple #positivity #reels #instagood #viral #trending #explore #contentcreator
429,Tier 4: Toggle OFF + Organic (Noise),Divine Hindu,Pan-India / Delhi NCR (HQ: New Delhi),@thatpinterestgurll__04,132000,"🏛️ Temple Lore, Mythology & Sanatan Philosophy",65458,3,15,0.00%,0.01%,2026-05-19,https://www.instagram.com/p/DYiFrs_zVOh/,⚪ Standard Organic: Baseline organic collab reach,Comment ‘link’ for product details ✨  . #Hinduism #SpiritualJewelry #AnkletLove #Payal #IndianTradition  • Spiritual Hindu Anklet • Divine Payal Collection • Sacred Foot Jewelry • Panchdhatu Spiritual Payal • Vedic Symbol Anklet
430,Tier 4: Toggle OFF + Organic (Noise),Divine Hindu,Pan-India / Delhi NCR (HQ: New Delhi),@__shiv_001_,960000,🕉️ Devotional Content & Spiritual Storytelling,64268,1216,15,1.89%,0.13%,2026-03-16,https://www.instagram.com/p/DV8A1HUDcmG/,⚪ Standard Organic: Baseline organic collab reach,Shree ram ka Dhanush ka kya nam tha? || @__shiv_001_ ||   #viral #reels #instagram #ram #ramayan
431,Tier 4: Toggle OFF + Organic (Noise),Isha Life India,"Pan-India / Tamil Nadu (HQ: Coimbatore, Isha)",@chefparichaysharma,160000,🕉️ Devotional Content & Spiritual Storytelling,64155,826,23,1.29%,0.53%,2026-03-25,https://www.instagram.com/p/DWS7q1KilQC/,⚪ Standard Organic: Baseline organic collab reach,"😍Kanjak special bhog, made with love, faith & purity ✨🙏 This Halwa Chana is slow-cooked using rich A2 cow ghee & naturally sweet jaggery — keeping it completely satvik and full of traditional flavours 🤍  No refined sugar, no shortcuts… just the warmt"
432,Tier 4: Toggle OFF + Organic (Noise),Divine Hindu,Pan-India / Delhi NCR (HQ: New Delhi),@bedazartvalley,225000,"📦 Unboxing, Gifting & Product Review",63776,1854,144,2.91%,0.89%,2026-06-15,https://www.instagram.com/p/DZnK4nBse1g/,⚪ Standard Organic: Baseline organic collab reach,"A little dose of positivity ✨ Loving this Carnelian crystal tree & bracelet combo from Divine Hindu—beautiful, uplifting, and a daily reminder to stay confident, grounded, and strong. ❤️  Use code BEDA10 for an extra 10% off."
433,Tier 4: Toggle OFF + Organic (Noise),Japam,Pan-India / Rajasthan (HQ: Jaipur),@smritisingh638,85000,"🕉️ Mantras, Japa Meditation & Puja Rituals",63586,1336,18,2.10%,1.59%,2026-08-07,https://www.instagram.com/p/DbuplVgRzBI/,⚪ Standard Organic: Baseline organic collab reach,""" Use code ""VRNBB"" to get upto 15 % discount"" A little stop you shouldn’t miss in Vrindavan ✨🧿 Right in front of Banke Bihari Ji’s Gate, you’ll find Japam Store — your go-to place for beautiful spiritual jewellery, bracelets & positive vibes. 🤍✨ So, "
434,Tier 4: Toggle OFF + Organic (Noise),Isha Life India,"Pan-India / Tamil Nadu (HQ: Coimbatore, Isha)",@baby_of_bhagyashree,134000,"🕉️ Mantras, Japa Meditation & Puja Rituals",63536,1808,96,2.85%,1.42%,2026-05-29,https://www.instagram.com/p/DY6VS6XxtbN/,⚪ Standard Organic: Baseline organic collab reach,"Not just an unboxing… 🤍🌿  Another beautiful box from Isha Life filled with little wellness choices that slowly became part of our lifestyle…  ✨ Energized Devi pure handloom cotton saree – simple, elegant and perfect for slow living  ✨ Jeeva Legium – "
435,Tier 4: Toggle OFF + Organic (Noise),Japam,Pan-India / Rajasthan (HQ: Jaipur),@venkatology,241000,🕉️ Devotional Content & Spiritual Storytelling,63462,1402,321,2.21%,0.71%,2025-07-23,https://www.instagram.com/p/DMcTR3Esgq-/,⚪ Standard Organic: Baseline organic collab reach,Indira Gandhi Ninangane Karungali Maala vesukundha ?   #horror #hyderabad #venkatology #ghost #karungalimala #mala #trishulkarungalimala
436,Tier 4: Toggle OFF + Organic (Noise),Isha Life India,"Pan-India / Tamil Nadu (HQ: Coimbatore, Isha)",@_when.the.guru.invades_,161000,🌟 Celebrity & Spiritual Leader Endorsement,63270,3420,14,5.41%,2.13%,2026-02-09,https://www.instagram.com/p/DUh525qAcZb/,⚪ Standard Organic: Baseline organic collab reach,"""Devotion is the highest form of intelligence. When you overflow with sweetness of devotion, then you function at your best."" - Sadhguru  (Mahahshivratri 2026, Isha Mahashivratri, Shiva, Sadhana, Adiyogi, Rudraksha, Night of grace, Mahashivratri cele"
437,Tier 4: Toggle OFF + Organic (Noise),Isha Life India,"Pan-India / Tamil Nadu (HQ: Coimbatore, Isha)",@unbox.creative,85000,"🏛️ Temple Lore, Mythology & Sanatan Philosophy",62790,513,119,0.82%,0.74%,2026-05-27,https://www.instagram.com/p/DY11vDKAa0F/,⚪ Standard Organic: Baseline organic collab reach,"Healing begins in the little things we choose every single day 🌿✨  Slow mornings, mindful routines, nourishing food, and products rooted in ancient wisdom — embracing a more conscious way of living with offerings from Isha life💛  My everyday wellness"
438,Tier 4: Toggle OFF + Organic (Noise),Japam,Pan-India / Rajasthan (HQ: Jaipur),@thenameisvishall,255000,"🕉️ Mantras, Japa Meditation & Puja Rituals",62764,864,12,1.38%,0.34%,2025-10-20,https://www.instagram.com/p/DQB_U-Kjy4I/,⚪ Standard Organic: Baseline organic collab reach,"श्रद्धा से गढ़ी, सोने से सजी। @japam.in रुद्राक्ष.  महादेव की शक्ति, पवित्रता और उपस्थिति… अब आपके गले में । 🔱  #japam #rudraksh #mahadev #mala"
439,Tier 4: Toggle OFF + Organic (Noise),Divine Hindu,Pan-India / Delhi NCR (HQ: New Delhi),@srinamatic,106000,🕉️ Devotional Content & Spiritual Storytelling,61914,3,8,0.00%,0.01%,2026-05-08,https://www.instagram.com/p/DYEQHdghPqG/,⚪ Standard Organic: Baseline organic collab reach,"Pyrite is known for protection, grounding, and attracting abundance, making it more than just an anklet you wear… it becomes a small reminder to move with confidence, clarity, and better energy every day.  Thank you @karungali_by_divinehindu for this"
440,Tier 4: Toggle OFF + Organic (Noise),Isha Life India,"Pan-India / Tamil Nadu (HQ: Coimbatore, Isha)",@adimiiz,11000,🕉️ Devotional Content & Spiritual Storytelling,61337,2353,51,3.84%,21.85%,2026-03-18,https://www.instagram.com/p/DWBEv2sjFHg/,"📈 Viral Organic Reach: High organic views (61,337) with strong like rate (3.84%)","Early mornings at the ashram before the world wakes up. A small ritual  turmeric & neem, a way to prepare the body, Gently cleansing, bringing a certain clarity within. So when I step onto the mat, the practice feels lighter, deeper, more aligned ✨  "
441,Tier 4: Toggle OFF + Organic (Noise),Japam,Pan-India / Rajasthan (HQ: Jaipur),@thetykefashion,45000,"🕉️ Mantras, Japa Meditation & Puja Rituals",61076,765,201,1.25%,2.15%,2025-07-24,https://www.instagram.com/p/DMfVLs1JBet/,⚪ Standard Organic: Baseline organic collab reach,japam Karungali mala ...#reels #reelsi̇nstagram #fashionstyle #grwm #explorepage✨ #explore #trendingreels #reelstrending #suggestions #reelsviral #explorepage✨
442,Tier 4: Toggle OFF + Organic (Noise),Isha Life India,"Pan-India / Tamil Nadu (HQ: Coimbatore, Isha)",@decorista_mom,17000,🕉️ Devotional Content & Spiritual Storytelling,59667,579,95,0.97%,3.96%,2025-12-11,https://www.instagram.com/p/DSHGqQ2kbZR/,⚪ Standard Organic: Baseline organic collab reach,"“Winter mornings just feel different when you start slow and nourish well ✨ @isha.life.india A warm ragi drink, a spoon of A2 cow ghee, a little jaggery sweetness and my favourite energy bars & dry fruits mix… Small everyday choices, but they make my"
443,Tier 4: Toggle OFF + Organic (Noise),Japam,Pan-India / Rajasthan (HQ: Jaipur),@archithaaaaa1,32000,"🕉️ Mantras, Japa Meditation & Puja Rituals",59143,2748,36,4.65%,8.70%,2026-03-08,https://www.instagram.com/p/DVn3UXPAUz_/,"📈 Viral Organic Reach: High organic views (59,143) with strong like rate (4.65%)","Cleanse your energy with @japam.in now !🌟  ( Collab , ad , energy stone )  #instagramreels #contentcreator #telugureels"
444,Tier 4: Toggle OFF + Organic (Noise),Divine Hindu,Pan-India / Delhi NCR (HQ: New Delhi),@_vrindhareddy_,325000,🕉️ Devotional Content & Spiritual Storytelling,59050,3,17,0.01%,0.01%,2026-02-11,https://www.instagram.com/p/DUnjwUwEjgJ/,⚪ Standard Organic: Baseline organic collab reach,feel the deep spiritual vibration in every Karungali bead @divinehindu.in 🙏🏻
445,Tier 4: Toggle OFF + Organic (Noise),Japam,Pan-India / Rajasthan (HQ: Jaipur),@shivbrat_ons,322000,"🕉️ Mantras, Japa Meditation & Puja Rituals",58299,1540,51,2.64%,0.49%,2025-10-30,https://www.instagram.com/p/DQbc2RWkT1W/,⚪ Standard Organic: Baseline organic collab reach,"Jewelry that speaks the language of peace and positivity 🌸 Explore Japam’s handcrafted collection — designed to balance energy, attract calm, and elevate style. Available at www.japam.in  or DM @japam.in   #reels #sprituality #ownvoice #viral #explor"
446,Tier 4: Toggle OFF + Organic (Noise),Japam,Pan-India / Rajasthan (HQ: Jaipur),@manju_raibagi,12000,"🕉️ Mantras, Japa Meditation & Puja Rituals",58135,1025,38,1.76%,8.86%,2026-01-24,https://www.instagram.com/p/DT4hAfZEhpu/,⚪ Standard Organic: Baseline organic collab reach,"Jewelry that speaks the language of peace and positivity ✨ Explore Japam’s handcrafted collection — designed to balance energy, attract calm, and elevate style. Buy this Authentic Eternal Karungali Mala at www.japam.in  or DM @japam.in 🔗 Link In Bio,"
447,Tier 4: Toggle OFF + Organic (Noise),Isha Life India,"Pan-India / Tamil Nadu (HQ: Coimbatore, Isha)",@sadhgurustory,217000,"🏛️ Temple Lore, Mythology & Sanatan Philosophy",58108,3141,31,5.41%,1.46%,2026-02-03,https://www.instagram.com/p/DUSX644AcAv/,⚪ Standard Organic: Baseline organic collab reach,When Mahadeva granted a boon to an asura and had to be rescued!   Have you heard more such stories? Tell us in the comments!  #ishalife #forconsciousliving #mahadeva #shiva #mahashivratri2026
448,Tier 4: Toggle OFF + Organic (Noise),Japam,Pan-India / Rajasthan (HQ: Jaipur),@thatkrishnasboy,116000,"🕉️ Mantras, Japa Meditation & Puja Rituals",57630,2836,55,4.92%,2.49%,2025-08-29,https://www.instagram.com/p/DN8L4-skwwM/,⚪ Standard Organic: Baseline organic collab reach,"Read Caption 🕉️ ✨ More benefits of Rudraksha ✨ 🔹 Brings inner peace 🔹 Balances energy 🔹 Strengthens willpower  To get your authentic Rudraksha bracelet with beautiful designs, visit @japam.in 🕉️🙏"
449,Tier 4: Toggle OFF + Organic (Noise),Divine Hindu,Pan-India / Delhi NCR (HQ: New Delhi),@rohitpandey_65,1000000,"🏛️ Temple Lore, Mythology & Sanatan Philosophy",57390,1279,22,2.23%,0.13%,2025-11-24,https://www.instagram.com/p/DRcIc8LDDwI/,⚪ Standard Organic: Baseline organic collab reach,Positive vibes and Life Growth 📿🌸  Get Shiv Rudraksha Trishul Mala and many more from @divinehindu.in   #sanatanadharma🕉️ #sanatani #shiv
450,Tier 4: Toggle OFF + Organic (Noise),Japam,Pan-India / Rajasthan (HQ: Jaipur),@_anuragthakurr,46000,"🔬 Rudraksha Authenticity, Lab Testing & Craft Lore",57330,5301,33,9.25%,11.60%,2025-11-26,https://www.instagram.com/p/DRgwOt2Eao1/,"📈 Viral Organic Reach: High organic views (57,330) with strong like rate (9.25%)","A journey filled with devotion and divine energy 🔱  During my India tour, I visited the sacred Rameshwaram Jyotirlinga, took the holy dip in the 22 Amrit Kunds, and adorned the 7-Mukhi Rudraksha from @japam.in  It wasn’t just a ritual, it was an expe"
451,Tier 4: Toggle OFF + Organic (Noise),Isha Life India,"Pan-India / Tamil Nadu (HQ: Coimbatore, Isha)",@madhavi_unplugged,18000,✨ Spiritual Lifestyle & Modern Wellness,57312,1569,25,2.74%,8.86%,2026-05-14,https://www.instagram.com/p/DYUUWTaTXhI/,"📈 Viral Organic Reach: High organic views (57,312) with strong like rate (2.74%)","Don’t you dare step into Isha Life ’s store… 👀✨ Because once you feel the fabrics and see the kurta collection, there’s a high chance you’ll walk out carrying one with you. 🤍 Soft textures, effortless comfort, and timeless aesthetics that just stay w"
452,Tier 4: Toggle OFF + Organic (Noise),Divine Hindu,Pan-India / Delhi NCR (HQ: New Delhi),@rohitpandey_65,1000000,"🔮 Astrology, Horoscope & Gemstone Consultation",57273,1085,34,1.89%,0.11%,2025-12-15,https://www.instagram.com/p/DSRdoM6jHhB/,⚪ Standard Organic: Baseline organic collab reach,Positivity Energy and Life Balance ❤️✨   👉🏻Tula Rashi Bracelet from Divine Hindu 🔱  Get your bracelet and many more related from @divinehindu.in  #divinehindu #positivity #libra
453,Tier 4: Toggle OFF + Organic (Noise),Isha Life India,"Pan-India / Tamil Nadu (HQ: Coimbatore, Isha)",@decor.diy.den,165000,"🏛️ Temple Lore, Mythology & Sanatan Philosophy",56705,837,31,1.48%,0.53%,2026-03-23,https://www.instagram.com/p/DWO0qUdjOIk/,⚪ Standard Organic: Baseline organic collab reach,"✨ Creating a calm little corner for Lord Shiva at home 🤍🌿 From the soothing fragrance of incense to this beautifully detailed idol… every element adds to the peace ✨  Sometimes, it’s the simplest setups that feel the most divine 🕉️  Products used fro"
454,Tier 4: Toggle OFF + Organic (Noise),Isha Life India,"Pan-India / Tamil Nadu (HQ: Coimbatore, Isha)",@vijayas_kitchen_chronicles,207000,"🏛️ Temple Lore, Mythology & Sanatan Philosophy",56212,755,76,1.34%,0.40%,2026-02-12,https://www.instagram.com/p/DUm2NPRDGTt/,⚪ Standard Organic: Baseline organic collab reach,"For Shivaratri, I don’t make desserts. I make offerings. 🪔  This traditional Karnataka-style Kashi Halwa is made using 🌿 ash gourd 🧈 pure ghee 🍯 palm sugar 🥜 dry fruits —all from @isha.life.india   No shortcuts. No artificial sweetness. Just slow coo"
455,Tier 4: Toggle OFF + Organic (Noise),Japam,Pan-India / Rajasthan (HQ: Jaipur),@un_filtered_jatin,31000,"🕉️ Mantras, Japa Meditation & Puja Rituals",56159,3316,34,5.90%,10.81%,2025-09-20,https://www.instagram.com/p/DO0pq8TibxA/,"📈 Viral Organic Reach: High organic views (56,159) with strong like rate (5.9%)",Shopkeeper devotee on Diwali  Ghar ke sath khudko bhi sajao visit japam.in now . . . . . #funny #fun #explore #viral #trending #devotee #fantasy #trend
456,Tier 4: Toggle OFF + Organic (Noise),Isha Life India,"Pan-India / Tamil Nadu (HQ: Coimbatore, Isha)",@tindipoti_meghana,25000,🕉️ Devotional Content & Spiritual Storytelling,56108,563,34,1.00%,2.39%,2026-08-05,https://www.instagram.com/p/DbqJUpNpRiC/,⚪ Standard Organic: Baseline organic collab reach,Recipe: INGREDIENTS: - 1 Cup barnyard millet/ಊದಲು/ Kuthiraivali millet (isha life foods) - 1/4 cup fresh grated coconut  - salt to taste - 2 cup water (1 cup for grinding 1 cuo for adjusting consistency) METHOD: - wash and soak millet overnight in wa
457,Tier 4: Toggle OFF + Organic (Noise),Isha Life India,"Pan-India / Tamil Nadu (HQ: Coimbatore, Isha)",@preshez_creationz,74000,🕉️ Devotional Content & Spiritual Storytelling,56060,419,116,0.75%,0.72%,2026-04-01,https://www.instagram.com/p/DWldE_vprif/,⚪ Standard Organic: Baseline organic collab reach,"🌿 Rooted in nature, blooming in health  Going organic isn't just a trend; it's the truest form of self-care. Swapping out everyday items for the pure, traditional wisdom of Isha Life essentials—from their herbal toothpaste to nutrient-packed Sanjeevi"
458,Tier 4: Toggle OFF + Organic (Noise),Japam,Pan-India / Rajasthan (HQ: Jaipur),@kannada_tarot,224000,"🕉️ Mantras, Japa Meditation & Puja Rituals",55556,700,16,1.26%,0.32%,2026-01-22,https://www.instagram.com/p/DTzTFS_Epr6/,⚪ Standard Organic: Baseline organic collab reach,"For best quality, Karungali bracelet order in for the right place🤍#japam#karungali #rudraksha"
459,Tier 4: Toggle OFF + Organic (Noise),Isha Life India,"Pan-India / Tamil Nadu (HQ: Coimbatore, Isha)",@lallishomediary,53000,"🕉️ Mantras, Japa Meditation & Puja Rituals",54986,2217,14,4.03%,4.21%,2026-02-14,https://www.instagram.com/p/DUuUUPYCHPO/,"📈 Viral Organic Reach: High organic views (54,986) with strong like rate (4.03%)","Starting the Maha Shivaratri morning with the divine presence of Adiyogi at home. 🕉️✨ The house feels so peaceful after the Kolam and Pooja. May his grace be with us all. 🪔  Om Namah Shivaya🙏🏼✨  (Mahashivratri pooja, Mahashivratri 2026, Shivratri poo"
460,Tier 4: Toggle OFF + Organic (Noise),Japam,Pan-India / Rajasthan (HQ: Jaipur),@theanshagrawal,4812,"🕉️ Mantras, Japa Meditation & Puja Rituals",54956,551,62,1.00%,12.74%,2025-12-01,https://www.instagram.com/p/DRtfok4Cb03/,⚪ Standard Organic: Baseline organic collab reach,From Vedic rituals to your everyday life 📿🏺SHOP NOW FROM @japam.in   #japam #karungali #karungalimala #trend #trending #explorer #explorepage #fyp #spritualgrowth #spirituality #spiritual #god #faith #instareach
461,Tier 4: Toggle OFF + Organic (Noise),Divine Hindu,Pan-India / Delhi NCR (HQ: New Delhi),@akshita.rajath,158000,"🏛️ Temple Lore, Mythology & Sanatan Philosophy",54718,3784,14,6.92%,2.40%,2026-02-14,https://www.instagram.com/p/DUvLy0tkjgQ/,⚪ Standard Organic: Baseline organic collab reach,"Karungali mala invites Positivity, peace and protects u from negativity and ward off evil energies .. it’s 100% government certified place ur order now and try it urself from @divinehindu.in 🙏 🕉️Om Namah Shivaaya 🕉️"
462,Tier 4: Toggle OFF + Organic (Noise),Japam,Pan-India / Rajasthan (HQ: Jaipur),@the_ironbug,10000,"🕉️ Mantras, Japa Meditation & Puja Rituals",54679,1136,40,2.08%,11.76%,2025-11-05,https://www.instagram.com/p/DQrMD8DEuoc/,"📈 Viral Organic Reach: High organic views (54,679) with strong like rate (2.08%)","JAPAM MONEY MAGNET FUSION BAND . . Attract Wealth and Opportunity with Our Money Magnet Fusion Band With Pyrite, Tiger Eye, Citrine & Aventurine Beads.  #instagood #instagram #viral #viralreels"
463,Tier 4: Toggle OFF + Organic (Noise),Rudralife,Pan-India / Maharashtra (HQ: Mumbai),@secret_temples,658000,"🏛️ Temple Lore, Mythology & Sanatan Philosophy",54363,2977,26,5.48%,0.46%,2025-03-03,https://www.instagram.com/p/DGvLyKFviws/,⚪ Standard Organic: Baseline organic collab reach,"✨ The Divine Origin of Shakti Peethas ✨  The sacred Shakti Peethas are more than just temples🛕  They are sites of immense spiritual energy, devotion, and divine feminine power🙏🏻  Each one is connected to a part of Goddess Sati, symbolizing the eterna"
464,Tier 4: Toggle OFF + Organic (Noise),Isha Life India,"Pan-India / Tamil Nadu (HQ: Coimbatore, Isha)",@rewacaptures,78000,🕉️ Devotional Content & Spiritual Storytelling,54260,2933,49,5.41%,3.82%,2026-06-02,https://www.instagram.com/p/DZFUhz8gBDd/,⚪ Standard Organic: Baseline organic collab reach,"Less doing things because I should, more doing things because they felt good🌿 Another month of making room for things that make me feel more present, more grounded, and a little closer to myself💌✨  May was stitched together with simple joys, many of "
465,Tier 4: Toggle OFF + Organic (Noise),Isha Life India,"Pan-India / Tamil Nadu (HQ: Coimbatore, Isha)",@andhala_rakshasiiiiii,36000,🕉️ Devotional Content & Spiritual Storytelling,54224,2432,18,4.49%,6.81%,2026-02-27,https://www.instagram.com/p/DVQyyBwCmAE/,"📈 Viral Organic Reach: High organic views (54,224) with strong like rate (4.49%)","Get ready with me ,but this isn’t just about looking beautiful. 🌺 Draping cotton mulmul Bagru print from @isha.life.india — soft as devotion, strong as Shakti. Every pleat feels like a prayer, every glance like surrender. Getting ready to meet Him… u"
466,Tier 4: Toggle OFF + Organic (Noise),House of Rudra,Pan-India / Gujarat (HQ: Ahmedabad),@ashokforu_,289000,🕉️ Devotional Content & Spiritual Storytelling,53642,3,24,0.01%,0.01%,2026-03-28,https://www.instagram.com/p/DWay5HQkzEP/,⚪ Standard Organic: Baseline organic collab reach,Happy Hanuman Jayanti 🕉  Place your order now  Link is in my bio ❤️  Follow @houseofrudra_social & Buy on www.houseofrudra.in They have authentic Silver Karungali mala with lab tested certificates  religious rudraksh accessories religious accessories
467,Tier 4: Toggle OFF + Organic (Noise),Isha Life India,"Pan-India / Tamil Nadu (HQ: Coimbatore, Isha)",@haripriyapranesh,74000,🕉️ Devotional Content & Spiritual Storytelling,53573,3252,69,6.07%,4.49%,2026-06-25,https://www.instagram.com/p/DaAtfJPvrf0/,"📈 Viral Organic Reach: High organic views (53,573) with strong like rate (6.07%)","Kabir Das ji’s profound dohe remind us that this body is like a tanpura, with strings tightly wound by the material world. “Ho sadhu...”he sings of the moment those materialistic attachments finally break, allowing the Almighty to take over and play "
468,Tier 4: Toggle OFF + Organic (Noise),Japam,Pan-India / Rajasthan (HQ: Jaipur),@nritya_kathaa,44000,"🔬 Rudraksha Authenticity, Lab Testing & Craft Lore",53279,738,62,1.39%,1.82%,2025-10-22,https://www.instagram.com/p/DQHIzk6j4QP/,⚪ Standard Organic: Baseline organic collab reach,"✨ 7 Mukhi Rudraksha — the bead of abundance, prosperity, and inner strength. Each facet holds the energy of Goddess Lakshmi herself. 🌺 Wearing it invites wealth, balance, and protection in every sphere of life.  Shop 100% certified Rudraksha jeweller"
469,Tier 4: Toggle OFF + Organic (Noise),Isha Life India,"Pan-India / Tamil Nadu (HQ: Coimbatore, Isha)",@umeshthorat_,35000,"🏛️ Temple Lore, Mythology & Sanatan Philosophy",53263,3343,24,6.28%,9.62%,2026-01-20,https://www.instagram.com/p/DTuzn3XAckT/,"📈 Viral Organic Reach: High organic views (53,263) with strong like rate (6.28%)",Celebrate the Great Night of Shiva with Sacred Offerings. Coming Soon  Artwork inspired by @umeshthorat_   #mahashivratri #yogicwisdom #isha #forconsciousliving
470,Tier 4: Toggle OFF + Organic (Noise),Japam,Pan-India / Rajasthan (HQ: Jaipur),@akash_yathrikudu,105000,"🕉️ Mantras, Japa Meditation & Puja Rituals",52906,3,21,0.01%,0.02%,2025-08-23,https://www.instagram.com/p/DNsbnQ8JxJs/,⚪ Standard Organic: Baseline organic collab reach,Rules For Wearing Karungali Mala 📿   1. Hair Cut 💇   2 . Human Dead places  3 . Physical  Activities 👫  #japam #mala #dailywearjewellery #spiritualjewelry #rudraksha #karungali #explorepage #devitional #trendingreels
471,Tier 4: Toggle OFF + Organic (Noise),Divine Hindu,Pan-India / Delhi NCR (HQ: New Delhi),@not.sospritual,171000,🕉️ Devotional Content & Spiritual Storytelling,52887,1744,8,3.30%,1.02%,2026-01-07,https://www.instagram.com/p/DTNLeBejT2Y/,⚪ Standard Organic: Baseline organic collab reach,"If you want to wear crystals, save this"
472,Tier 4: Toggle OFF + Organic (Noise),Japam,Pan-India / Rajasthan (HQ: Jaipur),@syncsandeep,69000,"🕉️ Mantras, Japa Meditation & Puja Rituals",52867,818,56,1.55%,1.27%,2026-08-03,https://www.instagram.com/p/Dbk_WQLNGqj/,⚪ Standard Organic: Baseline organic collab reach,"Style ke saath agar meaning bhi ho, to woh accessory aur bhi special lagti hai.  Thanks @japam.in for this thoughtful bracelet. 🤎"
473,Tier 4: Toggle OFF + Organic (Noise),House of Rudra,Pan-India / Gujarat (HQ: Ahmedabad),@ashokforu_,289000,"📦 Unboxing, Gifting & Product Review",52852,3,55,0.01%,0.02%,2026-02-16,https://www.instagram.com/p/DU0lzPxk9AZ/,⚪ Standard Organic: Baseline organic collab reach,🐯 👁️‍🗨️Tiger Eye 👁️ Place your order now  Link is in my bio ❤️  Follow @houseofrudra_social & Buy on www.houseofrudra.in They have authentic money magnet bracelet with lab tested certificates
474,Tier 4: Toggle OFF + Organic (Noise),Divine Hindu,Pan-India / Delhi NCR (HQ: New Delhi),@ililuminate,619000,"🏛️ Temple Lore, Mythology & Sanatan Philosophy",52560,2127,93,4.05%,0.36%,2025-12-04,https://www.instagram.com/p/DR2H-2LAUCv/,⚪ Standard Organic: Baseline organic collab reach,Karugali Rudraksh 📿 @divinehindu.in   #divinehindu #hindu #sanatandharma
475,Tier 4: Toggle OFF + Organic (Noise),Isha Life India,"Pan-India / Tamil Nadu (HQ: Coimbatore, Isha)",@soulfulartbystuti,94000,🎉 Festival & Auspicious Muhurat Activations,52518,1065,20,2.03%,1.15%,2026-02-15,https://www.instagram.com/p/DUxXiTHkq94/,⚪ Standard Organic: Baseline organic collab reach,"Some forms feel like home 🕉️ They ask you to pause, bow, and simply be 🌙 Ending this Shivratri 2026 journey with gratitude, devotion, and stillness ✨ This moment feels even more special with the Adiyogi statue and Prasadam received from @isha.life.in"
476,Tier 4: Toggle OFF + Organic (Noise),Japam,Pan-India / Rajasthan (HQ: Jaipur),@vishalbalar_official,58000,"🕉️ Mantras, Japa Meditation & Puja Rituals",52258,1575,12,3.01%,2.74%,2026-05-14,https://www.instagram.com/p/DYUZa19IuY9/,⚪ Standard Organic: Baseline organic collab reach,"Tulsi Mala is a sacred necklace made from original Tulsi wood beads, symbolizing peace, positivity, and spiritual protection. Ideal for meditation, mantra chanting, and daily wear, it helps promote calmness, focus, and devotional energy.  Designed to"
477,Tier 4: Toggle OFF + Organic (Noise),Isha Life India,"Pan-India / Tamil Nadu (HQ: Coimbatore, Isha)",@this_is_last_time_sg,237000,"🕉️ Mantras, Japa Meditation & Puja Rituals",52170,2820,31,5.41%,1.20%,2025-12-25,https://www.instagram.com/p/DSrMbwCAXzP/,⚪ Standard Organic: Baseline organic collab reach,Ensure the longevity of your sacred beads with this Rudraksha conditioning guide.  #ishalife #forconsciousliving #rudraksha #energized
478,Tier 4: Toggle OFF + Organic (Noise),Isha Life India,"Pan-India / Tamil Nadu (HQ: Coimbatore, Isha)",@parenthood_tales,124000,🕉️ Devotional Content & Spiritual Storytelling,52151,397,7,0.76%,0.33%,2026-04-22,https://www.instagram.com/p/DXbBocrzZ7x/,⚪ Standard Organic: Baseline organic collab reach,"What we eat at home matters more than ever now 💛 Loving these Traditional goodness and wholesome picks  from @isha.life.india these dosa mix, idly podi, ragi cookies, moringa bar and more… perfect for busy days and little tummies too 👶🏻✨  #isha #heal"
479,Tier 4: Toggle OFF + Organic (Noise),Isha Life India,"Pan-India / Tamil Nadu (HQ: Coimbatore, Isha)",@gharkirasoi_bydivya,104000,🕉️ Devotional Content & Spiritual Storytelling,52042,625,579,1.20%,1.16%,2026-05-07,https://www.instagram.com/p/DYBpzxwxWZM/,⚪ Standard Organic: Baseline organic collab reach,Comment “DOSA” for recipe n link   Crispy dosa + tasty chutney = happy tummy & zero kitchen stress 😋 Trying the Isha Life @isha.life.india dosa premix and honestly… such a quick fix for busy days 🤍✨  ✔️ Clean ingredients ✔️ No preservatives ✔️ Quick 
480,Tier 4: Toggle OFF + Organic (Noise),Japam,Pan-India / Rajasthan (HQ: Jaipur),@yourskhushboo,106000,✨ Spiritual Lifestyle & Modern Wellness,51699,3,37,0.01%,0.04%,2025-08-28,https://www.instagram.com/p/DN5caFhk4Ey/,⚪ Standard Organic: Baseline organic collab reach,"Meet the dreamy duo of Rose Quartz and Amethyst 💎  Rose Quartz is the stone of love and compassion. It attracts love, emotional healing, and calm in the chaos.  Amethyst is your ally for clarity, focus, and spiritual growth. Enhance productivity and "
481,Tier 4: Toggle OFF + Organic (Noise),Isha Life India,"Pan-India / Tamil Nadu (HQ: Coimbatore, Isha)",@foodietraveller_dharak,165000,"🏛️ Temple Lore, Mythology & Sanatan Philosophy",51663,862,35,1.67%,0.54%,2026-04-17,https://www.instagram.com/p/DXOyaGHDxeT/,⚪ Standard Organic: Baseline organic collab reach,"Save this !!  Kailasagiri Temple, also known as Kailasagiri Cave Temple, is a unique man-made cave temple dedicated primarily to Lord Shiva, located near Chintamani in Chikkaballapur district, about 60-90 km from Bengaluru.   Wearing @isha.life.india"
482,Tier 4: Toggle OFF + Organic (Noise),Isha Life India,"Pan-India / Tamil Nadu (HQ: Coimbatore, Isha)",@himachaliswaad,65000,🕉️ Devotional Content & Spiritual Storytelling,51663,1658,53,3.21%,2.63%,2025-12-10,https://www.instagram.com/p/DSFGEYvE3a9/,⚪ Standard Organic: Baseline organic collab reach,Flaxseeds laddu  Ingredients:  Isha life flax seeds:200 g Isha life A2 cow ghee: 250 to 350 g  Besan : 200 g Isha life Trail mix:200g Isha life jaggery powder: 200g to 250 g as per your taste  Recipe: roast flaxseeds and finely grind them.  Add Besan
483,Tier 4: Toggle OFF + Organic (Noise),Japam,Pan-India / Rajasthan (HQ: Jaipur),@dealwithsamir,43000,"🔬 Rudraksha Authenticity, Lab Testing & Craft Lore",51659,3100,76,6.00%,7.39%,2026-03-12,https://www.instagram.com/p/DVyoiQ8Ep8y/,"📈 Viral Organic Reach: High organic views (51,659) with strong like rate (6.0%)","Rudraksha has long been considered a powerful symbol of Mahadev’s calming energy, and the Japam Duo Tone Rudraksha bracelet I’m wearing represents that same spiritual balance. Made with genuine 5 Mukhi Rudraksha beads, this Japam bracelet blends sacr"
484,Tier 4: Toggle OFF + Organic (Noise),Japam,Pan-India / Rajasthan (HQ: Jaipur),@bloodysatya,715000,"🕉️ Mantras, Japa Meditation & Puja Rituals",51489,1555,37,3.02%,0.22%,2025-09-23,https://www.instagram.com/p/DO8qQ_tCIAB/,⚪ Standard Organic: Baseline organic collab reach,⚠️🚨 Direct Blessings of Lord Shiva 🙏🏻 . . #lordshiva #rudraksha #sanatandharma #hindu #spirituality #religious #mahadev #japam #reels #explore
485,Tier 4: Toggle OFF + Organic (Noise),Divine Hindu,Pan-India / Delhi NCR (HQ: New Delhi),@harvish_official,2000000,🕉️ Devotional Content & Spiritual Storytelling,51464,3,10,0.01%,0.00%,2026-05-29,https://www.instagram.com/p/DY7ZhN4TiEo/,⚪ Standard Organic: Baseline organic collab reach,"जब तक दिमाग में टेंशन रहेगी, कामयाबी पास आकर भी दूर लगेगी। लाइफ में सही फोकस और सुकून होना ही सबसे बड़ा प्रोटेक्शन शील्ड है। अगर आप भी वही पुरानी परेशानियों में जीना चाहते हो तो ठीक है, पर अगर एक बड़ा चेंज चाहिए—तो शुरुआत आज से करो  #fact #facts #knowl"
486,Tier 4: Toggle OFF + Organic (Noise),Divine Hindu,Pan-India / Delhi NCR (HQ: New Delhi),@crosswin_d_wolverine,179000,🕉️ Devotional Content & Spiritual Storytelling,51380,995,14,1.94%,0.56%,2026-06-07,https://www.instagram.com/p/DZSgqlNz2tj/,⚪ Standard Organic: Baseline organic collab reach,😍 #crosswin
487,Tier 4: Toggle OFF + Organic (Noise),Japam,Pan-India / Rajasthan (HQ: Jaipur),@bansuriwalivibes,39000,"🕉️ Mantras, Japa Meditation & Puja Rituals",51380,1688,44,3.29%,4.44%,2025-11-03,https://www.instagram.com/p/DQlZW8jE1Zd/,"📈 Viral Organic Reach: High organic views (51,380) with strong like rate (3.29%)",Japam is not just a brand It is a emotion of love devotion and Sprituality ✨ . Dm @japam.in for order now 🛒 . Visit : www.japam.in  . . . #japam #japamala #krishnaconsciousness #krishnalove #krishnaquotes #krishna #fyp #relationshipgoals #explorepage
488,Tier 4: Toggle OFF + Organic (Noise),Isha Life India,"Pan-India / Tamil Nadu (HQ: Coimbatore, Isha)",@lune_vanila,207000,🎉 Festival & Auspicious Muhurat Activations,50583,2194,40,4.34%,1.08%,2026-02-15,https://www.instagram.com/p/DUxxwDFicwS/,⚪ Standard Organic: Baseline organic collab reach,"Surrender to the cosmic dancer, and life becomes divine rhythm.🌿🪷  #ishalifeproducts #lunevanila #fyp #trendingreels #shivratri"
489,Tier 4: Toggle OFF + Organic (Noise),Isha Life India,"Pan-India / Tamil Nadu (HQ: Coimbatore, Isha)",@jay_on_flute,73000,🕉️ Devotional Content & Spiritual Storytelling,50523,2731,69,5.41%,3.84%,2026-07-02,https://www.instagram.com/p/DaSpmzTkrig/,⚪ Standard Organic: Baseline organic collab reach,"Lost in the whispers of the forest, accompanied only by a flute and silence.  Growth doesn’t ask for attention. It simply happens. 🌱 Just me, a flute, and a life around.  Some echoes are carried not by sound, but by presence.  Adiyogi inspired copper"
490,Tier 4: Toggle OFF + Organic (Noise),Japam,Pan-India / Rajasthan (HQ: Jaipur),@radhapriyedasii,95000,"🕉️ Mantras, Japa Meditation & Puja Rituals",50263,3418,66,6.80%,3.67%,2025-09-19,https://www.instagram.com/p/DOxXfVOEzIA/,⚪ Standard Organic: Baseline organic collab reach,Got this beautiful gold plated tulsi malla from @japam.in and I’m already in love with it❤️  You can also get yours from their website🛍️ book now and carry peace everywhere.   . . . . . . #foryou #tulsi #tulasi #bhakti #explore #trending #vrindavan #
491,Tier 4: Toggle OFF + Organic (Noise),House of Rudra,Pan-India / Gujarat (HQ: Ahmedabad),@_kittu_localboy,38000,🕉️ Devotional Content & Spiritual Storytelling,49381,477,2,0.97%,1.26%,2026-03-23,https://www.instagram.com/p/DWODHp6D-iL/,⚪ Standard Organic: Baseline organic collab reach,This year you will get all desires of your life  Place your order now  Link is in my bio ❤️  Follow @houseofrudra_social & Buy on www.houseofrudra.in They have authentic silver Karungali mala with lab tested certificates  #religious #rudraksh #access
492,Tier 4: Toggle OFF + Organic (Noise),Isha Life India,"Pan-India / Tamil Nadu (HQ: Coimbatore, Isha)",@harshitjoshi.music,49000,🎉 Festival & Auspicious Muhurat Activations,49344,2205,49,4.47%,4.60%,2026-02-11,https://www.instagram.com/p/DUniExZEksD/,"📈 Viral Organic Reach: High organic views (49,344) with strong like rate (4.47%)","Namaskaram 🙏🏼 Mahashivratri feels like a state of being, a reminder to pause, breathe, and stay aware. 🌙  Preparing with the Adiyogi Prasadam and offerings shared by the @isha.life.india , filled with simplicity and devotion. 🙏🏼  Quiet presence, gent"
493,Tier 4: Toggle OFF + Organic (Noise),Japam,Pan-India / Rajasthan (HQ: Jaipur),@kamakhya_niwasi,119000,"🏛️ Temple Lore, Mythology & Sanatan Philosophy",49283,2400,96,4.87%,2.10%,2025-09-12,https://www.instagram.com/p/DOfp73-Erd8/,⚪ Standard Organic: Baseline organic collab reach,Har Har Mahadev 🙏❤️ . . #kamakhyaniwasi #instagram #instadaily #likecommentshare #viralpage #guwahati #kamakhyatemple #❤️❤️❤️ #spritualgrowth
494,Tier 4: Toggle OFF + Organic (Noise),Divine Hindu,Pan-India / Delhi NCR (HQ: New Delhi),@_your_rock_999_,92000,🕉️ Devotional Content & Spiritual Storytelling,49278,2896,39,5.88%,3.19%,2026-02-16,https://www.instagram.com/p/DUz49hqkiaY/,⚪ Standard Organic: Baseline organic collab reach,Har har Mahadev 🕉️🔱  Rudraksha Karungali Malai in Gold-Cap with Shiv Pendant
495,Tier 4: Toggle OFF + Organic (Noise),Japam,Pan-India / Rajasthan (HQ: Jaipur),@nandhutales,139000,"🕉️ Mantras, Japa Meditation & Puja Rituals",49227,1431,105,2.91%,1.11%,2025-10-18,https://www.instagram.com/p/DP7ocoXiFAY/,⚪ Standard Organic: Baseline organic collab reach,"""Karungalimala🕉️📿""  You can get Original KARUNGALIMALA From @japam.in   Karungali wood, also known as black ebony, is considered highly sacred and powerful in spiritual practices. It is believed to absorb negative energy and protect the wearer from e"
496,Tier 4: Toggle OFF + Organic (Noise),Japam,Pan-India / Rajasthan (HQ: Jaipur),@__.amol.__96k_,343000,✨ Spiritual Lifestyle & Modern Wellness,49167,3,35,0.01%,0.01%,2026-04-23,https://www.instagram.com/p/DXeV4d-KMJU/,⚪ Standard Organic: Baseline organic collab reach,Let faith guide every step. 🍃❤️ . . . #mahadev #rudraksha #kada #mensfashion #bholenath
497,Tier 4: Toggle OFF + Organic (Noise),Divine Hindu,Pan-India / Delhi NCR (HQ: New Delhi),@sushiltales,797000,🕉️ Devotional Content & Spiritual Storytelling,48619,3,13,0.01%,0.00%,2026-01-20,https://www.instagram.com/p/DTuZzHUEaup/,⚪ Standard Organic: Baseline organic collab reach,Try now 😌✨.   #viral #insta #divinehindu
498,Tier 4: Toggle OFF + Organic (Noise),Japam,Pan-India / Rajasthan (HQ: Jaipur),@thequantummind1,43000,"🕉️ Mantras, Japa Meditation & Puja Rituals",48117,1001,30,2.08%,2.40%,2026-01-17,https://www.instagram.com/p/DTnhMjzikc4/,⚪ Standard Organic: Baseline organic collab reach,"Wealth isn’t just money 💰 It’s a state of mind. A level of consciousness. ✨  Starting a new alignment with Japam 🤍 Pyrite isn’t magic — it’s a reminder. A trigger to step into confidence, clarity, and abundance. 🧿🔥  When mindset shifts, wealth follow"
499,Tier 4: Toggle OFF + Organic (Noise),Isha Life India,"Pan-India / Tamil Nadu (HQ: Coimbatore, Isha)",@my.soft.rituals,9497,"🏛️ Temple Lore, Mythology & Sanatan Philosophy",48068,771,17,1.60%,8.30%,2026-06-30,https://www.instagram.com/p/DaMhiNmPnhw/,⚪ Standard Organic: Baseline organic collab reach,"A blessed start to the week.❤️🕉️ A few sacred moments before the world gets busy.   The gentle fragrance of Sambrani, a pinch of Kumkum and Haldi, the blessings of Rudraksha, Prasadam and the divine presence of Lord Shiva, which is from the Isha Life"
500,Tier 4: Toggle OFF + Organic (Noise),Isha Life India,"Pan-India / Tamil Nadu (HQ: Coimbatore, Isha)",@rohini_aesthetics,30000,"🏛️ Temple Lore, Mythology & Sanatan Philosophy",47989,2594,37,5.41%,8.77%,2026-03-17,https://www.instagram.com/p/DV-sRmCiYKf/,"📈 Viral Organic Reach: High organic views (47,989) with strong like rate (5.41%)","In the silence of the path, the soul finds its rhythm. Stepping away from the noise, moving toward the Light. ✨  . . . 📸@nidhin_prem  Devi energised saree & Rudraksha-  @isha.life.india . . . (Ishaadiyogi, Isha, shiva, ishafoundation, bhairavi, dhyan"
501,Tier 4: Toggle OFF + Organic (Noise),Isha Life India,"Pan-India / Tamil Nadu (HQ: Coimbatore, Isha)",@artsyshutters,9887,"🏛️ Temple Lore, Mythology & Sanatan Philosophy",47934,1157,19,2.41%,11.89%,2026-02-01,https://www.instagram.com/p/DUNKAlvkcOm/,"📈 Viral Organic Reach: High organic views (47,934) with strong like rate (2.41%)","Life moves fast, but kolam keeps the inner world awake. A small daily practice that keeps the spiritual aspect alive through presence, patience, and quiet connection.   For Mahashivaratri: Kurta by @isha.life.india Sambrani by @isha.life.india Incens"
502,Tier 4: Toggle OFF + Organic (Noise),Rudralife,Pan-India / Maharashtra (HQ: Mumbai),@secret_temples,658000,"🏛️ Temple Lore, Mythology & Sanatan Philosophy",47452,2565,38,5.41%,0.40%,2025-12-10,https://www.instagram.com/p/DSFSD0RgjN6/,⚪ Standard Organic: Baseline organic collab reach,There are temples you visit… and then there are temples that change something within you❗  We curated a list of sacred Ram dhams every devotee should experience at least once🕉️🌿  Where would you go first? ✨ Comment below🌸  #rudralife #ram #dharma #te
503,Tier 4: Toggle OFF + Organic (Noise),Isha Life India,"Pan-India / Tamil Nadu (HQ: Coimbatore, Isha)",@blossoming_in_silence,2383,🌟 Celebrity & Spiritual Leader Endorsement,47389,1596,7,3.37%,67.27%,2026-01-31,https://www.instagram.com/p/DULifzggfQW/,"📈 Viral Organic Reach: High organic views (47,389) with strong like rate (3.37%)",MSR2026: prep mode ONNNN 🔱🌻  #ishafoundation  #sadhguru  #sadhana  #mahashivratri
504,Tier 4: Toggle OFF + Organic (Noise),Isha Life India,"Pan-India / Tamil Nadu (HQ: Coimbatore, Isha)",@letsbecreativenfoodiwidsoni,122000,"🕉️ Mantras, Japa Meditation & Puja Rituals",47344,306,87,0.65%,0.32%,2026-03-24,https://www.instagram.com/p/DWQHaJWEar1/,⚪ Standard Organic: Baseline organic collab reach,"“From everyday prayers to festive celebrations… these aesthetic essentials add a touch of divinity to every moment 🌼🪔  Grateful for the simplicity & beauty by @isha.life.india ✨” Perfect for  any Rituals,Puja  upcoming Ramnavami 2026, Navratri...🪷  T"
505,Tier 4: Toggle OFF + Organic (Noise),Divine Hindu,Pan-India / Delhi NCR (HQ: New Delhi),@startupseekho,25000,🕉️ Devotional Content & Spiritual Storytelling,47020,735,12,1.56%,2.99%,2026-03-13,https://www.instagram.com/p/DV1Da-yk6ni/,⚪ Standard Organic: Baseline organic collab reach,"They didn’t invent a new product. They reinvented tradition. How pooja items became a ₹100Cr brand — real founder lessons inside. 🌐 https://startupseekho.com/⁠� 🎯 https://topmate.io/startupseekho⁠� Comment “startup”, “guide”, “grow”, or “build” and w"
506,Tier 4: Toggle OFF + Organic (Noise),Divine Hindu,Pan-India / Delhi NCR (HQ: New Delhi),@avinash_rajput_official,571000,🕉️ Devotional Content & Spiritual Storytelling,46958,1990,49,4.24%,0.36%,2026-06-21,https://www.instagram.com/p/DZ2PVwaPGz4/,⚪ Standard Organic: Baseline organic collab reach,Har Har Mahadev 🙏  @avinash_rajput_official
507,Tier 4: Toggle OFF + Organic (Noise),Divine Hindu,Pan-India / Delhi NCR (HQ: New Delhi),@podcastiyy,293000,🕉️ Devotional Content & Spiritual Storytelling,46669,3,1,0.01%,0.00%,2026-02-18,https://www.instagram.com/p/DU5RaotiaSh/,⚪ Standard Organic: Baseline organic collab reach,@divinehindu.in Shop Now
508,Tier 4: Toggle OFF + Organic (Noise),House of Rudra,Pan-India / Gujarat (HQ: Ahmedabad),@swamisai_143,104000,🌟 Celebrity & Spiritual Leader Endorsement,46656,582,4,1.25%,0.56%,2025-11-06,https://www.instagram.com/p/DQtAt15iHEB/,⚪ Standard Organic: Baseline organic collab reach,Liṅk na bio unde ippude velli order cheskondi❤️  Follow @houseofrudra_social & Buy on www.houseofrudra.in They have authentic with lab tested Rudraksh bracelets  #religious #rudraksh #bracelet #accessories #goldbracelet#trendingreels #fyp #religiousp
509,Tier 4: Toggle OFF + Organic (Noise),Divine Hindu,Pan-India / Delhi NCR (HQ: New Delhi),@iamsoundaryagowdaa,108000,🕉️ Devotional Content & Spiritual Storytelling,46375,497,6,1.07%,0.47%,2026-04-25,https://www.instagram.com/p/DXjWpfUCT9y/,⚪ Standard Organic: Baseline organic collab reach,"Bangalore, it’s finally here! 🙌 Divine Hindu Store is now open ✨ Authentic. Powerful. Trusted. Don’t miss the launch offers!   #divinehindu #trending #viral #spirituality #trendingnow"
510,Tier 4: Toggle OFF + Organic (Noise),Japam,Pan-India / Rajasthan (HQ: Jaipur),@thearyanz,180000,"🏛️ Temple Lore, Mythology & Sanatan Philosophy",46365,2668,26,5.75%,1.50%,2026-04-01,https://www.instagram.com/p/DWlEdZ1Ew0Y/,⚪ Standard Organic: Baseline organic collab reach,"Born from the tears of Lord Shiva… 🕉️✨  Not just worn, but experienced. A symbol of energy, protection & divine connection.  • Enhances focus & clarity 🧠✨ • Brings inner peace & balance 🕊️ • Shields from negative energy 🛡️ • Deepens spiritual connect"
511,Tier 4: Toggle OFF + Organic (Noise),Isha Life India,"Pan-India / Tamil Nadu (HQ: Coimbatore, Isha)",@withshambhavi,16000,🕉️ Devotional Content & Spiritual Storytelling,46354,2825,40,6.09%,17.91%,2026-08-17,https://www.instagram.com/p/DcJLuXNT6MS/,"📈 Viral Organic Reach: High organic views (46,354) with strong like rate (6.09%)",🧡❤️💛
512,Tier 4: Toggle OFF + Organic (Noise),Divine Hindu,Pan-India / Delhi NCR (HQ: New Delhi),@anchor_swathisatish19,39000,🕉️ Devotional Content & Spiritual Storytelling,46328,3,16,0.01%,0.05%,2026-04-02,https://www.instagram.com/p/DWnpsjCEvTx/,⚪ Standard Organic: Baseline organic collab reach,
513,Tier 4: Toggle OFF + Organic (Noise),House of Rudra,Pan-India / Gujarat (HQ: Ahmedabad),@__jatin.sobti__,102000,"🔬 Rudraksha Authenticity, Lab Testing & Craft Lore",46326,2858,34,6.17%,2.84%,2026-06-20,https://www.instagram.com/p/DZz5eQqzO3K/,⚪ Standard Organic: Baseline organic collab reach,Feel the power of Shivshakti🕉️🔱  Place your order now  Link is in my bio ❤️  Follow @houseofrudra_social & Buy on www.houseofrudra.in They have authentic 7 mukhi rudraksh with lab tested certificates  #religious #moneymagnetbracelet #accessories #rel
514,Tier 4: Toggle OFF + Organic (Noise),Japam,Pan-India / Rajasthan (HQ: Jaipur),@being_batman_fit,133000,"🔬 Rudraksha Authenticity, Lab Testing & Craft Lore",46085,638,27,1.38%,0.50%,2025-10-07,https://www.instagram.com/p/DPfuE9hk0x6/,⚪ Standard Organic: Baseline organic collab reach,"DAY 7- 🔥 AURA ! Increase your “ AURA “ with this read caption  Har Rudraksh ke andar kuch natural lines hoti hain, jinhe mukhi kehte hain — jaise 1 mukhi, 5 mukhi, 11 mukhi, etc. Har mukhi Rudraksh ka alag spiritual aur energetic significance hota ha"
515,Tier 4: Toggle OFF + Organic (Noise),Isha Life India,"Pan-India / Tamil Nadu (HQ: Coimbatore, Isha)",@the._.clumsygirl,17000,🕉️ Devotional Content & Spiritual Storytelling,45872,1053,20,2.30%,6.31%,2025-12-29,https://www.instagram.com/p/DS2Ppr5kSXV/,"📈 Viral Organic Reach: High organic views (45,872) with strong like rate (2.3%)","Every time I sit for my Friday pooja, I feel closer to myself because it truly resonates with me. It has been a part of my life for as long as I can remember, and wearing the Devi energised saree brought a gentle, compassionate shift within. When eve"
516,Tier 4: Toggle OFF + Organic (Noise),Isha Life India,"Pan-India / Tamil Nadu (HQ: Coimbatore, Isha)",@the.espresso.kitchen,52000,🎉 Festival & Auspicious Muhurat Activations,45797,1100,492,2.40%,3.06%,2026-02-13,https://www.instagram.com/p/DUsjCewE5qu/,⚪ Standard Organic: Baseline organic collab reach,"Comment SHIV for the recipe!   Panchamrit will always remain the prasaad. 🤍 This is just something sweet to sit beside it.  For Maha Shivratri, I took the sacred flavours of milk, curd, ghee, honey and jaggery and turned them into a soft, eggless tre"
517,Tier 4: Toggle OFF + Organic (Noise),Isha Life India,"Pan-India / Tamil Nadu (HQ: Coimbatore, Isha)",@_bakers_bites,33000,🕉️ Devotional Content & Spiritual Storytelling,45554,796,7,1.75%,2.43%,2026-03-03,https://www.instagram.com/p/DVa32UBE0hk/,⚪ Standard Organic: Baseline organic collab reach,"Aaj bana rahi hoon Himachal ki traditional dish Siddu 🏔️🤍 Soft, fluffy aur bilkul ghar jaisa taste… but is baar maine use kiye hain @isha.life.india ke products for that pure and authentic touch. ✨ Tradition ka asli swaad tab hi aata hai jab ingredie"
518,Tier 4: Toggle OFF + Organic (Noise),Isha Life India,"Pan-India / Tamil Nadu (HQ: Coimbatore, Isha)",@skythroughglass,57000,"🏛️ Temple Lore, Mythology & Sanatan Philosophy",45497,1815,11,3.99%,3.20%,2026-02-07,https://www.instagram.com/p/DUdC2h-kXyJ/,⚪ Standard Organic: Baseline organic collab reach,"A quiet moment, held by Shiva’s grace 🤍  I’ve personally never been into agarbatti or dhoop ,they  often feel too intense and sometimes uncomfortable for me.  But these from Isha felt different… subtle, gentle, and easy to sit with 🌿  It naturally be"
519,Tier 4: Toggle OFF + Organic (Noise),House of Rudra,Pan-India / Gujarat (HQ: Ahmedabad),@kathalayabydev,14000,"📦 Unboxing, Gifting & Product Review",45289,2177,575,4.81%,19.66%,2026-08-21,https://www.instagram.com/p/DcTSXPhJ_-7/,"📈 Viral Organic Reach: High organic views (45,289) with strong like rate (4.81%)","🔗 Comment “LINK” to get yours ♍️✨  Virgo ♍️ Your energy deserves the right alignment. A bracelet crafted specially for Virgo — to complement your energy, confidence & positive vibes. 💫  ✨ House of Rudra Virgo Bracelet ♍️ Made for the Virgo energy  #V"
520,Tier 4: Toggle OFF + Organic (Noise),Isha Life India,"Pan-India / Tamil Nadu (HQ: Coimbatore, Isha)",@matthewleuver,77000,🕉️ Devotional Content & Spiritual Storytelling,45235,2100,148,4.64%,2.92%,2026-01-03,https://www.instagram.com/p/DTC4SaMAG_P/,⚪ Standard Organic: Baseline organic collab reach,"These are products I genuinely use on a daily basis, and over time, I’ve clearly noticed a difference with Isha Life products.  Whether it’s brushing my teeth with the herbal toothpaste, applying the herbal face pack, using snanam powder, or any of t"
521,Tier 4: Toggle OFF + Organic (Noise),Divine Hindu,Pan-India / Delhi NCR (HQ: New Delhi),@krishnpriya_ramanuja_dasi,25000,🕉️ Devotional Content & Spiritual Storytelling,44938,3669,89,8.16%,15.03%,2026-02-18,https://www.instagram.com/p/DU5B3EtkrUP/,"📈 Viral Organic Reach: High organic views (44,938) with strong like rate (8.16%)","DM @divinehindu.in ‼️ OR, Visit divinehindu.in 🌐 . . #trendingreels #tulsimala #indreshupadhyayji #radhakrishn #viralreelsvideo"
522,Tier 4: Toggle OFF + Organic (Noise),Japam,Pan-India / Rajasthan (HQ: Jaipur),@bhavyeshh,32000,"🕉️ Mantras, Japa Meditation & Puja Rituals",44853,3,37,0.01%,0.12%,2025-12-22,https://www.instagram.com/p/DSkMok6EgWN/,⚪ Standard Organic: Baseline organic collab reach,"Silver Plated Divya Rudraksha Karungali Mala ✨ A perfect blend of devotion, protection & positive energy. Order now 👉 www.japam.in Benefits: 🔸 Brings peace of mind & mental clarity 🔸 Helps attract positivity & spiritual growth 🔸 Protects from negativ"
523,Tier 4: Toggle OFF + Organic (Noise),Isha Life India,"Pan-India / Tamil Nadu (HQ: Coimbatore, Isha)",@baby_of_bhagyashree,134000,✨ Spiritual Lifestyle & Modern Wellness,44697,1212,20,2.71%,0.92%,2026-06-02,https://www.instagram.com/p/DZEs1pSRDw8/,⚪ Standard Organic: Baseline organic collab reach,"Cows, dogs, wellness and peace… this is what being blessed feels like… 🤍🐄🐶🌿  Slow mornings…Healthy choices…Traditional wellness…A peaceful home…And moments that feel beautiful, not busy…  Lately, our home has been embracing little wellness rituals wi"
524,Tier 4: Toggle OFF + Organic (Noise),Japam,Pan-India / Rajasthan (HQ: Jaipur),@sanatan_sagas,32000,🕉️ Devotional Content & Spiritual Storytelling,44627,1684,18,3.77%,5.32%,2026-04-02,https://www.instagram.com/p/DWoQ8bWk6V3/,"📈 Viral Organic Reach: High organic views (44,627) with strong like rate (3.77%)","🪷Not every story is gentle. Some are born from devotion, betrayal, and transformation.  The story of Tulsi is not just about a plant… it is about unwavering faith, divine leela, and a devotion so powerful that it reshaped destiny itself.  From love t"
525,Tier 4: Toggle OFF + Organic (Noise),Japam,Pan-India / Rajasthan (HQ: Jaipur),@___pooja_sahu___,236000,"🕉️ Mantras, Japa Meditation & Puja Rituals",44522,3,10,0.01%,0.01%,2025-09-04,https://www.instagram.com/p/DOKtcIVD8kY/,⚪ Standard Organic: Baseline organic collab reach,Silver plated murlidhar divine necklace 🪷from @japam.in   For order - visit - https://japam.in And D/M on insta - @japam.in  #japam #dailywearjewellery
526,Tier 4: Toggle OFF + Organic (Noise),House of Rudra,Pan-India / Gujarat (HQ: Ahmedabad),@raminsightsoffical,304000,🕉️ Devotional Content & Spiritual Storytelling,44296,2220,98,5.01%,0.76%,2025-12-04,https://www.instagram.com/p/DR13MFUE7dN/,⚪ Standard Organic: Baseline organic collab reach,#karungali #karungalimala #devotional #mala Place your order now ! Link is in my bio ❤️  Follow @houseofrudra_social & Buy on www.houseofrudra.in They have authentic Karungali Malas with lab tested certificates   #religious #karungalemala #mala #acce
527,Tier 4: Toggle OFF + Organic (Noise),Japam,Pan-India / Rajasthan (HQ: Jaipur),@sanal.pnair,13000,"🕉️ Mantras, Japa Meditation & Puja Rituals",44258,864,73,1.95%,7.21%,2026-03-20,https://www.instagram.com/p/DWG11b4D7-c/,⚪ Standard Organic: Baseline organic collab reach,"Awakening…💫 @japam.in  . . #divine #japam  #traditional #aura #trending  (Temple, Traditional, Reels, divine, Trend)"
528,Tier 4: Toggle OFF + Organic (Noise),Japam,Pan-India / Rajasthan (HQ: Jaipur),@krutika_salimath,118000,"🕉️ Mantras, Japa Meditation & Puja Rituals",43961,619,4,1.41%,0.53%,2026-04-20,https://www.instagram.com/p/DXWjACfPi97/,⚪ Standard Organic: Baseline organic collab reach,"Energy correct idre, everything follows 💸 @japam.in 🌸 . . .  Check out www.Japam.in"
529,Tier 4: Toggle OFF + Organic (Noise),Isha Life India,"Pan-India / Tamil Nadu (HQ: Coimbatore, Isha)",@__kpranayan11____,30000,🕉️ Devotional Content & Spiritual Storytelling,43909,2784,28,6.34%,9.37%,2026-04-15,https://www.instagram.com/p/DXJ3L0_E0cK/,"📈 Viral Organic Reach: High organic views (43,909) with strong like rate (6.34%)","Draped in cotton, offering to the space and the deity - a simple yet beautiful experience. This path is not about escape, but about embracing everything as it is.    Dhoti pants and kurta - @isha.life.india  Pooja offerings- @isha.life.india"
530,Tier 4: Toggle OFF + Organic (Noise),Japam,Pan-India / Rajasthan (HQ: Jaipur),@neelgoesplaces,109000,"🕉️ Mantras, Japa Meditation & Puja Rituals",43867,955,18,2.18%,0.89%,2026-03-09,https://www.instagram.com/p/DVqxnvLjAzX/,⚪ Standard Organic: Baseline organic collab reach,"🔱 The Tears of Mahadev: The Secret of Rudraksha 🔱  Did you know that Rudraksha isn’t just a bead? It is a divine seed born from the tears of Lord Shiva himself.   As told in the Shiva Purana, after thousands of years of meditation to defeat the demon"
531,Tier 4: Toggle OFF + Organic (Noise),Divine Hindu,Pan-India / Delhi NCR (HQ: New Delhi),@avinash_rajput_official,571000,🕉️ Devotional Content & Spiritual Storytelling,43431,3889,77,8.95%,0.69%,2026-03-28,https://www.instagram.com/p/DWbjf_-EpQI/,⚪ Standard Organic: Baseline organic collab reach,Har Har Mahadev DIVINE HINDU 🙏 @avinash_rajput_official
532,Tier 4: Toggle OFF + Organic (Noise),Divine Hindu,Pan-India / Delhi NCR (HQ: New Delhi),@iamlakshaysingh,113000,"🔮 Astrology, Horoscope & Gemstone Consultation",43393,3,10,0.01%,0.01%,2025-12-30,https://www.instagram.com/p/DS464-aE6Vr/,⚪ Standard Organic: Baseline organic collab reach,"mil gya na solution ‼️  @iamlakshaysingh  #relatable #explore #foryou #astrology #explorepage   (couple, relationship, Astrology, girlfriend, boyfriend, Relationship reels, trending topic, trending now)"
533,Tier 4: Toggle OFF + Organic (Noise),Japam,Pan-India / Rajasthan (HQ: Jaipur),@sacredstudio.in,55000,"🔬 Rudraksha Authenticity, Lab Testing & Craft Lore",43291,2140,33,4.94%,3.95%,2026-02-10,https://www.instagram.com/p/DUk8mgdDM-U/,⚪ Standard Organic: Baseline organic collab reach,"Are you struggling to find a real Rudraksha? 🙂‍↕️  Tired of seeing fake or low-quality Rudrakshas everywhere? That’s why I collaborated with Japam @japam.in . A brand focused on authentic, original Rudraksha and spiritual products you can genuinely t"
534,Tier 4: Toggle OFF + Organic (Noise),Japam,Pan-India / Rajasthan (HQ: Jaipur),@theankitzone,1000000,"🕉️ Mantras, Japa Meditation & Puja Rituals",43198,3,16,0.01%,0.00%,2026-03-16,https://www.instagram.com/p/DV77HG9jD7T/,⚪ Standard Organic: Baseline organic collab reach,"अपनी मेहनत को दें सही दिशा @Japam.in के ‘धन लाभ बैंड’ के साथ! 📿 ✅ Pyrite, Citrine, Tiger Eye, Aventurine, Sphatik & Jade की शक्ति। ✅ 100% असली & Lab Tested। समृद्धि की शुरुआत करें, अभी @Japam.in से ऑर्डर करें! 🚀✨"
535,Tier 4: Toggle OFF + Organic (Noise),Japam,Pan-India / Rajasthan (HQ: Jaipur),@vedicvisa,52000,"🔬 Rudraksha Authenticity, Lab Testing & Craft Lore",42835,781,31,1.82%,1.56%,2025-10-19,https://www.instagram.com/p/DP_BsUrEgTu/,⚪ Standard Organic: Baseline organic collab reach,"Rules To Wear Rudraksha Mala @japam.in ki Original Rudraksha Mala — sirf ek mala nahi… yeh hai Mahadev ka divya aashirwad 🔱🕉️ Har bead aapko Shiv ji se dil se jod deta hai ✨  Kabhi kabhi na, life itni fast ho jaati hai ki hum apni spiritual roots bho"
536,Tier 4: Toggle OFF + Organic (Noise),Isha Life India,"Pan-India / Tamil Nadu (HQ: Coimbatore, Isha)",@withsadhguru,978000,🌟 Celebrity & Spiritual Leader Endorsement,42777,2049,27,4.79%,0.21%,2026-01-12,https://www.instagram.com/p/DTaNj13AX-2/,⚪ Standard Organic: Baseline organic collab reach,#repost @sadhguru   Sadhguru prepares and relishes World's Craziest Lollipop!  #ishalife #forconsciousliving #sadhguru
537,Tier 4: Toggle OFF + Organic (Noise),Divine Hindu,Pan-India / Delhi NCR (HQ: New Delhi),@theankitzone,1000000,"📦 Unboxing, Gifting & Product Review",42673,3,10,0.01%,0.00%,2026-01-08,https://www.instagram.com/p/DTP5NyWk0sh/,⚪ Standard Organic: Baseline organic collab reach,"क्या आप भी ओवरथिंकिंग और स्ट्रेस से परेशान हैं? 😟 अगर आप भी अपनी लाइफ में पॉजिटिविटी और फोकस वापस लाना चाहते हैं, तो आज ही अपना Red Jasper Bracelet ऑर्डर करें  तो अभी Divinehindu.in के पेज से अपना ब्रेसलेट लें ऑर्डर करें"
538,Tier 4: Toggle OFF + Organic (Noise),Japam,Pan-India / Rajasthan (HQ: Jaipur),@mr.mugwack,233000,"🕉️ Mantras, Japa Meditation & Puja Rituals",42620,510,8,1.20%,0.22%,2026-03-02,https://www.instagram.com/p/DVXswMZEsaq/,⚪ Standard Organic: Baseline organic collab reach,"Confidence isn’t just how you show up, it’s what you carry with you. 💼✨ Been wearing the Money Magnet Band from Japam.in lately — and it’s slowly become part of my everyday hustle. ⚡️ @japam.in  A small band, but a constant reminder to stay focused, "
539,Tier 4: Toggle OFF + Organic (Noise),Divine Hindu,Pan-India / Delhi NCR (HQ: New Delhi),@sushiltales,797000,🕉️ Devotional Content & Spiritual Storytelling,42443,3,8,0.01%,0.00%,2026-01-26,https://www.instagram.com/p/DT-eSBHDPLX/,⚪ Standard Organic: Baseline organic collab reach,Try now ✨❤️   #viral #reels #insta
540,Tier 4: Toggle OFF + Organic (Noise),Divine Hindu,Pan-India / Delhi NCR (HQ: New Delhi),@anshvanshchauhan01,1000000,"🔬 Rudraksha Authenticity, Lab Testing & Craft Lore",42411,215,7,0.51%,0.02%,2026-02-21,https://www.instagram.com/p/DVAkOgKkWRt/,⚪ Standard Organic: Baseline organic collab reach,Money Magnet Stone Bracelet💰✨ Gov. Lab Certified | 100% Authentic  Dm:- @divinehindu.in   #moneymagnetbracelet #divinehindu #money #trending #viral
541,Tier 4: Toggle OFF + Organic (Noise),Japam,Pan-India / Rajasthan (HQ: Jaipur),@sumana5976,118000,"🕉️ Mantras, Japa Meditation & Puja Rituals",42240,1957,27,4.63%,1.68%,2025-09-16,https://www.instagram.com/p/DOqdgnVEg1H/,⚪ Standard Organic: Baseline organic collab reach,মালাটি কেমন তোমরাই বল 🤗 Oder now 🌸 https://japam.in #reels #radheradhe❤️ #mayapur #devotional #krisna
542,Tier 4: Toggle OFF + Organic (Noise),Divine Hindu,Pan-India / Delhi NCR (HQ: New Delhi),@not.sospritual,171000,🕉️ Devotional Content & Spiritual Storytelling,42043,3,19,0.01%,0.01%,2026-01-20,https://www.instagram.com/p/DTutbH9En38/,⚪ Standard Organic: Baseline organic collab reach,Science Behind the Rudraksha !!!
543,Tier 4: Toggle OFF + Organic (Noise),Isha Life India,"Pan-India / Tamil Nadu (HQ: Coimbatore, Isha)",@decor.diy.den,165000,🕉️ Devotional Content & Spiritual Storytelling,42016,547,70,1.30%,0.37%,2026-04-21,https://www.instagram.com/p/DXZHdYoDM8e/,⚪ Standard Organic: Baseline organic collab reach,"Adding a little sunshine to everyday essentials 🌻  A Tote bag from @isha.life.india reimagined with Ribbon Embroidery—because even the simplest pieces deserve a touch of you. Trendy, minimal, and made for everyday moments.  Loved working on this soft"
544,Tier 4: Toggle OFF + Organic (Noise),Isha Life India,"Pan-India / Tamil Nadu (HQ: Coimbatore, Isha)",@yoga.rubika,219000,🕉️ Devotional Content & Spiritual Storytelling,41799,1453,53,3.48%,0.69%,2026-01-30,https://www.instagram.com/p/DUI8A5miWJ3/,⚪ Standard Organic: Baseline organic collab reach,"Did you know that you don’t need special clothes for yoga. Seriously. Whatever’s loose and comfortable in your closet right now? That works.  Yoga isn’t about looking a certain way or wearing the “right” outfit. It’s about moving, breathing, being pr"
545,Tier 4: Toggle OFF + Organic (Noise),Divine Hindu,Pan-India / Delhi NCR (HQ: New Delhi),@kanishkatalenthub,814000,🎉 Festival & Auspicious Muhurat Activations,41763,3,47,0.01%,0.01%,2026-02-13,https://www.instagram.com/p/DUslXpLkkIJ/,⚪ Standard Organic: Baseline organic collab reach,Mahashivratri 🌼
546,Tier 4: Toggle OFF + Organic (Noise),Isha Life India,"Pan-India / Tamil Nadu (HQ: Coimbatore, Isha)",@makhdoomart,52000,"🕉️ Mantras, Japa Meditation & Puja Rituals",41605,1106,25,2.66%,2.17%,2026-02-15,https://www.instagram.com/p/DUx3rvnk86Y/,⚪ Standard Organic: Baseline organic collab reach,Om Namah Shivaya! May this auspicious night of Mahashivratri wash away all your worries and bless you with peace and prosperity...🙏🧿🔱🌸  Adiyogi is the symbol of ultimate peace and self-transformation...🙏🌸  Happy Mahashivratri To All…🙏🔱🧿🥰  @isha.life.
547,Tier 4: Toggle OFF + Organic (Noise),House of Rudra,Pan-India / Gujarat (HQ: Ahmedabad),@_kittu_localboy,38000,"📦 Unboxing, Gifting & Product Review",41452,359,3,0.87%,0.95%,2026-04-03,https://www.instagram.com/p/DWq3NQbE2TS/,⚪ Standard Organic: Baseline organic collab reach,Don't Skip   Place your order now  Link is in my bio ❤️  Follow @houseofrudra_social & Buy on www.houseofrudra.in They have authentic Money Magnet Bracelet with lab tested certificates  #religious #rudraksh #accessories #religious accessories #trendi
548,Tier 4: Toggle OFF + Organic (Noise),Japam,Pan-India / Rajasthan (HQ: Jaipur),@aravindan_chakravarthy,314000,🕉️ Devotional Content & Spiritual Storytelling,41447,447,9,1.08%,0.15%,2026-04-24,https://www.instagram.com/p/DXhBjP1DxeT/,⚪ Standard Organic: Baseline organic collab reach,Karungaali Maalai✨ . . . #loa #lawofattraction #loatamil #aravindanchakravarthy #manifestationtamil
549,Tier 4: Toggle OFF + Organic (Noise),Isha Life India,"Pan-India / Tamil Nadu (HQ: Coimbatore, Isha)",@letsbecreativenfoodiwidsoni,122000,"🕉️ Mantras, Japa Meditation & Puja Rituals",41297,485,5,1.17%,0.40%,2026-03-24,https://www.instagram.com/p/DWRKN12klDH/,⚪ Standard Organic: Baseline organic collab reach,"Setting the stage for the Queen of the Universe. Nine nights of devotion, strength, and endless blessings.  Petals, prayers, and the pure glow of faith🪷🪔 ChaitraNavratri puja decoration🪷  Aarti Thali decoration idea...🪷🪔  All beautiful Puja essential"
550,Tier 4: Toggle OFF + Organic (Noise),Rudralife,Pan-India / Maharashtra (HQ: Mumbai),@timesfashionweek,281000,🕉️ Devotional Content & Spiritual Storytelling,41273,2231,26,5.41%,0.80%,2025-04-12,https://www.instagram.com/p/DIV5NUjOch9/,⚪ Standard Organic: Baseline organic collab reach,"Minimal, meaningful, and deeply mindful — Rudralife’s latest offering turned the runway into a space of spiritual storytelling. Crafted with precision and intention, the designs spoke of inner strength, conscious identity, and timeless masculinity. W"
551,Tier 4: Toggle OFF + Organic (Noise),Isha Life India,"Pan-India / Tamil Nadu (HQ: Coimbatore, Isha)",@bhoomija.yogini,13000,🕉️ Devotional Content & Spiritual Storytelling,41091,623,21,1.52%,4.95%,2026-02-09,https://www.instagram.com/p/DUi5ntFDy2x/,⚪ Standard Organic: Baseline organic collab reach,Got your MSR outfit sorted?🔱
552,Tier 4: Toggle OFF + Organic (Noise),Japam,Pan-India / Rajasthan (HQ: Jaipur),@radhikajoshi__11,86000,🕉️ Devotional Content & Spiritual Storytelling,41077,626,25,1.52%,0.76%,2026-05-26,https://www.instagram.com/p/DYzkP14oNH4/,⚪ Standard Organic: Baseline organic collab reach,"Walking in abundance with my Pyrite Anklet❤️ . . . . . . #pyrite #blessings #energy #reel #viral  For you , viral reels , pyrite , anklet , positive energy , girl"
553,Tier 4: Toggle OFF + Organic (Noise),Japam,Pan-India / Rajasthan (HQ: Jaipur),@krshna_priye06,56000,"🕉️ Mantras, Japa Meditation & Puja Rituals",40951,875,56,2.14%,1.66%,2025-11-11,https://www.instagram.com/p/DQ55IR7CEkr/,⚪ Standard Organic: Baseline organic collab reach,"Check the website for more productsPyrite Wealth Band by @japam.in is  more than just a bracelet - it's a symbol of focus, confidence & powerful energy.  Every piece by Japam is authentic and lab-tested, crafted with purpose and meaning.  Discover th"
554,Tier 4: Toggle OFF + Organic (Noise),House of Rudra,Pan-India / Gujarat (HQ: Ahmedabad),@kathalayabydev,14000,"📦 Unboxing, Gifting & Product Review",40867,1448,415,3.54%,13.31%,2026-08-08,https://www.instagram.com/p/DbxyOmPpG5L/,"📈 Viral Organic Reach: High organic views (40,867) with strong like rate (3.54%)","🔗 Comment “LINK” to get yours ♓️✨  Pisces ♓️ Your energy deserves the right alignment. A bracelet crafted specially for Pisces — to complement your energy, confidence & positive vibes. 💫  ✨ House of Rudra Pisces Bracelet ♓️ Made for the Pisces energy"
555,Tier 4: Toggle OFF + Organic (Noise),Divine Hindu,Pan-India / Delhi NCR (HQ: New Delhi),@geeta_gyaan19,4000000,🕉️ Devotional Content & Spiritual Storytelling,40770,470,30,1.15%,0.01%,2026-01-17,https://www.instagram.com/p/DTnLFLnEyYz/,⚪ Standard Organic: Baseline organic collab reach,आप भी जल्दी मंगाइए😍  ‘ ‘ ‘ ‘ ‘#divinehindu  #hindu  #viral #explore #share
556,Tier 4: Toggle OFF + Organic (Noise),Divine Hindu,Pan-India / Delhi NCR (HQ: New Delhi),@_ankitadash,112000,🕉️ Devotional Content & Spiritual Storytelling,40753,870,7,2.13%,0.78%,2026-02-26,https://www.instagram.com/p/DVNdcc_CAAp/,⚪ Standard Organic: Baseline organic collab reach,HOLI OFFER Everything under 999/-  Go n check out @divinehindu.in before the stocks run out  #ankitadash #divinehindu #explore #fyp #instagram
557,Tier 4: Toggle OFF + Organic (Noise),Japam,Pan-India / Rajasthan (HQ: Jaipur),@vishal_horror_,605000,"🕉️ Mantras, Japa Meditation & Puja Rituals",40589,3,26,0.01%,0.00%,2025-09-04,https://www.instagram.com/p/DOLprfej4AY/,⚪ Standard Organic: Baseline organic collab reach,“Do This One Thing and Attract Success Instantly ✨” | Vishal horror | #reel | @japam.in
558,Tier 4: Toggle OFF + Organic (Noise),Japam,Pan-India / Rajasthan (HQ: Jaipur),@lata_mathpal,66000,"🕉️ Mantras, Japa Meditation & Puja Rituals",40408,547,55,1.35%,0.91%,2026-01-23,https://www.instagram.com/p/DT23xN4E2wl/,⚪ Standard Organic: Baseline organic collab reach,"Day 23 of 365 days || Loving this beautiful bracelet from @japam.in - Pyrite is known as the stone of wealth, abundance & confidence 🧿  Wearing it daily as a reminder to stay focused, attract success, and stay aligned with my goals 💫  23-Jan-2026 . ."
559,Tier 4: Toggle OFF + Organic (Noise),Isha Life India,"Pan-India / Tamil Nadu (HQ: Coimbatore, Isha)",@shekhawataish,22000,🎉 Festival & Auspicious Muhurat Activations,40400,2297,14,5.69%,10.50%,2026-02-11,https://www.instagram.com/p/DUn75Quj7iu/,"📈 Viral Organic Reach: High organic views (40,400) with strong like rate (5.69%)","I’m not someone who does pooja every day but whatever I do, when done with involvement and devotion, becomes a pooja in itself. Being here, doing this  pooja and simply being with Him feels incredibly powerful. ✨ This Mahashivratri, I truly wish that"
560,Tier 4: Toggle OFF + Organic (Noise),Divine Hindu,Pan-India / Delhi NCR (HQ: New Delhi),@mystery_with_revanth,259000,"🔮 Astrology, Horoscope & Gemstone Consultation",40239,3,20,0.01%,0.01%,2026-02-03,https://www.instagram.com/p/DUSRx-GknXB/,⚪ Standard Organic: Baseline organic collab reach,"⚖️ LIBRA RASHI POWER BRACELET 🚩 . @divinehindu.in  . .  DESCRIPTION: Libra Rashi (Tula) natives seek balance, peace, and harmony ⚖️ This powerful Libra Rashi bracelet is believed to enhance positivity, decision-making, and inner stability. Wear it wi"
561,Tier 4: Toggle OFF + Organic (Noise),Japam,Pan-India / Rajasthan (HQ: Jaipur),@akshat.gohil.96,9616,🕉️ Devotional Content & Spiritual Storytelling,40053,3,43,0.01%,0.48%,2025-10-14,https://www.instagram.com/p/DPyXPFxkT0T/,⚪ Standard Organic: Baseline organic collab reach,"Not just an ornament, it’s a blessing from Mahakal himself. 🔱🧿🕉️ Each Rudraksh carries the power of devotion, strength, and protection 📿 When you wear it, you don’t just wear a necklace you carry the energy of the divine! HAR HAR MAHADEV! Jai shree m"
562,Tier 4: Toggle OFF + Organic (Noise),Isha Life India,"Pan-India / Tamil Nadu (HQ: Coimbatore, Isha)",@sattvic_nirvana,26000,🕉️ Devotional Content & Spiritual Storytelling,39896,1066,0,2.67%,4.10%,2026-02-10,https://www.instagram.com/p/DUkhyCHiDfQ/,"📈 Viral Organic Reach: High organic views (39,896) with strong like rate (2.67%)","Sambar Sadam — comfort in every spoon 🍲 A wholesome South Indian one-pot meal made with Isha Life Kichili Samba Rice, soft-cooked dal, seasonal vegetables, tamarind, and aromatic sambar masala, all brought together with the rich flavor of Isha Life C"
563,Tier 4: Toggle OFF + Organic (Noise),Japam,Pan-India / Rajasthan (HQ: Jaipur),@shutterfx_,32000,"🕉️ Mantras, Japa Meditation & Puja Rituals",39482,1220,131,3.09%,4.22%,2026-01-16,https://www.instagram.com/p/DTklYN3Ecn-/,"📈 Viral Organic Reach: High organic views (39,482) with strong like rate (3.09%)","प्रेम -एक एहसास ❤️  You can get such authentic spiritual jewelery from @japam.in   Follow @shutterfx_ for more.. Follow @shutterfx_ for more..  #krishna#radha#love#emotions#viral Radha krishn, Krishna , love , emotions ,viral"
564,Tier 4: Toggle OFF + Organic (Noise),Isha Life India,"Pan-India / Tamil Nadu (HQ: Coimbatore, Isha)",@traditional__aestheticss,11000,🕉️ Devotional Content & Spiritual Storytelling,39394,890,12,2.26%,8.20%,2026-01-07,https://www.instagram.com/p/DTMjhCvj9bh/,"📈 Viral Organic Reach: High organic views (39,394) with strong like rate (2.26%)",Elevating our Pooja with the essence of nature 🌿#traditional   @isha.life.india 🕉️  #ishalife #sadguru  #aadiyogi #pooja
565,Tier 4: Toggle OFF + Organic (Noise),Divine Hindu,Pan-India / Delhi NCR (HQ: New Delhi),@theankitzone,1000000,🕉️ Devotional Content & Spiritual Storytelling,39384,3,0,0.01%,0.00%,2026-01-05,https://www.instagram.com/p/DTIHwyak9Xp/,⚪ Standard Organic: Baseline organic collab reach,महादेव की कृपा और करुंगली माला की शक्ति! 🙏✨ जीवन में सकारात्मक ऊर्जा और मानसिक शांति के लिए पहनें @divinehindu.in की अभिमंत्रित करुंगली माला। त्रिशूल लॉकेट के साथ यह न केवल रक्षा करती है बल्कि आत्मविश्वास भी बढ़ाती है अभी ऑर्डर करने के लिए @divinehind
566,Tier 4: Toggle OFF + Organic (Noise),Japam,Pan-India / Rajasthan (HQ: Jaipur),@unfilteredrv,105000,"🕉️ Mantras, Japa Meditation & Puja Rituals",39323,499,86,1.27%,0.56%,2026-01-18,https://www.instagram.com/p/DTpTordkoSf/,⚪ Standard Organic: Baseline organic collab reach,Consistency starts with confidence and the right energy before you hit record.  This is my ritual — @japam.in JAPAM Dhanlabh Band — and it genuinely works for me.  Comment 'band’ for product link
567,Tier 4: Toggle OFF + Organic (Noise),Divine Hindu,Pan-India / Delhi NCR (HQ: New Delhi),@kalkiyug_,253000,🕉️ Devotional Content & Spiritual Storytelling,39025,1355,32,3.47%,0.55%,2025-12-04,https://www.instagram.com/p/DR1LfqziY74/,⚪ Standard Organic: Baseline organic collab reach,Kya aap NAZAR me vishwas rakhte hain?
568,Tier 4: Toggle OFF + Organic (Noise),Isha Life India,"Pan-India / Tamil Nadu (HQ: Coimbatore, Isha)",@bhoomija.yogini,13000,🕉️ Devotional Content & Spiritual Storytelling,39022,2353,85,6.03%,18.75%,2026-04-13,https://www.instagram.com/p/DXEkcmmj596/,"📈 Viral Organic Reach: High organic views (39,022) with strong like rate (6.03%)","Grace of Devi Bhairavi in each offering!✨ 🌹Be it Energised Devi Saree, Pendant, Kumkum, Raksha Kavach or Stuti, each element helps me connect to the Devi within.  🌹Adorning this saree from Isha life made me feel in a way that is still intact in my me"
569,Tier 4: Toggle OFF + Organic (Noise),Japam,Pan-India / Rajasthan (HQ: Jaipur),@d_danish_sharma,12000,"🕉️ Mantras, Japa Meditation & Puja Rituals",38925,391,42,1.00%,3.61%,2025-11-04,https://www.instagram.com/p/DQosbQgjxnS/,⚪ Standard Organic: Baseline organic collab reach,"Crafted with devotion, worn with purpose — experience the sacred power of Karungali only at Japam.in. #japam #karungali #shivtandav"
570,Tier 4: Toggle OFF + Organic (Noise),Isha Life India,"Pan-India / Tamil Nadu (HQ: Coimbatore, Isha)",@blossoming_in_silence,2383,🌟 Celebrity & Spiritual Leader Endorsement,38885,695,23,1.79%,30.13%,2026-03-31,https://www.instagram.com/p/DWjBwuCDpxJ/,⚪ Standard Organic: Baseline organic collab reach,He won’t be able to start his day now without his morning without his favourites:😤🙂‍↔️  Neem capsules @isha.life.india  Herbal tooth powder @isha.life.india  Sanjeevani @isha.life.india   #sadhguru #ishafoundation #yogalife #healtylife
571,Tier 4: Toggle OFF + Organic (Noise),Divine Hindu,Pan-India / Delhi NCR (HQ: New Delhi),@seanbanerjee.sb,217000,"📦 Unboxing, Gifting & Product Review",38613,1458,91,3.78%,0.71%,2026-05-22,https://www.instagram.com/p/DYokY-ZTwXB/,⚪ Standard Organic: Baseline organic collab reach,"​Wear your intentions. Manifest your growth. 🌟  ​The Dhan Yog Bracelet is designed to clear financial roadblocks and align your energy with ultimate prosperity. Divine blessings, modern elegance.  ​🛍️ Limited stock available. Click the link in bio to"
572,Tier 4: Toggle OFF + Organic (Noise),Divine Hindu,Pan-India / Delhi NCR (HQ: New Delhi),@hey_jyotii,270000,🕉️ Devotional Content & Spiritual Storytelling,38563,435,11,1.13%,0.17%,2026-05-15,https://www.instagram.com/p/DYWQwyrhBLP/,⚪ Standard Organic: Baseline organic collab reach,"✨ More than just an anklet… this Raw Pyrite beauty from @divinehindu.in carries the energy of abundance, confidence, and protection✨"
573,Tier 4: Toggle OFF + Organic (Noise),Japam,Pan-India / Rajasthan (HQ: Jaipur),@simrranguptaa,196000,"🔬 Rudraksha Authenticity, Lab Testing & Craft Lore",38225,3,28,0.01%,0.02%,2026-02-24,https://www.instagram.com/p/DVILxyfjwFe/,⚪ Standard Organic: Baseline organic collab reach,Looking for authentic and lab certified rudraksha mala?  Order yours from official website of @japam.in   #rudraksha #rudrakshabeads #spiritualgrowthjourney #yoga #yogalife
574,Tier 4: Toggle OFF + Organic (Noise),Isha Life India,"Pan-India / Tamil Nadu (HQ: Coimbatore, Isha)",@sadhgurusharings_,203000,🕉️ Devotional Content & Spiritual Storytelling,38221,2066,11,5.41%,1.02%,2026-02-18,https://www.instagram.com/p/DU5EIC0gcu6/,⚪ Standard Organic: Baseline organic collab reach,Increase the longevity of your sacred beads with this Rudraksha conditioning guide.   #ishalife #forconsciousliving #rudraksha #grace
575,Tier 4: Toggle OFF + Organic (Noise),Divine Hindu,Pan-India / Delhi NCR (HQ: New Delhi),@seanbanerjee.sb,217000,🕉️ Devotional Content & Spiritual Storytelling,38060,1704,87,4.48%,0.83%,2026-06-22,https://www.instagram.com/p/DZ4sst_THWB/,⚪ Standard Organic: Baseline organic collab reach,"In the ghats of Kolkata, where the Ganga carries centuries of prayers, faith finds its truest form.  As I explore this sacred shore wearing the gold plated Rudraksha Mala from Divine Hindu  where tradition meets timeless elegance. Not just an accesso"
576,Tier 4: Toggle OFF + Organic (Noise),House of Rudra,Pan-India / Gujarat (HQ: Ahmedabad),@meghana_599,36000,"📦 Unboxing, Gifting & Product Review",37995,470,177,1.24%,1.80%,2026-02-21,https://www.instagram.com/p/DVBRArxErTx/,⚪ Standard Organic: Baseline organic collab reach,Place your order now  Link is in my bio ❤️  Follow @houseofrudra_social & Buy on https://www.houseofrudra.in They have authentic money magnet bracelet with lab tested certificates   #religious #moneymagnetbracelet #trendingreels #fyppp #viralreeĺs
577,Tier 4: Toggle OFF + Organic (Noise),Divine Hindu,Pan-India / Delhi NCR (HQ: New Delhi),@thenameisvishall,255000,"📦 Unboxing, Gifting & Product Review",37945,397,8,1.05%,0.16%,2025-11-24,https://www.instagram.com/p/DRcC1ntDABW/,⚪ Standard Organic: Baseline organic collab reach,"यह सिर्फ़ कोई Bracelet नहीं… यह संतुलन, स्थिरता और सुकून—सब एक साथ है। @divinehindu.in   #sevenchakras #spiritual #bracelet #divine"
578,Tier 4: Toggle OFF + Organic (Noise),Japam,Pan-India / Rajasthan (HQ: Jaipur),@__.amol.__96k_,343000,✨ Spiritual Lifestyle & Modern Wellness,37868,3,15,0.01%,0.01%,2026-04-15,https://www.instagram.com/p/DXJ0ahjyk8j/,⚪ Standard Organic: Baseline organic collab reach,"For those who believe in strength, peace & protection 🍃🚩 . . . #mahadev #bholenath #menswear #mensfashion #spirituality"
579,Tier 4: Toggle OFF + Organic (Noise),Isha Life India,"Pan-India / Tamil Nadu (HQ: Coimbatore, Isha)",@withsadhguru,978000,"🏛️ Temple Lore, Mythology & Sanatan Philosophy",37795,2043,39,5.41%,0.21%,2026-01-20,https://www.instagram.com/p/DTvJcZnAd08/,⚪ Standard Organic: Baseline organic collab reach,All New Mahashivratri Jewellery Live Tomorrow!   Available on ishalife.com   #shiva #mahadev #mahashivratri #isha #ishalife #forconsciousliving
580,Tier 4: Toggle OFF + Organic (Noise),Japam,Pan-India / Rajasthan (HQ: Jaipur),@krishna_mahii,91000,"🕉️ Mantras, Japa Meditation & Puja Rituals",37794,1483,66,3.92%,1.70%,2025-09-03,https://www.instagram.com/p/DOH3KuSAidJ/,⚪ Standard Organic: Baseline organic collab reach,Gold Plated Nathdwara ( Shrinath ji )Necklace 🪷🫶🏻 really amazing ⚡️from @japam.in   There is nothing better than this for yourself or to gift to someone❤️  For order- visit - https://japam.in And D/M on insta - @japam.in   🪷_______  #japamala #japam 
581,Tier 4: Toggle OFF + Organic (Noise),Japam,Pan-India / Rajasthan (HQ: Jaipur),@ananyakshatriyaa,28000,"🕉️ Mantras, Japa Meditation & Puja Rituals",37778,3,72,0.01%,0.27%,2026-04-03,https://www.instagram.com/p/DWrRruxiHBJ/,⚪ Standard Organic: Baseline organic collab reach,The silent but many mystical powers of Rudraksha 📿  (rudraksha) (japam) (student friendly) (affordable luxury) (authentic rudraksha) (certified beads) (comes with certificate) (gold plated) (premium feel) (budget spiritual) (daily japam) (shiv energy
582,Tier 4: Toggle OFF + Organic (Noise),Isha Life India,"Pan-India / Tamil Nadu (HQ: Coimbatore, Isha)",@sadhgurusharings_,203000,🕉️ Devotional Content & Spiritual Storytelling,37583,1289,13,3.43%,0.64%,2025-12-30,https://www.instagram.com/p/DS4HA07ASNR/,⚪ Standard Organic: Baseline organic collab reach,Energize your drinking water at home with consecrated Jeevarasam.  Explore on ishalife.com   #ishalife #forconsciousliving #consecrated #jeevarasam #yogicwisdom
583,Tier 4: Toggle OFF + Organic (Noise),Isha Life India,"Pan-India / Tamil Nadu (HQ: Coimbatore, Isha)",@meghaaddangaich,102000,🕉️ Devotional Content & Spiritual Storytelling,37425,642,22,1.72%,0.65%,2026-01-07,https://www.instagram.com/p/DTM3FV1Eg2L/,⚪ Standard Organic: Baseline organic collab reach,"📌Save This✨As moms, we’re always looking for snacks that are easy, wholesome, and something we can truly feel good about giving our kids.  These homemade dry fruits laddoos have become a winter staple in our home. They’re filling, nourishing, and per"
584,Tier 4: Toggle OFF + Organic (Noise),Isha Life India,"Pan-India / Tamil Nadu (HQ: Coimbatore, Isha)",@layasthana,116000,"🕉️ Mantras, Japa Meditation & Puja Rituals",37381,1164,31,3.11%,1.03%,2026-07-07,https://www.instagram.com/p/Daf1AmOScRU/,⚪ Standard Organic: Baseline organic collab reach,"Forever that girl who is obsessed with incense cones and sticks! But Sambrani is something that stands out. ✨  As an artist, my environment is everything. I can’t imagine working or doing my sadhana in a space that hasn’t been completely cleansed by "
585,Tier 4: Toggle OFF + Organic (Noise),Divine Hindu,Pan-India / Delhi NCR (HQ: New Delhi),@deefvckk,82000,"📦 Unboxing, Gifting & Product Review",37234,3,81,0.01%,0.10%,2026-07-13,https://www.instagram.com/p/DauXMDkCQuF/,⚪ Standard Organic: Baseline organic collab reach,"Not just a stylish bracelet it’s a symbol of positivity, confidence, and divine energy.  Wear your faith every day and let every step be guided by strength and blessings.  Available now at Divine Hindu.  #DivineHindu #SpiritualBracelet #HinduLifestyl"
586,Tier 4: Toggle OFF + Organic (Noise),Isha Life India,"Pan-India / Tamil Nadu (HQ: Coimbatore, Isha)",@rohini_aesthetics,30000,"🏛️ Temple Lore, Mythology & Sanatan Philosophy",37006,1366,34,3.69%,4.67%,2026-03-25,https://www.instagram.com/p/DWTkXz_J8pF/,"📈 Viral Organic Reach: High organic views (37,006) with strong like rate (3.69%)","Draped in cotton, crowned with kumkuma, she stands where silence becomes prayer to Shiva✨🪷🌿🔱🐚🦚 . . . . . 📸@nidhin_prem  Devi energised saree @isha.life.india . . . (Ishaadiyogi, Isha, shiva, ishafoundation, bhairavi, dhyanalinga, coimbatore, mysore, "
587,Tier 4: Toggle OFF + Organic (Noise),Isha Life India,"Pan-India / Tamil Nadu (HQ: Coimbatore, Isha)",@madhavi_unplugged,18000,"🕉️ Mantras, Japa Meditation & Puja Rituals",37001,948,22,2.56%,5.39%,2026-07-08,https://www.instagram.com/p/DaiC6CPz8hi/,"📈 Viral Organic Reach: High organic views (37,001) with strong like rate (2.56%)","Sadhana has slowly transformed the way I experience life. Ever since Shakti Chalana Kriya and Shambhavi became a part of my daily routine, there’s been a greater sense of balance, clarity, and involvement in everything I do.  Over time, I’ve also com"
588,Tier 4: Toggle OFF + Organic (Noise),Divine Hindu,Pan-India / Delhi NCR (HQ: New Delhi),@srushti_s_official_96k,673000,🕉️ Devotional Content & Spiritual Storytelling,36978,3,38,0.01%,0.01%,2026-02-21,https://www.instagram.com/p/DVAz3MYDJsH/,⚪ Standard Organic: Baseline organic collab reach,Positive  vibes and life growth 📿  Get shiv rudraksh trishul mala and many more from @divinehindu.in
589,Tier 4: Toggle OFF + Organic (Noise),Japam,Pan-India / Rajasthan (HQ: Jaipur),@rajatyogaworld,197000,✨ Spiritual Lifestyle & Modern Wellness,36933,367,30,0.99%,0.20%,2025-10-13,https://www.instagram.com/p/DPwV_WWEsPr/,⚪ Standard Organic: Baseline organic collab reach,Are you searching for divine protection and deep-rooted strength ❓ Let Karungali Mala connect you with higher energy.  🔹 100% authentic Rudraksha & Spiritual Accessories  🔹Energy • Healing • Balance  🔹Trusted brand - purity & originality guaranteed. 
590,Tier 4: Toggle OFF + Organic (Noise),Divine Hindu,Pan-India / Delhi NCR (HQ: New Delhi),@crazy_boy__mj,134000,🕉️ Devotional Content & Spiritual Storytelling,36893,3,0,0.01%,0.00%,2025-11-18,https://www.instagram.com/p/DRMu75XEw9A/,⚪ Standard Organic: Baseline organic collab reach,Bega hogi buy madi original karungali mala na divinehindu. in website alli🙏🏻   #explore #explorepage #exploremore #reelinstagram #reelitfeelit #karnataka #mysore #uttarkarnataka #viralreels #god #virl #hospet
591,Tier 4: Toggle OFF + Organic (Noise),House of Rudra,Pan-India / Gujarat (HQ: Ahmedabad),@bunny_fly_high,84000,"🕉️ Mantras, Japa Meditation & Puja Rituals",36611,2561,56,7.00%,3.12%,2026-02-06,https://www.instagram.com/p/DUZ2kgwkuXA/,⚪ Standard Organic: Baseline organic collab reach,ఈ ఒక్క పని చేయగలవా ❓ OM NAMAH SHIVAYA 🙏 #reelsinstagram #viralvideos #viralreels #trendingreels #reelitfeelit
592,Tier 4: Toggle OFF + Organic (Noise),Japam,Pan-India / Rajasthan (HQ: Jaipur),@a_millennial_from_gkp,1319,"🔬 Rudraksha Authenticity, Lab Testing & Craft Lore",36149,373,37,1.03%,31.08%,2026-01-07,https://www.instagram.com/p/DTNaSTrE94N/,⚪ Standard Organic: Baseline organic collab reach,Panchmukhi hanuman ji only at @japam.in  #japam #foryou #viralreels #explore #viral  Shoot location-: @metaflex.gym
593,Tier 4: Toggle OFF + Organic (Noise),Isha Life India,"Pan-India / Tamil Nadu (HQ: Coimbatore, Isha)",@sadhgurusharings_,203000,🌟 Celebrity & Spiritual Leader Endorsement,36038,1948,8,5.41%,0.96%,2026-02-14,https://www.instagram.com/p/DUuXvjygTx_/,⚪ Standard Organic: Baseline organic collab reach,"A profound and heartfelt tale of the Saptarishi's ultimate surrender to Adiyogi, the first Guru.  (Mahahshivratri 2026, Isha Mahashivratri, Shiva, Sadhana, Adiyogi, Rudraksha, Night of grace, Mahashivratri celebrations,  Sadhguru, Mahashivratri, Maha"
594,Tier 4: Toggle OFF + Organic (Noise),Japam,Pan-India / Rajasthan (HQ: Jaipur),@missayodhyaa,108000,"🕉️ Mantras, Japa Meditation & Puja Rituals",36006,843,33,2.34%,0.81%,2025-10-19,https://www.instagram.com/p/DP-rocXEYI3/,⚪ Standard Organic: Baseline organic collab reach,"“Ram ki Paidi par lakhon diye jale, aur maine japam.in se mangayi ek chhoti si roshni apne dil ke liye ✨ Siddhimayi Lakshmi & Ganesh ji combo — har Diwali ko banaye aur bhi shubh 💫  #Ayodhya #Deepotsav #Japam #missayodhyaa #diwali2025 #Deepotsav #Ayo"
595,Tier 4: Toggle OFF + Organic (Noise),Isha Life India,"Pan-India / Tamil Nadu (HQ: Coimbatore, Isha)",@sketchyskies_,54000,🕉️ Devotional Content & Spiritual Storytelling,35918,977,28,2.72%,1.86%,2025-12-23,https://www.instagram.com/p/DSmkMnLE4P_/,⚪ Standard Organic: Baseline organic collab reach,"A slow, soulful afternoon with @isha.life.india 🌿 Capturing the essence of Isha with Shiv–Shakthi art on a kurta felt deeply grounding and meditative. From the calm creative flow to the nourishing, wholesome food, every moment felt aligned and peacef"
596,Tier 4: Toggle OFF + Organic (Noise),Japam,Pan-India / Rajasthan (HQ: Jaipur),@ashmija_in_color,63000,🕉️ Devotional Content & Spiritual Storytelling,35803,456,11,1.27%,0.74%,2026-03-03,https://www.instagram.com/p/DVbCCeBE5ow/,⚪ Standard Organic: Baseline organic collab reach,"Before I start my day, there’s one thing I never forget ✨  My Raw Pyrite Abundance Ring 🤍  Not just an accessory… but a reminder to choose clarity over overthinking and abundance over doubt.  Every pyrite stone is lab-tested and they even provide the"
597,Tier 4: Toggle OFF + Organic (Noise),Japam,Pan-India / Rajasthan (HQ: Jaipur),@mr_jayyyyy_020,12000,"🕉️ Mantras, Japa Meditation & Puja Rituals",35734,663,12,1.86%,5.62%,2025-09-09,https://www.instagram.com/p/DOYNJ2YEueW/,⚪ Standard Organic: Baseline organic collab reach,"Not just a mala, it’s a journey of focus, peace & devotion. Japam Mala – where spirituality meets style. . . @mr_jayyyyy_020 🎥🖌️ . . [ Rudraksha, mala, shiv, mahadev, mahakal, lord, spiritual]  #JapamMala #SpiritualVibes #DivineEnergy #MindfulLiving "
598,Tier 4: Toggle OFF + Organic (Noise),Japam,Pan-India / Rajasthan (HQ: Jaipur),@_tanujapawar29,32000,"🕉️ Mantras, Japa Meditation & Puja Rituals",35700,858,22,2.40%,2.75%,2026-03-21,https://www.instagram.com/p/DWJsfyFEWSx/,⚪ Standard Organic: Baseline organic collab reach,Visit Store : @japam.in to buys yours!!!  . . . . . . . #spiritual #spirituality #explore #instagram
599,Tier 4: Toggle OFF + Organic (Noise),Japam,Pan-India / Rajasthan (HQ: Jaipur),@coachsiddhi,60000,"🕉️ Mantras, Japa Meditation & Puja Rituals",35640,477,18,1.34%,0.83%,2026-02-12,https://www.instagram.com/p/DUpjOvhDIqw/,⚪ Standard Organic: Baseline organic collab reach,"A true magnet for positive energy, confidence, and abundance. adorn yourself with this beautifully crafted spiritual jewellery✨ @japam.in   [ anklet, positive energy, attract wealth, abundance, gain, confidence, spirituality, aesthetic Jewellery] #po"
600,Tier 4: Toggle OFF + Organic (Noise),Isha Life India,"Pan-India / Tamil Nadu (HQ: Coimbatore, Isha)",@_when.the.guru.invades_,161000,"🕉️ Mantras, Japa Meditation & Puja Rituals",35557,1922,9,5.41%,1.20%,2026-02-13,https://www.instagram.com/p/DUsTkpoAcb9/,⚪ Standard Organic: Baseline organic collab reach,"This Mahashivratri, let Nandi inspired you to transform waiting into worship and Silence into a gateway to the Divine.  (Mahahshivratri 2026, Isha Mahashivratri, Shiva, Sadhana, Adiyogi, Rudraksha, Night of grace, Mahashivratri celebrations,  Sadhgur"
601,Tier 4: Toggle OFF + Organic (Noise),Japam,Pan-India / Rajasthan (HQ: Jaipur),@bee.ing_maaya,28000,"🕉️ Mantras, Japa Meditation & Puja Rituals",35520,926,72,2.61%,3.56%,2026-03-01,https://www.instagram.com/p/DVVRFuKknSZ/,⚪ Standard Organic: Baseline organic collab reach,"Send this to your friend who would love these!✨ (AD) Bracelet- @japam.in  Song - @sumedhk119  . . . . . . . . . . . . . . . . . . . . . . . . . . (tulasi song cover, tulasi by sumedh, raw cover, kannada cover song, kannada song cover, spiritual jewel"
602,Tier 4: Toggle OFF + Organic (Noise),Japam,Pan-India / Rajasthan (HQ: Jaipur),@anchalki_adaa,15000,"🕉️ Mantras, Japa Meditation & Puja Rituals",35360,233,24,0.66%,1.71%,2025-10-30,https://www.instagram.com/p/DQbwAf8Em8a/,⚪ Standard Organic: Baseline organic collab reach,"Not just a band, it’s your shield of positivity ✨   Manifest wealth, energy & protection — Pyrite does it all 🔮  Japam #JapamPyriteBand #SpiritualJewelry #PositiveVibesOnly #EnergyProtection #AbundanceMindset #ManifestationJewelry #HealingStones #Wea"
603,Tier 4: Toggle OFF + Organic (Noise),Japam,Pan-India / Rajasthan (HQ: Jaipur),@naxmaaa,33000,"🕉️ Mantras, Japa Meditation & Puja Rituals",35231,580,120,1.65%,2.12%,2026-08-07,https://www.instagram.com/p/Dbvh1fHxxKo/,⚪ Standard Organic: Baseline organic collab reach,"Celebrate this Raksha Bandhan with the love, blessings, and tradition of Japam. ✨🎀 Order your favourite Rakhi and make this festival even more special. 🤍  #explore #fyp #rakshabandhanspecial #trending #rakhi  Rakhi festival, best rakhi, rakshabandhan"
604,Tier 4: Toggle OFF + Organic (Noise),Isha Life India,"Pan-India / Tamil Nadu (HQ: Coimbatore, Isha)",@madhavi_unplugged,18000,🕉️ Devotional Content & Spiritual Storytelling,35207,1641,11,4.66%,9.18%,2026-03-01,https://www.instagram.com/p/DVVCBmtEmhu/,"📈 Viral Organic Reach: High organic views (35,207) with strong like rate (4.66%)","There are days I miss the Ashram so much — walking into that powerful silence and just sitting in Dhyanalinga.  While nothing replaces that experience, having the Dhyanalinga Yantra in my space has brought a subtle transformation.  The room feels cal"
605,Tier 4: Toggle OFF + Organic (Noise),Isha Life India,"Pan-India / Tamil Nadu (HQ: Coimbatore, Isha)",@madhuris_rangoli_and_art,155000,🎉 Festival & Auspicious Muhurat Activations,35047,919,21,2.62%,0.61%,2026-02-23,https://www.instagram.com/p/DVF0rWGEsOc/,⚪ Standard Organic: Baseline organic collab reach,"Adiyogi urli decoration ideas! 🙏☘️  Product in focus: * Mahashivratri Prasadam with Adiyogi Statue, Snake Ring, Rudraksh with black cotton rope * Hammered Copper Urli * Lotus diya * Brass diya  Grateful to collaborate with @isha.life.india  Thank you"
606,Tier 4: Toggle OFF + Organic (Noise),Japam,Pan-India / Rajasthan (HQ: Jaipur),@trendyturnouts,4016,"🕉️ Mantras, Japa Meditation & Puja Rituals",34985,246,67,0.70%,7.79%,2025-08-05,https://www.instagram.com/p/DM-UWHlPHwE/,⚪ Standard Organic: Baseline organic collab reach,"🚨Karungali Mala is really safe 🤔 . . . 🖤 Karungali Mala – More than just style! Spiritual vibes + Desi drip 😎✨ Wearing this powerful mala brings protection, confidence & inner peace. Perfect for meditation, energy balance, and a strong look 💯 . . . F"
607,Tier 4: Toggle OFF + Organic (Noise),Isha Life India,"Pan-India / Tamil Nadu (HQ: Coimbatore, Isha)",@laya.mathew,9219,🕉️ Devotional Content & Spiritual Storytelling,34887,858,35,2.46%,9.69%,2025-12-28,https://www.instagram.com/p/DSzcnJqEZ0S/,"📈 Viral Organic Reach: High organic views (34,887) with strong like rate (2.46%)","Rooted in tradition and woven in cotton-rich elegance. This saree celebrates simplicity with a refined finish, perfect for any event. Comfort meets culture in every drape. Grace that fits every occasion.  saree- @isha.life.india   (saree,comfort,inst"
608,Tier 4: Toggle OFF + Organic (Noise),Divine Hindu,Pan-India / Delhi NCR (HQ: New Delhi),@anchor_swathisatish19,39000,🕉️ Devotional Content & Spiritual Storytelling,34742,3,39,0.01%,0.11%,2026-01-27,https://www.instagram.com/p/DUA09VDkmFI/,⚪ Standard Organic: Baseline organic collab reach,@divinehindu.in @karungali_by_divinehindu
609,Tier 4: Toggle OFF + Organic (Noise),Divine Hindu,Pan-India / Delhi NCR (HQ: New Delhi),@vedicvisa,52000,"🕉️ Mantras, Japa Meditation & Puja Rituals",34501,1793,41,5.20%,3.53%,2025-11-20,https://www.instagram.com/p/DRR8mRVEqdf/,⚪ Standard Organic: Baseline organic collab reach,Avoid These Miatakes During Naam Jaap  You can get Real Chandan Mala From @divinehindu.in  How to do Naam Jaap- U can chant  Hare Krishna Hare Raam  Radha radha om namha shivya mantra  #krishna #radharani  #explorepage #reelsinstagram
610,Tier 4: Toggle OFF + Organic (Noise),Divine Hindu,Pan-India / Delhi NCR (HQ: New Delhi),@harvish_official,2000000,🕉️ Devotional Content & Spiritual Storytelling,34363,3,17,0.01%,0.00%,2025-12-30,https://www.instagram.com/p/DS4xb6SE8qm/,⚪ Standard Organic: Baseline organic collab reach,Meri life isse badal gyi ab aapki baari 🙏🏻  #viralreels #instagram #reels #fact #trendingreels
611,Tier 4: Toggle OFF + Organic (Noise),Divine Hindu,Pan-India / Delhi NCR (HQ: New Delhi),@anchor_swathisatish19,39000,🕉️ Devotional Content & Spiritual Storytelling,34254,3,8,0.01%,0.03%,2026-04-22,https://www.instagram.com/p/DXbm7WxCWgJ/,⚪ Standard Organic: Baseline organic collab reach,@karungali_by_divinehindu @divinehindu.in
612,Tier 4: Toggle OFF + Organic (Noise),Divine Hindu,Pan-India / Delhi NCR (HQ: New Delhi),@prateek_matoria,66000,"🔬 Rudraksha Authenticity, Lab Testing & Craft Lore",34245,351,25,1.02%,0.57%,2026-04-30,https://www.instagram.com/p/DXwNtV4PiMY/,⚪ Standard Organic: Baseline organic collab reach,"Unlock the power of prosperity and peace with the Divine Hindu 7 Mukhi Rudraksha. Representing Goddess Lakshmi, this sacred bead is known to attract wealth, career growth, and emotional balance. Elevate your spiritual journey and remove financial hur"
613,Tier 4: Toggle OFF + Organic (Noise),Japam,Pan-India / Rajasthan (HQ: Jaipur),@hardik_pawar209,167000,"🕉️ Mantras, Japa Meditation & Puja Rituals",34221,3,54,0.01%,0.03%,2025-09-17,https://www.instagram.com/p/DOsWiVzDW1Q/,⚪ Standard Organic: Baseline organic collab reach,"Not just a bracelet, it’s journey of focus, peace & devotion.japam rudraksh bracelet~Where spirituality meets style.🔱📿 @hardik_pawar209  #trendingreels #foryou #instagramreels #rudraksha #spirtuality #mahadev❤️"
614,Tier 4: Toggle OFF + Organic (Noise),Japam,Pan-India / Rajasthan (HQ: Jaipur),@madviceofficial,49000,🕉️ Devotional Content & Spiritual Storytelling,34212,730,17,2.13%,1.52%,2025-10-04,https://www.instagram.com/p/DPY2Olmk1JH/,⚪ Standard Organic: Baseline organic collab reach,✨ Karungali Mala – have you seen it? 🖤 Every bead of this ebony wood mala is said to work like a shield of positive energy. Some even believe… “Negativity can’t come near you”. 🔮  But here’s the real question 🤔 Do you wear a Karungali Mala for spirit
615,Tier 4: Toggle OFF + Organic (Noise),Isha Life India,"Pan-India / Tamil Nadu (HQ: Coimbatore, Isha)",@handpaintedjourney,6195,🎉 Festival & Auspicious Muhurat Activations,33960,1378,27,4.06%,22.68%,2026-03-27,https://www.instagram.com/p/DWYvgbTk4HL/,"📈 Viral Organic Reach: High organic views (33,960) with strong like rate (4.06%)","As Navratri comes to a close, I keep thinking… maybe it was never just about the 9 days. ✨  While painting this, it didn’t feel like I was creating something new…it felt like I was bringing something out, something that was already within me.  And ma"
616,Tier 4: Toggle OFF + Organic (Noise),Divine Hindu,Pan-India / Delhi NCR (HQ: New Delhi),@shivbrat_ons,322000,🕉️ Devotional Content & Spiritual Storytelling,33855,1576,52,4.66%,0.51%,2026-03-03,https://www.instagram.com/p/DVaz8oXkUmp/,⚪ Standard Organic: Baseline organic collab reach,"Ancient Power⚡🔱, Modern Elegance ✨  108 Beads Rudraksh Japmala   #rudraksha #japmala #sprituality #shiv #reelsindia"
617,Tier 4: Toggle OFF + Organic (Noise),Isha Life India,"Pan-India / Tamil Nadu (HQ: Coimbatore, Isha)",@madhavi_unplugged,18000,"🕉️ Mantras, Japa Meditation & Puja Rituals",33804,616,17,1.82%,3.52%,2026-01-22,https://www.instagram.com/p/DTz5nXukk0q/,⚪ Standard Organic: Baseline organic collab reach,"Inspired by Indian tradition, crafted for everyday ease. Isha Life Dhoti Pants are breathable, comfortable, and versatile -perfect for sadhana, travel, or daily wear. 🌿 #IshaLife #ConsciousClothing #IndianTraditionalWear #dhotipants"
618,Tier 4: Toggle OFF + Organic (Noise),Japam,Pan-India / Rajasthan (HQ: Jaipur),@travelwithsakshii,39000,🕉️ Devotional Content & Spiritual Storytelling,33557,463,21,1.38%,1.24%,2026-08-10,https://www.instagram.com/p/Db3XNeSzh1H/,⚪ Standard Organic: Baseline organic collab reach,
619,Tier 4: Toggle OFF + Organic (Noise),Japam,Pan-India / Rajasthan (HQ: Jaipur),@trishaaraj_,56000,"🏛️ Temple Lore, Mythology & Sanatan Philosophy",33051,275,24,0.83%,0.53%,2026-04-15,https://www.instagram.com/p/DXI_L4LEQZ5/,⚪ Standard Organic: Baseline organic collab reach,"Wearing this isn’t fashion… it’s energy, protection, and connection with Lord Shiva 🔱 Not everyone understands it — but those who do, feel it."
620,Tier 4: Toggle OFF + Organic (Noise),Isha Life India,"Pan-India / Tamil Nadu (HQ: Coimbatore, Isha)",@_devika_ns_,33000,"🏛️ Temple Lore, Mythology & Sanatan Philosophy",32988,1182,9,3.58%,3.61%,2026-05-15,https://www.instagram.com/p/DYWPRfAAyEl/,⚪ Standard Organic: Baseline organic collab reach,"Draped in cotton, crowned with kumkuma, she stands where silence becomes prayer to Shiva✨🪷🌿🔱🐚🦚 Devi energised saree @isha.life.india"
621,Tier 4: Toggle OFF + Organic (Noise),Divine Hindu,Pan-India / Delhi NCR (HQ: New Delhi),@hey_jyotii,270000,✨ Spiritual Lifestyle & Modern Wellness,32842,540,11,1.64%,0.20%,2026-05-26,https://www.instagram.com/p/DYzBNkShWoz/,⚪ Standard Organic: Baseline organic collab reach,"positive energy, but make it aesthetic✨ @divinehindu.in @karungali_by_divinehindu"
622,Tier 4: Toggle OFF + Organic (Noise),Divine Hindu,Pan-India / Delhi NCR (HQ: New Delhi),@anchor_swathisatish19,39000,🕉️ Devotional Content & Spiritual Storytelling,32743,3,13,0.01%,0.04%,2026-04-28,https://www.instagram.com/p/DXqqb3QEtUb/,⚪ Standard Organic: Baseline organic collab reach,@karungali_by_divinehindu @divinehindu.in 💙 9900032791 contact no Location : Jayanagar 4th block opp to beba
623,Tier 4: Toggle OFF + Organic (Noise),Japam,Pan-India / Rajasthan (HQ: Jaipur),@trilokbandofficial,37000,"🕉️ Mantras, Japa Meditation & Puja Rituals",32636,240,5,0.74%,0.66%,2026-02-12,https://www.instagram.com/p/DUp9sH9icJR/,⚪ Standard Organic: Baseline organic collab reach,"Devotion, designed for everyday life.  Introducing JAPAM × TRILOK collection dropping this Mahashivratri. A collection where sound meets spirit, and faith finds form.  Shop now!  #japam #spirituality #trend #asliwearables"
624,Tier 4: Toggle OFF + Organic (Noise),House of Rudra,Pan-India / Gujarat (HQ: Ahmedabad),@khushi_podcast,58000,"📦 Unboxing, Gifting & Product Review",32632,666,10,2.04%,1.17%,2026-07-03,https://www.instagram.com/p/DaVFf3HIZJh/,⚪ Standard Organic: Baseline organic collab reach,Comment link to get the Pungu Link in Your Dm  Place your order now  Link is in my bio ❤️  Follow @houseofrudra_social & Buy on www.houseofrudra.in They have authentic Punugu with lab tested certificates  #religious #moneymagnetbracelet #accessories 
625,Tier 4: Toggle OFF + Organic (Noise),Isha Life India,"Pan-India / Tamil Nadu (HQ: Coimbatore, Isha)",@sizzle.and.chill,52000,🕉️ Devotional Content & Spiritual Storytelling,32544,906,16,2.78%,1.77%,2026-04-20,https://www.instagram.com/p/DXWnSKej6hb/,⚪ Standard Organic: Baseline organic collab reach,"Sweet Pudding Payasam made using black rice grown in natural farm fields, prepared with desi cow ghee, jaggery, and dry fruits — available in @isha.life.india stores.  A rich, earthy, and comforting sweet dish — truly a bowl of tradition ❤️  Ingredie"
626,Tier 4: Toggle OFF + Organic (Noise),Divine Hindu,Pan-India / Delhi NCR (HQ: New Delhi),@mystery_with_revanth,259000,🕉️ Devotional Content & Spiritual Storytelling,32373,3,15,0.01%,0.01%,2026-08-07,https://www.instagram.com/p/DbvEiCEy07X/,⚪ Standard Organic: Baseline organic collab reach,"🔮 HIMALAYAN ROCK SALT LAMP . . @karungali_by_divinehindu  @divinehindu.in  . . a divine hindu-inspired Himalayan rock salt lamp believed to create a peaceful atmosphere, positive energy and a calming spiritual vibe at home. discover the ancient-inspi"
627,Tier 4: Toggle OFF + Organic (Noise),House of Rudra,Pan-India / Gujarat (HQ: Ahmedabad),@ashokforu_,289000,"📦 Unboxing, Gifting & Product Review",32198,3,11,0.01%,0.00%,2026-02-12,https://www.instagram.com/p/DUqA22QE2Ag/,⚪ Standard Organic: Baseline organic collab reach,“Money ni attract cheyyalante first energy correct undali 🧿” . Place your order now  Link is in my bio ❤️  Follow @houseofrudra_social & Buy on https://www.houseofrudra.in They have authentic money magnet bracelet with lab tested certificates
628,Tier 4: Toggle OFF + Organic (Noise),Isha Life India,"Pan-India / Tamil Nadu (HQ: Coimbatore, Isha)",@withshambhavi,16000,"🕉️ Mantras, Japa Meditation & Puja Rituals",32169,917,29,2.85%,5.91%,2026-02-14,https://www.instagram.com/p/DUuTANHEx9J/,"📈 Viral Organic Reach: High organic views (32,169) with strong like rate (2.85%)","The Mahashivaratri groove is real, and so are these essentials from Isha Life India.   What are your plans for Mahashivaratri?  [ Mahahshivratri 2026, Isha Mahashivratri, Shiva, Sadhana, Adiyogi, Rudraksha ]  #msrww26"
629,Tier 4: Toggle OFF + Organic (Noise),Isha Life India,"Pan-India / Tamil Nadu (HQ: Coimbatore, Isha)",@colourcarvings,33000,🕉️ Devotional Content & Spiritual Storytelling,32126,720,21,2.24%,2.25%,2026-07-01,https://www.instagram.com/p/DaQBZRiIC8U/,⚪ Standard Organic: Baseline organic collab reach,"I’ve always believed that art becomes even more beautiful when it carries a meaning. This time, I hand painted a Tanjore inspired motif on the blouse, symbolizing Shakthi, peace, and positive energy. Paired it with this beautiful Devi energised saree"
630,Tier 4: Toggle OFF + Organic (Noise),House of Rudra,Pan-India / Gujarat (HQ: Ahmedabad),@anshvanshchauhan01,1000000,🕉️ Devotional Content & Spiritual Storytelling,31982,545,12,1.70%,0.06%,2026-03-13,https://www.instagram.com/p/DV0yywBCY0n/,⚪ Standard Organic: Baseline organic collab reach,Place your order now  Link is in my bio❤️  Follow @houseofrudra_social & Buy on www.houseofrudra.in They have authentic rudraksh with lab tested certificates  #religious #rudraksh #accessories #religiousproduct #viralreels
631,Tier 4: Toggle OFF + Organic (Noise),Divine Hindu,Pan-India / Delhi NCR (HQ: New Delhi),@anshvanshchauhan01,1000000,🕉️ Devotional Content & Spiritual Storytelling,31976,645,23,2.02%,0.07%,2026-02-19,https://www.instagram.com/p/DU8jX47iRGb/,⚪ Standard Organic: Baseline organic collab reach,7 मुखी नेपाली रुद्राक्ष📿🔱 Lab Tested Certified   Dm:- @divinehindu.in   #divinehindu #rudraksha #mahadev #trending #viral
632,Tier 4: Toggle OFF + Organic (Noise),Isha Life India,"Pan-India / Tamil Nadu (HQ: Coimbatore, Isha)",@nestofgoodvibes,17000,🕉️ Devotional Content & Spiritual Storytelling,31626,535,1,1.69%,3.15%,2025-12-22,https://www.instagram.com/p/DSkCpY0E9Yl/,⚪ Standard Organic: Baseline organic collab reach,Divine vibes with the Grace of Adiyogi 🌹❤️
633,Tier 4: Toggle OFF + Organic (Noise),Japam,Pan-India / Rajasthan (HQ: Jaipur),@trilokbandofficial,37000,"🕉️ Mantras, Japa Meditation & Puja Rituals",31625,183,70,0.58%,0.68%,2026-02-14,https://www.instagram.com/p/DUvCqcGEq5g/,⚪ Standard Organic: Baseline organic collab reach,"Calm or chaos - Shiva stays with you.  Shop the Gold Plated Modern Rudraksha Bracelet from Japam x Trilok Shivratri collection.  Check out the entire collection and shop yours!  [Japam, Trilok, Shivratri, Rudraksha, Devotion, Spiritual Wearables]  #j"
634,Tier 4: Toggle OFF + Organic (Noise),Divine Hindu,Pan-India / Delhi NCR (HQ: New Delhi),@anshvanshchauhan01,1000000,"🔬 Rudraksha Authenticity, Lab Testing & Craft Lore",31503,419,10,1.33%,0.04%,2026-03-06,https://www.instagram.com/p/DVh8YMHkXkR/,⚪ Standard Organic: Baseline organic collab reach,Gold Plated Rudraksha Chain Bracelet - Black Rudraksha🔱🕉️ Gov. Lab Certified | 100% Authentic  Dm:- @divinehindu.in   #rudraksha #rudrakshabracelet #divinehindu #trending #viral
635,Tier 4: Toggle OFF + Organic (Noise),Divine Hindu,Pan-India / Delhi NCR (HQ: New Delhi),@monikachauhann_,130000,🕉️ Devotional Content & Spiritual Storytelling,31494,1505,35,4.78%,1.18%,2026-03-26,https://www.instagram.com/p/DWWWVRDjMPz/,⚪ Standard Organic: Baseline organic collab reach,More than what you wear… it’s something you feel ✨ A deeper connection within. By @karungali_by_divinehindu   #spirituality#divinehindu
636,Tier 4: Toggle OFF + Organic (Noise),House of Rudra,Pan-India / Gujarat (HQ: Ahmedabad),@kathalayabydev,14000,"📦 Unboxing, Gifting & Product Review",31487,1604,390,5.09%,14.24%,2026-08-12,https://www.instagram.com/p/Db8GZWsj-RO/,"📈 Viral Organic Reach: High organic views (31,487) with strong like rate (5.09%)","🔗 Comment “LINK” to get yours ♎️✨  Libra ♎️ Your energy deserves the right alignment. A bracelet crafted specially for Libra — to complement your energy, confidence & positive vibes. 💫  ✨ House of Rudra Libra Bracelet ♎️ Made for the Libra energy  #L"
637,Tier 4: Toggle OFF + Organic (Noise),Japam,Pan-India / Rajasthan (HQ: Jaipur),@apourvaspeak,77000,"🕉️ Mantras, Japa Meditation & Puja Rituals",31487,393,20,1.25%,0.54%,2026-04-06,https://www.instagram.com/p/DWy-7Ohk7Yt/,⚪ Standard Organic: Baseline organic collab reach,mindsetshiftSab bolte hain paisa luck se aata hai… par aaj mujhe samajh aaya  luck bhi create kiya ja sakta hain Lab-tested hain  Authentic hain. Dhan Labh Bracelet — japam.in Ab dekhte hain… energy kitni powerful hoti hai  Now let’s see how energy a
638,Tier 4: Toggle OFF + Organic (Noise),Japam,Pan-India / Rajasthan (HQ: Jaipur),@madhuripathak001,21000,"🕉️ Mantras, Japa Meditation & Puja Rituals",31454,232,25,0.74%,1.22%,2026-01-14,https://www.instagram.com/p/DTfb9q5k0Sz/,⚪ Standard Organic: Baseline organic collab reach,If you want to attract wealth and opportunity  Get this money magnet band from @japam.in   #reel #homepage #instafeed #explore #japam
639,Tier 4: Toggle OFF + Organic (Noise),Isha Life India,"Pan-India / Tamil Nadu (HQ: Coimbatore, Isha)",@__manaswi.kalidindi,15000,🕉️ Devotional Content & Spiritual Storytelling,31269,663,10,2.12%,4.49%,2026-04-28,https://www.instagram.com/p/DXrO1c5EwIk/,"📈 Viral Organic Reach: High organic views (31,269) with strong like rate (2.12%)","Taking care of my hair and skin with products that feel natural, gentle, and conscious🌿✨ Loving these organic essentials from Isha Life for making my everyday self-care routine feel simple and calming 🤍 From healthy hair to glowing skin, it’s all abo"
640,Tier 4: Toggle OFF + Organic (Noise),Isha Life India,"Pan-India / Tamil Nadu (HQ: Coimbatore, Isha)",@sierraliliann,45000,"📦 Unboxing, Gifting & Product Review",31212,1024,42,3.28%,2.37%,2026-05-06,https://www.instagram.com/p/DX_EvO5xJpe/,⚪ Standard Organic: Baseline organic collab reach,Unboxing my Isha Life package by Ganga Maa! ⛰️✨   When I visited Isha Center in Coimbatore in 2024 I was blown away by the energy of that place! I’ve been wishing to go back every since then 🥺  They have a little store on sight where they sell their 
641,Tier 4: Toggle OFF + Organic (Noise),Isha Life India,"Pan-India / Tamil Nadu (HQ: Coimbatore, Isha)",@beeyan.in,36000,🕉️ Devotional Content & Spiritual Storytelling,31212,968,214,3.10%,3.28%,2026-02-03,https://www.instagram.com/p/DUS17mtiQM7/,⚪ Standard Organic: Baseline organic collab reach,"A forgotten ritual, for modern times.✨  Comment “self-care” and I’ll share the method with you 🤍  Sambrani dhuni was traditionally used as a gentle way to dry hair after a bath — without harsh heat. The warm, sweet, resinous smoke softly fragrances t"
642,Tier 4: Toggle OFF + Organic (Noise),Isha Life India,"Pan-India / Tamil Nadu (HQ: Coimbatore, Isha)",@vasipallimanisha,51000,🕉️ Devotional Content & Spiritual Storytelling,31202,592,95,1.90%,1.35%,2026-06-13,https://www.instagram.com/p/DZhzP7Oy4P0/,⚪ Standard Organic: Baseline organic collab reach,"Finally got my hands on the most awaited product from Isha Life! 🌿✨  Been waiting for this one for so long, and it's finally here. Can't wait to try it and share my honest experience with you all. Have you tried any products from @isha.life.india Com"
643,Tier 4: Toggle OFF + Organic (Noise),Japam,Pan-India / Rajasthan (HQ: Jaipur),@whatthefacttelugu,55000,🕉️ Devotional Content & Spiritual Storytelling,31099,1282,78,4.12%,2.47%,2026-01-13,https://www.instagram.com/p/DTcpTctEsU7/,⚪ Standard Organic: Baseline organic collab reach,"📘🌟🔱 Karungali Subramanya Blessings😱 ✨  🔱✨ When Lord Subramaneya Swamy adorns the sacred Karungali, divine protection multiplies… blessings flow… and all negativity burns away. Feel the power. Feel the grace. ✨🔥 🙏 Dare to believe in divine energy 🖤 Ka"
644,Tier 4: Toggle OFF + Organic (Noise),House of Rudra,Pan-India / Gujarat (HQ: Ahmedabad),@panditrajtiwari_ujjain,4465,🕉️ Devotional Content & Spiritual Storytelling,31067,1310,13,4.22%,29.63%,2026-06-26,https://www.instagram.com/p/DaDG-8IC4yw/,"📈 Viral Organic Reach: High organic views (31,067) with strong like rate (4.22%)","🦚 जहाँ श्याम, वहाँ विश्वास… जहाँ विश्वास, वहाँ चमत्कार। ✨ अपने जीवन में सुख, समृद्धि और सकारात्मकता का स्वागत करें। जय श्री श्याम 🙏❤️  Place your order now  Link is in my bio ❤️  Follow @houseofrudra_social & Buy on www.houseofrudra.in They have auth"
645,Tier 4: Toggle OFF + Organic (Noise),Japam,Pan-India / Rajasthan (HQ: Jaipur),@hey_jyotii,270000,"🕉️ Mantras, Japa Meditation & Puja Rituals",30766,555,13,1.80%,0.21%,2026-02-12,https://www.instagram.com/p/DUpLG2Qgc4F/,⚪ Standard Organic: Baseline organic collab reach,"Positive energy on my neck, calm in my mind ✨ Obsessed with this pirate pendant from @japam.in"
646,Tier 4: Toggle OFF + Organic (Noise),Isha Life India,"Pan-India / Tamil Nadu (HQ: Coimbatore, Isha)",@mayagupta7807,66000,🎉 Festival & Auspicious Muhurat Activations,30672,573,15,1.87%,0.89%,2026-02-09,https://www.instagram.com/p/DUhflbqDx8o/,⚪ Standard Organic: Baseline organic collab reach,A traditional Shivratri vrat (fasting) thali ॐ𓉸𓆘𝚿🪘𓉸𓆘𝚿🪘🔱📿🕉🪘𓆗 1. 1/2 cup sama rice barnyard millet 2. 4 cup milk full fat 3. 4 teaspoon Jaggeri 4. 1 tablespoon cashew chopped 5. 1 tablespoon almond chopped 6. 1 tablespoon pistachio chopped 7. 1 tablesp
647,Tier 4: Toggle OFF + Organic (Noise),Isha Life India,"Pan-India / Tamil Nadu (HQ: Coimbatore, Isha)",@thecozyfarmlife,29000,🎉 Festival & Auspicious Muhurat Activations,30559,1121,34,3.67%,3.98%,2026-02-02,https://www.instagram.com/p/DUQPUvgjann/,⚪ Standard Organic: Baseline organic collab reach,Faith. Stillness. Devotion. Celebrating Mahashivratri with Isha Life. 🔱🕉️  #reels #mahashivratri #instagram #viral #fyp
648,Tier 4: Toggle OFF + Organic (Noise),Japam,Pan-India / Rajasthan (HQ: Jaipur),@themiddleclass.7,22000,🕉️ Devotional Content & Spiritual Storytelling,30480,1053,29,3.45%,4.92%,2026-02-09,https://www.instagram.com/p/DUikswRE3SY/,"📈 Viral Organic Reach: High organic views (30,480) with strong like rate (3.45%)",Lakshmi Appears Only Where There Is Flow
649,Tier 4: Toggle OFF + Organic (Noise),Isha Life India,"Pan-India / Tamil Nadu (HQ: Coimbatore, Isha)",@bhoomija.yogini,13000,🕉️ Devotional Content & Spiritual Storytelling,30469,1647,81,5.41%,13.29%,2026-04-16,https://www.instagram.com/p/DXMpgo-E8Sk/,"📈 Viral Organic Reach: High organic views (30,469) with strong like rate (5.41%)","Here’s my story:Devi & Shringaar✨ 🌹All my life I was a tom boy but as Devi entered my life something shifted within. I started embracing little elements of adornments.  Be it saree, jewellery, long hair or anything that symbolises feminine, slowly it"
650,Tier 4: Toggle OFF + Organic (Noise),Isha Life India,"Pan-India / Tamil Nadu (HQ: Coimbatore, Isha)",@thecosmicwhispers.co,39000,🕉️ Devotional Content & Spiritual Storytelling,30427,521,28,1.71%,1.41%,2026-01-23,https://www.instagram.com/p/DT0iLaMEhRW/,⚪ Standard Organic: Baseline organic collab reach,"Day in my life working in government consulting and public policy 🏛️📄  Most of my day goes into policy research, report writing, and consulting work that supports government decision-making. This is the quieter side of work that people preparing for "
651,Tier 4: Toggle OFF + Organic (Noise),Divine Hindu,Pan-India / Delhi NCR (HQ: New Delhi),@startupseekho,25000,🕉️ Devotional Content & Spiritual Storytelling,30426,311,4,1.02%,1.26%,2026-03-15,https://www.instagram.com/p/DV5rRQrCaHI/,⚪ Standard Organic: Baseline organic collab reach,"They didn’t create a new category. They transformed tradition into a ₹100Cr brand. That’s the power of vision. 🌐 https://startupseekho.com/⁠� 🎯 https://topmate.io/startupseekho⁠� Comment “startup”, “guide”, “grow”, or “build” and we’ll send you more "
652,Tier 4: Toggle OFF + Organic (Noise),Divine Hindu,Pan-India / Delhi NCR (HQ: New Delhi),@ammayi_to_amma,74000,🕉️ Devotional Content & Spiritual Storytelling,30335,234,23,0.77%,0.35%,2026-03-28,https://www.instagram.com/p/DWaxp47kZb-/,⚪ Standard Organic: Baseline organic collab reach,@karungali_by_divinehindu has sale happening right now where you get 100% cash back . Check out their website. Comment for the Direct purchase 🖇️
653,Tier 4: Toggle OFF + Organic (Noise),House of Rudra,Pan-India / Gujarat (HQ: Ahmedabad),@itsdarshanaradhya,26000,🕉️ Devotional Content & Spiritual Storytelling,30320,3761,44,12.40%,14.63%,2026-07-01,https://www.instagram.com/p/DaQA1EqOwjg/,"📈 Viral Organic Reach: High organic views (30,320) with strong like rate (12.4%)","ರುದ್ರಾಕ್ಷಿ ಹಾಗೂ ಕರುಂಗಲಿ ಮಾಲೆಯ ವಿಶೇಷತೆ 🕉 🔱 Comment ""Link"" for Silver Karungali Rudraksh Mala with Trident Pendant  Place your order now  Link is in my bio ❤️  Follow @houseofrudra_social & Buy on www.houseofrudra.in They have authentic Silver Rudraksh"
654,Tier 4: Toggle OFF + Organic (Noise),Isha Life India,"Pan-India / Tamil Nadu (HQ: Coimbatore, Isha)",@traditional__aestheticss,11000,🕉️ Devotional Content & Spiritual Storytelling,30289,397,1,1.31%,3.62%,2026-05-08,https://www.instagram.com/p/DYEWMjtvBeG/,⚪ Standard Organic: Baseline organic collab reach,#traditional#asthetic#lifestyle#saree#telugu
655,Tier 4: Toggle OFF + Organic (Noise),Divine Hindu,Pan-India / Delhi NCR (HQ: New Delhi),@tech_x_rhea,547000,🕉️ Devotional Content & Spiritual Storytelling,30265,3,5,0.01%,0.00%,2026-01-15,https://www.instagram.com/p/DTh_68dgmsm/,⚪ Standard Organic: Baseline organic collab reach,"Aaj ke time me jab har cheez fake lagne lagi hai… tab kuch cheezein hoti hain jo sirf mehsoos hoti hain ✨  Rudraksh sirf ek mala ya accessory nahi hai — yeh Mahadev ka prasad hai 🔱 jo mann ko shant karta hai, negative energy se bachata hai aur andar "
656,Tier 4: Toggle OFF + Organic (Noise),Isha Life India,"Pan-India / Tamil Nadu (HQ: Coimbatore, Isha)",@janviii_reddy_k,62000,"🕉️ Mantras, Japa Meditation & Puja Rituals",30176,660,42,2.19%,1.13%,2026-05-11,https://www.instagram.com/p/DYL_uW8zVzG/,⚪ Standard Organic: Baseline organic collab reach,"✨ Finding peace in the middle of a busy life ✨  No matter how hectic my weekdays get, I always take out time on Friday or Saturday mornings for my puja 🪔  It’s not just a ritual—it’s my way of slowing down, reconnecting with myself, and bringing posi"
657,Tier 4: Toggle OFF + Organic (Noise),Isha Life India,"Pan-India / Tamil Nadu (HQ: Coimbatore, Isha)",@shivaflow_daily,5708,🕉️ Devotional Content & Spiritual Storytelling,30120,1298,16,4.31%,23.02%,2026-02-13,https://www.instagram.com/p/DUs5YqjAu0f/,"📈 Viral Organic Reach: High organic views (30,120) with strong like rate (4.31%)","A day in my life with Ishalife, capturing the serene moments of spiritual reflection and devotion. I am deeply grateful to Ishalife for providing me with their highly divine and pure products that enhance my spiritual practice. . . . . #isha #ishalif"
658,Tier 4: Toggle OFF + Organic (Noise),Japam,Pan-India / Rajasthan (HQ: Jaipur),@radhebhaav,6088,"🕉️ Mantras, Japa Meditation & Puja Rituals",30067,3,36,0.01%,0.64%,2026-07-09,https://www.instagram.com/p/DakCjZAR_Ls/,⚪ Standard Organic: Baseline organic collab reach,"Feeling out of balance? Your energy knows. 🌀  Introducing Japam’s 7 Chakra Healing Bracelet — handcrafted with 7 sacred stones, each aligned to awaken your body’s energy centers:  💜 Amethyst — Calm & Clarity 💙 Lapis Lazuli — Truth & Wisdom 🩵 Turquois"
659,Tier 4: Toggle OFF + Organic (Noise),Isha Life India,"Pan-India / Tamil Nadu (HQ: Coimbatore, Isha)",@the.divine.kitchen,19000,🎉 Festival & Auspicious Muhurat Activations,30051,504,4,1.68%,2.67%,2026-02-14,https://www.instagram.com/p/DUu1HlIEll6/,⚪ Standard Organic: Baseline organic collab reach,"Mahashivratri special ✨ A bowl of sabudana payasam made with pure ghee, jaggery & dry fruits from @isha.life.india . Simple. Sattvic. Sacred.  Har Har Mahadev 🕉️  #mahashivratri #payasama #shiv"
660,Tier 4: Toggle OFF + Organic (Noise),Isha Life India,"Pan-India / Tamil Nadu (HQ: Coimbatore, Isha)",@lifebyurvashi,23000,🕉️ Devotional Content & Spiritual Storytelling,29990,437,31,1.46%,2.03%,2026-05-25,https://www.instagram.com/p/DYxEFRCsDzD/,⚪ Standard Organic: Baseline organic collab reach,"Everything is from @isha.life.india 🤍  Ghar sambhalte sambhalte kabhi kabhi hum khud ka sukoon bhool jaate hain… 🤍  Aaj bas Adiyogi ki shanti, dhoop ki khushboo aur ek peaceful corner ne pura mood calm kar diya 🪔✨  Kitchen ka kaam, safai, daily chaos"
661,Tier 4: Toggle OFF + Organic (Noise),Japam,Pan-India / Rajasthan (HQ: Jaipur),@why_simplified,29000,"🕉️ Mantras, Japa Meditation & Puja Rituals",29839,285,6,0.96%,1.00%,2026-01-05,https://www.instagram.com/p/DTISoMwCChK/,⚪ Standard Organic: Baseline organic collab reach,Ever wondered why Shiv bhakts wear Rudraksha? This reel explains it. 🔱  @japam.in   #Mahadev #hindu #indianculture #story
662,Tier 4: Toggle OFF + Organic (Noise),Isha Life India,"Pan-India / Tamil Nadu (HQ: Coimbatore, Isha)",@farzan.dadachanji,13000,✨ Spiritual Lifestyle & Modern Wellness,29354,1203,22,4.10%,9.42%,2026-01-06,https://www.instagram.com/p/DTKFCbWEoii/,"📈 Viral Organic Reach: High organic views (29,354) with strong like rate (4.1%)","Trends change. Comfort stays. Riding in the organic cotton dhoti pants by Isha Life. Natural, breathable, timeless. 💯  [ organic cotton dhoti pant, mindful clothing, slow fashion India, breathable travel wear, conscious lifestyle, spiritual travel In"
663,Tier 4: Toggle OFF + Organic (Noise),Isha Life India,"Pan-India / Tamil Nadu (HQ: Coimbatore, Isha)",@beeyan.in,36000,🕉️ Devotional Content & Spiritual Storytelling,29351,1704,30,5.81%,4.82%,2026-06-06,https://www.instagram.com/p/DZP7bY5J4ke/,"📈 Viral Organic Reach: High organic views (29,351) with strong like rate (5.81%)","For me, Guru Pooja is a moment to put everything down.  The roles. The responsibilities. The endless doing.  And simply sit in gratitude and surrender. 🙏  Grateful to @isha.life.india for creating such beautiful, grounding incense that has become a p"
664,Tier 4: Toggle OFF + Organic (Noise),Divine Hindu,Pan-India / Delhi NCR (HQ: New Delhi),@devrajrajput_1,149000,🕉️ Devotional Content & Spiritual Storytelling,29332,624,11,2.13%,0.43%,2026-02-26,https://www.instagram.com/p/DVNqL9KERtP/,⚪ Standard Organic: Baseline organic collab reach,Jada se jada le   #Viral #reelsinstagram #devrajrajput_1
665,Tier 4: Toggle OFF + Organic (Noise),Divine Hindu,Pan-India / Delhi NCR (HQ: New Delhi),@missayodhyaa,108000,🕉️ Devotional Content & Spiritual Storytelling,29286,799,57,2.73%,0.79%,2026-03-16,https://www.instagram.com/p/DV8NseMkeTQ/,⚪ Standard Organic: Baseline organic collab reach,"Invoking the energy of Kuber and Lakshmi. Open heart, open hands, endless blessings ✨  #MoneyMagnet #divinegrace #divinehindu #moneyfreedom #spiritualgrowth"
666,Tier 4: Toggle OFF + Organic (Noise),Isha Life India,"Pan-India / Tamil Nadu (HQ: Coimbatore, Isha)",@yoga.rubika,219000,🕉️ Devotional Content & Spiritual Storytelling,29234,817,51,2.79%,0.40%,2026-02-13,https://www.instagram.com/p/DUrt5SZkiyE/,⚪ Standard Organic: Baseline organic collab reach,"Send this to someone who wants to buy Rudraksha 📿  Basically, there are 5 types of Rudraksha. Your age determines which one you should buy.  Full guide in the video 👆  Tag someone who needs to see this 💬  Video Edit by @filmonkentertainment  #rudraks"
667,Tier 4: Toggle OFF + Organic (Noise),Isha Life India,"Pan-India / Tamil Nadu (HQ: Coimbatore, Isha)",@aarobfoodfeed,42000,🕉️ Devotional Content & Spiritual Storytelling,29112,3,27,0.01%,0.07%,2026-01-01,https://www.instagram.com/p/DS90ETik5AD/,⚪ Standard Organic: Baseline organic collab reach,"Starting the New Year with intention 🌾  Choosing handpounded rice; slow, nourishing, and rooted in tradition. Because what we eat shapes how we live: grounded, mindful, and connected to our roots. Here’s to healthier choices and a more conscious way "
668,Tier 4: Toggle OFF + Organic (Noise),Japam,Pan-India / Rajasthan (HQ: Jaipur),@prithvishtalks,14000,"🔬 Rudraksha Authenticity, Lab Testing & Craft Lore",29063,402,34,1.38%,3.11%,2025-09-26,https://www.instagram.com/p/DPENBSqCayx/,⚪ Standard Organic: Baseline organic collab reach,"🕉️✨ Protection. Power. Positivity. ✨🕉️ Panchmukhi Hanuman is known to shield you from negative energies, evil eye, and obstacles in life. Wearing this sacred locket from Japam.in brings you:  ⚡ Strength & Courage 🛡️ Protection from negative energies "
669,Tier 4: Toggle OFF + Organic (Noise),Japam,Pan-India / Rajasthan (HQ: Jaipur),@_meghnahaha,65000,"🕉️ Mantras, Japa Meditation & Puja Rituals",28992,168,29,0.58%,0.30%,2026-02-16,https://www.instagram.com/p/DUzuaRUj6io/,⚪ Standard Organic: Baseline organic collab reach,"Minimal Shine, everyday wear ✨  The Dhanashree Anklet - handcrafted and beautiful 😍  From Japam.in . . . [aesthetic jewel, anklet, Pinterest anklets, Pinterest jewellery, Fyp, explore, trending, viral]  #explore #fyp #trend #trendingnow #lucknow"
670,Tier 4: Toggle OFF + Organic (Noise),Isha Life India,"Pan-India / Tamil Nadu (HQ: Coimbatore, Isha)",@jay_on_flute,73000,🕉️ Devotional Content & Spiritual Storytelling,28902,1098,28,3.80%,1.54%,2026-07-22,https://www.instagram.com/p/DbGMQYzovCC/,⚪ Standard Organic: Baseline organic collab reach,"Draped in tradition. Guided by stillness. 🕉️✨  Honored to collaborate with Isha Life, celebrating the timeless elegance of Indian craftsmanship. Wearing a beautifully crafted kurta and dhoti, paired with handcrafted Adiyogi-inspired kada and earrings"
671,Tier 4: Toggle OFF + Organic (Noise),Japam,Pan-India / Rajasthan (HQ: Jaipur),@iradheysharma,12000,"🕉️ Mantras, Japa Meditation & Puja Rituals",28896,3,70,0.01%,0.61%,2025-09-26,https://www.instagram.com/p/DPEElkekeBa/,⚪ Standard Organic: Baseline organic collab reach,"✨ Elevate your energy & style with this stunning JAPAM bracelet ✨ Crafted with the power of Pyrite, Tiger Eye, Citrine & Aventurine, it brings positivity, clarity, confidence, and abundance together in one elegant piece.  I’ve personally felt a calm,"
672,Tier 4: Toggle OFF + Organic (Noise),Divine Hindu,Pan-India / Delhi NCR (HQ: New Delhi),@fitwanderer_vir,135000,🕉️ Devotional Content & Spiritual Storytelling,28846,2177,90,7.55%,1.68%,2026-03-16,https://www.instagram.com/p/DV77Oh4ExfN/,⚪ Standard Organic: Baseline organic collab reach,साथ रहते महाकाल  . . . . . #instagood #shiv #reelsinstagram #positivity #quotes
673,Tier 4: Toggle OFF + Organic (Noise),Divine Hindu,Pan-India / Delhi NCR (HQ: New Delhi),@not.sospritual,171000,🕉️ Devotional Content & Spiritual Storytelling,28797,3,20,0.01%,0.01%,2026-04-24,https://www.instagram.com/p/DXgzxQPEruw/,⚪ Standard Organic: Baseline organic collab reach,Real and authentic Spritual jewellery
674,Tier 4: Toggle OFF + Organic (Noise),Isha Life India,"Pan-India / Tamil Nadu (HQ: Coimbatore, Isha)",@kanmani.diaries_,64000,"🕉️ Mantras, Japa Meditation & Puja Rituals",28761,3,18,0.01%,0.03%,2026-07-18,https://www.instagram.com/p/Da6w2ynJLNG/,⚪ Standard Organic: Baseline organic collab reach,"One thing I’ve learned while working from home is that productivity starts with what you fuel your body with.  Instead of relying on random snacks or endless cups of coffee, I’ve been trying to make healthier food choices that keep me energized throu"
675,Tier 4: Toggle OFF + Organic (Noise),Japam,Pan-India / Rajasthan (HQ: Jaipur),@aryan_unfiltered_ap,127000,"🕉️ Mantras, Japa Meditation & Puja Rituals",28741,3,17,0.01%,0.02%,2026-04-18,https://www.instagram.com/p/DXRk65IjC7a/,⚪ Standard Organic: Baseline organic collab reach,"Powerful Karungali Mala, Protection of Lord Hanuman.   @japam.in #karungalimala #karungali #hanumanji #reels #karungalibracelet   This powerful Karungali Mala is believed to carry strong spiritual energy that helps protect you from negativity and evi"
676,Tier 4: Toggle OFF + Organic (Noise),Isha Life India,"Pan-India / Tamil Nadu (HQ: Coimbatore, Isha)",@kashiyog_,20000,"🕉️ Mantras, Japa Meditation & Puja Rituals",28731,667,20,2.32%,3.44%,2026-07-06,https://www.instagram.com/p/Dac40ZrPjHT/,⚪ Standard Organic: Baseline organic collab reach,"A simple morning ritual that supports cleansing, balance, and vitality. 🌿✨  🌷 Cleanses and detoxifies the system  🌷 Creates a Conducive Atmosphere for Spiritual Sadhana  #neemandturmeric #ishalife #classicalhathayoga #sadhanasupport #detoxandcleanse"
677,Tier 4: Toggle OFF + Organic (Noise),Isha Life India,"Pan-India / Tamil Nadu (HQ: Coimbatore, Isha)",@theswathisaga,20000,🕉️ Devotional Content & Spiritual Storytelling,28693,439,12,1.53%,2.25%,2026-05-30,https://www.instagram.com/p/DY9n1viJnb6/,⚪ Standard Organic: Baseline organic collab reach,"Slow, mindful mornings with Isha Life ✨  Started my day with warm honey lemon water using Isha Life’s raw Himalayan honey 🍯 Then soaked red rice for lunch with simple pappu — because comfort food always wins.  After my morning pooja, the fragrance fr"
678,Tier 4: Toggle OFF + Organic (Noise),Divine Hindu,Pan-India / Delhi NCR (HQ: New Delhi),@shivbrat_ons,322000,"🏛️ Temple Lore, Mythology & Sanatan Philosophy",28610,1041,27,3.64%,0.33%,2026-02-02,https://www.instagram.com/p/DUP3rnvkRiN/,⚪ Standard Organic: Baseline organic collab reach,Real Wear. Real Focus.  Visit Divinehindu.in & Choose Your Choice   Shiva Aadiyogi Rudraksha Necklace   #sprituality #rudraksha #Mahashivratri2026 #shivratri #ownvoice
679,Tier 4: Toggle OFF + Organic (Noise),Divine Hindu,Pan-India / Delhi NCR (HQ: New Delhi),@ililuminate,619000,🕉️ Devotional Content & Spiritual Storytelling,28592,1150,50,4.02%,0.19%,2026-03-14,https://www.instagram.com/p/DV3lAD9ATlJ/,⚪ Standard Organic: Baseline organic collab reach,"Karungali Rudraksh with SHiV🔱 pendant, 📿  The one of the best product in @divinehindu.in"
680,Tier 4: Toggle OFF + Organic (Noise),Divine Hindu,Pan-India / Delhi NCR (HQ: New Delhi),@anshvanshchauhan01,1000000,"🔬 Rudraksha Authenticity, Lab Testing & Craft Lore",28513,458,10,1.61%,0.05%,2026-02-26,https://www.instagram.com/p/DVNcbzgEfrB/,⚪ Standard Organic: Baseline organic collab reach,Pavanputra Yantra Karungali Pendant in Silver Finish🙏🏻 Gov. Lab Certified | 100% Authentic  Dm:- @divinehindu.in   #karungalimalaioriginal #divinehindu #hanuman #trending #viral
681,Tier 4: Toggle OFF + Organic (Noise),Divine Hindu,Pan-India / Delhi NCR (HQ: New Delhi),@fitwanderer_vir,135000,"🏛️ Temple Lore, Mythology & Sanatan Philosophy",28427,1483,81,5.22%,1.16%,2026-03-02,https://www.instagram.com/p/DVYShIiE4-i/,⚪ Standard Organic: Baseline organic collab reach,मन में बसते रुद्र  . . . . . #instagood #shiv #reelsinstagram #lordshiva #quotes
682,Tier 4: Toggle OFF + Organic (Noise),Divine Hindu,Pan-India / Delhi NCR (HQ: New Delhi),@bhagvatgitadaily,194000,"🏛️ Temple Lore, Mythology & Sanatan Philosophy",28342,546,15,1.93%,0.29%,2025-12-04,https://www.instagram.com/p/DR2KyQED3of/,⚪ Standard Organic: Baseline organic collab reach,"Tulsi isn’t just a mala… it’s a vibration. A quiet reminder that Krishna is closer to you than your own breath.  If you’re planning to wear one, read these rules first — because Tulsi is sacred, and she deserves to be honoured the right way. 🌿💛  🌼 Ru"
683,Tier 4: Toggle OFF + Organic (Noise),Japam,Pan-India / Rajasthan (HQ: Jaipur),@bnwjaydev,39000,"🔬 Rudraksha Authenticity, Lab Testing & Craft Lore",28199,763,21,2.71%,2.01%,2026-03-13,https://www.instagram.com/p/DV0_ymUjW2S/,⚪ Standard Organic: Baseline organic collab reach,"All around strength comes from all the directions, when all the forces of nature come together, and that’s what this “Panchmukhi Hanuman” pendant by @japam.in depicts. ☀️  Order yours now from their website 🪷  #hanuman #lordhanuman #panchmukhi #narsi"
684,Tier 4: Toggle OFF + Organic (Noise),Divine Hindu,Pan-India / Delhi NCR (HQ: New Delhi),@shivbrat_ons,322000,"🏛️ Temple Lore, Mythology & Sanatan Philosophy",28197,1592,77,5.65%,0.52%,2026-01-20,https://www.instagram.com/p/DTueOMlkQ_E/,⚪ Standard Organic: Baseline organic collab reach,Scientific Power Of 54 Beads Rudraksh Mala With Om Shiva Trishul Pendent...   #sprituality #shiv #mahadev #rudra #rudraksha
685,Tier 4: Toggle OFF + Organic (Noise),Japam,Pan-India / Rajasthan (HQ: Jaipur),@spiritualmind_1008,132000,"🏛️ Temple Lore, Mythology & Sanatan Philosophy",28145,262,54,0.93%,0.24%,2025-09-19,https://www.instagram.com/p/DOyKQshiCDD/,⚪ Standard Organic: Baseline organic collab reach,"Kabhi kabhi life ke stress aur problems humein heavy bana dete hain… Par ek chhoti si yaad – Shri Krishna hamesha humare saath hain 💛🙏  Yeh Krishna locket sirf ek jewellery nahi, ek reminder hai: ✨ Stress ke time bas ise chhulo ✨ Mann mein Krishna ka"
686,Tier 4: Toggle OFF + Organic (Noise),Japam,Pan-India / Rajasthan (HQ: Jaipur),@ankshaktiyaan,69000,"🕉️ Mantras, Japa Meditation & Puja Rituals",28091,166,53,0.59%,0.32%,2026-03-12,https://www.instagram.com/p/DVxectOD7CH/,⚪ Standard Organic: Baseline organic collab reach,"The Money Magnet Bracelet by Japam is designed to attract abundance and financial growth into your life. 💰 According to energy and crystal beliefs, certain stones help align your vibrations with prosperity and opportunities.  @japam.in @ankshaktiyaan"
687,Tier 4: Toggle OFF + Organic (Noise),House of Rudra,Pan-India / Gujarat (HQ: Ahmedabad),@amitgoswami.gi,111000,🌟 Celebrity & Spiritual Leader Endorsement,28081,3,6,0.01%,0.01%,2026-03-30,https://www.instagram.com/p/DWgha_OD-oO/,⚪ Standard Organic: Baseline organic collab reach,Jai Shree Ram   Place your order now  Link is in my bio ❤️  Follow @houseofrudra_social & Buy on www.houseofrudra.in They have authentic 7 Mukhi Rudrakshwith lab tested certificates  #religious #rudraksh #accessories #religious accessories #trendingr
688,Tier 4: Toggle OFF + Organic (Noise),Isha Life India,"Pan-India / Tamil Nadu (HQ: Coimbatore, Isha)",@bloomingtales_with_priya,64000,🕉️ Devotional Content & Spiritual Storytelling,28073,3,38,0.01%,0.06%,2025-12-12,https://www.instagram.com/p/DSKO1GSjPZf/,⚪ Standard Organic: Baseline organic collab reach,"This classic copper sombu (pot) set is a graceful reminder to bring awareness even in the simple act of drinking water.🍶 Complete with a hammered copper sombu, matching tumbler, and lid, its radiant finish and organic texture celebrate the beauty of "
689,Tier 4: Toggle OFF + Organic (Noise),Divine Hindu,Pan-India / Delhi NCR (HQ: New Delhi),@techi.onn,251000,"🏛️ Temple Lore, Mythology & Sanatan Philosophy",28007,463,10,1.65%,0.19%,2026-01-30,https://www.instagram.com/p/DUH7Slhirsf/,⚪ Standard Organic: Baseline organic collab reach,❤️ Lord Shiv Story try this to remove tension and stress from life   #mahadev #viralreels #hindu #shiva #india
690,Tier 4: Toggle OFF + Organic (Noise),Isha Life India,"Pan-India / Tamil Nadu (HQ: Coimbatore, Isha)",@_._harshhhhhhh_._,3679,"🏛️ Temple Lore, Mythology & Sanatan Philosophy",27903,697,3,2.50%,19.03%,2026-03-21,https://www.instagram.com/p/DWIoD3DRQGw/,"📈 Viral Organic Reach: High organic views (27,903) with strong like rate (2.5%)","The glow of a diya, the fragrance of incense in the air, and the silent presence of Adiyogi…  This Navratri, turn your space into a living temple with Isha Life’s pooja offerings.  Let every corner resonate with devotion, every breath carry a sense o"
691,Tier 4: Toggle OFF + Organic (Noise),Japam,Pan-India / Rajasthan (HQ: Jaipur),@wander.with.devansh,27000,"🕉️ Mantras, Japa Meditation & Puja Rituals",27867,328,77,1.18%,1.50%,2026-04-07,https://www.instagram.com/p/DW1JtyhCfz6/,⚪ Standard Organic: Baseline organic collab reach,"Mahadev ki energy aur premium style, ab ek saath! 🔱✨  Market mein fakes bohot hain, but if you want to wear an authentic Rudraksha, you have to check out this Gold-Plated Modern Rudraksha Bracelet from @japam.in — the ‘Asli Brand’.   Here is why it s"
692,Tier 4: Toggle OFF + Organic (Noise),Divine Hindu,Pan-India / Delhi NCR (HQ: New Delhi),@ammuramachandran,173000,"📦 Unboxing, Gifting & Product Review",27842,489,22,1.76%,0.30%,2026-07-14,https://www.instagram.com/p/Daw2wImTYzF/,⚪ Standard Organic: Baseline organic collab reach,"கல்லடிக் கூடப் படலாம், கண்ணடிப் படக் கூடாது…   @divinehindu.in   #ammuramachandran  #divinehindu  #evileyejewelry  #evileyebracelet  #evileyeanklet"
693,Tier 4: Toggle OFF + Organic (Noise),House of Rudra,Pan-India / Gujarat (HQ: Ahmedabad),@dare.dinesh,155000,"📦 Unboxing, Gifting & Product Review",27798,3,83,0.01%,0.06%,2026-04-13,https://www.instagram.com/p/DXEjJSbiUZz/,⚪ Standard Organic: Baseline organic collab reach,If you want to Growth in your life dont skip this video “Comment money”  Place your order now  Link is in my bio ❤️  Follow @houseofrudra_social & Buy on www.houseofrudra.in They have Money Magnet Bracelet with lab tested certificates  #religious #ru
694,Tier 4: Toggle OFF + Organic (Noise),Divine Hindu,Pan-India / Delhi NCR (HQ: New Delhi),@karungali_by_divinehindu,97000,"🏛️ Temple Lore, Mythology & Sanatan Philosophy",27743,143,2,0.52%,0.15%,2026-03-22,https://www.instagram.com/p/DWLh1HCy_zs/,⚪ Standard Organic: Baseline organic collab reach,"Scared of fake spiritual products online?😨👀  With Divine Hindu, you get 100% authentic, lab-certified products you can trust. ✨  [Hindu, Authentic, genuine, spiritual, original products, Trust, Hinduism, sanatani]  #divinehindu #hindu #sańatandharma"
695,Tier 4: Toggle OFF + Organic (Noise),Japam,Pan-India / Rajasthan (HQ: Jaipur),@ananyartchives,37000,"🕉️ Mantras, Japa Meditation & Puja Rituals",27669,519,12,1.88%,1.44%,2026-03-14,https://www.instagram.com/p/DV3Yul8EbCd/,⚪ Standard Organic: Baseline organic collab reach,"Did you know? 🔱 Rudraksha is mentioned not only in the Shiva Purana, but also in the Devi Bhagavata Purana and the Rudraksha Jabala Upanishad.  A symbol of devotion and a natural energy stabilizer.  Get your authentic, lab-tested Rudraksha from @japa"
696,Tier 4: Toggle OFF + Organic (Noise),Japam,Pan-India / Rajasthan (HQ: Jaipur),@monika_mittal_657,12000,"🕉️ Mantras, Japa Meditation & Puja Rituals",27656,428,23,1.55%,3.76%,2025-10-02,https://www.instagram.com/p/DPTdDHlk1sj/,⚪ Standard Organic: Baseline organic collab reach,✨ Elevate your aura with the Gold-Plated Cubio Rudraksha Bracelet – a perfect blend of tradition & style 🌿 🛒 Order yours today from japam.in or connect with them on Instagram @japam.in 💫
697,Tier 4: Toggle OFF + Organic (Noise),House of Rudra,Pan-India / Gujarat (HQ: Ahmedabad),@kedarnath001,51000,🕉️ Devotional Content & Spiritual Storytelling,27633,884,4,3.20%,1.74%,2026-04-20,https://www.instagram.com/p/DXWib8sv8kL/,⚪ Standard Organic: Baseline organic collab reach,Hanuman Ji Is Always With Us🙏  Place your order now  Link is in my bio ❤️  Follow @houseofrudra_social & Buy on www.houseofrudra.in They have authentic Gold Plated Karungali Mala  with lab tested certificates  #religious #rudraksh #accessories #relig
698,Tier 4: Toggle OFF + Organic (Noise),Japam,Pan-India / Rajasthan (HQ: Jaipur),@adityashivpuri,23000,"🕉️ Mantras, Japa Meditation & Puja Rituals",27606,289,57,1.05%,1.50%,2025-08-29,https://www.instagram.com/p/DN4zs7CkifW/,⚪ Standard Organic: Baseline organic collab reach,"✨💰 “Attract wealth. Align energy. Amplify abundance. ✨ This isn’t just a bracelet, it’s your money magnet. 💎 Are you ready to welcome prosperity into your life? Get Yours from @japam.in 🌟  #Japam #MoneyMagnetBracelet #AttractAbundance”"
699,Tier 4: Toggle OFF + Organic (Noise),Japam,Pan-India / Rajasthan (HQ: Jaipur),@travelwithsakshii,39000,🕉️ Devotional Content & Spiritual Storytelling,27593,766,31,2.78%,2.04%,2026-08-22,https://www.instagram.com/p/DcVNb7TTv_9/,⚪ Standard Organic: Baseline organic collab reach,😍🦚🙏🏻  #instagram #reels #viral #vrindavan #fyp
700,Tier 4: Toggle OFF + Organic (Noise),Isha Life India,"Pan-India / Tamil Nadu (HQ: Coimbatore, Isha)",@sadhgurusharings_,203000,🎉 Festival & Auspicious Muhurat Activations,27587,1487,10,5.39%,0.74%,2026-01-08,https://www.instagram.com/p/DTQDS3FATEg/,⚪ Standard Organic: Baseline organic collab reach,#ishalife #forconsciousliving #sarpa #Mysticism #mahashivratri2026
701,Tier 4: Toggle OFF + Organic (Noise),Isha Life India,"Pan-India / Tamil Nadu (HQ: Coimbatore, Isha)",@wayoutswithin,7823,🌟 Celebrity & Spiritual Leader Endorsement,27565,1341,25,4.86%,17.46%,2026-02-11,https://www.instagram.com/p/DUmkOaSiQZx/,"📈 Viral Organic Reach: High organic views (27,565) with strong like rate (4.86%)","Wear it not just for how it looks, but for what it reminds you of well-being, balance, and your highest potential.   Mahahshivratri 2026, Isha Mahashivratri, Shiva, Sadhana, Adiyogi, Rudraksha, Night of grace, Mahashivratri celebrations, Sadhguru, Ma"
702,Tier 4: Toggle OFF + Organic (Noise),Divine Hindu,Pan-India / Delhi NCR (HQ: New Delhi),@shivbrat_ons,322000,"📦 Unboxing, Gifting & Product Review",27508,472,20,1.72%,0.15%,2026-01-15,https://www.instagram.com/p/DThpXWKkTI_/,⚪ Standard Organic: Baseline organic collab reach,Success Bracelet : Powerful Stones = Powerful Life! 💎 एक बार जरूर आजमाना .. Har Har Mahadev 🔱🍃❤️  #reels #sprituality #reelsindia #acting #reelsindia
703,Tier 4: Toggle OFF + Organic (Noise),Isha Life India,"Pan-India / Tamil Nadu (HQ: Coimbatore, Isha)",@sumitkaul10,95000,🕉️ Devotional Content & Spiritual Storytelling,27476,1302,88,4.74%,1.46%,2026-01-06,https://www.instagram.com/p/DTKGqavjP4l/,⚪ Standard Organic: Baseline organic collab reach,Day 30/40 Evening  Just sitting in a consecrated space can change your energies in a dynamic way moving you in the direction of your wellbeing.  #sumitkaul #yoga #consecratedlife #mandala #40daymandalachallenge
704,Tier 4: Toggle OFF + Organic (Noise),Isha Life India,"Pan-India / Tamil Nadu (HQ: Coimbatore, Isha)",@paletteoftastebypraachi,11000,🕉️ Devotional Content & Spiritual Storytelling,27423,332,5,1.21%,3.06%,2026-06-08,https://www.instagram.com/p/DZUrAEsTYkG/,⚪ Standard Organic: Baseline organic collab reach,"Millets and tasty? My friends didn’t believe it either! 😄  I served them these crispy Little Millet Tikkis and everyone guessed potato cutlets, but nobody could guess the star ingredient. The surprise on their faces when I revealed it was made with @"
705,Tier 4: Toggle OFF + Organic (Noise),Isha Life India,"Pan-India / Tamil Nadu (HQ: Coimbatore, Isha)",@sadhgurusharings_,203000,"🏛️ Temple Lore, Mythology & Sanatan Philosophy",27397,1799,22,6.57%,0.90%,2026-01-18,https://www.instagram.com/p/DTp0y03ATne/,⚪ Standard Organic: Baseline organic collab reach,All New Mahashivratri Offerings Revealed Soon   Stay Tuned   #shiva #sarpa #mahashivratri #yogicwisdom #yogiclife #ishalife #forconsciousliving
706,Tier 4: Toggle OFF + Organic (Noise),Divine Hindu,Pan-India / Delhi NCR (HQ: New Delhi),@ved_mantra_yoga,47000,🎉 Festival & Auspicious Muhurat Activations,27354,427,14,1.56%,0.94%,2026-02-13,https://www.instagram.com/p/DUr0H9fki-O/,⚪ Standard Organic: Baseline organic collab reach,महादेव की कृपया से महाशिवरात्रि के इस पावन अवसर पर अपनी शरीर की एनर्जी को ऊर्जावान बनाने के लिए रुद्राक्ष धारण 📿जरूर करे।  बुक करने के लिए @divinehindu.in से संपर्क करे और अच्छे discount% के साथ आप भी मंगवाए🕉️ #mahadev #mahashivratri #rudraksh #body 
707,Tier 4: Toggle OFF + Organic (Noise),Isha Life India,"Pan-India / Tamil Nadu (HQ: Coimbatore, Isha)",@maanya.raju,4633,"📦 Unboxing, Gifting & Product Review",27343,1478,52,5.41%,33.02%,2026-08-07,https://www.instagram.com/p/DbuRgbLk93m/,"📈 Viral Organic Reach: High organic views (27,343) with strong like rate (5.41%)","✨National Handloom Day! ✨ By now you know I don’t need a reason to post about my love for sarees and especially Handloom sarees! This beauty is a special one - gifted by my Guru, it’s from @isha.life.india ❤️🙏  #nationalhandloomday #handloomsaree"
708,Tier 4: Toggle OFF + Organic (Noise),Divine Hindu,Pan-India / Delhi NCR (HQ: New Delhi),@bhaktipath_by_ashish,384000,🕉️ Devotional Content & Spiritual Storytelling,27326,321,1,1.17%,0.08%,2026-01-03,https://www.instagram.com/p/DTB7egfk7a7/,⚪ Standard Organic: Baseline organic collab reach,Get Rudraksh Karungali Mala From @divinehindu.in #divinehindu
709,Tier 4: Toggle OFF + Organic (Noise),Isha Life India,"Pan-India / Tamil Nadu (HQ: Coimbatore, Isha)",@meghaaddangaich,102000,🕉️ Devotional Content & Spiritual Storytelling,26952,395,180,1.47%,0.56%,2026-06-05,https://www.instagram.com/p/DZMxs_2ytH7/,⚪ Standard Organic: Baseline organic collab reach,"Ragi is one of those ingredients that I genuinely love including in my family's diet. But these days, finding foods with simple and honest ingredient lists feels like a task. 🤎 That's one of the reasons I love 'Ragi Huri Hittu'  Made with simple, who"
710,Tier 4: Toggle OFF + Organic (Noise),Divine Hindu,Pan-India / Delhi NCR (HQ: New Delhi),@ililuminate,619000,"🔬 Rudraksha Authenticity, Lab Testing & Craft Lore",26919,481,21,1.79%,0.08%,2025-12-29,https://www.instagram.com/p/DS18hNLDScP/,⚪ Standard Organic: Baseline organic collab reach,Panchamukhi Rudraksh mala 📿  @divinehindu.in   #shiv #shiva #mahadev #mahakal #om
711,Tier 4: Toggle OFF + Organic (Noise),Divine Hindu,Pan-India / Delhi NCR (HQ: New Delhi),@hey_jyotii,270000,🕉️ Devotional Content & Spiritual Storytelling,26910,598,9,2.22%,0.22%,2025-12-22,https://www.instagram.com/p/DSkaC2agQBi/,⚪ Standard Organic: Baseline organic collab reach,"Wear devotion, Feel the energy ⚡️ A symbol of faith @divinehindu.in"
712,Tier 4: Toggle OFF + Organic (Noise),Divine Hindu,Pan-India / Delhi NCR (HQ: New Delhi),@thevenkyrudra_9,138000,🕉️ Devotional Content & Spiritual Storytelling,26842,270,5,1.01%,0.20%,2026-02-19,https://www.instagram.com/p/DU7ZqtvDCQz/,⚪ Standard Organic: Baseline organic collab reach,VENTANEY ORDER CHESKONDI 👇🏻  @karungali_by_divinehindu   #karungali #divine #divinehindu #reels #insta
713,Tier 4: Toggle OFF + Organic (Noise),Rudralife,Pan-India / Maharashtra (HQ: Mumbai),@swastikproductions,604000,"🏛️ Temple Lore, Mythology & Sanatan Philosophy",26781,602,13,2.25%,0.10%,2025-02-07,https://www.instagram.com/p/DFxR5aissTA/,⚪ Standard Organic: Baseline organic collab reach,"Unveil the mystic power of Rudraksh 🕉️✨—a journey where ancient wisdom meets unparalleled energy! 🔥💥 Dive into a world of divine secrets, unmatched strength, and timeless mystery. 🌌 Witness the magic and power unfold in the teaser. Stay connected for"
714,Tier 4: Toggle OFF + Organic (Noise),Divine Hindu,Pan-India / Delhi NCR (HQ: New Delhi),@akanksha_rjt,344000,"🔮 Astrology, Horoscope & Gemstone Consultation",26686,147,12,0.55%,0.05%,2026-02-19,https://www.instagram.com/p/DU8ZAWKk7iE/,⚪ Standard Organic: Baseline organic collab reach,Loved this beautiful bracelet from Divine Hindu. 💫 #akanksharajput #VrishabhRashi #DivineHindu #AstroStyle
715,Tier 4: Toggle OFF + Organic (Noise),Japam,Pan-India / Rajasthan (HQ: Jaipur),@jagritikatyal,32000,🕉️ Devotional Content & Spiritual Storytelling,26685,326,28,1.22%,1.11%,2026-01-20,https://www.instagram.com/p/DTm4BA4k8cu/,⚪ Standard Organic: Baseline organic collab reach,"papa is still not ready to take it off!!! 😂  bahut pamper kiya hai hume parents ne, now it’s time we make them giggle and laugh ☺️  i can’t explain how it felt seeing them so happy and literally showing it off everywhere they go now! 🥹🎀  comment “lin"
716,Tier 4: Toggle OFF + Organic (Noise),Isha Life India,"Pan-India / Tamil Nadu (HQ: Coimbatore, Isha)",@cherush.life,6823,🕉️ Devotional Content & Spiritual Storytelling,26640,630,16,2.36%,9.47%,2026-01-28,https://www.instagram.com/p/DUDcyiJE6wT/,"📈 Viral Organic Reach: High organic views (26,640) with strong like rate (2.36%)","Some moments don’t need noise, just a quiet pause🕯️ That familiar agarbatti smell, the soft glow, and suddenly the mind slows down… even if it’s just for a minute. @cherush.life 🪷✨  #ishafoundation #pooja #telugureels #fyp #explore  . . . . . [Evenin"
717,Tier 4: Toggle OFF + Organic (Noise),Divine Hindu,Pan-India / Delhi NCR (HQ: New Delhi),@mani_bhattachariya,831000,🕉️ Devotional Content & Spiritual Storytelling,26407,414,16,1.57%,0.05%,2026-02-23,https://www.instagram.com/p/DVGbg9JDUjf/,⚪ Standard Organic: Baseline organic collab reach,"""सिंह राशि के जातकों के लिए एक खास सौगात! 🦁✨ यह 'सिंह राशि ब्रेसलेट' न केवल आपकी खूबसूरती बढ़ाता है, बल्कि टाइगर आई (Tiger Eye) और नेचुरल स्टोन्स की शक्ति से आपके आत्मविश्वास को भी निखारता है। सूर्य की ऊर्जा के साथ अब आप हर जगह एक लीडर की तरह चमकेंगे।"
718,Tier 4: Toggle OFF + Organic (Noise),House of Rudra,Pan-India / Gujarat (HQ: Ahmedabad),@monika_yalamarthi,22000,"🔮 Astrology, Horoscope & Gemstone Consultation",26238,1011,28,3.85%,4.72%,2025-12-17,https://www.instagram.com/p/DSWxO_Bkkxk/,"📈 Viral Organic Reach: High organic views (26,238) with strong like rate (3.85%)",నేను తిరుపతి వెళ్ళినప్పుడు చూసా బట్ సర్టిఫైడ్ దొరకలేదు   అందుకే @houseofrudra_social లో ఆర్డర్ చేశాను డబ్బులు సంపాదిస్తాం అని కాదు కానీ కొంచెం పాజిటివ్ గా అనిపించింది నాకు   #monikachowdary_yalamarthi #astrology #moneymagnetbracelet #evileyebracelet 
719,Tier 4: Toggle OFF + Organic (Noise),Isha Life India,"Pan-India / Tamil Nadu (HQ: Coimbatore, Isha)",@wayoutswithin,7823,"🏛️ Temple Lore, Mythology & Sanatan Philosophy",25917,1131,20,4.36%,14.71%,2026-06-03,https://www.instagram.com/p/DZH7Fw4PrcN/,"📈 Viral Organic Reach: High organic views (25,917) with strong like rate (4.36%)","POV: The only way to beat Varanasi traffic is to take the ghats. 🏃‍♂️💨 They say traditional wear is just for sitting still, but this at isha life Nandi Kurta and Dhoti just survived a full sprint across Kashi in the summer heat. And yes... the dhoti "
720,Tier 4: Toggle OFF + Organic (Noise),Divine Hindu,Pan-India / Delhi NCR (HQ: New Delhi),@ililuminate,619000,🕉️ Devotional Content & Spiritual Storytelling,25887,396,15,1.53%,0.07%,2025-12-22,https://www.instagram.com/p/DSj-xiWAS1T/,⚪ Standard Organic: Baseline organic collab reach,@divinehindu.in   #reels #viral #trending #explore #hindu
721,Tier 4: Toggle OFF + Organic (Noise),Divine Hindu,Pan-India / Delhi NCR (HQ: New Delhi),@needtoknowguys,104000,"🔬 Rudraksha Authenticity, Lab Testing & Craft Lore",25762,3,13,0.01%,0.02%,2025-12-07,https://www.instagram.com/p/DR9mV2-ial0/,⚪ Standard Organic: Baseline organic collab reach,This 5 Mukhi Rudraksha helps me in my personal growth 🪷🚩Thank you @divinehindu.in   #divinehindu #5mukhirudraksha
722,Tier 4: Toggle OFF + Organic (Noise),Divine Hindu,Pan-India / Delhi NCR (HQ: New Delhi),@marwari.soch,66000,"🏛️ Temple Lore, Mythology & Sanatan Philosophy",25673,595,85,2.32%,1.03%,2026-04-09,https://www.instagram.com/p/DW6Kh70Rn4Y/,⚪ Standard Organic: Baseline organic collab reach,Rudraksha is not just a mala — it is believed to be a blessing of Lord Shiva 🙏  Wearing it with faith brings peace to the mind and positivity in life ✨  🔱 Premium Rudraksha Mala with Golden Cap 🔱 Lab-Tested & Certified  👉 Visit: www.divinehindu.in 📩 
723,Tier 4: Toggle OFF + Organic (Noise),Divine Hindu,Pan-India / Delhi NCR (HQ: New Delhi),@deathspiree,508000,🕉️ Devotional Content & Spiritual Storytelling,25422,3,5,0.01%,0.00%,2026-01-31,https://www.instagram.com/p/DULC7eYCVpq/,⚪ Standard Organic: Baseline organic collab reach,Try Now ♥️✅... . . divinehindu.in
724,Tier 4: Toggle OFF + Organic (Noise),Isha Life India,"Pan-India / Tamil Nadu (HQ: Coimbatore, Isha)",@mayagupta7807,66000,🎉 Festival & Auspicious Muhurat Activations,25401,817,32,3.22%,1.29%,2026-02-07,https://www.instagram.com/p/DUcRX0aD2aR/,⚪ Standard Organic: Baseline organic collab reach,shivratri special thali 𓊞 🔱📿ૐ𓉸𓆗𓊞༂𓃓ૐ𝚿🛕 INGREDIENTS : DATES (SEEDLESS) – 500 GM POPPY SEEDS – ¼ CUP ALMONDS (CHOPPED) – 4 TABLESPOON CASHEWS (CHOPPED) – 4 TABLESPOON PISTACHIOS (CHOPPED) – 2 TABLESPOON DESI GHEE –  @isha.life.india 1 + 1 TABLESPOON PUM
725,Tier 4: Toggle OFF + Organic (Noise),Japam,Pan-India / Rajasthan (HQ: Jaipur),@riddikapanchaal,30000,"🕉️ Mantras, Japa Meditation & Puja Rituals",25189,137,4,0.54%,0.47%,2026-02-18,https://www.instagram.com/p/DU5lFlaDS3x/,⚪ Standard Organic: Baseline organic collab reach,"Money Magnet Fusion Band from Japam  It contains Pyrite, which helps attract wealth. Tiger Eye for focus and confidence. Citrine for abundance and positive energy. And Aventurine adds luck and growth opportunities.  And yes, the stones are original, "
726,Tier 4: Toggle OFF + Organic (Noise),House of Rudra,Pan-India / Gujarat (HQ: Ahmedabad),@shivuhustle_07,88000,🕉️ Devotional Content & Spiritual Storytelling,25087,450,87,1.79%,0.61%,2026-07-17,https://www.instagram.com/p/Da5UQqrSDjR/,⚪ Standard Organic: Baseline organic collab reach,"""ನಾವೇನು ಮಾಡ್ತೀವಿ ಗೊತ್ತಾ? ಒರಿಜಿನಲ್‌ಗಿಂತ ಫೇಕ್‌ನ್ನೇ ಬೇಗ ನಂಬಿಬಿಡ್ತೀವಿ... ಕೊನೆಯಲ್ಲಿ ಮೋಸ ಆಯ್ತು ಅಂತ ಬೇಜಾರ್ ಮಾಡ್ಕೊಳ್ಳ್ತೀವಿ!"" 🔥  Gajakesari Punuguಗಾಗಿ Link ಬೇಕಿದ್ದರೆ Comment ಮಾಡಿ. 🔗  ಈಗಲೇ ನಿಮ್ಮ Order ಮಾಡಿ.  Link ನನ್ನ Bioದಲ್ಲಿದೆ. ❤️  @houseofrudra_social ಅನ್ನು"
727,Tier 4: Toggle OFF + Organic (Noise),Isha Life India,"Pan-India / Tamil Nadu (HQ: Coimbatore, Isha)",@im_mounika_92,91000,🕉️ Devotional Content & Spiritual Storytelling,24995,3,14,0.01%,0.02%,2026-08-11,https://www.instagram.com/p/Db42fLuhVhD/,⚪ Standard Organic: Baseline organic collab reach,"A little sweetness, a lot of goodness! 🌿🌰 Homemade Dry Fruit Laddus.Traditional indulgence with a wholesome twist! 🤎🌿 Made using @isha.life.india ♥️  . . .  #viralvideos #isha #trendingreels #cooking #explore  . . . . [dry fruit laddu, dry fruits lad"
728,Tier 4: Toggle OFF + Organic (Noise),Isha Life India,"Pan-India / Tamil Nadu (HQ: Coimbatore, Isha)",@knowhowwithme,37000,✨ Spiritual Lifestyle & Modern Wellness,24920,357,13,1.43%,1.00%,2026-04-24,https://www.instagram.com/p/DXgEh0DidMX/,⚪ Standard Organic: Baseline organic collab reach,"Balancing wellness for me & my family 🌿 From my morning detox routine to adding a spoon of ghee to my son’s meals ❤️ Choosing better, living better—with @isha.life.india   #momlife #healthyfamily #ishalife #dailyroutine #dayinmylifevlog   Helathy lif"
729,Tier 4: Toggle OFF + Organic (Noise),House of Rudra,Pan-India / Gujarat (HQ: Ahmedabad),@aniz_offiz,24000,"📦 Unboxing, Gifting & Product Review",24904,199,23,0.80%,0.92%,2026-07-01,https://www.instagram.com/p/DaP9Vhovgi6/,⚪ Standard Organic: Baseline organic collab reach,Comment link 🔗  @houseofrudra_social   “உங்களின் அனைத்து விதமான பணப் பிரச்சினைகளுக்கும் தீர்வாக இந்த (Money Magnet Bracelet) இருக்கும்.”✨💥🧿 Place your oder now😊  Link is in my bio ❤️  Follow @houseofrudra_social & Buy on www.houseofrudra.in They have
730,Tier 4: Toggle OFF + Organic (Noise),Isha Life India,"Pan-India / Tamil Nadu (HQ: Coimbatore, Isha)",@withshambhavi,16000,🕉️ Devotional Content & Spiritual Storytelling,24837,892,15,3.59%,5.67%,2026-07-28,https://www.instagram.com/p/DbU-jxzz29_/,"📈 Viral Organic Reach: High organic views (24,837) with strong like rate (3.59%)",#gurupoornima
731,Tier 4: Toggle OFF + Organic (Noise),Divine Hindu,Pan-India / Delhi NCR (HQ: New Delhi),@karungali_by_divinehindu,97000,"📦 Unboxing, Gifting & Product Review",24758,91,1,0.37%,0.09%,2026-08-08,https://www.instagram.com/p/DbxS6voTzMH/,⚪ Standard Organic: Baseline organic collab reach,"What do you want to carry into your current chapter—confidence, calm, clarity or growth? ✨  Explore different crystal bracelets in-store and choose one according to the intention that feels most relevant to you.  Your intention comes first. Your crys"
732,Tier 4: Toggle OFF + Organic (Noise),Divine Hindu,Pan-India / Delhi NCR (HQ: New Delhi),@ililuminate,619000,"📦 Unboxing, Gifting & Product Review",24746,658,37,2.66%,0.11%,2026-04-13,https://www.instagram.com/p/DXEPmeZhqsO/,⚪ Standard Organic: Baseline organic collab reach,money management bracelet @divinehindu.in
733,Tier 4: Toggle OFF + Organic (Noise),House of Rudra,Pan-India / Gujarat (HQ: Ahmedabad),@spiritual_with.shriganesh,4392,🕉️ Devotional Content & Spiritual Storytelling,24740,952,24,3.85%,22.22%,2026-05-02,https://www.instagram.com/p/DX1gVB7MM7f/,"📈 Viral Organic Reach: High organic views (24,740) with strong like rate (3.85%)",The Sacred Tulsi Mala   Place your order now  Link is in my bio ❤️  Follow @houseofrudra_social & Buy on www.houseofrudra.in They have authentic Tulsi Mala with lab tested certificates  #religious #rudraksh #accessories #religious accessories #trendi
734,Tier 4: Toggle OFF + Organic (Noise),Japam,Pan-India / Rajasthan (HQ: Jaipur),@themysticmicbynishie,12000,"🕉️ Mantras, Japa Meditation & Puja Rituals",24657,122,12,0.49%,1.12%,2026-01-29,https://www.instagram.com/p/DUFvHwpkuTl/,⚪ Standard Organic: Baseline organic collab reach,"✨ Pyrite isn’t just a crystal — it’s an abundance activator. Attract wealth, confidence, protection & unstoppable success. 💛 Let Pyrite work while you align.  Book @japam.in   Keywords: Pyrite crystal benefits, money magnet crystal, abundance stone, "
735,Tier 4: Toggle OFF + Organic (Noise),Isha Life India,"Pan-India / Tamil Nadu (HQ: Coimbatore, Isha)",@_devika_ns_,33000,"🏛️ Temple Lore, Mythology & Sanatan Philosophy",24557,1056,17,4.30%,3.25%,2026-05-12,https://www.instagram.com/p/DYOg5rqzK8u/,⚪ Standard Organic: Baseline organic collab reach,"“Dance”- An offering to shiva  Wearing the Devi-energised saree from @isha.life.india 🙏🏻 a reminder that Devi is not outside, She is within. This saree symbolizes emotion,shakthi,and sacred presence. Every movement became a prayer. Every expression, "
736,Tier 4: Toggle OFF + Organic (Noise),Japam,Pan-India / Rajasthan (HQ: Jaipur),@sacredrootsofindia,66000,"🔬 Rudraksha Authenticity, Lab Testing & Craft Lore",24551,438,22,1.78%,0.70%,2026-04-26,https://www.instagram.com/p/DXmDyOODMg1/,⚪ Standard Organic: Baseline organic collab reach,"Original Rudraksh 📿  Not all jewelry is just for looks… Some pieces shift your energy ✨  This Silver Plated Shiv Shankh Rudraksha Mala is more than an accessory— it’s your daily dose of focus, protection & inner peace 🧘‍♂️  ✔️ 100% Original Rudraksha"
737,Tier 4: Toggle OFF + Organic (Noise),Divine Hindu,Pan-India / Delhi NCR (HQ: New Delhi),@thevenkyrudra_9,138000,"🏛️ Temple Lore, Mythology & Sanatan Philosophy",24444,369,4,1.51%,0.27%,2026-01-28,https://www.instagram.com/p/DUDYB_xDJ_x/,⚪ Standard Organic: Baseline organic collab reach,“దమరుకం బ్రేస్‌లెట్ 🕉️ శివుడి నాదం… మనసుకి శాంతి.   @karungali_by_divinehindu   #Shiva #Damarukam #DivineEnergy #Fait #venkyrudra
738,Tier 4: Toggle OFF + Organic (Noise),Isha Life India,"Pan-India / Tamil Nadu (HQ: Coimbatore, Isha)",@the_aromatic_plate,138000,🌟 Celebrity & Spiritual Leader Endorsement,24441,246,6,1.01%,0.18%,2026-01-27,https://www.instagram.com/p/DT_5dYzkk9f/,⚪ Standard Organic: Baseline organic collab reach,"Crispy on the outside, nourishing on the inside 🤍BARNYARD MILLET TIKKI made the sattvic way 🤗 pure, light,wholesome & protein packed  The quality of millets and ghee from @isha.life.india is truly exceptional ✨ As Sadhguru says, “Food is not just fue"
739,Tier 4: Toggle OFF + Organic (Noise),Isha Life India,"Pan-India / Tamil Nadu (HQ: Coimbatore, Isha)",@mahimahans111,83000,🕉️ Devotional Content & Spiritual Storytelling,24438,547,33,2.24%,0.70%,2026-04-29,https://www.instagram.com/p/DXtDHpnkpju/,⚪ Standard Organic: Baseline organic collab reach,"A year ago, I had everything on paper and nothing on the inside. Engineer. Coach. Creator. Speaker. Checking every box.   But somewhere in all of it, I’d completely lost myself. Then I found Inner Engineering, and something shifted. Quietly. Deeply. "
740,Tier 4: Toggle OFF + Organic (Noise),Japam,Pan-India / Rajasthan (HQ: Jaipur),@brajwasi.surbhi29_,2294,🕉️ Devotional Content & Spiritual Storytelling,24416,416,28,1.70%,19.35%,2026-02-09,https://www.instagram.com/p/DUiNdpJlZ-l/,⚪ Standard Organic: Baseline organic collab reach,Aaiye jante hain Radha kund ki mahima ke vishay mein 💖🪷 . . . . #viral #devotional #radhakund #growthmindset #explore
741,Tier 4: Toggle OFF + Organic (Noise),Japam,Pan-India / Rajasthan (HQ: Jaipur),@readingswithambika,52000,"🔮 Astrology, Horoscope & Gemstone Consultation",24410,179,45,0.73%,0.43%,2026-05-20,https://www.instagram.com/p/DYjJdW3smyv/,⚪ Standard Organic: Baseline organic collab reach,"Been loving my Zodiac band from @japam.in lately ✨  What I like most is that it’s not just made to look good. Each band is paired with stones chosen around zodiac energies, plus they’re lab tested and wearable every day.  If you want something that f"
742,Tier 4: Toggle OFF + Organic (Noise),Isha Life India,"Pan-India / Tamil Nadu (HQ: Coimbatore, Isha)",@madhavi_unplugged,18000,🕉️ Devotional Content & Spiritual Storytelling,24395,435,8,1.78%,2.46%,2026-03-22,https://www.instagram.com/p/DWLaTx2kkwj/,⚪ Standard Organic: Baseline organic collab reach,"Gaon ki hawa, mitti ki khushboo, aur Devi ka sparsh… some roots never fade, they only grow deeper.  Devi energised saree- @isha.life.india  #village #consciousliving #fyp #saree"
743,Tier 4: Toggle OFF + Organic (Noise),Divine Hindu,Pan-India / Delhi NCR (HQ: New Delhi),@marwari.soch,66000,🕉️ Devotional Content & Spiritual Storytelling,24369,1382,223,5.67%,2.43%,2026-05-05,https://www.instagram.com/p/DX9Bic_IRwX/,⚪ Standard Organic: Baseline organic collab reach,बाबा Khatu Shyam Ji का आशीर्वाद + Pyrite Energy 🛕 ये combo आपके घर की vibes बदल सकता है  अगर आप सच में change चाहते हैं… तो इसे try कर सकते हैं 🙏  @divinehindu.in  Comment “जय श्री श्याम” for link 🔗  #divinehindu #jaishreeshyam #khatushyamji #energys
744,Tier 4: Toggle OFF + Organic (Noise),House of Rudra,Pan-India / Gujarat (HQ: Ahmedabad),@bunny_fly_high,84000,🕉️ Devotional Content & Spiritual Storytelling,24358,2357,159,9.68%,3.00%,2026-02-19,https://www.instagram.com/p/DU427jJgEQL/,⚪ Standard Organic: Baseline organic collab reach,నువ్వు శివ భక్తుడివా ❓ ఐతే ఇది తప్పకుండ చెయ్యాలి 🧿 #reelsinstagram #viralvideos #viralreels #viewsforviews #reelitfeelit  Place your order now ✅  Follow @houseofrudra_social & Buy on https://www.houseofrudra.in They have authentic money magnet bracel
745,Tier 4: Toggle OFF + Organic (Noise),Divine Hindu,Pan-India / Delhi NCR (HQ: New Delhi),@krishnpriya_ramanuja_dasi,25000,🕉️ Devotional Content & Spiritual Storytelling,24248,1480,46,6.10%,6.10%,2026-02-23,https://www.instagram.com/p/DVF2F2sEv2N/,"📈 Viral Organic Reach: High organic views (24,248) with strong like rate (6.1%)","DM @divinehindu.in ,OR,  visit www.divinehindu.in 🌐 . . #trendingreels #rudraksha #shivji #indreshupadhyayji #viralreelsvideo"
746,Tier 4: Toggle OFF + Organic (Noise),Divine Hindu,Pan-India / Delhi NCR (HQ: New Delhi),@sonali_sarkar98,63000,"🔬 Rudraksha Authenticity, Lab Testing & Craft Lore",24205,450,17,1.86%,0.74%,2025-12-16,https://www.instagram.com/p/DSUeRtSD2XC/,⚪ Standard Organic: Baseline organic collab reach,"If you’re going through stress, anxiety, and negativity and looking for a way out, then this video is for you.  I ordered this Panch Mukhi Rudraksha necklace from @divinehindu.in which is lab certified, and ever since I started wearing it, I’ve notic"
747,Tier 4: Toggle OFF + Organic (Noise),Japam,Pan-India / Rajasthan (HQ: Jaipur),@dare.dinesh,155000,"🕉️ Mantras, Japa Meditation & Puja Rituals",24121,182,3,0.75%,0.12%,2025-08-30,https://www.instagram.com/p/DN-I2pOAIJE/,⚪ Standard Organic: Baseline organic collab reach,🚨The Bracelet That Brings Peace & Positivity 💫 . . . . 	•	japam rudraksha bracelet 	•	rudraksha bracelet benefits 	•	spiritual bracelet 	•	lord shiva bracelet 	•	rudraksha power 	•	positive energy bracelet 	•	stylish rudraksha 	•	meditation bracelet 
748,Tier 4: Toggle OFF + Organic (Noise),Isha Life India,"Pan-India / Tamil Nadu (HQ: Coimbatore, Isha)",@wayoutswithin,7823,"🏛️ Temple Lore, Mythology & Sanatan Philosophy",23744,562,12,2.37%,7.34%,2026-02-07,https://www.instagram.com/p/DUdj4tBiYK0/,"📈 Viral Organic Reach: High organic views (23,744) with strong like rate (2.37%)","What is your outfit for Mahashivratri?  Getting ready for Yogi’s Night Out - Kurta, dhoti pants & sports shoes. Tradition just got comfy!  #Mahashivratri2026 #ishalife #consciousliving #graceofshiva #innertranformation"
749,Tier 4: Toggle OFF + Organic (Noise),Isha Life India,"Pan-India / Tamil Nadu (HQ: Coimbatore, Isha)",@rozanalife_withlipsy,13000,"🕉️ Mantras, Japa Meditation & Puja Rituals",23509,526,75,2.24%,4.62%,2026-04-19,https://www.instagram.com/p/DXR_nOoEo2M/,"📈 Viral Organic Reach: High organic views (23,509) with strong like rate (2.24%)","I come back to myself here — in the quiet rhythm of stirring slowly, my favourite songs playing softly in the background, and the simple act of cooking with intention.It doesn’t feel like a chore; it feels like meditation.  Each healthy meal becomes "
750,Tier 4: Toggle OFF + Organic (Noise),Isha Life India,"Pan-India / Tamil Nadu (HQ: Coimbatore, Isha)",@muskbakes,8812,🕉️ Devotional Content & Spiritual Storytelling,23309,430,22,1.84%,5.13%,2026-01-25,https://www.instagram.com/p/DT7NmOakcC6/,⚪ Standard Organic: Baseline organic collab reach,Healthier Eggless Carrot Cake Recipe  • Wholewheat Flour: 130 g • ⁠Isha Life Sanjeevni mix: 20 g(replacement: 20 g more Wholewheat flour+ 1/8 tsp nutmeg and 1/8 tsp Dry Ginger powder) • ⁠Baking Powder: 2 tsp • ⁠Baking soda: 1/4 tsp • ⁠Salt: 1/4 tsp •
751,Tier 4: Toggle OFF + Organic (Noise),Isha Life India,"Pan-India / Tamil Nadu (HQ: Coimbatore, Isha)",@withsadhguru,978000,🎉 Festival & Auspicious Muhurat Activations,23240,1670,13,7.19%,0.17%,2026-02-13,https://www.instagram.com/p/DUtHyaagQ4H/,⚪ Standard Organic: Baseline organic collab reach,Get Ready for Mahashivratri! - 2 days to go   #ishalife #forconsciousliving #yogicwisdom #mahashivratri #msr
752,Tier 4: Toggle OFF + Organic (Noise),Isha Life India,"Pan-India / Tamil Nadu (HQ: Coimbatore, Isha)",@aroundthepsyche,8712,🕉️ Devotional Content & Spiritual Storytelling,23183,3,32,0.01%,0.40%,2026-04-12,https://www.instagram.com/p/DW9RwzJDCH-/,⚪ Standard Organic: Baseline organic collab reach,"🪴 Comment your favourite emoticon to get all the product links in your DMs!  🪴A comfy kurti, and the little details that elevate the vibe 🪴Choosing something healthier for the body 🪴Light, nourishing, and super refreshing! 🪴Because it’s always the sm"
753,Tier 4: Toggle OFF + Organic (Noise),Divine Hindu,Pan-India / Delhi NCR (HQ: New Delhi),@tech_x_rhea,547000,🕉️ Devotional Content & Spiritual Storytelling,23136,3,12,0.01%,0.00%,2026-01-20,https://www.instagram.com/p/DTuV9UdiQgi/,⚪ Standard Organic: Baseline organic collab reach,"Aaj ke time me jab nazar, stress aur negativity har jagah mil jaati hai… tab kuch cheezein hoti hain jo silently protect karti hain ✨  Tiger Eye Anklet sirf ek jewellery nahi — yeh courage, confidence aur protection ka symbol hai 🐯🔮  Pairon me pehna "
754,Tier 4: Toggle OFF + Organic (Noise),Divine Hindu,Pan-India / Delhi NCR (HQ: New Delhi),@spritual_people_here,530000,🕉️ Devotional Content & Spiritual Storytelling,23132,3,10,0.01%,0.00%,2026-05-08,https://www.instagram.com/p/DYEpn0iBjz3/,⚪ Standard Organic: Baseline organic collab reach,ये Brecelet आपकी जिंदगी में नकरात्मक ऊर्जा को खत्म करके सकारात्मक ऊर्जा देता है👍 और आपके आत्मविश्वास को बढ़ाता है💪  अगर आप अपनी लाइफ मे बदलाव चाहते है तो try  जरूर करे 🙏 @divinehindu.in   Comment Link for this brecelet   #shorts #shortsfeed #brecelet
755,Tier 4: Toggle OFF + Organic (Noise),Isha Life India,"Pan-India / Tamil Nadu (HQ: Coimbatore, Isha)",@traditional__aestheticss,11000,🕉️ Devotional Content & Spiritual Storytelling,23037,209,2,0.91%,1.92%,2026-07-03,https://www.instagram.com/p/DaVK37kPYKh/,⚪ Standard Organic: Baseline organic collab reach,#traditional#asthetic#lifestyle#ChemicalFreeLiving #IshaLife ConsciousPlanet TraditionReboot
756,Tier 4: Toggle OFF + Organic (Noise),Japam,Pan-India / Rajasthan (HQ: Jaipur),@aligned_with_shreya,22000,"🕉️ Mantras, Japa Meditation & Puja Rituals",22982,163,25,0.71%,0.85%,2026-06-12,https://www.instagram.com/p/DZedU_KRLXx/,⚪ Standard Organic: Baseline organic collab reach,"✨ ನಿಮ್ಮ ಜೀವನಕ್ಕೆ ಸಕಾರಾತ್ಮಕ ಶಕ್ತಿ ಮತ್ತು ಆಧ್ಯಾತ್ಮಿಕ ಸಮತೋಲನವನ್ನು ತರಲು Japam ನ ವಿಶೇಷ ಆಧ್ಯಾತ್ಮಿಕ ಆಭರಣಗಳನ್ನು ಅನ್ವೇಷಿಸಿ. 💫 ಮನಿ ಮ್ಯಾಗ್ನೆಟ್ ಬ್ರೇಸ್ಲೆಟ್‌, ಇವಿಲ್ ಐ ರಕ್ಷಣಾ ಉತ್ಪನ್ನಗಳು ಹಾಗೂ 600+ ಆಧ್ಯಾತ್ಮಿಕ ಉತ್ಪನ್ನಗಳೊಂದಿಗೆ ನಿಮ್ಮ ಜೀವನದಲ್ಲಿ ಸಮೃದ್ಧಿ, ಶಾಂತಿ ಮತ್ತು ಶುಭಶಕ್"
757,Tier 4: Toggle OFF + Organic (Noise),Isha Life India,"Pan-India / Tamil Nadu (HQ: Coimbatore, Isha)",@sadhgurusharings_,203000,🕉️ Devotional Content & Spiritual Storytelling,22949,1191,11,5.19%,0.59%,2026-02-26,https://www.instagram.com/p/DVOGdV4AY5B/,⚪ Standard Organic: Baseline organic collab reach,Isha Life store at the Mumbai International Airport!  #ishalife #forconsciousliving #yogicwisdom #yogiclifestyle
758,Tier 4: Toggle OFF + Organic (Noise),Divine Hindu,Pan-India / Delhi NCR (HQ: New Delhi),@ililuminate,619000,🕉️ Devotional Content & Spiritual Storytelling,22907,753,23,3.29%,0.13%,2026-04-19,https://www.instagram.com/p/DXTnBnahtMA/,⚪ Standard Organic: Baseline organic collab reach,पंचमुखी रुद्राक्ष नाम जाप माला 📿 @divinehindu.in
759,Tier 4: Toggle OFF + Organic (Noise),Divine Hindu,Pan-India / Delhi NCR (HQ: New Delhi),@deathspiree,508000,🕉️ Devotional Content & Spiritual Storytelling,22875,3,6,0.01%,0.00%,2026-02-12,https://www.instagram.com/p/DUqEUfGCdiA/,⚪ Standard Organic: Baseline organic collab reach,Try Now ♥️. . . . https://divinehindu.in
760,Tier 4: Toggle OFF + Organic (Noise),Isha Life India,"Pan-India / Tamil Nadu (HQ: Coimbatore, Isha)",@skythroughglass,57000,"🏛️ Temple Lore, Mythology & Sanatan Philosophy",22832,512,8,2.24%,0.91%,2026-02-10,https://www.instagram.com/p/DUkFn4YEcgD/,⚪ Standard Organic: Baseline organic collab reach,"In Shiva’s calm, everything feels lighter 🤍 A quiet gratitude to @isha.life.india for being part of our rituals  #home #homedecor #interiordesign #peace #divine"
761,Tier 4: Toggle OFF + Organic (Noise),Japam,Pan-India / Rajasthan (HQ: Jaipur),@patwal_priyanshi_1,21000,"🕉️ Mantras, Japa Meditation & Puja Rituals",22818,269,14,1.18%,1.35%,2026-07-01,https://www.instagram.com/p/DaQC1h4vi3C/,⚪ Standard Organic: Baseline organic collab reach,"Harness the power of 7 chakra stones for balance, positivity & inner strength.  Show now from @japam.in  .Amethyst .Lapis Lazuli .Turquoise .Rose Quartz .Tiger’s Eye .Carnelian .Black Tourmaline  #instagram #instagood #reels #japam #viral"
762,Tier 4: Toggle OFF + Organic (Noise),House of Rudra,Pan-India / Gujarat (HQ: Ahmedabad),@rg_ramgopal7,110000,🕉️ Devotional Content & Spiritual Storytelling,22772,3,1,0.01%,0.00%,2026-03-18,https://www.instagram.com/p/DWBjw4QjEkn/,⚪ Standard Organic: Baseline organic collab reach,👉 మీకు తెలుసా?   Place your order now  Link is in my bio ❤️  Follow @houseofrudra_social & Buy on www.houseofrudra.in They have authentic Karungali mala with lab tested certificates  #religious #rudraksh #accessories #religious accessories #trendingr
763,Tier 4: Toggle OFF + Organic (Noise),Rudralife,Pan-India / Maharashtra (HQ: Mumbai),@explorewithradhika07,56000,"🔮 Astrology, Horoscope & Gemstone Consultation",22753,438,6,1.93%,0.79%,2026-03-22,https://www.instagram.com/p/DWLtapiiR4I/,⚪ Standard Organic: Baseline organic collab reach,"Rudraksha is not just a bead📿  It is an energy centre that only increases ! Every Mukhi carries a distinct vibration linked to cosmic forces, divine archetypes, and planetary intelligence This reel is a reminder that Rudraksha was never meant to be w"
764,Tier 4: Toggle OFF + Organic (Noise),Isha Life India,"Pan-India / Tamil Nadu (HQ: Coimbatore, Isha)",@_sadhguru.wisdom_,284000,🕉️ Devotional Content & Spiritual Storytelling,22736,1229,3,5.41%,0.43%,2026-01-03,https://www.instagram.com/p/DTCyuALASMS/,⚪ Standard Organic: Baseline organic collab reach,Today is Pournima - 3rd Jan  #Ishalife #forconsciousliving #Poornima #yogicwisdom
765,Tier 4: Toggle OFF + Organic (Noise),Divine Hindu,Pan-India / Delhi NCR (HQ: New Delhi),@_your_rock_999_,92000,"🔬 Rudraksha Authenticity, Lab Testing & Craft Lore",22713,628,14,2.76%,0.70%,2026-03-17,https://www.instagram.com/p/DV-8_Zxkv2I/,⚪ Standard Organic: Baseline organic collab reach,Har har Mahadev 🔱🙏🏻 7 Mukhi Nepali Rudraksha
766,Tier 4: Toggle OFF + Organic (Noise),Isha Life India,"Pan-India / Tamil Nadu (HQ: Coimbatore, Isha)",@itsrishikakapoor,11000,"🕉️ Mantras, Japa Meditation & Puja Rituals",22655,547,24,2.41%,5.19%,2026-02-15,https://www.instagram.com/p/DUw3dVwk5hP/,"📈 Viral Organic Reach: High organic views (22,655) with strong like rate (2.41%)","On this divine night of Mahashivratri, I offer ‘Shiv Shiva’ as a surrender to Adiyogi. Grateful to collaborate with Isha Life and celebrate the energy of Shiva through music and devotion. Har Har Mahadev 🔱🌌  Om Namah Shivaya 🕉️⚡️  #Mahahshivratri2026"
767,Tier 4: Toggle OFF + Organic (Noise),Japam,Pan-India / Rajasthan (HQ: Jaipur),@theanshagrawal,4812,"🕉️ Mantras, Japa Meditation & Puja Rituals",22506,154,10,0.68%,3.41%,2026-06-24,https://www.instagram.com/p/DZ9-sKYJZa9/,⚪ Standard Organic: Baseline organic collab reach,Level up your energy & style with @japam.in Dhanlabh Bracelet🌸❤️  Go check @japam.in   #japam #sprituality #bracelet #success #money
768,Tier 4: Toggle OFF + Organic (Noise),Isha Life India,"Pan-India / Tamil Nadu (HQ: Coimbatore, Isha)",@iiamrishu,19000,"🕉️ Mantras, Japa Meditation & Puja Rituals",22459,940,19,4.19%,5.05%,2026-02-11,https://www.instagram.com/p/DUmywcoCbZC/,"📈 Viral Organic Reach: High organic views (22,459) with strong like rate (4.19%)","Grateful, blessed by Maha Shivratri vibe 🕉️🌻 . Kurta & Handcuff from @isha.life.india  . [Mahashivratri 2026, Isha foundation mahashivratri, Shiva, Sadhana, Shiv, Rudraksha, Shiva Devotees, Adiyogi] . . #mahashivratri #mahashivratri_special #shiva #a"
769,Tier 4: Toggle OFF + Organic (Noise),Isha Life India,"Pan-India / Tamil Nadu (HQ: Coimbatore, Isha)",@deba.aesthetic,34000,✨ Spiritual Lifestyle & Modern Wellness,22455,631,55,2.81%,2.02%,2026-02-27,https://www.instagram.com/p/DVP_rfTkcnp/,⚪ Standard Organic: Baseline organic collab reach,Some healthy options for Daily Life🌸 Thank you @isha.life.india for some health🌸 #reelsinstagram #aesthetic #happiness #healthyfoods #healthylifestyle  [food health natural ishalife natural foods lifestyle]
770,Tier 4: Toggle OFF + Organic (Noise),House of Rudra,Pan-India / Gujarat (HQ: Ahmedabad),@ig_rajesh.divine,39000,🕉️ Devotional Content & Spiritual Storytelling,22445,131,0,0.58%,0.34%,2026-03-19,https://www.instagram.com/p/DWEOV6VDEuC/,⚪ Standard Organic: Baseline organic collab reach,ఉగాది సందర్భంగా మనం కొత్త ప్రారంభం చేద్దాం ✨  Place your order now  Link is in my bio ❤️  Follow @houseofrudra_social & Buy on www.houseofrudra.in They have authentic Karungali mala with lab tested certificates  #religious #rudraksh #accessories #rel
771,Tier 4: Toggle OFF + Organic (Noise),Divine Hindu,Pan-India / Delhi NCR (HQ: New Delhi),@twinkle._.dogra,92000,"🔬 Rudraksha Authenticity, Lab Testing & Craft Lore",22357,344,31,1.54%,0.41%,2026-01-16,https://www.instagram.com/p/DTj3Sb2jw89/,⚪ Standard Organic: Baseline organic collab reach,"Protects from negativity and supports inner balance,  That’s why I choose to wear this Rudraksha Bracelet every day with faith.  Crafted with purity by Divine Hindu @divinehindu.in   Because belief deserves authenticity.  #positivity #hinduism #peace"
772,Tier 4: Toggle OFF + Organic (Noise),Isha Life India,"Pan-India / Tamil Nadu (HQ: Coimbatore, Isha)",@tusharbhatiaa_,2457,🕉️ Devotional Content & Spiritual Storytelling,22298,619,19,2.78%,25.97%,2026-01-27,https://www.instagram.com/p/DUBW4LpCBBN/,"📈 Viral Organic Reach: High organic views (22,298) with strong like rate (2.78%)","When everything within you is experienced as one seamless whole, that is yoga. To reach this inner unity, we work with the body, the breath, the mind, and what lies deeper within. These are not separate paths, but different dimensions of the same pro"
773,Tier 4: Toggle OFF + Organic (Noise),Japam,Pan-India / Rajasthan (HQ: Jaipur),@supriyoexplores,18000,🕉️ Devotional Content & Spiritual Storytelling,22188,609,19,2.74%,3.49%,2026-02-14,https://www.instagram.com/p/DUu2WKpiaFy/,⚪ Standard Organic: Baseline organic collab reach,এই মহাশিবরাত্রিতে ঘুরে আসতে পারো কলকাতার এই সেরা ৩টি শিব মন্দির 🔱  ১. সালকিয়ার সেই বিশাল ৫১ ফুট উঁচু মহাদেব মূর্তি আর ১২টি জ্যোতির্লিঙ্গ। ২. ৩০০-৫০০ বছরের প্রাচীন এবং জাগ্রত নিমতলার ভূতনাথ মন্দির। ৩. কলকাতার সবথেকে বড় শিবলিঙ্গ - মোটা মহাদেব মন্দির।  
774,Tier 4: Toggle OFF + Organic (Noise),Isha Life India,"Pan-India / Tamil Nadu (HQ: Coimbatore, Isha)",@tanishqmusick,104000,🎉 Festival & Auspicious Muhurat Activations,22115,765,34,3.46%,0.77%,2026-02-13,https://www.instagram.com/p/DUssIGdDP1_/,⚪ Standard Organic: Baseline organic collab reach,"For Maha Shivratri, I didn’t want to “produce” music, I wanted to feel it. Every sound you hear was played live, with intention and devotion, to keep the energy as real as possible.  Grateful to create this special piece with @isha.life.india   When "
775,Tier 4: Toggle OFF + Organic (Noise),Divine Hindu,Pan-India / Delhi NCR (HQ: New Delhi),@ililuminate,619000,"🔮 Astrology, Horoscope & Gemstone Consultation",22075,604,19,2.74%,0.10%,2026-01-05,https://www.instagram.com/p/DTHXrCECL8V/,⚪ Standard Organic: Baseline organic collab reach,Virgo ♍️ zodiac bracelet  @divinehindu.in   #hindu #reels #sanatandharma #viral #explore
776,Tier 4: Toggle OFF + Organic (Noise),Isha Life India,"Pan-India / Tamil Nadu (HQ: Coimbatore, Isha)",@artwithramakant,26000,🕉️ Devotional Content & Spiritual Storytelling,21986,1246,98,5.67%,5.17%,2026-03-02,https://www.instagram.com/p/DVYbQwiEhWB/,"📈 Viral Organic Reach: High organic views (21,986) with strong like rate (5.67%)",Kesa ho🤔 Jab kala ke sath bhakti bhi ho? Aaj ka artwork mene adiyogi Shiv ji ka banaya hai. Man me shrddha or bhakti ho to gulab ke patte m bhi bhagwan prakat ho jate hai😍  Ye sirf Artwork nahi hai meri offering hai adiyogi ke liye.  Har har Mahadev 
777,Tier 4: Toggle OFF + Organic (Noise),Isha Life India,"Pan-India / Tamil Nadu (HQ: Coimbatore, Isha)",@withshambhavi,16000,🕉️ Devotional Content & Spiritual Storytelling,21913,465,7,2.12%,2.95%,2025-12-14,https://www.instagram.com/p/DSPZhIhE98H/,⚪ Standard Organic: Baseline organic collab reach,"Benefits of ragi : - has as High Protein Content - is a Rich Source of Minerals - Helps manage Diabetes - Anti-microbial Properties - Keeps you Young - Reduces “Bad” Cholestrol,  🙈I still haven't quit chai completely, but my everyday warm cup is this"
778,Tier 4: Toggle OFF + Organic (Noise),Isha Life India,"Pan-India / Tamil Nadu (HQ: Coimbatore, Isha)",@tanishqmusick,104000,🕉️ Devotional Content & Spiritual Storytelling,21875,380,7,1.74%,0.37%,2026-06-28,https://www.instagram.com/p/DaIR2BQoBkl/,⚪ Standard Organic: Baseline organic collab reach,"Tomorrow is Purnima, and I wanted to offer something to Devi.  I kept wondering what I could offer, and then I realized... I don’t really have much except myself and whatever little I can do with sincerity.  So here’s my humble offering—the Devi Stot"
779,Tier 4: Toggle OFF + Organic (Noise),Divine Hindu,Pan-India / Delhi NCR (HQ: New Delhi),@startupseekho,25000,🕉️ Devotional Content & Spiritual Storytelling,21845,118,2,0.54%,0.48%,2026-03-17,https://www.instagram.com/p/DV_Cg3XCect/,⚪ Standard Organic: Baseline organic collab reach,"You’ve seen Rudraksh. But do you know where it actually comes from? 👀 🌐 https://startupseekho.com/⁠� 🎯 https://topmate.io/startupseekho⁠� Comment “startup”, “guide”, “grow”, or “build” and we’ll send you more startup insights in your DM 🚀 #StartupSee"
780,Tier 4: Toggle OFF + Organic (Noise),Japam,Pan-India / Rajasthan (HQ: Jaipur),@kaur_manpreet012,579,"🕉️ Mantras, Japa Meditation & Puja Rituals",21818,212,10,0.97%,38.34%,2026-08-01,https://www.instagram.com/p/Dbe0wUWzC-d/,⚪ Standard Organic: Baseline organic collab reach,"सावन की हार्दिक शुभकामनाएँ!🕉️ महादेव का आशीर्वाद आपके जीवन को सुख, शांति और सफलता से भर दे। हर हर महादेव! 🙏   @japam.in   #japam #sawanspecial #sawansomwar #mahadev #lordshiva"
781,Tier 4: Toggle OFF + Organic (Noise),Rudralife,Pan-India / Maharashtra (HQ: Mumbai),@raaaz.india,184000,🕉️ Devotional Content & Spiritual Storytelling,21715,609,10,2.80%,0.34%,2024-09-18,https://www.instagram.com/p/DAD2PmdiMGS/,⚪ Standard Organic: Baseline organic collab reach,"They say the power of the Nakshatras can transform your destiny. Now, imagine wearing the energy of all 27 Nakshatras in one mala 📿  A One-of-a-Kind Treasure, from the lap of nature and of a cosmic origin. After 23 years of searching, Rudra Life has "
782,Tier 4: Toggle OFF + Organic (Noise),Divine Hindu,Pan-India / Delhi NCR (HQ: New Delhi),@kalkiyug_,253000,🕉️ Devotional Content & Spiritual Storytelling,21657,728,30,3.36%,0.30%,2026-04-03,https://www.instagram.com/p/DWqzbC0k2gB/,⚪ Standard Organic: Baseline organic collab reach,क्या आपको रुद्राक्ष सिद्ध करने की विधि पता थी?
783,Tier 4: Toggle OFF + Organic (Noise),Divine Hindu,Pan-India / Delhi NCR (HQ: New Delhi),@karungali_by_divinehindu,97000,"🔬 Rudraksha Authenticity, Lab Testing & Craft Lore",21647,123,0,0.57%,0.13%,2026-01-13,https://www.instagram.com/p/DTc63kWEsvu/,⚪ Standard Organic: Baseline organic collab reach,"We don’t just celebrate Pongal, we honour the Sun, the land, and new beginnings. 🌞🌾  At Divine Hindu, these values guide everything we create✨  Proudly the only spiritual brand at Maha Kumbh | Recognized by Forbes DGEMS for authenticity🙏🏻  This Ponga"
784,Tier 4: Toggle OFF + Organic (Noise),Isha Life India,"Pan-India / Tamil Nadu (HQ: Coimbatore, Isha)",@the_aromatic_plate,138000,🕉️ Devotional Content & Spiritual Storytelling,21645,244,15,1.13%,0.19%,2026-02-05,https://www.instagram.com/p/DUXWc2UEp1A/,⚪ Standard Organic: Baseline organic collab reach,"Your dosa can heal, not just fill🌱Made with @isha.life.India Moringa Dosa Mix🍀& Horse Gram Dosa Mix 🌾cooked in pure cold pressed groundnut oil🥜 a mindful, nourishing way to start the day 🤍 Clean ingredients, traditional wisdom, real food❤️  [dosa,mor"
785,Tier 4: Toggle OFF + Organic (Noise),Isha Life India,"Pan-India / Tamil Nadu (HQ: Coimbatore, Isha)",@knowhowwithme,37000,🕉️ Devotional Content & Spiritual Storytelling,21606,240,13,1.11%,0.68%,2026-01-16,https://www.instagram.com/p/DTkXktDidzR/,⚪ Standard Organic: Baseline organic collab reach,"Winter nutrition matters even more for kids ❄️ From honey mornings to ragi snacks, these kids-approved superfoods from Isha Life are part of our daily routine.  Clean ingredients, traditional goodness, and meals my son actually enjoys 💛 Check out the"
786,Tier 4: Toggle OFF + Organic (Noise),Isha Life India,"Pan-India / Tamil Nadu (HQ: Coimbatore, Isha)",@madhavi_unplugged,18000,"🏛️ Temple Lore, Mythology & Sanatan Philosophy",21592,741,11,3.43%,4.18%,2026-02-10,https://www.instagram.com/p/DUlRzuQkpnw/,"📈 Viral Organic Reach: High organic views (21,592) with strong like rate (3.43%)","Mahashivratri  the night when Shiva became utterly still.  A night not to sleep through, but to make use of. Let this day be a reminder for all of us that turning inward is paramount for a human being, and the key to reaching our full potential. A ni"
787,Tier 4: Toggle OFF + Organic (Noise),Divine Hindu,Pan-India / Delhi NCR (HQ: New Delhi),@pravya__prabha,12000,🕉️ Devotional Content & Spiritual Storytelling,21482,3,25,0.01%,0.23%,2026-06-15,https://www.instagram.com/p/DZmwFTxJyur/,⚪ Standard Organic: Baseline organic collab reach,"More than just an anklet 🧿 This raw pyrite beauty from @divinehindu.in carries the energy of abundance,confidence and protection…📿  #paidcollaboration"
788,Tier 4: Toggle OFF + Organic (Noise),Isha Life India,"Pan-India / Tamil Nadu (HQ: Coimbatore, Isha)",@_sadhguru.wisdom_,284000,🕉️ Devotional Content & Spiritual Storytelling,21389,658,8,3.08%,0.23%,2026-01-05,https://www.instagram.com/p/DTIJBLhDTmY/,⚪ Standard Organic: Baseline organic collab reach,Know how to clean copper. Share it with someone who needs to see this!  #ishalife #forconsciousliving #copperware #coppercleaningtips
789,Tier 4: Toggle OFF + Organic (Noise),Divine Hindu,Pan-India / Delhi NCR (HQ: New Delhi),@kalkiyug_,253000,🕉️ Devotional Content & Spiritual Storytelling,21387,518,40,2.42%,0.22%,2025-12-12,https://www.instagram.com/p/DSKXwPoiSCD/,⚪ Standard Organic: Baseline organic collab reach,"करुंगली (ब्लैक एबनी वुड): अत्यंत पूजनीय लकड़ी, जिसके बारे में माना जाता है कि यह सकारात्मक ऊर्जा को आकर्षित करती है, सफलता लाती है और धन–समृद्धि बढ़ाती है। .  रुद्राक्ष: भगवान शिव की कृपा को आकर्षित करने वाला पवित्र बीज, जो मन को गहरी शांति, स्पष्टता"
790,Tier 4: Toggle OFF + Organic (Noise),Isha Life India,"Pan-India / Tamil Nadu (HQ: Coimbatore, Isha)",@farzan.dadachanji,13000,"🕉️ Mantras, Japa Meditation & Puja Rituals",21266,538,12,2.53%,4.23%,2026-06-20,https://www.instagram.com/p/DZzsmcBIjDJ/,"📈 Viral Organic Reach: High organic views (21,266) with strong like rate (2.53%)","Some things quietly become a part of your everyday life.  From my morning sadhana to moments throughout the day, these are a few Isha Life products I genuinely use regularly and have come to appreciate over time.  Simple. Conscious. Made with care.  "
791,Tier 4: Toggle OFF + Organic (Noise),Japam,Pan-India / Rajasthan (HQ: Jaipur),@nuancetheory,9247,"🕉️ Mantras, Japa Meditation & Puja Rituals",21128,433,2,2.05%,4.70%,2026-02-22,https://www.instagram.com/p/DVD6bALD_AZ/,"📈 Viral Organic Reach: High organic views (21,128) with strong like rate (2.05%)",Seven sacred cities. Seven chakra within.   The journey to moksha isn’t just across India.. Its through your own soul ✨  #japam #saptapuri #sanatandharma #spiritualjourney #mokshapath   https://purnesh.co/the-7-holy-cities-that-are-connected-to-the-7
792,Tier 4: Toggle OFF + Organic (Noise),Isha Life India,"Pan-India / Tamil Nadu (HQ: Coimbatore, Isha)",@sizzle.and.chill,52000,🕉️ Devotional Content & Spiritual Storytelling,21123,419,15,1.98%,0.83%,2026-06-22,https://www.instagram.com/p/DZ41TK6uEZY/,⚪ Standard Organic: Baseline organic collab reach,"Mango Paneer Toast 🥭✨  Creamy paneer, fresh mangoes, honey kisses & crunchy nuts—because summer deserves a little luxury. 🍯🤍 Honey- @isha.life.india  Seeds and berries mix-@isha.life.indis  Process- 1. Toast your favorite bread in butter until golden"
793,Tier 4: Toggle OFF + Organic (Noise),Isha Life India,"Pan-India / Tamil Nadu (HQ: Coimbatore, Isha)",@nupurxmusic,13000,"🏛️ Temple Lore, Mythology & Sanatan Philosophy",21047,602,13,2.86%,4.73%,2026-02-06,https://www.instagram.com/p/DUbBc_mksfi/,"📈 Viral Organic Reach: High organic views (21,047) with strong like rate (2.86%)","With Mahashivratri round the corner, I’m so happy to receive this parcel from @isha.life.india ✨ Rather than calling it a collaboration, Isha feels more like a homecoming now🪷  I’ve always been a shiva devotee and this parcel with the prasadam and mi"
794,Tier 4: Toggle OFF + Organic (Noise),Divine Hindu,Pan-India / Delhi NCR (HQ: New Delhi),@spiritualshilpa_,314000,"📦 Unboxing, Gifting & Product Review",21006,217,42,1.03%,0.08%,2026-02-23,https://www.instagram.com/p/DVGbmmUF4VT/,⚪ Standard Organic: Baseline organic collab reach,"ABOUT THIS PRODUCT Tiger Eye bracelet ko traditionally protection, confidence aur focus ka stone mana jata hai. Ye powerful crystal grounding aur stability energy ke liye pehna jata hai. Tiger Eye stone ko “Stone of Courage” bhi kaha jata hai. Log is"
795,Tier 4: Toggle OFF + Organic (Noise),Divine Hindu,Pan-India / Delhi NCR (HQ: New Delhi),@panditanubhvmishra,56000,🕉️ Devotional Content & Spiritual Storytelling,20978,306,7,1.46%,0.56%,2026-03-31,https://www.instagram.com/p/DWihOJcgSEX/,⚪ Standard Organic: Baseline organic collab reach,"जब हाथ में 108 दानों की रुद्राक्ष माला होती है, तो शिव कृपा अपने आप खिंची चली आती है। 🔱📿 सिर्फ नाम जपने और विधि से जाप करने में बड़ा फर्क है। 108 दानों की इस माला से जब आप जाप करते हैं, तो मन भटकता नहीं और काम में आ रही हर रुकावट, नजर दोष और नकारात्मक"
796,Tier 4: Toggle OFF + Organic (Noise),Divine Hindu,Pan-India / Delhi NCR (HQ: New Delhi),@panditanubhvmishra,56000,"🔮 Astrology, Horoscope & Gemstone Consultation",20950,413,8,1.97%,0.75%,2026-02-11,https://www.instagram.com/p/DUm-oxKiMLP/,⚪ Standard Organic: Baseline organic collab reach,महाशिवरात्रि की पावन रात पर धारण करें 100% असली 7 मुखी रुद्राक्ष और पाएं महालक्ष्मी कृपा 🔱✨ अभी बुक करें — @divinehindu.in | स्टॉक सीमित है। #astrology #focus #divine #rudraksh #mahashivratri
797,Tier 4: Toggle OFF + Organic (Noise),Isha Life India,"Pan-India / Tamil Nadu (HQ: Coimbatore, Isha)",@whatshe._loves,6727,🎉 Festival & Auspicious Muhurat Activations,20947,287,55,1.37%,5.08%,2026-02-06,https://www.instagram.com/p/DUZ6BPCASZI/,⚪ Standard Organic: Baseline organic collab reach,"Some moments are about slowing down and appreciating details. Mahashivratri is more than a date on the calendar — it’s a moment to appreciate traditions in their simplest form, receive the Aadiyogi statue, Rudraksh, agarbatti, and prasad from @isha.l"
798,Tier 4: Toggle OFF + Organic (Noise),Divine Hindu,Pan-India / Delhi NCR (HQ: New Delhi),@panditanubhvmishra,56000,"🔮 Astrology, Horoscope & Gemstone Consultation",20912,185,0,0.88%,0.33%,2026-01-22,https://www.instagram.com/p/DTzb_CWCNRt/,⚪ Standard Organic: Baseline organic collab reach,"@divinehindu.in 🔱Shiv Kavach Necklace पहनिए — ये ज्वेलरी नहीं, महादेव का PROTECTION है 🕉️🔥 #astrology #explore #focus #divine #hindu #product #fearless #power #focus #health #peace #delay #negative #virals #viralreelsvideo❤️ #viralreels #2025"
799,Tier 4: Toggle OFF + Organic (Noise),House of Rudra,Pan-India / Gujarat (HQ: Ahmedabad),@pj_traveller_9,40000,"🏛️ Temple Lore, Mythology & Sanatan Philosophy",20850,442,27,2.12%,1.17%,2026-03-28,https://www.instagram.com/p/DWbcsHFDs4Z/,⚪ Standard Organic: Baseline organic collab reach,🔱 Hanuman Power + Shiva Blessings Mala . . Place your order now Link is in my bio ❤️ . . Follow @houseofrudra_social & Buy on www.houseofrudra.in  They have authentic Gold Plated Hanuman Pendant with lab tested certificates .  GOLD PLATED KARUNGALI M
800,Tier 4: Toggle OFF + Organic (Noise),Divine Hindu,Pan-India / Delhi NCR (HQ: New Delhi),@sonali_sarkar98,63000,"🔬 Rudraksha Authenticity, Lab Testing & Craft Lore",20816,525,10,2.52%,0.85%,2026-01-07,https://www.instagram.com/p/DTNEFlnD696/,⚪ Standard Organic: Baseline organic collab reach,"If you’re going through stress, anxiety, and negativity and looking for a way out, then this video is for you.  I ordered this Panch Mukhi Rudraksha Bracelet from @divinehindu.in which is lab certified, and ever since I started wearing it, I’ve notic"
801,Tier 4: Toggle OFF + Organic (Noise),Divine Hindu,Pan-India / Delhi NCR (HQ: New Delhi),@panditanubhvmishra,56000,"🔮 Astrology, Horoscope & Gemstone Consultation",20809,187,0,0.90%,0.33%,2026-03-10,https://www.instagram.com/p/DVshy4LAX6I/,⚪ Standard Organic: Baseline organic collab reach,मेष राशि वालों 🔥 अगर 2026 में अपना Luck और Golden Period activate करना है तो अभी order कीजिए.  👉 www.divinehindu.in @karungali_by_divinehindu @divinehindu.in  #meshrashi #crystal #zodiacbracelet #luckactivation #astrology
802,Tier 4: Toggle OFF + Organic (Noise),Rudralife,Pan-India / Maharashtra (HQ: Mumbai),@timesfashionweek,281000,✨ Spiritual Lifestyle & Modern Wellness,20772,293,5,1.41%,0.11%,2025-04-12,https://www.instagram.com/p/DIV5i-Cue5-/,⚪ Standard Organic: Baseline organic collab reach,"Channelling the essence of the Rudraksha, Rudralife’s Spring-Summer line embraced simplicity, symbolism, and sustainability. Each look flowed with organic ease, drawing from natural textures and sacred forms to create a grounded aesthetic. In perfect"
803,Tier 4: Toggle OFF + Organic (Noise),Divine Hindu,Pan-India / Delhi NCR (HQ: New Delhi),@itsrishlife,128000,"📦 Unboxing, Gifting & Product Review",20516,288,14,1.40%,0.24%,2025-11-21,https://www.instagram.com/p/DRTvEvXk6Hi/,⚪ Standard Organic: Baseline organic collab reach,Trekking Essentials 🔱  You can also get your Rudraksha mala and Rudraksha bracelet from @divinehindu.in   #rudraksh #trekking
804,Tier 4: Toggle OFF + Organic (Noise),Isha Life India,"Pan-India / Tamil Nadu (HQ: Coimbatore, Isha)",@adimiiz,11000,🕉️ Devotional Content & Spiritual Storytelling,20509,709,50,3.46%,6.90%,2026-04-13,https://www.instagram.com/p/DXD-DGgDPUG/,"📈 Viral Organic Reach: High organic views (20,509) with strong like rate (3.46%)","Ekadashi 🌿  a little context if you’ve never tried it Ekadashi is the 11th day after the full & new moon, when the body naturally feels lighter and sometimes doesn’t even need food ￼  in yogic tradition, it’s a beautiful day to give the system a brea"
805,Tier 4: Toggle OFF + Organic (Noise),Divine Hindu,Pan-India / Delhi NCR (HQ: New Delhi),@bhagvatgitadaily,194000,🕉️ Devotional Content & Spiritual Storytelling,20495,187,7,0.91%,0.10%,2025-12-10,https://www.instagram.com/p/DSFvgB2k8FV/,⚪ Standard Organic: Baseline organic collab reach,"Ever noticed how some things don’t “change” your life… they just quieten it? Chandan doesn’t give you power — it gives you space. Space to breathe, to feel, to return to yourself when the mind refuses to slow down.  Maybe peace isn’t something we fin"
806,Tier 4: Toggle OFF + Organic (Noise),Isha Life India,"Pan-India / Tamil Nadu (HQ: Coimbatore, Isha)",@pratikshahomestory,5172,"🕉️ Mantras, Japa Meditation & Puja Rituals",20473,216,2,1.06%,4.22%,2026-06-27,https://www.instagram.com/p/DaFuG8Iyqlc/,⚪ Standard Organic: Baseline organic collab reach,"Wrapped in calm, surrounded by sacred fragrances, and carrying Mahadev’s energy within. 🕉️✨ A meditation dress that feels like peace, the divine symbol of Mahadev that feels like strength, and soothing dhoop that transforms every corner into a sanctu"
807,Tier 4: Toggle OFF + Organic (Noise),Isha Life India,"Pan-India / Tamil Nadu (HQ: Coimbatore, Isha)",@with_shiva,36000,"🕉️ Mantras, Japa Meditation & Puja Rituals",20399,749,5,3.67%,2.09%,2026-02-13,https://www.instagram.com/p/DUsIzRdgTgl/,⚪ Standard Organic: Baseline organic collab reach,"Mahashivratri is just around the corner! Gear up with Isha Life's new launches and exciting offers!  Explore on ishalife.com   (Mahahshivratri 2026, Isha Mahashivratri, Shiva, Sadhana, Adiyogi, Rudraksha, Night of grace, Mahashivratri celebrations,  "
808,Tier 4: Toggle OFF + Organic (Noise),Japam,Pan-India / Rajasthan (HQ: Jaipur),@_aditya.rastogi_,12000,"🕉️ Mantras, Japa Meditation & Puja Rituals",20369,89,2,0.44%,0.76%,2026-08-10,https://www.instagram.com/p/Db3VbggxbNX/,⚪ Standard Organic: Baseline organic collab reach,"Shank Tilak Meenakari Rakhi ✨  Make this festive season even more special with the elegant and spiritually meaningful Shank Tilak Meenakari Rakhi. A beautiful symbol of love, blessings, and the timeless bond between siblings. ❤️  Shop now at @japam.i"
809,Tier 4: Toggle OFF + Organic (Noise),Divine Hindu,Pan-India / Delhi NCR (HQ: New Delhi),@kalkiyug_,253000,"🔬 Rudraksha Authenticity, Lab Testing & Craft Lore",20342,634,33,3.12%,0.26%,2026-03-25,https://www.instagram.com/p/DWTsClCCaxk/,⚪ Standard Organic: Baseline organic collab reach,Kitni Mukhi Rudraksh dharan karein?
810,Tier 4: Toggle OFF + Organic (Noise),Isha Life India,"Pan-India / Tamil Nadu (HQ: Coimbatore, Isha)",@wethinkfusion,30000,🕉️ Devotional Content & Spiritual Storytelling,20196,3,9,0.01%,0.04%,2026-02-10,https://www.instagram.com/p/DUlAkE4iIPq/,⚪ Standard Organic: Baseline organic collab reach,"You want a festive cake but without refined sugar & maida 👀✨  So I made this super soft, aromatic Whole Wheat Coffee Cake using clean ingredients from @isha.life.india 🤎  Made with: ✔ Palm Sugar from @isha.life.india  ✔ A2 Cow Ghee from @isha.life.in"
811,Tier 4: Toggle OFF + Organic (Noise),Divine Hindu,Pan-India / Delhi NCR (HQ: New Delhi),@marwari.soch,66000,🕉️ Devotional Content & Spiritual Storytelling,20102,448,69,2.23%,0.78%,2026-03-25,https://www.instagram.com/p/DWTgb0NxGz8/,⚪ Standard Organic: Baseline organic collab reach,"अगर आपकी ज़िंदगी में रुकावटें और बेचैनी बढ़ रही है, तो ये आपके लिए है 🙏  🔱 100% Cashback in Divine Days Sale 🔱 Lab-Tested Certified Mala  👉 Visit: www.divinehindu.in   @divinehindu.in   📩 Comment “divine hindu” for link  #divinehindu #rudraksha #maha"
812,Tier 4: Toggle OFF + Organic (Noise),House of Rudra,Pan-India / Gujarat (HQ: Ahmedabad),@ramya_sri_mammu,100000,🕉️ Devotional Content & Spiritual Storytelling,20018,571,2,2.85%,0.57%,2025-12-27,https://www.instagram.com/p/DSxGDiUAbv5/,⚪ Standard Organic: Baseline organic collab reach,Place your order now  Link is in my bio ❤️  Follow @houseofrudra_social & Buy on www.houseofrudra.in They have authentic Karungali Malas with lab tested certificates   #religious #karungalemala #mala #accessories #religious accessories trendingreels 
813,Tier 4: Toggle OFF + Organic (Noise),Divine Hindu,Pan-India / Delhi NCR (HQ: New Delhi),@karungali_by_divinehindu,97000,"🕉️ Mantras, Japa Meditation & Puja Rituals",19987,290,3,1.45%,0.30%,2026-05-16,https://www.instagram.com/p/DYZf_Tfy15U/,⚪ Standard Organic: Baseline organic collab reach,"“Om Sharavana Bhavaya Namah 🙏”  Counting beads, collecting blessings … one mantra at a time. 108 repetitions, infinite devotion. 🕉️  [Lord Murugan Mantra, mantra, hindu, Spiritual, sanatan dharma]  #LordMurugan #MuruganMantra #Karthikeya #mantra #div"
814,Tier 4: Toggle OFF + Organic (Noise),Divine Hindu,Pan-India / Delhi NCR (HQ: New Delhi),@twinkle._.dogra,92000,"🕉️ Mantras, Japa Meditation & Puja Rituals",19862,345,16,1.74%,0.39%,2026-01-15,https://www.instagram.com/p/DThI6adjxdN/,⚪ Standard Organic: Baseline organic collab reach,"Meditation is not just about closing your eyes, it’s about doing it the right way.  When practiced with proper chanting, a Rudraksha mala helps deepen focus, calm the mind, and build inner discipline.  I personally use Devine Hindu Rudraksha Mala—for"
815,Tier 4: Toggle OFF + Organic (Noise),Rudralife,Pan-India / Maharashtra (HQ: Mumbai),@raaaz.india,184000,"🔬 Rudraksha Authenticity, Lab Testing & Craft Lore",19660,882,21,4.49%,0.49%,2024-09-22,https://www.instagram.com/p/DAOMIGfiw4v/,⚪ Standard Organic: Baseline organic collab reach,"Each Rudraksha bead carries energy from the universe! 📿  A One-of-a-Kind Treasure, from the lap of nature and of a cosmic origin. After 23 years of searching, Rudra Life has crafted  NAKSHATRA MALA; featuring 1-27 Mukhi Rudraksha Beads. The only mala"
816,Tier 4: Toggle OFF + Organic (Noise),Divine Hindu,Pan-India / Delhi NCR (HQ: New Delhi),@panditanubhvmishra,56000,"🔬 Rudraksha Authenticity, Lab Testing & Craft Lore",19582,170,0,0.87%,0.30%,2026-02-06,https://www.instagram.com/p/DUanUpOCO8p/,⚪ Standard Organic: Baseline organic collab reach,Original Nepali Rudraksha की पहचान आसान नहीं होती इसलिए trusted source से ही लें 🙏 @divinehindu.in  Divine Hindu — link bio में 👆
817,Tier 4: Toggle OFF + Organic (Noise),Divine Hindu,Pan-India / Delhi NCR (HQ: New Delhi),@karungali_by_divinehindu,97000,🕉️ Devotional Content & Spiritual Storytelling,19571,139,11,0.71%,0.15%,2026-01-23,https://www.instagram.com/p/DT2mPYZkl8H/,⚪ Standard Organic: Baseline organic collab reach,"देशभक्ति सिर्फ झंडा फहराने तक सीमित नहीं होती 🇮🇳 सिविक सेंस, सम्मान और ज़िम्मेदारी यही सच्ची देशभक्ति है।  इस 26 जनवरी एक शपथ लें: हर दिन एक छोटा काम, देश के नाम।  👇 कमेंट में बताइए आप सबसे पहले क्या करना चाहेंगे?  [Hindu, Republic Day, India, Indian"
818,Tier 4: Toggle OFF + Organic (Noise),Divine Hindu,Pan-India / Delhi NCR (HQ: New Delhi),@vedicvisa,52000,"🏛️ Temple Lore, Mythology & Sanatan Philosophy",19565,506,32,2.59%,1.03%,2025-12-29,https://www.instagram.com/p/DS2F6maEjmR/,⚪ Standard Organic: Baseline organic collab reach,Dont Miss this most powerful vrat of shiva  16 somwar vrat of shiva  Get Rudraksh Karungali Mala from @divinehindu.in @karungali_by_divinehindu How to perform 16 somwar vrat of shiva Vrat for manifestation   #explorepage #shiva #krishna #radha #reels
819,Tier 4: Toggle OFF + Organic (Noise),Isha Life India,"Pan-India / Tamil Nadu (HQ: Coimbatore, Isha)",@the.creativetongue,2756,"🏛️ Temple Lore, Mythology & Sanatan Philosophy",19534,382,23,1.96%,14.70%,2026-04-03,https://www.instagram.com/p/DWqNW1pk3JY/,⚪ Standard Organic: Baseline organic collab reach,Comfort and calm in one outfit✨  Thank you @isha.life.india for this soothing and elegant piece🤍 . . . . . . . . . . . . . . . . #jaishreeram #ishalifeproducts #ishalife #shiva #viral
820,Tier 4: Toggle OFF + Organic (Noise),Isha Life India,"Pan-India / Tamil Nadu (HQ: Coimbatore, Isha)",@yogis_on_wheels,2285,🌟 Celebrity & Spiritual Leader Endorsement,19533,775,5,3.97%,34.14%,2026-01-29,https://www.instagram.com/p/DUFosGmkarx/,"📈 Viral Organic Reach: High organic views (19,533) with strong like rate (3.97%)",🧘🏻‍♂️ For everything we need Isha Life is our go to. Things made with care tend to carry a different kind of quality.  #ishalife #consciousliving #consciousplanet #sadhguru
821,Tier 4: Toggle OFF + Organic (Noise),Isha Life India,"Pan-India / Tamil Nadu (HQ: Coimbatore, Isha)",@lifestylebyrashmi,7188,🕉️ Devotional Content & Spiritual Storytelling,19429,243,19,1.25%,3.64%,2026-03-31,https://www.instagram.com/p/DWjafYtjFMK/,⚪ Standard Organic: Baseline organic collab reach,"“आज रसोई में कुछ नया और सात्विक जोड़ते हैं    Aaj ka din thoda satvik aur special raha ✨ Ragi batter se soft dosa banaya — light, healthy aur easy to make 💛 Peanut oil me bana khana — simple aur balanced taste 🌿 Til ke ladoo — bilkul shuddh aur satvi"
822,Tier 4: Toggle OFF + Organic (Noise),Divine Hindu,Pan-India / Delhi NCR (HQ: New Delhi),@panditanubhvmishra,56000,🕉️ Devotional Content & Spiritual Storytelling,19356,174,14,0.90%,0.34%,2026-02-20,https://www.instagram.com/p/DU-IEYLiEan/,⚪ Standard Organic: Baseline organic collab reach,🚨 पैसा टिक नहीं रहा? शायद किस्मत नहीं… Vastu Block है। 🔥 7 Horses + Raw Pyrite = Fast Growth 💰🐎 Nuksaan 0️⃣ |  Faayda Unlimited @divinehindu.in   #vastutips #moneyattraction #growth #power #fame
823,Tier 4: Toggle OFF + Organic (Noise),House of Rudra,Pan-India / Gujarat (HQ: Ahmedabad),@mr_chaitz_official,14000,🎉 Festival & Auspicious Muhurat Activations,19301,475,30,2.46%,3.61%,2026-08-19,https://www.instagram.com/p/DcOLL5VpydA/,⚪ Standard Organic: Baseline organic collab reach,"Comment “LINK” 💰✨ and get the Money Magnet Crystal link directly in your DM.  Sawan is here — the perfect time to invite abundance, prosperity & positive energy into your life. 🕉️💫  6 Natural Crystals • Money Attraction • Abundance • Positive Energy "
824,Tier 4: Toggle OFF + Organic (Noise),Divine Hindu,Pan-India / Delhi NCR (HQ: New Delhi),@sanchitamitra8629,2890,🕉️ Devotional Content & Spiritual Storytelling,19248,168,2,0.87%,5.88%,2026-02-19,https://www.instagram.com/p/DU7niQ6EdKT/,⚪ Standard Organic: Baseline organic collab reach,"This is not an ordinary anklet ✨  After wearing it, I have felt stability, focus, and positive energy in my dance journey 😊  If you want stability, focus, and positive energy in your life, then order it now from @divinehindu.in   #Rowpyriteanklet #di"
825,Tier 4: Toggle OFF + Organic (Noise),Divine Hindu,Pan-India / Delhi NCR (HQ: New Delhi),@qisse.hazaar,64000,"🏛️ Temple Lore, Mythology & Sanatan Philosophy",19213,356,16,1.85%,0.58%,2026-01-15,https://www.instagram.com/p/DTiDhalkqZT/,⚪ Standard Organic: Baseline organic collab reach,"To get the product, visit @divinehindu.in   ✨ “This is not just a seed… it is believed to be born from the tears of God.” ✨  Rudraksha comes from Rudra (Shiva) and Aksha (Eyes).  The Shiva Purana tells us that before destroying Tripurasura, Lord Maha"
826,Tier 4: Toggle OFF + Organic (Noise),Isha Life India,"Pan-India / Tamil Nadu (HQ: Coimbatore, Isha)",@_sadhguru.wisdom_,284000,🎉 Festival & Auspicious Muhurat Activations,19179,1218,6,6.35%,0.43%,2026-01-31,https://www.instagram.com/p/DULauadgT-O/,⚪ Standard Organic: Baseline organic collab reach,Prepare your system for Mahashivratri with the Mahashivratri Prasadam   Available now on ishalife.com
827,Tier 4: Toggle OFF + Organic (Noise),Divine Hindu,Pan-India / Delhi NCR (HQ: New Delhi),@surendra_yogi9,95000,"🔮 Astrology, Horoscope & Gemstone Consultation",18894,267,14,1.41%,0.30%,2025-12-08,https://www.instagram.com/p/DSAJFFtiICG/,⚪ Standard Organic: Baseline organic collab reach,Balance. Protect. Align. Wear the energy that keeps you grounded 🔮 Shop your Rashi Bracelet from Divine Hindu. #divinehindu  @divinehindu.in  . . . #radha #radhekrishna  #reels #yoga #virelreels #reelsinstagram #trendingreels #surendrayogi #trend #vi
828,Tier 4: Toggle OFF + Organic (Noise),Japam,Pan-India / Rajasthan (HQ: Jaipur),@talesofsanatan_,66000,"🕉️ Mantras, Japa Meditation & Puja Rituals",18886,290,14,1.54%,0.46%,2025-09-18,https://www.instagram.com/p/DOvJB_sjfYd/,⚪ Standard Organic: Baseline organic collab reach,"In Sanatan Dharma, Rudraksha is the most precious and divine bead, known for its countless spiritual and health benefits. 🙏 But sadly, the market is full of fake and duplicate ones. That’s why I chose this authentic Rudraksha bracelet from Japam – qu"
829,Tier 4: Toggle OFF + Organic (Noise),Isha Life India,"Pan-India / Tamil Nadu (HQ: Coimbatore, Isha)",@tanyaa.soni,14000,🕉️ Devotional Content & Spiritual Storytelling,18855,314,42,1.67%,2.54%,2026-04-04,https://www.instagram.com/p/DWtXEyjE-51/,⚪ Standard Organic: Baseline organic collab reach,So happy to receive these two beautiful kurtas from @isha.life.india 🤍 The material feels incredibly soft and comfortable on the skin perfect for everyday elegance🌻  #explorepage #lifestyle #ishalife #grwm
830,Tier 4: Toggle OFF + Organic (Noise),Isha Life India,"Pan-India / Tamil Nadu (HQ: Coimbatore, Isha)",@kashiyog_,20000,🕉️ Devotional Content & Spiritual Storytelling,18850,455,8,2.41%,2.31%,2026-08-19,https://www.instagram.com/p/DcOMZqMopgj/,⚪ Standard Organic: Baseline organic collab reach,After coming back from the trip i needed something gentle for my skin and I started using oijaswini bath powder @isha.life.india  🌷100% natural made from ayurvedic herbs  🌿 Helps protect skin from germs and bacterial infections  🪴Exfoliates dead skin
831,Tier 4: Toggle OFF + Organic (Noise),Divine Hindu,Pan-India / Delhi NCR (HQ: New Delhi),@ililuminate,619000,🕉️ Devotional Content & Spiritual Storytelling,18696,531,28,2.84%,0.09%,2026-05-22,https://www.instagram.com/p/DYo36knyAAG/,⚪ Standard Organic: Baseline organic collab reach,हर हर महादेव🔱 @divinehindu.in
832,Tier 4: Toggle OFF + Organic (Noise),Isha Life India,"Pan-India / Tamil Nadu (HQ: Coimbatore, Isha)",@sadhgurus_insight,199000,"🏛️ Temple Lore, Mythology & Sanatan Philosophy",18611,1006,15,5.41%,0.51%,2026-01-27,https://www.instagram.com/p/DUBEVsmgRlR/,⚪ Standard Organic: Baseline organic collab reach,How Shiva became Ardhanarishvara - A beautiful tale of Shiva and Parvati's union.  #ishalife #forconsciousliving #ardhnarishvara #Shiva #shakti
833,Tier 4: Toggle OFF + Organic (Noise),Isha Life India,"Pan-India / Tamil Nadu (HQ: Coimbatore, Isha)",@heeyy___parth,36000,"🏛️ Temple Lore, Mythology & Sanatan Philosophy",18589,1617,85,8.70%,4.73%,2026-02-05,https://www.instagram.com/p/DUYMAGREyHV/,"📈 Viral Organic Reach: High organic views (18,589) with strong like rate (8.7%)","Shiva Parvati Love💓🔱॰॰॰॰॰ ःःःः This Mahashivratri, meet the Adiyogi within you. The first yogi, the silent source from where awareness was born. Shiva is stillness : pure consciousness without form. Parvati is movement : devotion, strength, and the p"
834,Tier 4: Toggle OFF + Organic (Noise),Isha Life India,"Pan-India / Tamil Nadu (HQ: Coimbatore, Isha)",@yoga.rubika,219000,🕉️ Devotional Content & Spiritual Storytelling,18542,416,67,2.24%,0.22%,2026-02-14,https://www.instagram.com/p/DUvk_QMibg7/,⚪ Standard Organic: Baseline organic collab reach,"These Adiyogi prasadam items were kept in sacred spaces like Dhyanalinga and in the presence of Adiyogi at Isha Yoga Center, Coimbatore.  Just like warmth lingers when you sit by a fire, presence lingers when something rests in such spaces.  Comment "
835,Tier 4: Toggle OFF + Organic (Noise),House of Rudra,Pan-India / Gujarat (HQ: Ahmedabad),@nandhutales,139000,"📦 Unboxing, Gifting & Product Review",18506,2020,83,10.92%,1.51%,2025-10-23,https://www.instagram.com/p/DQJnNDND3aQ/,⚪ Standard Organic: Baseline organic collab reach,"""Comment Rudra and you’ll directly get the link in your dm ❤️""  Follow @houseofrudra_social & Buy on www.houseofrudra.in They have authentic with lab tested Rudraksh bracelets  #religious #rudraksh #bracelet #accessories #goldbracelet#trendingreels #"
836,Tier 4: Toggle OFF + Organic (Noise),Divine Hindu,Pan-India / Delhi NCR (HQ: New Delhi),@karungali_by_divinehindu,97000,🕉️ Devotional Content & Spiritual Storytelling,18500,67,1,0.36%,0.07%,2026-08-22,https://www.instagram.com/p/DcVL8u5qAvT/,⚪ Standard Organic: Baseline organic collab reach,"Which hand should Rakhi actually be tied on? 🤔🧿  Traditionally, Rakhi is tied on the right wrist of the brother, as the right side is considered auspicious in many Hindu rituals. 🙏  But Rakhi is much more than a thread. ❤️ It carries a sister’s praye"
837,Tier 4: Toggle OFF + Organic (Noise),Divine Hindu,Pan-India / Delhi NCR (HQ: New Delhi),@yatriactors,74000,🕉️ Devotional Content & Spiritual Storytelling,18429,3,28,0.02%,0.04%,2026-01-30,https://www.instagram.com/p/DUIs7ppkgtW/,⚪ Standard Organic: Baseline organic collab reach,"“During our all-India bike journey, Divine Hindu’s Rudraksha Mala stayed with us like a silent protector, keeping us safe every mile.” Emotional story"
838,Tier 4: Toggle OFF + Organic (Noise),Isha Life India,"Pan-India / Tamil Nadu (HQ: Coimbatore, Isha)",@whatshe._loves,6727,✨ Spiritual Lifestyle & Modern Wellness,18283,280,32,1.53%,4.64%,2026-05-09,https://www.instagram.com/p/DYG04VChhDU/,⚪ Standard Organic: Baseline organic collab reach,Weekends for me are all about A little self-pampering ! slowing down and taking care of myself + herbal face pack along with yogic wellness This weekend was even more special as I included @isha.life.india beautiful self-care product for wellness. Ch
839,Tier 4: Toggle OFF + Organic (Noise),Isha Life India,"Pan-India / Tamil Nadu (HQ: Coimbatore, Isha)",@yoga.rubika,219000,🕉️ Devotional Content & Spiritual Storytelling,18140,553,57,3.05%,0.28%,2026-06-01,https://www.instagram.com/p/DZCxeeUBpuv/,⚪ Standard Organic: Baseline organic collab reach,"Ladakh doesn’t care how fit you are. It will humble you. Not joking.🏔️  So before I pack my bags, I make sure I have my essentials with me.  Here’s everything I picked up from Isha Life before heading to the mountains:   🌿 Sanjeevani 💊 Neem & Turmeri"
840,Tier 4: Toggle OFF + Organic (Noise),Isha Life India,"Pan-India / Tamil Nadu (HQ: Coimbatore, Isha)",@nupurxmusic,13000,🎉 Festival & Auspicious Muhurat Activations,18087,668,18,3.69%,5.28%,2026-02-09,https://www.instagram.com/p/DUhw_Y6DBL0/,"📈 Viral Organic Reach: High organic views (18,087) with strong like rate (3.69%)","The powerful Shiv Stotram 🪷  With Mahadev’s blessings, I hope the year does me good. Grateful to ishalife for making it a memorable and divine Mahashivratri✨  Har Har Mahadev 🔱  Accessories and Adiyogi idol by @isha.life.india"
841,Tier 4: Toggle OFF + Organic (Noise),Isha Life India,"Pan-India / Tamil Nadu (HQ: Coimbatore, Isha)",@vidhiness,6565,🎉 Festival & Auspicious Muhurat Activations,18034,506,22,2.81%,8.04%,2026-02-08,https://www.instagram.com/p/DUfEmVmiYxX/,"📈 Viral Organic Reach: High organic views (18,034) with strong like rate (2.81%)","Maha Shivratri is not just something to observe once a year. For me, it’s an everyday reminder, to slow down, to become still, to live with more awareness.🌻  This Maha Shivratri, I’m preparing with the Adiyogi Prasadam from @isha.life.india, simple o"
842,Tier 4: Toggle OFF + Organic (Noise),House of Rudra,Pan-India / Gujarat (HQ: Ahmedabad),@meghana_599,36000,🕉️ Devotional Content & Spiritual Storytelling,17977,324,8,1.80%,0.92%,2026-02-09,https://www.instagram.com/p/DUh3lcCku5h/,⚪ Standard Organic: Baseline organic collab reach,Place your order now  Link is in my bio ❤️  Follow @houseofrudra_social & Buy on www.houseofrudra.in They have authentic Karungali Malas with lab tested certificates   #religious #karungalemala #mala #accessories #religious accessories trendingreels 
843,Tier 4: Toggle OFF + Organic (Noise),Isha Life India,"Pan-India / Tamil Nadu (HQ: Coimbatore, Isha)",@withsadhguru,978000,🕉️ Devotional Content & Spiritual Storytelling,17912,866,5,4.83%,0.09%,2026-02-01,https://www.instagram.com/p/DUNbAXuAayg/,⚪ Standard Organic: Baseline organic collab reach,Today is Thaipusam   #isha #thaipusam #ishalife #forconsciousliving
844,Tier 4: Toggle OFF + Organic (Noise),Japam,Pan-India / Rajasthan (HQ: Jaipur),@beingsamridhi_,401,"🔬 Rudraksha Authenticity, Lab Testing & Craft Lore",17878,560,22,3.13%,145.14%,2026-02-24,https://www.instagram.com/p/DVIXOqagcK2/,"📈 Viral Organic Reach: High organic views (17,878) with strong like rate (3.13%)","Don’t just worship calm. Practice it.  Wearing this Rudraksha bracelet from Japam as my daily reminder. Authenticity certified ✔️  Explore: @japam.in  #japam #spirituality #rudraksh #shiv  (Shiv , rudraksh , japam , wearable, daily, spiritual, spirit"
845,Tier 4: Toggle OFF + Organic (Noise),Japam,Pan-India / Rajasthan (HQ: Jaipur),@deep_anshuu_,57000,"🕉️ Mantras, Japa Meditation & Puja Rituals",17855,3,12,0.02%,0.03%,2026-04-08,https://www.instagram.com/p/DW33yS1SJn_/,⚪ Standard Organic: Baseline organic collab reach,"Japam Karungali Mala 🖤✨ “Shakti, Suraksha aur Shanti ka prateek… har jap ke saath badhe positivity aur inner power.”  Abhi jao JAPAM.IN ki website per or order karo"
846,Tier 4: Toggle OFF + Organic (Noise),Divine Hindu,Pan-India / Delhi NCR (HQ: New Delhi),@vedicvisa,52000,"🔮 Astrology, Horoscope & Gemstone Consultation",17814,567,30,3.18%,1.15%,2026-01-08,https://www.instagram.com/p/DTPmiadkh-k/,⚪ Standard Organic: Baseline organic collab reach,Can Destiny change ? Kya Kismat badal sakti hai  Story of astrology how astrology started  Story of brighu rishi brhama ji and ganesha  Hare krishna hare rama radhe radhe  #radha #krishna #explorepage #vrindavan #astrology
847,Tier 4: Toggle OFF + Organic (Noise),Isha Life India,"Pan-India / Tamil Nadu (HQ: Coimbatore, Isha)",@khandani_life,19000,🌟 Celebrity & Spiritual Leader Endorsement,17801,229,24,1.29%,1.33%,2026-02-14,https://www.instagram.com/p/DUvY_19D2M3/,⚪ Standard Organic: Baseline organic collab reach,"Getting ready for a night filled with devotion, peace, and the largest spiritual celebration on the planet ✨ 🧘🏻‍♂️   #sadhguru #shiva #ishalife #traditional #mahashivratri"
848,Tier 4: Toggle OFF + Organic (Noise),Japam,Pan-India / Rajasthan (HQ: Jaipur),@storytimewithnishant,26000,"🕉️ Mantras, Japa Meditation & Puja Rituals",17764,370,10,2.08%,1.46%,2026-02-07,https://www.instagram.com/p/DUdkH3OD_bu/,⚪ Standard Organic: Baseline organic collab reach,"Agar aap subah uthte hi “Shivam Karoti Kalyanam” mantra ka sirf 11 baar jaap kar lete hain, toh Mahadev ki apar kripa poore din aap par bani rehti hai. Shastron ke anusar mantra tab aur adhik shaktishaali hota hai jab gehre dhyaan aur sahi saadhan ke"
849,Tier 4: Toggle OFF + Organic (Noise),Isha Life India,"Pan-India / Tamil Nadu (HQ: Coimbatore, Isha)",@dr.maulikjhaveri,11000,🕉️ Devotional Content & Spiritual Storytelling,17703,311,1,1.76%,2.84%,2026-02-17,https://www.instagram.com/p/DU2N3-7k1ha/,⚪ Standard Organic: Baseline organic collab reach,"Back-to-back surgeries don’t pause for hunger.  On most hospital days, meals get delayed — and that’s usually when energy crashes begin.  What works better for me in those moments is something simple and clean — ingredients I can recognise.  These ba"
850,Tier 4: Toggle OFF + Organic (Noise),Divine Hindu,Pan-India / Delhi NCR (HQ: New Delhi),@spiritualshilpa_,314000,"🔬 Rudraksha Authenticity, Lab Testing & Craft Lore",17628,268,5,1.52%,0.09%,2026-02-26,https://www.instagram.com/p/DVOKAu1FxJ7/,⚪ Standard Organic: Baseline organic collab reach,"ABOUT THIS VIDEO Rudraksha ko traditionally healing bead mana jata hai jo mental calm, focus aur emotional balance support ke liye pehna jata hai. Meditation aur spiritual practices mein bhi iska important role maana jata hai. Different mukhi Rudraks"
851,Tier 4: Toggle OFF + Organic (Noise),Isha Life India,"Pan-India / Tamil Nadu (HQ: Coimbatore, Isha)",@roshini__roshi,11000,"🏛️ Temple Lore, Mythology & Sanatan Philosophy",17606,425,23,2.41%,4.07%,2026-06-29,https://www.instagram.com/p/DaJ4RkKzxhL/,"📈 Viral Organic Reach: High organic views (17,606) with strong like rate (2.41%)","Starting the week with a little peace, a little prayer, and beautiful handcrafted essentials from @isha.life.india 🕉️✨ . .  From the serene Shiva idol and calming incense sticks to this beautiful mul cotton wrap top and skirt set, every piece brings "
852,Tier 4: Toggle OFF + Organic (Noise),Divine Hindu,Pan-India / Delhi NCR (HQ: New Delhi),@karungali_by_divinehindu,97000,"🔬 Rudraksha Authenticity, Lab Testing & Craft Lore",17595,124,11,0.70%,0.14%,2026-01-25,https://www.instagram.com/p/DT7wvYQE0BT/,⚪ Standard Organic: Baseline organic collab reach,"Real or fake?👀🤷‍♀️  From Karungali to every sacred product authenticity is guaranteed✨  Shop Now| Link in the Bio👆  [Karungali, Spiritual, sanatani, Hindu, Hinduism, Authentic, spiritual jewellery, Real]  #divinehindu #hindu #spiritual #karungali"
853,Tier 4: Toggle OFF + Organic (Noise),Isha Life India,"Pan-India / Tamil Nadu (HQ: Coimbatore, Isha)",@_sadhguru.wisdom_,284000,🌟 Celebrity & Spiritual Leader Endorsement,17520,502,3,2.87%,0.18%,2026-02-09,https://www.instagram.com/p/DUimLBjAcui/,⚪ Standard Organic: Baseline organic collab reach,"Are you wearing a Rudraksha? What is your experience? Tell us in the comments!  (Mahahshivratri 2026, Isha Mahashivratri, Shiva, Sadhana, Adiyogi, Rudraksha, Night of grace, Mahashivratri celebrations,  Sadhguru, Mahashivratri, Mahashivratri meditati"
854,Tier 4: Toggle OFF + Organic (Noise),Divine Hindu,Pan-India / Delhi NCR (HQ: New Delhi),@sanchitamitra8629,2890,"🔬 Rudraksha Authenticity, Lab Testing & Craft Lore",17502,202,3,1.15%,7.09%,2026-03-02,https://www.instagram.com/p/DVX9lVXkY2K/,⚪ Standard Organic: Baseline organic collab reach,"Discover the power of the seven-mukhi Nepalese Rudraksha—symbolizing luck, protection, and divine energy.   Wear it to connect with your spiritual strength.  buy ur from @divinehindu.in today.   #divinehindu #sevenmukhirudraksha #instagram #viral"
855,Tier 4: Toggle OFF + Organic (Noise),Divine Hindu,Pan-India / Delhi NCR (HQ: New Delhi),@bhaktipath_by_ashish,384000,"📦 Unboxing, Gifting & Product Review",17500,219,3,1.25%,0.06%,2026-01-20,https://www.instagram.com/p/DTttChek1m1/,⚪ Standard Organic: Baseline organic collab reach,Get karungali rudraksh damru bracelet from @divinehindu.in  #divinehindu
856,Tier 4: Toggle OFF + Organic (Noise),Isha Life India,"Pan-India / Tamil Nadu (HQ: Coimbatore, Isha)",@livingnearisha.coimbatore,13000,🕉️ Devotional Content & Spiritual Storytelling,17494,550,10,3.14%,4.31%,2026-02-12,https://www.instagram.com/p/DUpKHJ7Ees7/,"📈 Viral Organic Reach: High organic views (17,494) with strong like rate (3.14%)",Isha Life Products
857,Tier 4: Toggle OFF + Organic (Noise),House of Rudra,Pan-India / Gujarat (HQ: Ahmedabad),@shreya___poojary_,45000,"📦 Unboxing, Gifting & Product Review",17442,551,9,3.16%,1.24%,2026-01-12,https://www.instagram.com/p/DTaXSstEwSC/,⚪ Standard Organic: Baseline organic collab reach,"Money Magnet Bracelet + Evil Eye Bracelet FREE @houseofrudra_social   ಧನ, ಸಮೃದ್ಧಿ ಮತ್ತು ಪಾಸಿಟಿವ್ ಮನಿ ಎನರ್ಜಿ ಆಕರ್ಷಿಸಲು Money Magnet Bracelet. ಇದೀಗ ಆರ್ಡರ್ ಮಾಡಿದರೆ Evil Eye Bracelet ಸಂಪೂರ್ಣವಾಗಿ ಉಚಿತ."
858,Tier 4: Toggle OFF + Organic (Noise),Isha Life India,"Pan-India / Tamil Nadu (HQ: Coimbatore, Isha)",@ksodhi1,73000,🕉️ Devotional Content & Spiritual Storytelling,17284,476,8,2.75%,0.66%,2026-03-23,https://www.instagram.com/p/DWOrqqbE9f2/,⚪ Standard Organic: Baseline organic collab reach,"🏃Ultra marathon prep wasn’t easy. Back-to-back runs (tired leg training).  And when your body goes through that much, recovery & nutrition become everything.  I wanted something natural, clean & actually effective, that’s when I came across Instant S"
859,Tier 4: Toggle OFF + Organic (Noise),Rudralife,Pan-India / Maharashtra (HQ: Mumbai),@secret_temples,658000,🕉️ Devotional Content & Spiritual Storytelling,17260,933,5,5.41%,0.14%,2026-01-05,https://www.instagram.com/p/DTIQor5EzUZ/,⚪ Standard Organic: Baseline organic collab reach,"Not every mystery needs to be solved to be respected❗️  Some deserve to be understood carefully, patiently, and truthfully🧿  Ancient India left behind marvels that reward inquiry just as much as belief🙏🏻  Follow for more such mysteries✨  #rudralife #"
860,Tier 4: Toggle OFF + Organic (Noise),Isha Life India,"Pan-India / Tamil Nadu (HQ: Coimbatore, Isha)",@madhavi_unplugged,18000,🕉️ Devotional Content & Spiritual Storytelling,17078,375,3,2.20%,2.10%,2026-04-23,https://www.instagram.com/p/DXerIFRzeQd/,⚪ Standard Organic: Baseline organic collab reach,"Sanjeevini Laddo 🌼  I’ve always had Sanjeevini as my go-to drink, but after tasting the laddo from @isha.life.india , I felt like trying it at home too. Made with a certain care and offered to the Devi ✨  Ingredients: Ghee, jaggery, Sanjeevini health"
861,Tier 4: Toggle OFF + Organic (Noise),Rudralife,Pan-India / Maharashtra (HQ: Mumbai),@tanay_seetha,492,"🔬 Rudraksha Authenticity, Lab Testing & Craft Lore",17073,160,6,0.94%,33.74%,2026-07-17,https://www.instagram.com/p/Da5GokbiG79/,⚪ Standard Organic: Baseline organic collab reach,"The rarest Rudraksha in existence is also the most counterfeited.   Coincidence? Not quite.  The 1 Mukhi Rudraksha represents pure consciousness, Shiva in his most undivided form.   🕉️ Its rarity is precisely what makes it a target.   What the market"
862,Tier 4: Toggle OFF + Organic (Noise),Rudralife,Pan-India / Maharashtra (HQ: Mumbai),@saumil.seetha,60,"🏛️ Temple Lore, Mythology & Sanatan Philosophy",17036,291,6,1.71%,495.00%,2026-06-20,https://www.instagram.com/p/DZznv2qC5p_/,⚪ Standard Organic: Baseline organic collab reach,"The bead with no lines, do you know which Rudraksha it actually is?  Nirakaar Rudraksha is marketed as a rare, formless manifestation of Shiva, sold for its mystery, its silence, its ‘beyond definition’ appeal.   But in reality, it’s almost always a "
863,Tier 4: Toggle OFF + Organic (Noise),Divine Hindu,Pan-India / Delhi NCR (HQ: New Delhi),@surendra_yogi9,95000,🕉️ Devotional Content & Spiritual Storytelling,16889,294,10,1.74%,0.32%,2025-11-17,https://www.instagram.com/p/DRKCdIJEtp-/,⚪ Standard Organic: Baseline organic collab reach,Align your energy. Balance your mind. Protect your aura. Experience the power of Rudraksha 🔱 Shop now from @divinehindu.in
864,Tier 4: Toggle OFF + Organic (Noise),Isha Life India,"Pan-India / Tamil Nadu (HQ: Coimbatore, Isha)",@durgveda_amol,26000,✨ Spiritual Lifestyle & Modern Wellness,16662,483,24,2.90%,1.95%,2026-02-14,https://www.instagram.com/p/DUvJfxajIpk/,⚪ Standard Organic: Baseline organic collab reach,"शिवो भूत्वा शिवं यजेत्।🔱🕉️  Adiyogi की प्रेरणा, रुद्राक्ष की पवित्र ऊर्जा और सनातन की पहचान को अपने जीवन का हिस्सा बनाना मेरे लिए सिर्फ fashion नहीं, एक भावना है।  @isha.life.india के साथ इस खास महाशिवरात्री अवसर में मैंने Adiyogi T-Shirt, Rudraksha,"
865,Tier 4: Toggle OFF + Organic (Noise),Divine Hindu,Pan-India / Delhi NCR (HQ: New Delhi),@delhi4_you,15000,🕉️ Devotional Content & Spiritual Storytelling,16619,131,18,0.79%,0.99%,2025-12-20,https://www.instagram.com/p/DSeYjCBEuHK/,⚪ Standard Organic: Baseline organic collab reach,"Not just a stall, it’s pure divine 🚩 Visit and feel that @divinehindu.in   📍: select citywalk mall, saket New delhi  Follow @delhi4_you for more such content 🥺  Cover photo credits : concerned person/google [ select citywalk mall, Christmas events in"
866,Tier 4: Toggle OFF + Organic (Noise),Isha Life India,"Pan-India / Tamil Nadu (HQ: Coimbatore, Isha)",@vidhiness,6565,🎉 Festival & Auspicious Muhurat Activations,16619,442,34,2.66%,7.25%,2026-08-22,https://www.instagram.com/p/DcV6CWHhn8a/,"📈 Viral Organic Reach: High organic views (16,619) with strong like rate (2.66%)","Sawan has a way of bringing us closer to what feels sacred, to stillness, devotion, and to the roots that connect us to who we are!!🕉️  Draped in the beautiful Devi Saree by @isha.life.india , I feel a quiet connection to Devi, to feminine energy, tr"
867,Tier 4: Toggle OFF + Organic (Noise),Isha Life India,"Pan-India / Tamil Nadu (HQ: Coimbatore, Isha)",@priyankavenkatswamy,5269,🕉️ Devotional Content & Spiritual Storytelling,16552,228,8,1.38%,4.48%,2026-06-25,https://www.instagram.com/p/DaAcEFqpY5z/,⚪ Standard Organic: Baseline organic collab reach,Some conscious choices! From ISHA LIFE!   #youtube #vlogger #minivlogs #workingmom #isha
868,Tier 4: Toggle OFF + Organic (Noise),Isha Life India,"Pan-India / Tamil Nadu (HQ: Coimbatore, Isha)",@withsadhguru,978000,🌟 Celebrity & Spiritual Leader Endorsement,16520,893,10,5.41%,0.09%,2026-02-11,https://www.instagram.com/p/DUmwNbYAUgt/,⚪ Standard Organic: Baseline organic collab reach,"""True Devotion means becoming the hand of the divine. Whatever comes your way, you will know how to transform it into something beautiful."" - Sadhguru  (Mahahshivratri 2026, Isha Mahashivratri, Shiva, Sadhana, Adiyogi, Rudraksha, Night of grace, Maha"
869,Tier 4: Toggle OFF + Organic (Noise),Isha Life India,"Pan-India / Tamil Nadu (HQ: Coimbatore, Isha)",@gopikrishna_bhuvanam,102000,🕉️ Devotional Content & Spiritual Storytelling,16414,377,4,2.30%,0.37%,2026-02-03,https://www.instagram.com/p/DUTJaePALJi/,⚪ Standard Organic: Baseline organic collab reach,"Travel, for me, is about being present. Nothing should interrupt it.  Not the body. Not the mind. Not even what I wear.  @isha.life.india"
870,Tier 4: Toggle OFF + Organic (Noise),Divine Hindu,Pan-India / Delhi NCR (HQ: New Delhi),@vikramgoraya,100000,🕉️ Devotional Content & Spiritual Storytelling,16391,3,3,0.02%,0.01%,2026-01-24,https://www.instagram.com/p/DT4qp6CE8CJ/,⚪ Standard Organic: Baseline organic collab reach,Attract Money 💰 with your Mindset
871,Tier 4: Toggle OFF + Organic (Noise),Isha Life India,"Pan-India / Tamil Nadu (HQ: Coimbatore, Isha)",@snehaanairr,14000,"🕉️ Mantras, Japa Meditation & Puja Rituals",16368,3,24,0.02%,0.19%,2026-01-02,https://www.instagram.com/p/DTAthcPEiiv/,⚪ Standard Organic: Baseline organic collab reach,"Slow mornings, mindful choices 🤍 From dried nuts for quick nourishment, a protein bar between shoots, a caffeine -free drink that keeps me calm and energized without the jitters, to pure ghee in my everyday meals ✨ Ending the day by unwinding with a "
872,Tier 4: Toggle OFF + Organic (Noise),Rudralife,Pan-India / Maharashtra (HQ: Mumbai),@timesfashionweek,281000,✨ Spiritual Lifestyle & Modern Wellness,16174,232,5,1.43%,0.08%,2025-04-12,https://www.instagram.com/p/DIWN4FTKWX3/,⚪ Standard Organic: Baseline organic collab reach,"Rooted in energy. Designed with intention. Go behind the scenes with Milind Soman and the minds behind Rudralife as they dive into the spirit, symbolism, and story behind their Spring/Summer collection at Bombay Times Fashion Week.  A conversation on"
873,Tier 4: Toggle OFF + Organic (Noise),Isha Life India,"Pan-India / Tamil Nadu (HQ: Coimbatore, Isha)",@whatshe._loves,6727,🕉️ Devotional Content & Spiritual Storytelling,16153,271,31,1.68%,4.49%,2025-12-31,https://www.instagram.com/p/DS60ARXCfQ-/,⚪ Standard Organic: Baseline organic collab reach,"Same me, better habits — hello 2026 ✨ Currently using & loving @isha.life.india products for Conscious living 🤍 2025 didn’t change me overnight. It changed me quietly — through small habits, slow mornings, choosing myself more often, and learning to "
874,Tier 4: Toggle OFF + Organic (Noise),House of Rudra,Pan-India / Gujarat (HQ: Ahmedabad),@dharmeshchauhaan,19000,"🔬 Rudraksha Authenticity, Lab Testing & Craft Lore",16073,3,24,0.02%,0.14%,2026-06-22,https://www.instagram.com/p/DZ46ZMdyncs/,⚪ Standard Organic: Baseline organic collab reach,Har Har Mahadev🕉️🔱  Place your order now  Link is in my bio ❤️  Follow @houseofrudra_social & Buy on www.houseofrudra.in They have authentic 7 mukhi rudraksh with lab tested certificates  #religious #moneymagnetbracelet #accessories #religious #7mukh
875,Tier 4: Toggle OFF + Organic (Noise),Isha Life India,"Pan-India / Tamil Nadu (HQ: Coimbatore, Isha)",@vidhiness,6565,🌟 Celebrity & Spiritual Leader Endorsement,15996,410,26,2.56%,6.64%,2026-02-13,https://www.instagram.com/p/DUr8pRiiVKd/,"📈 Viral Organic Reach: High organic views (15,996) with strong like rate (2.56%)","Shiva is not a form. He is fire, stillness, rhythm, balance.  Wearing these elements as a quiet reminder of that!!🕉 Silver jewellery, crafted consciously, by @isha.life.india  . . . . [ Isha Life, Silver Jewellery, Mahashivratri, Shiva, Sadhguru, Adi"
876,Tier 4: Toggle OFF + Organic (Noise),House of Rudra,Pan-India / Gujarat (HQ: Ahmedabad),@veer.speaks,306,"🔬 Rudraksha Authenticity, Lab Testing & Craft Lore",15982,328,3,2.05%,108.17%,2026-04-10,https://www.instagram.com/p/DW89518j-Br/,"📈 Viral Organic Reach: High organic views (15,982) with strong like rate (2.05%)",Do you know this?  Place your order now  Link is in my bio ❤️  Follow @houseofrudra_social & Buy on www.houseofrudra.in They have authentic 7 mukhi rudraksh with lab tested certificates  #religious #rudraksh #accessories #religious accessories #trend
877,Tier 4: Toggle OFF + Organic (Noise),Isha Life India,"Pan-India / Tamil Nadu (HQ: Coimbatore, Isha)",@whatshe._loves,6727,🌟 Celebrity & Spiritual Leader Endorsement,15973,190,24,1.19%,3.18%,2025-12-26,https://www.instagram.com/p/DSuWawsiVqt/,⚪ Standard Organic: Baseline organic collab reach,"Bitter but better 🌿 Nilavembu Kudineer from @isha.life.india to my daily routine — ""Adding a small sip of wellness to my day ""🤍 Visit @isha.life.india  and explore their online store for more  🌐 www.ishalife.sadhguru.org . . . #ishalife #NilavembuKud"
878,Tier 4: Toggle OFF + Organic (Noise),Rudralife,Pan-India / Maharashtra (HQ: Mumbai),@secret_temples,658000,🕉️ Devotional Content & Spiritual Storytelling,15969,3,9,0.02%,0.00%,2025-12-22,https://www.instagram.com/p/DSkPNLJAvIx/,⚪ Standard Organic: Baseline organic collab reach,"A chapter that took centuries to complete❗ A moment the world waited to witness🙏🏻  This is not merely a structure of stone It is memory, belief, and continuity carved into form✨  A spiritual symbol that now stands tall for generations to come.🌿  Ayod"
879,Tier 4: Toggle OFF + Organic (Noise),Isha Life India,"Pan-India / Tamil Nadu (HQ: Coimbatore, Isha)",@itsaman_._soni,95000,🕉️ Devotional Content & Spiritual Storytelling,15913,3,22,0.02%,0.03%,2026-05-28,https://www.instagram.com/p/DY305w_zrQ-/,⚪ Standard Organic: Baseline organic collab reach,"I have been on a journey of doing Jyotirlinga darshans on foot — a personal striving to know and experience life more deeply. Since this journey is physically intense, especially in the scorching heat, it became very important for me to wear somethin"
880,Tier 4: Toggle OFF + Organic (Noise),Isha Life India,"Pan-India / Tamil Nadu (HQ: Coimbatore, Isha)",@bhoomija.yogini,13000,"🕉️ Mantras, Japa Meditation & Puja Rituals",15909,835,61,5.25%,6.89%,2026-07-29,https://www.instagram.com/p/DbXSGT0PkN5/,"📈 Viral Organic Reach: High organic views (15,909) with strong like rate (5.25%)","Hobby to Sadhana: That’s what art became! My guru, my Devi did all the magic.✨  🌹This Guru purnima, this heartfelt confession came very naturally as over the years Art has become something I cannot describe.  🌹Each art is a piece of my heart and an e"
881,Tier 4: Toggle OFF + Organic (Noise),Isha Life India,"Pan-India / Tamil Nadu (HQ: Coimbatore, Isha)",@mayank.jain.yoga,2145,🕉️ Devotional Content & Spiritual Storytelling,15892,530,5,3.34%,24.94%,2026-02-12,https://www.instagram.com/p/DUqWnuLERTx/,"📈 Viral Organic Reach: High organic views (15,892) with strong like rate (3.34%)","Yoga for me begins before the class — by preparing the space.  The way a space is held deeply impacts how the body, breath, and awareness respond. 🌿  Lighting @isha.life.india incense cones helps create an atmosphere of stillness and receptivity, all"
882,Tier 4: Toggle OFF + Organic (Noise),Divine Hindu,Pan-India / Delhi NCR (HQ: New Delhi),@vikramgoraya,100000,🕉️ Devotional Content & Spiritual Storytelling,15837,3,7,0.02%,0.01%,2026-04-01,https://www.instagram.com/p/DWlmGNDhAO0/,⚪ Standard Organic: Baseline organic collab reach,Protect your energy - Focus on good things #explore #trending
883,Tier 4: Toggle OFF + Organic (Noise),Isha Life India,"Pan-India / Tamil Nadu (HQ: Coimbatore, Isha)",@pananagram,1997,"📦 Unboxing, Gifting & Product Review",15780,443,21,2.81%,23.23%,2026-01-12,https://www.instagram.com/p/DTbW4qZkfQO/,"📈 Viral Organic Reach: High organic views (15,780) with strong like rate (2.81%)","34 days til MahaShivratri! Let’s talk about my adornments. I don’t wear jewelry. And it’s probably because I was never good at keeping them. I always lost necklaces and gifts given to me, so I stopped wearing jewelry altogether.  Since I’ve dived int"
884,Tier 4: Toggle OFF + Organic (Noise),Isha Life India,"Pan-India / Tamil Nadu (HQ: Coimbatore, Isha)",@tanishqmusick,104000,🕉️ Devotional Content & Spiritual Storytelling,15688,848,4,5.41%,0.82%,2026-06-19,https://www.instagram.com/p/DZxgRmiiIZK/,⚪ Standard Organic: Baseline organic collab reach,"Where melody meets devotion, something beautiful unfolds. 🎶❤️ A glimpse of what’s to come... Our new devotional music offering is arriving soon. Kurta and Pants- @isha.life.india"
885,Tier 4: Toggle OFF + Organic (Noise),Isha Life India,"Pan-India / Tamil Nadu (HQ: Coimbatore, Isha)",@surbhi.bobde,4982,🕉️ Devotional Content & Spiritual Storytelling,15578,316,10,2.03%,6.54%,2026-02-02,https://www.instagram.com/p/DUP04xDASSe/,"📈 Viral Organic Reach: High organic views (15,578) with strong like rate (2.03%)","You don’t have to believe me, but your clothes affect your body more than you think 🌿  Try wearing raw silk or cotton for a week and just observe how you feel. Then switch to tight, synthetic fabrics and notice the difference.  Natural fabrics feel l"
886,Tier 4: Toggle OFF + Organic (Noise),Divine Hindu,Pan-India / Delhi NCR (HQ: New Delhi),@jyotigauba,132000,"🔬 Rudraksha Authenticity, Lab Testing & Craft Lore",15436,85,4,0.55%,0.07%,2025-12-24,https://www.instagram.com/p/DSoiLWvk-aw/,⚪ Standard Organic: Baseline organic collab reach,Spiritual strength you can wear ✨🌿  #Rudraksha #SpiritualJewellery #DivineWear #5MukhiRudraksha #DivineHindu SacredBeads DevotionalStyle SpiritualVibes HinduCulture BlessedEnergy IndianTradition NecklaceLove
887,Tier 4: Toggle OFF + Organic (Noise),Isha Life India,"Pan-India / Tamil Nadu (HQ: Coimbatore, Isha)",@vidhiness,6565,🕉️ Devotional Content & Spiritual Storytelling,15145,320,17,2.11%,5.13%,2025-12-13,https://www.instagram.com/p/DSM0fg5ic6P/,"📈 Viral Organic Reach: High organic views (15,145) with strong like rate (2.11%)","26, Not just an age, but a gentle shift in how I move, choose, and live. Wearing pieces that breathe with me, like this handwoven indigo kurta and green cotton dhoti from @isha.life.india . Their handmade earrings, their energy bar, it’s the small, c"
888,Tier 4: Toggle OFF + Organic (Noise),Isha Life India,"Pan-India / Tamil Nadu (HQ: Coimbatore, Isha)",@beeyan.in,36000,🌟 Celebrity & Spiritual Leader Endorsement,15140,326,5,2.15%,0.92%,2026-01-30,https://www.instagram.com/p/DUIawaiiZzf/,⚪ Standard Organic: Baseline organic collab reach,Mahashivratri is not just a night —it is a doorway to turn inward. 🧘‍♀️  Har Har Mahadev 🔱🌑. . . . . . . . #mahashivratri #sadhguru #beeyan #shiva #meditation
889,Tier 4: Toggle OFF + Organic (Noise),Divine Hindu,Pan-India / Delhi NCR (HQ: New Delhi),@startupseekho,25000,🕉️ Devotional Content & Spiritual Storytelling,15100,117,0,0.77%,0.47%,2026-03-21,https://www.instagram.com/p/DWJattbiWPf/,⚪ Standard Organic: Baseline organic collab reach,"People don’t just buy products… They buy belief 👀 Here are the top 2 reasons Rudraksh demand is growing in India. 🌐 https://startupseekho.com/⁠� 🎯 https://topmate.io/startupseekho⁠� Comment “startup”, “guide”, “grow”, or “build” and we’ll send you mo"
890,Tier 4: Toggle OFF + Organic (Noise),Isha Life India,"Pan-India / Tamil Nadu (HQ: Coimbatore, Isha)",@hathalifestudio,15000,🕉️ Devotional Content & Spiritual Storytelling,15067,283,12,1.88%,1.97%,2026-02-17,https://www.instagram.com/p/DU3CEPHkbpF/,⚪ Standard Organic: Baseline organic collab reach,"Inspired by the traditional mud-resist art of Rajasthan, Dabu print cotton sarees blend heritage with everyday elegance. Breathable, lightweight, and skin-friendly, cotton keeps you cool and comfortable all day.   Explore these timeless sarees in man"
891,Tier 4: Toggle OFF + Organic (Noise),Rudralife,Pan-India / Maharashtra (HQ: Mumbai),@tanay_seetha,492,🕉️ Devotional Content & Spiritual Storytelling,14981,494,11,3.30%,102.64%,2026-05-18,https://www.instagram.com/p/DYenhKbN90E/,"📈 Viral Organic Reach: High organic views (14,981) with strong like rate (3.3%)","A Mughal prison. A 40-day sentence. And an army of monkeys that shook Fatehpur Sikri. 🐒  Most of us chant the Hanuman Chalisa for peace and protection, but do you know the explosive history of how it was born?   It wasn’t composed in a peaceful templ"
892,Tier 4: Toggle OFF + Organic (Noise),Isha Life India,"Pan-India / Tamil Nadu (HQ: Coimbatore, Isha)",@ishajaiswal__,26000,"🕉️ Mantras, Japa Meditation & Puja Rituals",14822,488,12,3.29%,1.92%,2026-02-09,https://www.instagram.com/p/DUitC2XkvuG/,⚪ Standard Organic: Baseline organic collab reach,"From Abhishekam to Aarti, every offering carries intention, purity, and faith 🌼 Performed with Isha Life’s sacred essentials — pure ghee, honey, haldi, kumkum, vibhuti, dhoop & prashadam. Because devotion deserves purity. ✨🕉️ #IshaLife #ShivlingAbhis"
893,Tier 4: Toggle OFF + Organic (Noise),Divine Hindu,Pan-India / Delhi NCR (HQ: New Delhi),@karungali_by_divinehindu,97000,"🕉️ Mantras, Japa Meditation & Puja Rituals",14714,55,9,0.37%,0.07%,2026-03-06,https://www.instagram.com/p/DVh8gPwSG_b/,⚪ Standard Organic: Baseline organic collab reach,"Rooted by Karungali, aligned by the Chakras. Protecting my peace while keeping my energy high. 🧘‍♂️✨  Order Now at divinehindu.in   [Chakras, Stones, Hindu, Spiritual jewellery, Karungali, Sanatani, meditation]  #divinehindu #hindu #karungali #bracel"
894,Tier 4: Toggle OFF + Organic (Noise),House of Rudra,Pan-India / Gujarat (HQ: Ahmedabad),@thevenkyrudra_9,138000,🕉️ Devotional Content & Spiritual Storytelling,14519,267,11,1.84%,0.20%,2026-02-04,https://www.instagram.com/p/DUVc1W3DHG6/,⚪ Standard Organic: Baseline organic collab reach,Comment link to get the direct link in your dm💕  Place your order now   Follow @houseofrudra_social & Buy on www.houseofrudra.in They have authentic Karungali Malas with lab tested certificates   #religious #karungalemala #mala #accessories #religiou
895,Tier 4: Toggle OFF + Organic (Noise),Isha Life India,"Pan-India / Tamil Nadu (HQ: Coimbatore, Isha)",@whatshe._loves,6727,🕉️ Devotional Content & Spiritual Storytelling,14462,243,40,1.68%,4.21%,2026-06-23,https://www.instagram.com/p/DZ7ViNYpKoT/,⚪ Standard Organic: Baseline organic collab reach,"Not every morning needs to be productive! Some are meant to be mindful- Conscious .Slow morning filled with simple rituals. 🌿☀️ Sukku Banam, Ojasvini Herbal Bath Powder, Herbal Toothpaste, Coconut Oil, Pancha Karpam, Jaggery & Navadhanya Cookies Comm"
896,Tier 4: Toggle OFF + Organic (Noise),Rudralife,Pan-India / Maharashtra (HQ: Mumbai),@secret_temples,658000,🕉️ Devotional Content & Spiritual Storytelling,14411,779,3,5.41%,0.12%,2025-02-21,https://www.instagram.com/p/DGVbtlCMN4C/,⚪ Standard Organic: Baseline organic collab reach,✨ Amrit Snan 2025 ✨  One-in-a-lifetime opportunity❗️ To cleanse the soul and receive divine grace🪷 Follow the right Muhurat and traditional rituals to make the most of this spiritual journey🕉️  🙏 Take your holy dip with devotion 🌞 Offer Arghya to the
897,Tier 4: Toggle OFF + Organic (Noise),Japam,Pan-India / Rajasthan (HQ: Jaipur),@_yagyax,2069,"🔬 Rudraksha Authenticity, Lab Testing & Craft Lore",14385,104,10,0.72%,5.51%,2026-03-07,https://www.instagram.com/p/DVlVIsOksPF/,⚪ Standard Organic: Baseline organic collab reach,Some people call it a stone. Some call it a symbol of abundance.  I call it a reminder that the right energy attracts the right opportunities.   Trying the Japam Raw Pyrite Stone with its 100% authenticity certificate. Let’s see what energy it brings
898,Tier 4: Toggle OFF + Organic (Noise),Divine Hindu,Pan-India / Delhi NCR (HQ: New Delhi),@bhavyeshh,32000,"📦 Unboxing, Gifting & Product Review",14289,3,7,0.02%,0.03%,2026-01-19,https://www.instagram.com/p/DTsOmUhEm6d/,⚪ Standard Organic: Baseline organic collab reach,"Tiger Eye Chakra Bracelet 🧿 Attract strength, confidence & protection into your life ✨ ✔ Boosts courage and self-belief ✔ Balances the Solar Plexus Chakra ✔ Protects from negative energies ✔ Enhances focus, clarity & decision-making 🛒 Buy now on 👉 ww"
899,Tier 4: Toggle OFF + Organic (Noise),Isha Life India,"Pan-India / Tamil Nadu (HQ: Coimbatore, Isha)",@healthysecretmantra,4083,🕉️ Devotional Content & Spiritual Storytelling,14256,202,7,1.42%,5.12%,2026-05-20,https://www.instagram.com/p/DYj8CijJA6N/,⚪ Standard Organic: Baseline organic collab reach,"🍪 Jaggery Nankhatai 🍪 My healthy twist to our Indian cookie ♥️  Made with isha life jaggery, isha life multigrain flour & pure ghee 🤍 No added ❌Refined Sugar ❌Refined Flour✨  🧾 Ingredients • 1/2 cup ghee (semi-solid) • 1 cup jaggery (powdered/grated)"
900,Tier 4: Toggle OFF + Organic (Noise),Isha Life India,"Pan-India / Tamil Nadu (HQ: Coimbatore, Isha)",@this_is_last_time_sg,237000,🕉️ Devotional Content & Spiritual Storytelling,14185,175,2,1.23%,0.07%,2025-12-09,https://www.instagram.com/p/DSDAXmvgdAO/,⚪ Standard Organic: Baseline organic collab reach,Stay active and energetic all day long with wholesome nutrition rooted in yogic wisdom. Try the all-new Energy Bars today!  Shop on ishalife.com  #ishalife #forconsciousliving #yogic #yogicwisdom #yogicsuperfood #yogiclifestyle #wellbeing
901,Tier 4: Toggle OFF + Organic (Noise),Divine Hindu,Pan-India / Delhi NCR (HQ: New Delhi),@_nandita_loomba,21000,"🏛️ Temple Lore, Mythology & Sanatan Philosophy",14183,3,16,0.02%,0.09%,2025-12-19,https://www.instagram.com/p/DScYvuOE6o1/,⚪ Standard Organic: Baseline organic collab reach,"A stall where devotion meets divinity!✨  📍select city walk mall, saket   Stall no.22- Enter from third gate opp. Zara store to find the stall easily.  [Divine vibes, Hindu spirituality, Sanatan culture, festive devotion, Christmas carnival India, fai"
902,Tier 4: Toggle OFF + Organic (Noise),Divine Hindu,Pan-India / Delhi NCR (HQ: New Delhi),@mishraaji135,77000,"🔬 Rudraksha Authenticity, Lab Testing & Craft Lore",14001,3,20,0.02%,0.03%,2026-02-17,https://www.instagram.com/p/DU2h5X_Ad0r/,⚪ Standard Organic: Baseline organic collab reach,"Boost Your Positive Energy   The 7 Mukhi Nepali Rudraksha Collection is believed to help you attract clarity, confidence, protection, and balanced energy  - supporting your mind, body, and spirit with authentic and powerful Rudraksha beads.  COD Avai"
903,Tier 4: Toggle OFF + Organic (Noise),House of Rudra,Pan-India / Gujarat (HQ: Ahmedabad),@nani_03.x,17000,"🏛️ Temple Lore, Mythology & Sanatan Philosophy",13914,3,1,0.02%,0.02%,2026-02-12,https://www.instagram.com/p/DUqKZU9AUO6/,⚪ Standard Organic: Baseline organic collab reach,Karungali mala 📿   #karungali #trendingreels  #telugu #hyderabad  #shivaratri
904,Tier 4: Toggle OFF + Organic (Noise),House of Rudra,Pan-India / Gujarat (HQ: Ahmedabad),@aniz_offiz,24000,🕉️ Devotional Content & Spiritual Storytelling,13890,183,13,1.32%,0.82%,2026-07-02,https://www.instagram.com/p/DaSmEyYvyv7/,⚪ Standard Organic: Baseline organic collab reach,"Comment 🔗  “Not just a mala… it’s a symbol of positivity, protection, and inner strength. 🖤🙏”  Place your order now  Link is in my bio ❤️  Buy on www.houseofrudra.in They have authentic Silver Karungali Mala with lab tested certificates  #tradionallo"
905,Tier 4: Toggle OFF + Organic (Noise),Isha Life India,"Pan-India / Tamil Nadu (HQ: Coimbatore, Isha)",@creative.kashishh,17000,"📦 Unboxing, Gifting & Product Review",13827,209,10,1.51%,1.29%,2026-02-15,https://www.instagram.com/p/DUyCwBxjfDo/,⚪ Standard Organic: Baseline organic collab reach,"POV: You romanticised slow living & actually started living it 🌿✨  Styling my Nandi Kurta from Isha Life 🤍 paired with Adiyogi copper earrings, copper bracelet & copper water bottle - because this Shivratri we’re choosing spiritual glow over social g"
906,Tier 4: Toggle OFF + Organic (Noise),Rudralife,Pan-India / Maharashtra (HQ: Mumbai),@tanay_seetha,492,🕉️ Devotional Content & Spiritual Storytelling,13503,97,1,0.72%,19.92%,2026-07-20,https://www.instagram.com/p/DbA16Q7iHWA/,⚪ Standard Organic: Baseline organic collab reach,"99% of people buying Rudraksha don’t know THIS, and they end up wearing plastic or carved wood for years.  The most counterfeited spiritual bead in the world is the Rudraksha.  Here’s how the ancient sellers couldn’t fool the sages and how you can pr"
907,Tier 4: Toggle OFF + Organic (Noise),Isha Life India,"Pan-India / Tamil Nadu (HQ: Coimbatore, Isha)",@memoriesbeyondsuitcase,3827,🕉️ Devotional Content & Spiritual Storytelling,13448,206,95,1.53%,7.87%,2026-04-18,https://www.instagram.com/p/DXQv1BjCSUP/,⚪ Standard Organic: Baseline organic collab reach,"There’s something incredibly comforting about going back to simple, wholesome food… the kind that not only satisfies your sweet tooth but also nourishes your body.  Lately, I’ve been making a conscious shift—cutting down on refined sugar and choosing"
908,Tier 4: Toggle OFF + Organic (Noise),Isha Life India,"Pan-India / Tamil Nadu (HQ: Coimbatore, Isha)",@playing.in.rasa.and.leela,648,"🕉️ Mantras, Japa Meditation & Puja Rituals",13434,126,10,0.94%,20.99%,2026-01-16,https://www.instagram.com/p/DTkBcbiCDRb/,⚪ Standard Organic: Baseline organic collab reach,"‘The best thing you can do for your family, your children, society, and the world around you is to enhance yourself.’ - Sg  Fueling the fire of sadhana 🔥 (with a little help from ashram goodies 🤭)  If you’d like the sadhana and registration info, I’l"
909,Tier 4: Toggle OFF + Organic (Noise),Divine Hindu,Pan-India / Delhi NCR (HQ: New Delhi),@karungali_by_divinehindu,97000,🕉️ Devotional Content & Spiritual Storytelling,13424,43,0,0.32%,0.04%,2026-08-05,https://www.instagram.com/p/DbqLfupJH49/,⚪ Standard Organic: Baseline organic collab reach,"Some products need to be seen closely, held in your hand and understood before you choose them.   Visit Divine Hindu, Jayanagar, to explore our spiritual jewellery and essentials in person.  Because the right spiritual product should not feel like a "
910,Tier 4: Toggle OFF + Organic (Noise),Isha Life India,"Pan-India / Tamil Nadu (HQ: Coimbatore, Isha)",@khandani_life,19000,🌟 Celebrity & Spiritual Leader Endorsement,13379,363,35,2.71%,2.09%,2026-02-12,https://www.instagram.com/p/DUpIbjQjxg9/,⚪ Standard Organic: Baseline organic collab reach,Some blessings arrive in the simplest and most beautiful forms. Mahashivratri prasadam ✨🙏🏻  Comment LINK to know where you can buy Prasadam 🙏🏻   Shot by @shyam_2710 @tannutank ✨  #shiva #mahashivratri #isha #sadhguru #yoga
911,Tier 4: Toggle OFF + Organic (Noise),Divine Hindu,Pan-India / Delhi NCR (HQ: New Delhi),@talkwithlakshay,72000,"📦 Unboxing, Gifting & Product Review",13341,137,0,1.03%,0.19%,2026-01-15,https://www.instagram.com/p/DThqRn2D6bS/,⚪ Standard Organic: Baseline organic collab reach,"Ek chhota sa bracelet, par asar dil aur dimaag dono par ✨ Rudraksh sirf pehnawa nahi, ek feeling hai—jo negativity ko dheere-dheere door karta hai aur inner peace ko jagata hai. Agar tum bhi overthinking ya low vibes feel kar rahe ho, shayad tumhe bh"
912,Tier 4: Toggle OFF + Organic (Noise),Isha Life India,"Pan-India / Tamil Nadu (HQ: Coimbatore, Isha)",@_sadhguru.wisdom_,284000,🕉️ Devotional Content & Spiritual Storytelling,13301,719,1,5.41%,0.25%,2025-12-17,https://www.instagram.com/p/DSXQ5jEAWSQ/,⚪ Standard Organic: Baseline organic collab reach,A simple yet profound yogic tip to enhance your sleep.   #ishalife #forconsciousliving #yogicwisdom #yogiclifestyle #yogic
913,Tier 4: Toggle OFF + Organic (Noise),Rudralife,Pan-India / Maharashtra (HQ: Mumbai),@tanay_seetha,492,🕉️ Devotional Content & Spiritual Storytelling,12913,119,4,0.92%,25.00%,2026-06-02,https://www.instagram.com/p/DZE25TCNkjg/,⚪ Standard Organic: Baseline organic collab reach,"Some miracles don’t make headlines.   They happen quietly inside a crushed car, on a highway, in a split second.   A three-car accident.  Total loss.   Metal folded from both ends.  And yet, not a single scratch on anyone inside.  No one walks away f"
914,Tier 4: Toggle OFF + Organic (Noise),Divine Hindu,Pan-India / Delhi NCR (HQ: New Delhi),@startupseekho,25000,🕉️ Devotional Content & Spiritual Storytelling,12529,68,1,0.54%,0.28%,2026-03-19,https://www.instagram.com/p/DWEup1iiROw/,⚪ Standard Organic: Baseline organic collab reach,"If you met your 18-year-old self today… What would you say? 👀 🌐 https://startupseekho.com/⁠� 🎯 https://topmate.io/startupseekho⁠� Comment “startup”, “guide”, “grow”, or “build” and we’ll send you more startup insights in your DM 🚀 #StartupSeekho #Fou"
915,Tier 4: Toggle OFF + Organic (Noise),Isha Life India,"Pan-India / Tamil Nadu (HQ: Coimbatore, Isha)",@food_india_25,13000,🕉️ Devotional Content & Spiritual Storytelling,12509,277,60,2.21%,2.59%,2026-03-20,https://www.instagram.com/p/DWGCy5_kj9K/,⚪ Standard Organic: Baseline organic collab reach,"If you’ve been feeling low on energy, missing meals, or just craving something quick and nourishing, this one’s for you 🤎  I finally tried Ragi Huri Hittu from @isha.life.india and honestly, it makes life easier for me so thought of sharing it here 🌾"
916,Tier 4: Toggle OFF + Organic (Noise),Isha Life India,"Pan-India / Tamil Nadu (HQ: Coimbatore, Isha)",@sadhguru.sannidhi,57000,"🕉️ Mantras, Japa Meditation & Puja Rituals",12480,302,4,2.42%,0.54%,2026-02-11,https://www.instagram.com/p/DUm_rRPgfPU/,⚪ Standard Organic: Baseline organic collab reach,"How are your Mahashivratri preparations going? Get ready for the most awaited night of the year with all new launches and exciting offers!  (Mahahshivratri 2026, Isha Mahashivratri, Shiva, Sadhana, Adiyogi, Rudraksha, Night of grace, Mahashivratri ce"
917,Tier 4: Toggle OFF + Organic (Noise),Isha Life India,"Pan-India / Tamil Nadu (HQ: Coimbatore, Isha)",@sadhgurusharings_,203000,🎉 Festival & Auspicious Muhurat Activations,12439,193,8,1.55%,0.10%,2026-02-04,https://www.instagram.com/p/DUUxp4sgXDj/,⚪ Standard Organic: Baseline organic collab reach,Get Mahashivratri ready with all-new offerings and exciting offers!  Explore on ishalife.com   #ishalife #forconsciousliving #mahashivratri2026
918,Tier 4: Toggle OFF + Organic (Noise),Divine Hindu,Pan-India / Delhi NCR (HQ: New Delhi),@vikramgoraya,100000,"📦 Unboxing, Gifting & Product Review",12289,3,6,0.02%,0.01%,2026-02-09,https://www.instagram.com/p/DUhrqJGE6Q7/,⚪ Standard Organic: Baseline organic collab reach,Valentine 💝 Gift for her ✨ #valentinesday
919,Tier 4: Toggle OFF + Organic (Noise),Divine Hindu,Pan-India / Delhi NCR (HQ: New Delhi),@karungali_by_divinehindu,97000,"🏛️ Temple Lore, Mythology & Sanatan Philosophy",12072,44,0,0.36%,0.05%,2026-08-17,https://www.instagram.com/p/DcIFF4YTerB/,⚪ Standard Organic: Baseline organic collab reach,"Ever wondered why we both worship and deeply respect Nagas on Naga Panchami? 🐍✨  In Hindu tradition, Nagas are far more than just snakes—they represent the raw, sacred power of nature itself. From the serpent wrapped around Lord Shiva’s neck to Anant"
920,Tier 4: Toggle OFF + Organic (Noise),House of Rudra,Pan-India / Gujarat (HQ: Ahmedabad),@aryan_unfiltered_ap,127000,"🔬 Rudraksha Authenticity, Lab Testing & Craft Lore",11974,3,11,0.03%,0.01%,2026-03-14,https://www.instagram.com/p/DV3kdmpjDa7/,⚪ Standard Organic: Baseline organic collab reach,Best 7 Mukhi  Rudraksh . #reelsinstagram #trendingreels #hanumanji #rudraksha.  Place your order now  Link is in my bio ❤️  Follow @houseofrudra_social & Buy on www.houseofrudra.in They have authentic rudraksh with lab tested certificates  #religious
921,Tier 4: Toggle OFF + Organic (Noise),Isha Life India,"Pan-India / Tamil Nadu (HQ: Coimbatore, Isha)",@traditional__aestheticss,11000,🌟 Celebrity & Spiritual Leader Endorsement,11974,194,4,1.62%,1.80%,2026-02-15,https://www.instagram.com/p/DUyVRB3Dy8Y/,⚪ Standard Organic: Baseline organic collab reach,"AdhiYogi  represents the first yogi, Shiva, as a symbol of self-transformation, liberation, and inner peace, designed to inspire people to move from a life of mere existence to one of boundless potential. Sadhguru emphasizes that Adiyogi is not a dei"
922,Tier 4: Toggle OFF + Organic (Noise),Isha Life India,"Pan-India / Tamil Nadu (HQ: Coimbatore, Isha)",@manrajmusic11,1387,🕉️ Devotional Content & Spiritual Storytelling,11784,446,28,3.78%,34.17%,2026-05-19,https://www.instagram.com/p/DYhTZKOsF5i/,"📈 Viral Organic Reach: High organic views (11,784) with strong like rate (3.78%)",Adiyogi - The First Yogi heard me calling  Original Song Credits Title - Suno Na Sangemarmar Singer - Arijit Singh  Music - Jeet Ganguly  Video Shot By - Disha & Parth Upadhayay Adiyogi Drone Footage By - thehindustantraveller
923,Tier 4: Toggle OFF + Organic (Noise),Rudralife,Pan-India / Maharashtra (HQ: Mumbai),@tanay_seetha,492,"🔬 Rudraksha Authenticity, Lab Testing & Craft Lore",11714,164,8,1.40%,34.96%,2026-06-04,https://www.instagram.com/p/DZKW-HBC9Tw/,⚪ Standard Organic: Baseline organic collab reach,"The rarest things in the world don’t announce themselves.   They simply are.   In the world of Rudraksha, there is a hierarchy, and sitting at its peak, is the 21 Mukhi Rudraksha.  The bead of Bhagwan Kuber.   The Lord of Wealth, Abundance, and Divin"
924,Tier 4: Toggle OFF + Organic (Noise),Divine Hindu,Pan-India / Delhi NCR (HQ: New Delhi),@karungali_by_divinehindu,97000,"🔬 Rudraksha Authenticity, Lab Testing & Craft Lore",11695,43,0,0.37%,0.04%,2026-08-12,https://www.instagram.com/p/Db7lyivz7nY/,⚪ Standard Organic: Baseline organic collab reach,📿 From 1 Mukhi to 14 Mukhi — Discover the Complete Rudraksha Collection  Every Mukhi Rudraksha holds its own spiritual significance and has been revered in Vedic traditions for generations.  Whether you’re beginning your spiritual journey or expandin
925,Tier 4: Toggle OFF + Organic (Noise),Divine Hindu,Pan-India / Delhi NCR (HQ: New Delhi),@prithvipuram,149000,🕉️ Devotional Content & Spiritual Storytelling,11499,3,3,0.03%,0.00%,2026-02-14,https://www.instagram.com/p/DUu1NAjkddJ/,⚪ Standard Organic: Baseline organic collab reach,यह चीज आपके दुख खत्म कर सकती है #viral  . . . .Order now
926,Tier 4: Toggle OFF + Organic (Noise),Isha Life India,"Pan-India / Tamil Nadu (HQ: Coimbatore, Isha)",@ajh_arts,7375,"🕉️ Mantras, Japa Meditation & Puja Rituals",11382,399,22,3.51%,5.71%,2026-02-08,https://www.instagram.com/p/DUgFmfyCLRe/,"📈 Viral Organic Reach: High organic views (11,382) with strong like rate (3.51%)","This Mahashivratri, make your offering more meaningful 🕉️ With sacred Prasadam and Shiva offerings from Isha Life, experience the grace of this powerful night.  Mahashivratri 2026 at the Isha Yoga Center is an all-night celebration of meditation, cha"
927,Tier 4: Toggle OFF + Organic (Noise),Divine Hindu,Pan-India / Delhi NCR (HQ: New Delhi),@karungali_by_divinehindu,97000,"🔮 Astrology, Horoscope & Gemstone Consultation",11178,26,0,0.23%,0.03%,2026-08-18,https://www.instagram.com/p/DcLJA8CTxot/,⚪ Standard Organic: Baseline organic collab reach,"Why gift just a thread when you can give him something he’ll actually wear every day? ✨  This Raksha Bandhan, make it personal with the Rashi Zodiac Bracelet Collection from Divine Hindu. Chosen specifically for his zodiac sign, it’s a meaningful upg"
928,Tier 4: Toggle OFF + Organic (Noise),House of Rudra,Pan-India / Gujarat (HQ: Ahmedabad),@thehistoryhub.in,3087,🕉️ Devotional Content & Spiritual Storytelling,11155,103,11,0.92%,3.69%,2026-07-15,https://www.instagram.com/p/Daz_0PgpWKw/,⚪ Standard Organic: Baseline organic collab reach,"This Is Hidden From People For Centuries! . . Comment ""Link"" for House Of Rudra gajkesari punugu link in your Dm . . Place your order now  Link is in my bio ❤️ . . Follow @houseofrudra_social & Buy on  www.houseofrudra.in  They have authentic Punugu "
929,Tier 4: Toggle OFF + Organic (Noise),Isha Life India,"Pan-India / Tamil Nadu (HQ: Coimbatore, Isha)",@blossoming_in_silence,2383,🌟 Celebrity & Spiritual Leader Endorsement,11153,656,11,5.88%,27.99%,2026-06-24,https://www.instagram.com/p/DZ9yWVhx_ON/,"📈 Viral Organic Reach: High organic views (11,153) with strong like rate (5.88%)",Some fragrances don’t just remind you of a place: they remind you of a state of being. 🤍  #sadhguru #ishalife #spirituality #sadhana #innerengineering
930,Tier 4: Toggle OFF + Organic (Noise),Divine Hindu,Pan-India / Delhi NCR (HQ: New Delhi),@talkwithlakshay,72000,"🔬 Rudraksha Authenticity, Lab Testing & Craft Lore",11131,86,2,0.77%,0.12%,2026-01-19,https://www.instagram.com/p/DTsHS8rD_b_/,⚪ Standard Organic: Baseline organic collab reach,"Zindagi ke shor mein jab mann bhatakne lage, tab shanti bahar nahi—andar milti hai. 5 Mukhi Rudraksha sirf ek mala nahi, yeh yaad dilati hai ki vishwas rakho, aur har saans ke saath positivity mehsoos karo. Wear faith. Feel the power. 🔱✨  #Rudraksha "
931,Tier 4: Toggle OFF + Organic (Noise),Isha Life India,"Pan-India / Tamil Nadu (HQ: Coimbatore, Isha)",@manrajmusic11,1387,🕉️ Devotional Content & Spiritual Storytelling,10901,456,16,4.18%,34.03%,2026-07-28,https://www.instagram.com/p/DbVi02FMiuQ/,"📈 Viral Organic Reach: High organic views (10,901) with strong like rate (4.18%)",Here is an attempt to offer Adiyogi for his Divine Grace 🙏. An Original Song Offered to His Feet 🪷  Song - Kiraya Artist - Manraj Chauhan  Video Credits - Avneet & Jasmine Khanuja
932,Tier 4: Toggle OFF + Organic (Noise),Isha Life India,"Pan-India / Tamil Nadu (HQ: Coimbatore, Isha)",@sadhgurusharings_,203000,🌟 Celebrity & Spiritual Leader Endorsement,10671,167,2,1.56%,0.08%,2025-12-14,https://www.instagram.com/p/DSP6B-PgSN-/,⚪ Standard Organic: Baseline organic collab reach,Discover the benefits of Neem & Turmeric for yourself   Know more on ishalife.com   #ishalife #forconsciousliving #isha #yogicwisdom #sadhguru #yogiclifestyle #consciousliving #sadhguruwisdom
933,Tier 4: Toggle OFF + Organic (Noise),Isha Life India,"Pan-India / Tamil Nadu (HQ: Coimbatore, Isha)",@withsadhguru,978000,🌟 Celebrity & Spiritual Leader Endorsement,10637,575,11,5.41%,0.06%,2026-02-07,https://www.instagram.com/p/DUc-UKnAalH/,⚪ Standard Organic: Baseline organic collab reach,"The legend of how Shiva humbled Kubera, the god of wealth.  (Mahahshivratri 2026, Isha Mahashivratri, Shiva, Sadhana, Adiyogi, Rudraksha, Night of grace, Mahashivratri celebrations,  Sadhguru, Mahashivratri, Mahashivratri meditation, Great Night of S"
934,Tier 4: Toggle OFF + Organic (Noise),House of Rudra,Pan-India / Gujarat (HQ: Ahmedabad),@vastu.shastra.108,20000,"🔮 Astrology, Horoscope & Gemstone Consultation",10497,57,2,0.54%,0.29%,2026-08-06,https://www.instagram.com/p/Dbs-ULBqECo/,⚪ Standard Organic: Baseline organic collab reach,👇 Comment “Link” & get the order link in DM! 🔗  ♎ Libra Rashi Bracelet ✨ Balance • Positivity • Prosperity 💫  🔥 Sawan Special Offer: Prepaid order पर extra discount + ₹599 Karungali Bracelet FREE!  #Libra #TulaRashi #RashiBracelet #HouseOfRudra #Sawa
935,Tier 4: Toggle OFF + Organic (Noise),House of Rudra,Pan-India / Gujarat (HQ: Ahmedabad),@thevenkyrudra_9,138000,"📦 Unboxing, Gifting & Product Review",10218,213,57,2.08%,0.20%,2026-02-02,https://www.instagram.com/p/DUQdrZvDAA5/,⚪ Standard Organic: Baseline organic collab reach,Comment link to get the direct link in your dm💕  Place your order now   Follow @houseofrudra_social & Buy on www.houseofrudra.in They have authentic  Tiger Eye Bracelets with 100% genuine real stones   #religious #tigereyebracelet #bracelet#accessori
936,Tier 4: Toggle OFF + Organic (Noise),House of Rudra,Pan-India / Gujarat (HQ: Ahmedabad),@_tanyatomar_,4790,"📦 Unboxing, Gifting & Product Review",10171,238,2,2.34%,5.01%,2026-06-09,https://www.instagram.com/p/DZWjTtfyzUz/,"📈 Viral Organic Reach: High organic views (10,171) with strong like rate (2.34%)",Attract Abundance and Money In Your Life ✨️  Place your order now  Link is in my bio ❤️  Follow @houseofrudra_social & Buy on www.houseofrudra.in They have authentic money magnet bracelet with lab tested certificates  #moneymagnet #accesorios #religi
937,Tier 4: Toggle OFF + Organic (Noise),Isha Life India,"Pan-India / Tamil Nadu (HQ: Coimbatore, Isha)",@withsadhguru,978000,🌟 Celebrity & Spiritual Leader Endorsement,9953,538,7,5.41%,0.06%,2026-01-27,https://www.instagram.com/p/DUAaYZ3gX-w/,⚪ Standard Organic: Baseline organic collab reach,"Shiva Swasa Sadhana, a simple yet powerful practice offered by Sadhguru to enhance one’s receptivity to the Shri Kashi Vishwanath Temple, is now available daily at Sadhguru Yogasthala within the temple complex.  🕗Timings : 8 am - 5 pm, Everyday 🛕Venu"
938,Tier 4: Toggle OFF + Organic (Noise),Divine Hindu,Pan-India / Delhi NCR (HQ: New Delhi),@karungali_by_divinehindu,97000,"📦 Unboxing, Gifting & Product Review",9789,37,2,0.38%,0.04%,2026-08-10,https://www.instagram.com/p/Db3HT-3z7LK/,⚪ Standard Organic: Baseline organic collab reach,"ONAM MUST-HAVES from Divine Hindu 🌼  This Onam, bring home more than just festive décor. ✨  🪔 Brass Pooja Essentials 🌿 Tulsi Mala 🖤 Karungali Mala 🌳 Pure Sandalwood 💎 Natural Crystal Bracelets 🙏 Divine Idols & Spiritual Essentials  Celebrate Onam wit"
939,Tier 4: Toggle OFF + Organic (Noise),Isha Life India,"Pan-India / Tamil Nadu (HQ: Coimbatore, Isha)",@this_is_last_time_sg,237000,"🕉️ Mantras, Japa Meditation & Puja Rituals",9786,529,5,5.41%,0.23%,2026-02-05,https://www.instagram.com/p/DUXzPkJDdhl/,⚪ Standard Organic: Baseline organic collab reach,"This Mahashivratri, create a powerful ambiance to experience Adiyogi's grace with energized Dhyanalinga Yantra.  Explore on ishalife.com   (Mahahshivratri 2026, Isha Mahashivratri, Shiva, Sadhana, Adiyogi, Rudraksha, Night of grace, Mahashivratri cel"
940,Tier 4: Toggle OFF + Organic (Noise),Rudralife,Pan-India / Maharashtra (HQ: Mumbai),@tanay_seetha,492,🕉️ Devotional Content & Spiritual Storytelling,9627,137,6,1.42%,29.07%,2026-02-19,https://www.instagram.com/p/DU8B4uHAuuo/,⚪ Standard Organic: Baseline organic collab reach,"25 years in this industry has taught me one thing: Truth lasts longer than any ‘trend.’⏳🕉️  It’s easy to print a disclaimer, but it’s hard to live by one❗️ At Rudralife, we’ve spent two decades telling people what crystals won’t do❌  Why❓Because your"
941,Tier 4: Toggle OFF + Organic (Noise),House of Rudra,Pan-India / Gujarat (HQ: Ahmedabad),@shreya___poojary_,45000,🕉️ Devotional Content & Spiritual Storytelling,9483,165,3,1.74%,0.37%,2026-01-22,https://www.instagram.com/p/DTzKdhKCd3t/,⚪ Standard Organic: Baseline organic collab reach,“Link” antha coment madi ❤️  Follow @houseofrudra_social & Buy on www.houseofrudra.in They have authentic Karungali Malas with lab tested certificates #religious #karungalemala #mala #accessories #religious accessories trendingreels fyp religiousprod
942,Tier 4: Toggle OFF + Organic (Noise),Isha Life India,"Pan-India / Tamil Nadu (HQ: Coimbatore, Isha)",@hathalifestudio,15000,🕉️ Devotional Content & Spiritual Storytelling,9434,154,6,1.63%,1.07%,2026-05-15,https://www.instagram.com/p/DYWW_oyRVAp/,⚪ Standard Organic: Baseline organic collab reach,"Feeling sluggish? Bloated? Drained?   Jevamirtham, Moringa & Triphala from Isha Life hit different. Better gut health, sharper mind, glowing skin, stronger immunity all from three simple daily habits.   Nature already figured it out centuries ago. St"
943,Tier 4: Toggle OFF + Organic (Noise),Divine Hindu,Pan-India / Delhi NCR (HQ: New Delhi),@chittarakapil006,1775,"🏛️ Temple Lore, Mythology & Sanatan Philosophy",9189,177,22,1.93%,11.21%,2026-08-16,https://www.instagram.com/p/DcFmze-zNMn/,⚪ Standard Organic: Baseline organic collab reach,"🔱 Har Har Mahadev 🔱 Divine Hindu ka Shiva Trishool Rudraksh Necklace — 54 asli Rudraksh beads ke saath, upar Mahadev ka pavitra Trishool ❤️‍🔥🕉️ @divinehindu.in   आस्था, शक्ति और शिवत्व का खूबसूरत संगम। 🙏✨ Om Namah Shivay 🔱  🛍️ Abhi Order Karein aur M"
944,Tier 4: Toggle OFF + Organic (Noise),Isha Life India,"Pan-India / Tamil Nadu (HQ: Coimbatore, Isha)",@the_taste_of_truth,206000,🌟 Celebrity & Spiritual Leader Endorsement,9083,491,10,5.41%,0.24%,2026-02-10,https://www.instagram.com/p/DUkRrmegTKd/,⚪ Standard Organic: Baseline organic collab reach,"""Devotion is a place where you do not exist; life just flows through you as a certain sweetness and beauty"" - Sadhguru   (Mahahshivratri 2026, Isha Mahashivratri, Shiva, Sadhana, Adiyogi, Rudraksha, Night of grace, Mahashivratri celebrations,  Sadhgu"
945,Tier 4: Toggle OFF + Organic (Noise),Isha Life India,"Pan-India / Tamil Nadu (HQ: Coimbatore, Isha)",@tusharbhatiaa_,2457,🌟 Celebrity & Spiritual Leader Endorsement,9040,291,11,3.22%,12.29%,2026-02-11,https://www.instagram.com/p/DUn5rIfCK5G/,"📈 Viral Organic Reach: High organic views (9,040) with strong like rate (3.22%)",Designed by Sadhguru  Shivanga is a powerful sadhana for both men and women to bring forth devotion from within and enhance receptivity to Shiva-the Adiyogi. The sadhana is designed to make the grace of Adiyogi a guide and constant companion in one’s
946,Tier 4: Toggle OFF + Organic (Noise),Isha Life India,"Pan-India / Tamil Nadu (HQ: Coimbatore, Isha)",@sadhgurustory,217000,🌟 Celebrity & Spiritual Leader Endorsement,8935,483,4,5.41%,0.22%,2026-02-14,https://www.instagram.com/p/DUuc7L9gfi8/,⚪ Standard Organic: Baseline organic collab reach,"""Devotion starts as an emotion but does not end there. Ultimately, Devotion results in Dissolution."" - Sadhguru  (Mahahshivratri 2026, Isha Mahashivratri, Shiva, Sadhana, Adiyogi, Rudraksha, Night of grace, Mahashivratri celebrations,  Sadhguru, Maha"
947,Tier 4: Toggle OFF + Organic (Noise),Divine Hindu,Pan-India / Delhi NCR (HQ: New Delhi),@prithvipuram,149000,🕉️ Devotional Content & Spiritual Storytelling,8781,3,3,0.03%,0.00%,2026-01-21,https://www.instagram.com/p/DTxkD43EmX4/,⚪ Standard Organic: Baseline organic collab reach,यह चीज आपका जीवन बदल देगी #viral Order Now..
948,Tier 4: Toggle OFF + Organic (Noise),Isha Life India,"Pan-India / Tamil Nadu (HQ: Coimbatore, Isha)",@im_sasss,5301,🕉️ Devotional Content & Spiritual Storytelling,8552,166,2,1.94%,3.17%,2026-06-22,https://www.instagram.com/p/DZ4M--wNd5_/,⚪ Standard Organic: Baseline organic collab reach,Bringing Home the Grace of Adiyogi🕉️>>  🕉️ Adiyogi Statue – A symbol of grace and infinite possibilities.  🪔 adiyogi arpanam Agarbatti – Filling every space with divine fragrance.  🥛A2 desi cow Ghee – Purity rooted in tradition.  🍯 raw Himalayan Hone
949,Tier 4: Toggle OFF + Organic (Noise),House of Rudra,Pan-India / Gujarat (HQ: Ahmedabad),@rashmi_basani__,17000,🕉️ Devotional Content & Spiritual Storytelling,8273,148,2,1.79%,0.88%,2026-02-10,https://www.instagram.com/p/DUih9MmDFNc/,⚪ Standard Organic: Baseline organic collab reach,"Money Magnet is not about shortcuts — it’s about aligning your energy with abundance. ✨  In today’s fast-paced life, money stress is common. A money magnet helps simplify that by bringing clarity, confidence, and better flow — so decisions feel light"
950,Tier 4: Toggle OFF + Organic (Noise),Isha Life India,"Pan-India / Tamil Nadu (HQ: Coimbatore, Isha)",@world_of_mysticss,88000,"🕉️ Mantras, Japa Meditation & Puja Rituals",8084,437,7,5.41%,0.50%,2026-02-06,https://www.instagram.com/p/DUarP1lAeLl/,⚪ Standard Organic: Baseline organic collab reach,"Known as the Great Night of Shiva, Mahashivratri is the one night in the year when nature offers immense support for inner transformation. Swipe to understand its deep spiritual significance.  (Mahahshivratri 2026, Isha Mahashivratri, Shiva, Sadhana,"
951,Tier 4: Toggle OFF + Organic (Noise),Rudralife,Pan-India / Maharashtra (HQ: Mumbai),@tanay_seetha,492,"🏛️ Temple Lore, Mythology & Sanatan Philosophy",7876,147,3,1.87%,30.49%,2026-07-21,https://www.instagram.com/p/DbDez-ytlsx/,⚪ Standard Organic: Baseline organic collab reach,"This isn’t just a cabin.  It’s a universe built intentionally.  🕉️ The first thing you notice is Shiva in his rarest, most gentle expression.   That particular smile. The one that says “I see everything, and I am at peace with all of it.”  That smile"
952,Tier 4: Toggle OFF + Organic (Noise),Isha Life India,"Pan-India / Tamil Nadu (HQ: Coimbatore, Isha)",@dr.maulikjhaveri,11000,🕉️ Devotional Content & Spiritual Storytelling,7859,167,3,2.12%,1.55%,2026-04-06,https://www.instagram.com/p/DWx7fmSgE_y/,⚪ Standard Organic: Baseline organic collab reach,"Every single day, your body works silently to protect you, repair you, and keep you moving. The real question is — are you giving it what it truly needs in return?  As an orthopaedic surgeon, I see inflammation, slow recovery, and low energy far more"
953,Tier 4: Toggle OFF + Organic (Noise),Isha Life India,"Pan-India / Tamil Nadu (HQ: Coimbatore, Isha)",@livableplanet,39000,🕉️ Devotional Content & Spiritual Storytelling,7599,63,7,0.83%,0.18%,2026-01-21,https://www.instagram.com/p/DTKldfCjx92/,⚪ Standard Organic: Baseline organic collab reach,"I replaced coffee and all hot stimulants with this one Ayurvedic drink — Sukku Banam 🌿  Unlike coffee, this doesn’t spike cortisol, doesn’t stress the adrenals, and doesn’t create dependency. Dry ginger gently activates digestion (Agni), improves cir"
954,Tier 4: Toggle OFF + Organic (Noise),House of Rudra,Pan-India / Gujarat (HQ: Ahmedabad),@rutikkbrid,2096,🕉️ Devotional Content & Spiritual Storytelling,7505,382,43,5.09%,20.28%,2026-01-28,https://www.instagram.com/p/DUD7ATUjfJY/,"📈 Viral Organic Reach: High organic views (7,505) with strong like rate (5.09%)","Rooted in tradition. Powered by belief. Protected by faith 🕉️  The Karungali Mala has been worn for centuries for grounding, protection, and spiritual balance.  Karungali Mala, Spiritual Jewelry, Spiritual Accessories India, Energy Protection, Ground"
955,Tier 4: Toggle OFF + Organic (Noise),Divine Hindu,Pan-India / Delhi NCR (HQ: New Delhi),@thatmerakigirl,30000,🕉️ Devotional Content & Spiritual Storytelling,7380,384,20,5.20%,1.35%,2026-03-09,https://www.instagram.com/p/DVqgSfrkZtA/,⚪ Standard Organic: Baseline organic collab reach,Comment for link 🔗   #moneymagnet #spirtuality #spiritual #moneyfreedom #divinehindu
956,Tier 4: Toggle OFF + Organic (Noise),Divine Hindu,Pan-India / Delhi NCR (HQ: New Delhi),@karungali_by_divinehindu,97000,🕉️ Devotional Content & Spiritual Storytelling,7331,12,0,0.16%,0.01%,2026-08-24,https://www.instagram.com/p/DcaX6rmTehY/,⚪ Standard Organic: Baseline organic collab reach,"DIVINE HINDU APP IS LIVE! 📱🛕✨ Your spiritual journey just got simpler, faster, and more divine! 🛍️  We are thrilled to bring all your favorite certified sacred beads, crystals, and spiritual essentials into one seamless app.  🎉 EXCLUSIVE LAUNCH OFFER"
957,Tier 4: Toggle OFF + Organic (Noise),House of Rudra,Pan-India / Gujarat (HQ: Ahmedabad),@mr_sagarreddy,25000,🕉️ Devotional Content & Spiritual Storytelling,7191,273,7,3.80%,1.12%,2026-03-04,https://www.instagram.com/p/DVddBsFjCzx/,⚪ Standard Organic: Baseline organic collab reach,"Comment “Product” i will send you link🔗 Here is the Best Solution to your Stress and Anxiety ,House of Rudra’s Karungalimala 📿✨ Place your order now  Link is in my bio ❤️  Follow @houseofrudra_social & Buy on www.houseofrudra.in They have authentic K"
958,Tier 4: Toggle OFF + Organic (Noise),Rudralife,Pan-India / Maharashtra (HQ: Mumbai),@tanay_seetha,492,"🔬 Rudraksha Authenticity, Lab Testing & Craft Lore",7188,93,2,1.29%,19.31%,2026-08-19,https://www.instagram.com/p/DcNhjvTCckh/,⚪ Standard Organic: Baseline organic collab reach,"Every Rudralife expert has a favourite Rudraksha… 👀  And trust us, the answers are VERY different! 😄  From the calm 5 Mukhi to the powerful 11 Mukhi to the vibrant 19 Mukhi, everyone has that one bead they just can’t stop talking about. ❤️  So we ask"
959,Tier 4: Toggle OFF + Organic (Noise),House of Rudra,Pan-India / Gujarat (HQ: Ahmedabad),@rutikkbrid,2096,"📦 Unboxing, Gifting & Product Review",6849,345,32,5.04%,17.99%,2026-02-04,https://www.instagram.com/p/DUVB7JPjc5r/,"📈 Viral Organic Reach: High organic views (6,849) with strong like rate (5.04%)","Wearing abundance with intention ✨ This gold-plated Rudraksha bracelet by @houseofrudra_social blends tradition, discipline, and prosperity energy into everyday style.  Not just jewellery a reminder to stay grounded while you grow. Energy aligned. Mi"
960,Tier 4: Toggle OFF + Organic (Noise),House of Rudra,Pan-India / Gujarat (HQ: Ahmedabad),@hardikrathi.official,24000,🕉️ Devotional Content & Spiritual Storytelling,6829,3,0,0.04%,0.01%,2026-02-05,https://www.instagram.com/p/DUXgrUiCj0n/,⚪ Standard Organic: Baseline organic collab reach,Order now @houseofrudra_social ❤️
961,Tier 4: Toggle OFF + Organic (Noise),House of Rudra,Pan-India / Gujarat (HQ: Ahmedabad),@lokesh___murdeshwar,14000,🕉️ Devotional Content & Spiritual Storytelling,6813,3,7,0.04%,0.07%,2026-02-04,https://www.instagram.com/p/DUU09pFDqnA/,⚪ Standard Organic: Baseline organic collab reach,#explore #viral #instagood #photography #instagram  promotion   @houseofrudra_social
962,Tier 4: Toggle OFF + Organic (Noise),House of Rudra,Pan-India / Gujarat (HQ: Ahmedabad),@sinchana_jayaramusd_,10000,🕉️ Devotional Content & Spiritual Storytelling,6578,134,18,2.04%,1.52%,2026-02-08,https://www.instagram.com/p/DUfEL3wkspX/,⚪ Standard Organic: Baseline organic collab reach,Comment ‘ link’ &follow for more
963,Tier 4: Toggle OFF + Organic (Noise),Rudralife,Pan-India / Maharashtra (HQ: Mumbai),@tanay_seetha,492,🕉️ Devotional Content & Spiritual Storytelling,6366,59,2,0.93%,12.40%,2026-07-22,https://www.instagram.com/p/DbF_HgOxGP2/,⚪ Standard Organic: Baseline organic collab reach,"Some people buy it once and never look back. Some start small and eventually, inevitably, arrive here.  Either way, they all arrive at the Siddha Mala.  A Siddha Mala is more than a combination of Rudraksha beads.   In the ancient Rudraksha Jabala Up"
964,Tier 4: Toggle OFF + Organic (Noise),Divine Hindu,Pan-India / Delhi NCR (HQ: New Delhi),@crystal_by_divinehindu,1332,"🔬 Rudraksha Authenticity, Lab Testing & Craft Lore",6352,24,2,0.38%,1.95%,2026-08-15,https://www.instagram.com/p/DcDU0J1TDV6/,⚪ Standard Organic: Baseline organic collab reach,"This Raksha Bandhan, make your gift a little more meaningful. 🧿✨  We asked people what they would choose for their loved ones, and the answers were all about gifts that feel personal, thoughtful and special.  💚 Green Aventurine Bracelet 📿 5 Mukhi Rud"
965,Tier 4: Toggle OFF + Organic (Noise),House of Rudra,Pan-India / Gujarat (HQ: Ahmedabad),@kathalayabydev,14000,"📦 Unboxing, Gifting & Product Review",6337,198,77,3.12%,1.96%,2026-08-17,https://www.instagram.com/p/DcI_LdCJx3v/,⚪ Standard Organic: Baseline organic collab reach,"Comment “LINK” and I’ll send you the details 💫 Or you can directly order from the link in my bio.  If you’re an Aquarius ♒️, this Sawan is the perfect time to focus on your energy, growth, success & abundance. ✨  The Aquarius Bracelet is specially de"
966,Tier 4: Toggle OFF + Organic (Noise),Isha Life India,"Pan-India / Tamil Nadu (HQ: Coimbatore, Isha)",@sadhgurusharings_,203000,🌟 Celebrity & Spiritual Leader Endorsement,6234,337,3,5.41%,0.17%,2026-02-09,https://www.instagram.com/p/DUhk2tngWfY/,⚪ Standard Organic: Baseline organic collab reach,"Discover the spiritual significance of Mahashivratri - the great night of Shiva.  (Mahahshivratri 2026, Isha Mahashivratri, Shiva, Sadhana, Adiyogi, Rudraksha, Night of grace, Mahashivratri celebrations,  Sadhguru, Mahashivratri, Mahashivratri medita"
967,Tier 4: Toggle OFF + Organic (Noise),Isha Life India,"Pan-India / Tamil Nadu (HQ: Coimbatore, Isha)",@withsadhguru,978000,🌟 Celebrity & Spiritual Leader Endorsement,5883,318,3,5.41%,0.03%,2026-01-06,https://www.instagram.com/p/DTKVzL-gd8F/,⚪ Standard Organic: Baseline organic collab reach,Get yours on ishalife.com   #sadhguru #isha #ishalife #yogicliving #newyear
968,Tier 4: Toggle OFF + Organic (Noise),Divine Hindu,Pan-India / Delhi NCR (HQ: New Delhi),@karungali_by_divinehindu,97000,"🏛️ Temple Lore, Mythology & Sanatan Philosophy",5772,312,14,5.41%,0.34%,2026-02-15,https://www.instagram.com/p/DUwsyQLEvAd/,⚪ Standard Organic: Baseline organic collab reach,महाशिवरात्रि की हार्दिक शुभकामनाएं।🔱🙏🏻  #harharmahadev🙏🌿🕉️ #mahashivratri #divinehindu #shiva #mahadev
969,Tier 4: Toggle OFF + Organic (Noise),Divine Hindu,Pan-India / Delhi NCR (HQ: New Delhi),@thenameismaddymadhu,315,🕉️ Devotional Content & Spiritual Storytelling,5735,310,9,5.41%,101.27%,2026-07-25,https://www.instagram.com/p/DbNG3ImMNgF/,"📈 Viral Organic Reach: High organic views (5,735) with strong like rate (5.41%)",🔱
970,Tier 4: Toggle OFF + Organic (Noise),Divine Hindu,Pan-India / Delhi NCR (HQ: New Delhi),@divinehindu_community,5263,🕉️ Devotional Content & Spiritual Storytelling,5624,304,2,5.41%,5.81%,2026-01-26,https://www.instagram.com/p/DT9TG65EnTJ/,"📈 Viral Organic Reach: High organic views (5,624) with strong like rate (5.41%)",Happy 77th Republic Day! Proud to be Indian 🇮🇳  Vande Mataram! Jai Hind!🇮🇳  #India #vandemataram #jaihind #republicdayindia #divinehindu
971,Tier 4: Toggle OFF + Organic (Noise),Rudralife,Pan-India / Maharashtra (HQ: Mumbai),@saumil.seetha,60,"🔬 Rudraksha Authenticity, Lab Testing & Craft Lore",5554,96,4,1.73%,166.67%,2026-07-27,https://www.instagram.com/p/DbS84l2hetJ/,⚪ Standard Organic: Baseline organic collab reach,"Can't switch your brain off? Can't sleep?  Can't stop overthinking?  That’s a sign of overstimulation.  And there's a Rudraksha specifically for this.  The 2 Mukhi, ruled by Chandra (the Moon), is one of the most quietly powerful beads in all of Rudr"
972,Tier 4: Toggle OFF + Organic (Noise),House of Rudra,Pan-India / Gujarat (HQ: Ahmedabad),@monishagowdaa_,7203,"📦 Unboxing, Gifting & Product Review",5230,147,1,2.81%,2.05%,2026-03-12,https://www.instagram.com/p/DVyURXnkrrh/,⚪ Standard Organic: Baseline organic collab reach,"Money doesn’t just come - it flows toward the right energy. The Money Magnet Bracelet helps you align your vibration with wealth, success, and abundance. 🌟Each crystal is charged to attract prosperity, boost confidence, and open doors of opportunity."
973,Tier 4: Toggle OFF + Organic (Noise),House of Rudra,Pan-India / Gujarat (HQ: Ahmedabad),@sinchana_jayaramusd_,10000,🕉️ Devotional Content & Spiritual Storytelling,5135,188,1,3.66%,1.89%,2026-02-03,https://www.instagram.com/p/DUSMxGJEQRT/,⚪ Standard Organic: Baseline organic collab reach,ಪ್ಲೇಸ್ your order now or comment”link  Link is in my bio ❤️  Follow @houseofrudra_social & Buy on www.houseofrudra.in They have authentic Karungali Malas with lab tested certificates   #religious #karungalemala #mala #accessories #religious accessori
974,Tier 4: Toggle OFF + Organic (Noise),House of Rudra,Pan-India / Gujarat (HQ: Ahmedabad),@monishagowdaa_,7203,✨ Spiritual Lifestyle & Modern Wellness,5125,105,0,2.05%,1.46%,2026-03-09,https://www.instagram.com/p/DVqh2oYEt0Z/,⚪ Standard Organic: Baseline organic collab reach,"Discover the power of the Karungali Mala from @houseofrudra_social .shop - a sacred accessory known for its deep spiritual and healing benefits. Wearing this mala can help improve your focus and mental clarity, protect you from negative energies, and"
975,Tier 4: Toggle OFF + Organic (Noise),Divine Hindu,Pan-India / Delhi NCR (HQ: New Delhi),@karungali_by_divinehindu,97000,"🏛️ Temple Lore, Mythology & Sanatan Philosophy",4791,259,2,5.41%,0.27%,2026-04-05,https://www.instagram.com/p/DWvXlXwEvsb/,⚪ Standard Organic: Baseline organic collab reach,"The name “Bengaluru” was first recorded here✨  The Begur Nageshwara Temple, built in the 9th century during the Western Ganga dynasty, holds one of the earliest mentions of the name “Bengaluru.”  A stone inscription from around 890 AD records the nam"
976,Tier 4: Toggle OFF + Organic (Noise),Rudralife,Pan-India / Maharashtra (HQ: Mumbai),@tanay_seetha,492,🕉️ Devotional Content & Spiritual Storytelling,4741,56,2,1.18%,11.79%,2026-08-21,https://www.instagram.com/p/DcTDCVpitsP/,⚪ Standard Organic: Baseline organic collab reach,"What’s the Rudraksha myth you’ve heard the most? 👀  Our experts have heard them all — and over the years, they’ve helped thousands of devotees separate myths from what truly matters when choosing their Rudraksha.  From common misconceptions to deeply"
977,Tier 4: Toggle OFF + Organic (Noise),Rudralife,Pan-India / Maharashtra (HQ: Mumbai),@tanay_seetha,492,🕉️ Devotional Content & Spiritual Storytelling,4659,64,3,1.37%,13.62%,2026-07-25,https://www.instagram.com/p/DbNw6kfNlxO/,⚪ Standard Organic: Baseline organic collab reach,"The moment you step into the office, something shifts.   You can’t explain it immediately; you just notice that your shoulders drop.   Your breath slows.   The noise in your head quietly dims.   And then you look around and start to understand why.  "
978,Tier 4: Toggle OFF + Organic (Noise),Japam,Pan-India / Rajasthan (HQ: Jaipur),@godesi_foods,174000,"🕉️ Mantras, Japa Meditation & Puja Rituals",4578,29,2,0.63%,0.02%,2026-08-26,https://www.instagram.com/p/DcfjeSTzbMP/,⚪ Standard Organic: Baseline organic collab reach,Japam ki Rakhi aur Go Desi ki Mithaas❤️Iss rakhi apne bhai ko dijiye sabse meaningful gift 🎁
979,Tier 4: Toggle OFF + Organic (Noise),Divine Hindu,Pan-India / Delhi NCR (HQ: New Delhi),@karungali_by_divinehindu,97000,🕉️ Devotional Content & Spiritual Storytelling,4477,242,4,5.41%,0.25%,2026-05-22,https://www.instagram.com/p/DYpgOE7S_KD/,⚪ Standard Organic: Baseline organic collab reach,"One nation, countless traditions, one divine connection. 🕉️✨  From Kashmir’s saffron to Kerala’s sandalwood mala, and Tamil Nadu’s sacred Karungali mala, every state of India carries a divine identity rooted in devotion, culture, and timeless faith. "
980,Tier 4: Toggle OFF + Organic (Noise),House of Rudra,Pan-India / Gujarat (HQ: Ahmedabad),@kaal__kaatib,5838,🕉️ Devotional Content & Spiritual Storytelling,4443,155,4,3.49%,2.72%,2026-01-27,https://www.instagram.com/p/DUA9l-kEklf/,⚪ Standard Organic: Baseline organic collab reach,Place your order now Link is in my bio ❤️  Follow @houseofrudra_social & Buy on www.houseofrudra.in They have authentic Karungali Malas with lab tested certificates   #religious #karungalemala #mala #accessories #religious accessories #trendingreels 
981,Tier 4: Toggle OFF + Organic (Noise),Divine Hindu,Pan-India / Delhi NCR (HQ: New Delhi),@karungali_by_divinehindu,97000,"🏛️ Temple Lore, Mythology & Sanatan Philosophy",4384,237,11,5.41%,0.26%,2026-07-11,https://www.instagram.com/p/DapjrBdEoJe/,⚪ Standard Organic: Baseline organic collab reach,"7 secrets of Jagannath Temple that science still can't explain ✨  The Puri Jagannath Temple in Odisha, one of the four sacred Char Dham sites, hides mysteries that have puzzled the world for over a thousand years.  Today, while the world searches for"
982,Tier 4: Toggle OFF + Organic (Noise),House of Rudra,Pan-India / Gujarat (HQ: Ahmedabad),@itsdarshanaradhya,26000,"📦 Unboxing, Gifting & Product Review",4254,112,6,2.63%,0.45%,2026-08-20,https://www.instagram.com/p/DcQtPlZOuUE/,⚪ Standard Organic: Baseline organic collab reach,"ಮೀನರಾಶಿಯವರಿಗೆ ಹೌಸ್ ಆಫ್ ರುದ್ರದ ವಿಶೇಷ ಬ್ರೇಸ್ಲೆಟ್ | 🔗 Comment “LINK” to get yours ♓️✨  Pisces ♓️ Your energy deserves the right alignment. A bracelet crafted specially for Pisces — to complement your energy, confidence & positive vibes. 💫  ✨ House of Ru"
983,Tier 4: Toggle OFF + Organic (Noise),Isha Life India,"Pan-India / Tamil Nadu (HQ: Coimbatore, Isha)",@theshivguru,222000,"🕉️ Mantras, Japa Meditation & Puja Rituals",3515,190,8,5.41%,0.09%,2026-02-10,https://www.instagram.com/p/DUkvgBXgdtU/,⚪ Standard Organic: Baseline organic collab reach,"As a heartfelt tribute to Adiyogi, Isha Life presents Mahashivratri Mega offer - get up to 70% off on select offerings!  Coming soon. Stay tuned!  (Mahahshivratri 2026, Isha Mahashivratri, Shiva, Sadhana, Adiyogi, Rudraksha, Night of grace, Mahashivr"
984,Tier 4: Toggle OFF + Organic (Noise),House of Rudra,Pan-India / Gujarat (HQ: Ahmedabad),@saur_av_8,491,"📦 Unboxing, Gifting & Product Review",3513,91,12,2.59%,20.98%,2026-06-01,https://www.instagram.com/p/DZCxOHiP_3j/,"📈 Viral Organic Reach: High organic views (3,513) with strong like rate (2.59%)",The Ultimate Solution For Your Life  Place your order now  Link is in my bio ❤️  Follow @houseofrudra_social & Buy on www.houseofrudra.in They have authentic money magnet bracelet with lab tested certificates  #religious #moneymagnetbracelet #accesso
985,Tier 4: Toggle OFF + Organic (Noise),House of Rudra,Pan-India / Gujarat (HQ: Ahmedabad),@eyes_lethal_,4889,"🏛️ Temple Lore, Mythology & Sanatan Philosophy",3414,3,7,0.09%,0.20%,2026-05-12,https://www.instagram.com/p/DYPSi-CTARR/,⚪ Standard Organic: Baseline organic collab reach,Hare krishna 🙏  Place your order now  Link is in my bio ❤️  Follow @houseofrudra_social & Buy on www.houseofrudra.in They have authentic Tulsi Mala  with lab tested certificates  #religious #tulsimala #accessories #religious accessories #trendingreel
986,Tier 4: Toggle OFF + Organic (Noise),Isha Life India,"Pan-India / Tamil Nadu (HQ: Coimbatore, Isha)",@lingabhairavi_for_ever,51000,"🏛️ Temple Lore, Mythology & Sanatan Philosophy",3330,180,4,5.41%,0.36%,2026-01-31,https://www.instagram.com/p/DUKtpg1AQvn/,⚪ Standard Organic: Baseline organic collab reach,"This Thaipusam, Invite the grace of Devi into your life.  Get 10% off on select temple & consecrated offerings.   Explore on ishalife.com   #ishalife #forconsciousliving #thaipusam2026 #lingabhairavi #devi"
987,Tier 4: Toggle OFF + Organic (Noise),Isha Life India,"Pan-India / Tamil Nadu (HQ: Coimbatore, Isha)",@_when.the.guru.invades_,161000,🕉️ Devotional Content & Spiritual Storytelling,3145,170,3,5.41%,0.11%,2026-02-25,https://www.instagram.com/p/DVK1a84AV3z/,⚪ Standard Organic: Baseline organic collab reach,Experience complete wellbeing with ancient yogic superfoods.  Shop on ishalife.com   #ishalife #forconsciousliving #yogic #superfoods
988,Tier 4: Toggle OFF + Organic (Noise),Isha Life India,"Pan-India / Tamil Nadu (HQ: Coimbatore, Isha)",@withsadhguru,978000,🕉️ Devotional Content & Spiritual Storytelling,2923,158,2,5.41%,0.02%,2025-12-27,https://www.instagram.com/p/DSwqhp4gTKm/,⚪ Standard Organic: Baseline organic collab reach,Experience the benefits of Neem and Turmeric for yourself   Available now on ishalife.com
989,Tier 4: Toggle OFF + Organic (Noise),Isha Life India,"Pan-India / Tamil Nadu (HQ: Coimbatore, Isha)",@theshivguru,222000,🌟 Celebrity & Spiritual Leader Endorsement,2867,155,1,5.41%,0.07%,2026-02-13,https://www.instagram.com/p/DUr4LfdgR0S/,⚪ Standard Organic: Baseline organic collab reach,"""Devotion means keeping your intellect aside to let a larger intelligence function through you."" - Sadhguru  (Mahahshivratri 2026, Isha Mahashivratri, Shiva, Sadhana, Adiyogi, Rudraksha, Night of grace, Mahashivratri celebrations,  Sadhguru, Mahashiv"
990,Tier 4: Toggle OFF + Organic (Noise),House of Rudra,Pan-India / Gujarat (HQ: Ahmedabad),@rajafunfactory,3173,"📦 Unboxing, Gifting & Product Review",2789,3,6,0.11%,0.28%,2026-02-06,https://www.instagram.com/p/DUaxx4Ak_ja/,⚪ Standard Organic: Baseline organic collab reach,Amma: Dabbulu ekkada? Nenu: Wrist daggara 😎💸 Money magnet bracelet   Place your order now  Link is in my bio ❤️  Follow @houseofrudra_social & Buy on www.houseofrudra.in They have authentic money magnet bracelet with lab tested certificates . . . . .
991,Tier 4: Toggle OFF + Organic (Noise),House of Rudra,Pan-India / Gujarat (HQ: Ahmedabad),@___cynosure___,22000,✨ Spiritual Lifestyle & Modern Wellness,2708,82,20,3.03%,0.46%,2025-12-14,https://www.instagram.com/p/DSP6dBZjN3g/,⚪ Standard Organic: Baseline organic collab reach,This Money Magnet is not just an accessory—it’s a reminder of abundance. @houseofrudra_social ❤️ . . . . . . . . . #MoneyMagnet #AbundanceMindset #ManifestationReel #AttractWealth #PositiveVibesOnly #EnergyShift #LawOfAttraction #SpiritualAesthetic #
992,Tier 4: Toggle OFF + Organic (Noise),Isha Life India,"Pan-India / Tamil Nadu (HQ: Coimbatore, Isha)",@handpaintedjourney,6195,🕉️ Devotional Content & Spiritual Storytelling,2608,141,8,5.41%,2.41%,2026-03-28,https://www.instagram.com/p/DWbUF2jk2Xu/,⚪ Standard Organic: Baseline organic collab reach,"Hand-painted kurta celebrating 'Devi', within us, protected and nurtured by our own devotion. The design is inspired from @linga.bhairavi   Kurta from @isha.life.india"
993,Tier 4: Toggle OFF + Organic (Noise),Rudralife,Pan-India / Maharashtra (HQ: Mumbai),@timesfashionweek,281000,✨ Spiritual Lifestyle & Modern Wellness,2460,133,5,5.41%,0.05%,2025-04-10,https://www.instagram.com/p/DIQkL1PudwZ/,⚪ Standard Organic: Baseline organic collab reach,"Rudralife steps into Fittings Day with purpose and presence.  As Rudraksha pieces are paired and perfected, they add not just aesthetic appeal, but spiritual depth to every ensemble—turning fashion into a mindful experience.  #BombayTimesFashionWeek "
994,Tier 4: Toggle OFF + Organic (Noise),Divine Hindu,Pan-India / Delhi NCR (HQ: New Delhi),@crystal_by_divinehindu,1332,"🔮 Astrology, Horoscope & Gemstone Consultation",2053,111,136,5.41%,18.54%,2026-07-25,https://www.instagram.com/p/DbNCvIAEpnc/,"📈 Viral Organic Reach: High organic views (2,053) with strong like rate (5.41%)",Rakhi Giveaway — Special Rashi Rakhi Collection from Divinehindu.in ✨  12 Rashis · 12 Divine Rakhis · 2 Winners ♈♉♊  How to participate:  1. Follow @divinehindu.in  2. Share this carousel on your Instagram story  3. Ask your Bhai his Rashi 🔮 4. Tag h
995,Tier 4: Toggle OFF + Organic (Noise),Isha Life India,"Pan-India / Tamil Nadu (HQ: Coimbatore, Isha)",@sadhgurustory,217000,🌟 Celebrity & Spiritual Leader Endorsement,1998,108,2,5.41%,0.05%,2026-02-12,https://www.instagram.com/p/DUpTX30DG8X/,⚪ Standard Organic: Baseline organic collab reach,"""Devotion is about you. Maybe you use another as inspiration, but you change your quality into a profound sense of sweetness."" - Sadhguru  (Mahahshivratri 2026, Isha Mahashivratri, Shiva, Sadhana, Adiyogi, Rudraksha, Night of grace, Mahashivratri cel"
996,Tier 4: Toggle OFF + Organic (Noise),House of Rudra,Pan-India / Gujarat (HQ: Ahmedabad),@sonalivibe,21000,"📦 Unboxing, Gifting & Product Review",1638,30,16,1.83%,0.22%,2025-12-09,https://www.instagram.com/p/DSDIW4LCokT/,⚪ Standard Organic: Baseline organic collab reach,"✨ Protected by energy, styled with grace. Evil Eye Bracelet 🪬 House of Rudra 🧿  Captured by 📸 @_dj_adorama_studio"
997,Tier 4: Toggle OFF + Organic (Noise),House of Rudra,Pan-India / Gujarat (HQ: Ahmedabad),@sonalivibe,21000,"📦 Unboxing, Gifting & Product Review",1575,35,11,2.22%,0.22%,2025-12-08,https://www.instagram.com/p/DSAI_L_ChCd/,⚪ Standard Organic: Baseline organic collab reach,✨ Attract abundance with the Money Magnet Bracelet from the House of Rudra 💰 Wear your wealth mindset. Power your energy ✨  Captured by 📸 @_dj_adorama_studio
998,Tier 4: Toggle OFF + Organic (Noise),Divine Hindu,Pan-India / Delhi NCR (HQ: New Delhi),@karungali_by_divinehindu,97000,🕉️ Devotional Content & Spiritual Storytelling,1572,85,0,5.41%,0.09%,2025-12-31,https://www.instagram.com/p/DS7vSj0kkSo/,⚪ Standard Organic: Baseline organic collab reach,"This year belonged to every believer who trusted us🙏🏻  From Mahakumbh moments to festive wins, from team growth to clear scaling 2025 was built together.  With over 10 lakh customers and growing, our 2026 purpose is simple:  Deeper trust. Wider reach"
999,Tier 4: Toggle OFF + Organic (Noise),House of Rudra,Pan-India / Gujarat (HQ: Ahmedabad),@raaajasss,653,"📦 Unboxing, Gifting & Product Review",1514,27,0,1.78%,4.13%,2026-01-03,https://www.instagram.com/p/DSwaGR5CjI0/,⚪ Standard Organic: Baseline organic collab reach,"Grateful to @houseofrudra for the beautifully crafted Money Magnet Bracelet ✨ Loved the thoughtful surprise — received an Evil Eye Bracelet as a complimentary gift.  ✨ Money Magnet Bracelet is believed to attract prosperity, abundance, and positive f"
1000,Tier 4: Toggle OFF + Organic (Noise),Divine Hindu,Pan-India / Delhi NCR (HQ: New Delhi),@karungali_by_divinehindu,97000,"🏛️ Temple Lore, Mythology & Sanatan Philosophy",1480,80,0,5.41%,0.08%,2026-03-04,https://www.instagram.com/p/DVcd-99kl8v/,⚪ Standard Organic: Baseline organic collab reach,"रंगों का त्योहार, खुशियों की बौछार। आप सभी को होली की हार्दिक शुभकामनाएं! 🌈  #holi #divinehindu #hindu #sanatani"
1001,Tier 4: Toggle OFF + Organic (Noise),Divine Hindu,Pan-India / Delhi NCR (HQ: New Delhi),@divinehindustorebangalore,128,🕉️ Devotional Content & Spiritual Storytelling,1369,74,1,5.41%,58.59%,2026-05-24,https://www.instagram.com/p/DYuRQnzCUOJ/,"📈 Viral Organic Reach: High organic views (1,369) with strong like rate (5.41%)","One month ago, we opened the doors of Divine Hindu, Jayanagar with faith in our hearts, blessings in our prayers, and a dream to create a space where devotion feels personal. 🧡  From the first diya, first smile, first customer, and every sacred momen"
1002,Tier 4: Toggle OFF + Organic (Noise),House of Rudra,Pan-India / Gujarat (HQ: Ahmedabad),@rajafunfactory,3173,🕉️ Devotional Content & Spiritual Storytelling,1219,3,1,0.25%,0.13%,2026-02-18,https://www.instagram.com/p/DU5tKnNE7Ng/,⚪ Standard Organic: Baseline organic collab reach,Place your order now  Link is in my bio ❤️  Follow @houseofrudra_social & Buy on www.houseofrudra.in They have authentic Karungali Malas with lab tested certificates  . . . . #religious #karungali #mala #explorepage✨ #instadaily
1003,Tier 4: Toggle OFF + Organic (Noise),Divine Hindu,Pan-India / Delhi NCR (HQ: New Delhi),@divinehindustorebangalore,128,"📦 Unboxing, Gifting & Product Review",1036,56,1,5.41%,44.53%,2026-04-24,https://www.instagram.com/p/DXgLPH6gLoW/,"📈 Viral Organic Reach: High organic views (1,036) with strong like rate (5.41%)","🎊 It’s finally here!   Divine Hindu opens its first offline store in Bangalore… TODAY, 24th April 2026!   Visit us at Jayanagar and enjoy a FREE gift, FREE silver coin on every purchase, and a chance to Spin the Wheel! Come celebrate with us! 🪙🎁  📍 1"
1004,Tier 4: Toggle OFF + Organic (Noise),Divine Hindu,Pan-India / Delhi NCR (HQ: New Delhi),@karungali_by_divinehindu,97000,"🏛️ Temple Lore, Mythology & Sanatan Philosophy",980,53,0,5.41%,0.05%,2026-04-24,https://www.instagram.com/p/DXgSIaDkudz/,⚪ Standard Organic: Baseline organic collab reach,"2 years. 730 days. 17,520 hours.♥️  Every moment was worth it. Thank you for choosing us, believing in us, and growing with us. This is just the beginning. 🙏🧡   #DivineHindu #2YearsStrong #2YearAnniversary #sanatandharma #spiritual"
1005,Tier 4: Toggle OFF + Organic (Noise),Divine Hindu,Pan-India / Delhi NCR (HQ: New Delhi),@divinehindustorebangalore,128,🕉️ Devotional Content & Spiritual Storytelling,832,45,1,5.41%,35.94%,2026-04-28,https://www.instagram.com/p/DXqnGhNAJtu/,📈 Viral Organic Reach: High organic views (832) with strong like rate (5.41%),"The wait is over. We’re OPEN. 🕉️  👉 Come in. Explore. Experience the Divine. 📍 Jayanagar, Bengaluru | 🕐 10AM–9:30PM 🌐 www.divinehindu.in  #divinehindu #bangalore #jayanagar #store #newlaunch"
1006,Tier 4: Toggle OFF + Organic (Noise),Divine Hindu,Pan-India / Delhi NCR (HQ: New Delhi),@divinehindustorebangalore,128,🕉️ Devotional Content & Spiritual Storytelling,814,44,1,5.41%,35.16%,2026-05-23,https://www.instagram.com/p/DYrTB3ug1H4/,📈 Viral Organic Reach: High organic views (814) with strong like rate (5.41%),"✨ Invite Divine Energy & Protection Into Your Space ✨  Bring home the powerful presence of Lord Murugan — a symbol of strength, courage, positivity & spiritual protection 🙏🕉️  Crafted with intricate detailing, this Brass Murugan Idol is perfect for: "
1007,Tier 4: Toggle OFF + Organic (Noise),Divine Hindu,Pan-India / Delhi NCR (HQ: New Delhi),@karungali_by_divinehindu,97000,✨ Spiritual Lifestyle & Modern Wellness,684,37,1,5.41%,0.04%,2026-04-17,https://www.instagram.com/p/DXOyfUBkox-/,⚪ Standard Organic: Baseline organic collab reach,"Premium feel, smart buy ✨  925 silver that adds a subtle shine to your everyday look. Beautifully crafted for a refined, elegant finish without the high price.  Perfect for daily wear or special occasions, bringing a touch of class and positive energ"
1008,Tier 4: Toggle OFF + Organic (Noise),Divine Hindu,Pan-India / Delhi NCR (HQ: New Delhi),@crystal_by_divinehindu,1332,"🏛️ Temple Lore, Mythology & Sanatan Philosophy",518,28,3,5.41%,2.33%,2026-08-05,https://www.instagram.com/p/DbpgS04SA8u/,⚪ Standard Organic: Baseline organic collab reach,"Some gifts make her smile. The right gift stays with her every day. 💛  This Raksha Bandhan, choose gifts that are as meaningful as your bond.  ✨ Dhan Yog Bracelet 🧿 Evil Eye Pendant 🌙 Crystal Moon Hanging 🌳 Chakra Tree 💛 Pyrite Anklet 🦶 Krishna Chara"
1009,Tier 4: Toggle OFF + Organic (Noise),Divine Hindu,Pan-India / Delhi NCR (HQ: New Delhi),@divinehindustorebangalore,128,🕉️ Devotional Content & Spiritual Storytelling,407,22,1,5.41%,17.97%,2026-06-07,https://www.instagram.com/p/DZROOiUCUNm/,📈 Viral Organic Reach: High organic views (407) with strong like rate (5.41%),"A new spiritual destination is now open in Jayanagar 🛕  Explore Divine Hindu’s complete range of Vedic, devotional, and lifestyle products at our 1st Floor store.  Visit us and bring home divine energy.  #DivineHindu #NowOpen #Jayanagar #Rudraksha #S"
1010,Tier 4: Toggle OFF + Organic (Noise),Isha Life India,"Pan-India / Tamil Nadu (HQ: Coimbatore, Isha)",@thecozyfarmlife,29000,🕉️ Devotional Content & Spiritual Storytelling,55,3,23,5.45%,0.09%,2026-02-10,https://www.instagram.com/p/DUk4TFkjY9F/,⚪ Standard Organic: Baseline organic collab reach,POV: You think laddoos can buy your shawl back 😭😂 Keshav : nice try 🐮🙂‍↔️  #cowlove #reels #viralvídeo #fyp #explore
