#,Hierarchy Tier,Brand Name,State / Origin (HQ),Creator Handle,Followers,Views / Plays (Est.),Likes,Comments,Like-to-View %,Creator ER%,Post Date,Direct Instagram URL,Boost Status & Classification,Caption Preview
1,Tier 1: Toggle ON + Boosted,Vijay Sales,Maharashtra / Pan-India (HQ: Mumbai),@ansh_rajpal_,684652,10015992,541405,4112,5.41%,79.68%,2026-05-28,https://www.instagram.com/p/DY4g2x5vhxn/,"🚀 Heavily Boosted (Major Brand Campaign): High engagement volume (541,405 likes, ~10,015,992 views) across top creator tier",#AD Middle Class family me privacy hi nhi hoti hai🤣🤣🤣🤣
2,Tier 1: Toggle ON + Boosted,Sathya,Tamil Nadu (HQ: Tuticorin / Chennai),@vijaysuryaoffl,326303,3777293,204178,1139,5.41%,62.92%,2026-07-29,https://www.instagram.com/p/DbYRyWWuMyF/,"🚀 Heavily Boosted (Major Brand Campaign): High engagement volume (204,178 likes, ~3,777,293 views) across top creator tier",STRANGER THINGS 🩸#ad
3,Tier 1: Toggle ON + Boosted,Tata Neu,"Pan-India / Maharashtra (HQ: Mumbai, Tata Digital)",@avantii2,447871,2287895,123670,1338,5.41%,27.91%,2025-08-29,https://www.instagram.com/p/DN8J8LJDPLg/,"🚀 Heavily Boosted (Major Brand Campaign): High engagement volume (123,670 likes, ~2,287,895 views) across top creator tier","#ad | My mom’s small savings felt insignificant back then. But those tiny amounts, locked away in fixed deposits, gave us our first home. Later, they "
4,Tier 1: Toggle ON + Boosted,Sathya,Tamil Nadu (HQ: Tuticorin / Chennai),@kannikasnekan,758604,2116529,114407,595,5.41%,15.16%,2025-08-12,https://www.instagram.com/p/DNQTEWJvhLP/,"🚀 Heavily Boosted (Major Brand Campaign): High engagement volume (114,407 likes, ~2,116,529 views) across top creator tier","#ad Celebrate Independence with Big Savings!  Sathya’s Independence Day super offer From Aug 14–17, @sathya.retail brings you special offers on all ho"
5,Tier 1: Toggle ON + Boosted,Sathya,Tamil Nadu (HQ: Tuticorin / Chennai),@kannikasnekan,758604,2116529,114407,595,5.41%,15.16%,2025-03-12,https://www.instagram.com/p/DHGieQWvIEk/,"🚀 Heavily Boosted (Major Brand Campaign): High engagement volume (114,407 likes, ~2,116,529 views) across top creator tier","#ad Full Moon LED TV Sale at @sathya.retail  on March 14 from morning 9 to midnight 12! Get up to 70% OFF on LED TVs! 32-inch Smart TV for just ₹6,990"
6,Tier 1: Toggle ON + Boosted,Sathya,Tamil Nadu (HQ: Tuticorin / Chennai),@pooja.sh_,1137988,2006843,108478,257,5.41%,9.56%,2025-10-03,https://www.instagram.com/p/DPWLZlkj0Vd/,"🚀 Heavily Boosted (Major Brand Campaign): High engagement volume (108,478 likes, ~2,006,843 views) across top creator tier",Dubakoor Diet 😂 Do you know someone like this ? 😂 #ad
7,Tier 1: Toggle ON + Boosted,Electronics Mart,Telangana & Andhra Pradesh (HQ: Hyderabad),@devika029,1071889,1463627,79115,344,5.41%,7.41%,2025-10-11,https://www.instagram.com/p/DPq8avWkrgk/,"🔍 Likely Boosted (Targeted Ad): Scale engagement (79,115 likes) indicates paid media support",#ad Bhaiya ye 1 lakh wala iphone 17 kitte ka diya!!😂
8,Tier 1: Toggle ON + Boosted,Bajaj Electronics,Telangana & Andhra Pradesh (HQ: Hyderabad),@devika029,1071889,1463627,79115,344,5.41%,7.41%,2025-10-11,https://www.instagram.com/p/DPq8avWkrgk/,"🔍 Likely Boosted (Targeted Ad): Scale engagement (79,115 likes) indicates paid media support",#ad Bhaiya ye 1 lakh wala iphone 17 kitte ka diya!!😂
9,Tier 1: Toggle ON + Boosted,Sathya,Tamil Nadu (HQ: Tuticorin / Chennai),@samosa_mookka,1742426,903614,48844,4101,5.41%,3.04%,2026-01-22,https://www.instagram.com/p/DT0bWYuEkn8/,"🔍 Likely Boosted (Targeted Ad): Scale engagement (48,844 likes) indicates paid media support",Tag with sister 🤣 | #sister #ad #samosamookka #sathyaratail #republicdaysale @sathya.retail Sathya Republic Day Sale is Live!
10,Tier 1: Toggle ON + Boosted,Sathya,Tamil Nadu (HQ: Tuticorin / Chennai),@vicks.picks_,574112,759887,41075,188,5.41%,7.19%,2025-12-31,https://www.instagram.com/p/DS7ex50jjRs/,"🔍 Likely Boosted (Targeted Ad): Scale engagement (41,075 likes) indicates paid media support",Edutha udan anupi vidavum 📸🤣 #ad
11,Tier 1: Toggle ON + Boosted,Sathya,Tamil Nadu (HQ: Tuticorin / Chennai),@vicks.picks_,574112,759887,41075,188,5.41%,7.19%,2025-11-02,https://www.instagram.com/p/DQjcsLekr9Z/,"🔍 Likely Boosted (Targeted Ad): Scale engagement (41,075 likes) indicates paid media support",Oru naal maid leave potadhuku ipdi vela vaanguringa😭😪 #ad
12,Tier 1: Toggle ON + Boosted,Sathya,Tamil Nadu (HQ: Tuticorin / Chennai),@me_jackline,1180758,621045,33570,74,5.41%,2.85%,2025-09-20,https://www.instagram.com/p/DO01WvJCerc/,"🔍 Likely Boosted (Targeted Ad): Scale engagement (33,570 likes) indicates paid media support",#AD
13,Tier 2: Toggle ON + Organic,Sathya,Tamil Nadu (HQ: Tuticorin / Chennai),@lakshmipriyaoffl,515373,401616,21709,447,5.41%,4.30%,2025-07-08,https://www.instagram.com/p/DL2RuanRWzH/,⚪ Standard Organic: Baseline organic collab reach,#Ad
14,Tier 2: Toggle ON + Organic,Bajaj Electronics,Telangana & Andhra Pradesh (HQ: Hyderabad),@chandnibhagwanani,554114,230732,12472,192,5.41%,2.29%,2025-09-24,https://www.instagram.com/p/DO_BQ_OAXPn/,⚪ Standard Organic: Baseline organic collab reach,#AD Bajaj Electronics- India’s Leading Retailer in Electronics is back with its Famous India’s Biggest Festive Offer of ₹1 Crore Cash Prize and 30 Alt
15,Tier 2: Toggle ON + Organic,Sathya,Tamil Nadu (HQ: Tuticorin / Chennai),@sathya_devarajan_official,405987,166574,9004,168,5.41%,2.26%,2025-03-27,https://www.instagram.com/p/DHtLa5eyMfk/,⚪ Standard Organic: Baseline organic collab reach,#AD Excited to launch the OPPO F29 Series at @sathya.retail !  Now available at Sathya!
16,Tier 2: Toggle ON + Organic,Aditya Vision,"Bihar, Jharkhand & UP (HQ: Patna)",@glimpse_of_jamshedpur,224602,144281,7799,26,5.41%,3.48%,2026-04-21,https://www.instagram.com/p/DXZf184EzFY/,⚪ Standard Organic: Baseline organic collab reach,#jamshedpur #jharkhand #adityavision
17,Tier 2: Toggle ON + Organic,Sathya,Tamil Nadu (HQ: Tuticorin / Chennai),@ananthi_rj,261720,136104,7357,40,5.41%,2.83%,2025-03-27,https://www.instagram.com/p/DHtMGCqBVWZ/,⚪ Standard Organic: Baseline organic collab reach,#Ad
18,Tier 2: Toggle ON + Organic,Aditya Vision,"Bihar, Jharkhand & UP (HQ: Patna)",@mithilavlogs,263478,16021,866,10,5.41%,0.33%,2026-08-10,https://www.instagram.com/p/Db2bXJKRCv2/,⚪ Standard Organic: Baseline organic collab reach,ADITYA VISION INDEPENDENCE DAY SALE 🔥 || #adityavision #independenceday #darbhanga #madhubani #adityavisionstore
19,Tier 2: Toggle ON + Organic,Aditya Vision,"Bihar, Jharkhand & UP (HQ: Patna)",@mithilavlogs,263478,16021,866,10,5.41%,0.33%,2025-12-21,https://www.instagram.com/p/DSg3bKsES3-/,⚪ Standard Organic: Baseline organic collab reach,GHAR UPGRADE KARNE KA TYM AA CHUKA HAI @aditya_vision KE SAATH AP KO MILTA HAI BUDGET BHI TECH BHI SATTLE BHI SAB EK SAATH 🔥 #adityavision #gyser #win
20,Tier 2: Toggle ON + Organic,Aditya Vision,"Bihar, Jharkhand & UP (HQ: Patna)",@mithilavlogs,263478,16021,866,10,5.41%,0.33%,2025-08-13,https://www.instagram.com/p/DNSjR20xw6C/,⚪ Standard Organic: Baseline organic collab reach,ADITYA VISION BUMPER SALE 8 August To 17 August 😱 #adityavision #popular #sale #trendingaudio #trendingreels #trendingnow #viral #explorepage #newsale
21,Tier 3: Toggle OFF + Boosted,Vijay Sales,Maharashtra / Pan-India (HQ: Mumbai),@thedeverakonda,23169630,69540815,3758963,7080,5.41%,16.25%,2026-04-22,https://www.instagram.com/p/DXbvlGgASbr/,"🚀 Heavily Boosted (Major Brand Campaign): High engagement volume (3,758,963 likes, ~69,540,815 views) across top creator tier","New home, new beginnings... and @vijaysalesofficial had to be my first stop. But some unexpected guests showed up with other plans. Let’s just say, I "
22,Tier 3: Toggle OFF + Boosted,Vijay Sales,Maharashtra / Pan-India (HQ: Mumbai),@thedeverakonda,23169630,69540815,3758963,7080,5.41%,16.25%,2025-03-28,https://www.instagram.com/p/DHva6BJzHYb/,"🚀 Heavily Boosted (Major Brand Campaign): High engagement volume (3,758,963 likes, ~69,540,815 views) across top creator tier","A blockbuster name. A blockbuster moment. But even I didn’t see this coming! Turns out, Vijay Sales is the new star in town, stealing all the attentio"
23,Tier 3: Toggle OFF + Boosted,Croma,"Pan-India / Maharashtra (HQ: Mumbai, Tata Group)",@vaishali_and_anand,2426590,25924568,1401328,4243,5.41%,57.92%,2026-03-14,https://www.instagram.com/p/DV3v0oYjCaj/,"🚀 Heavily Boosted (Major Brand Campaign): High engagement volume (1,401,328 likes, ~25,924,568 views) across top creator tier","Toh chalo Croma❤️, kem ke Croma Summer Sale have live chhe🥰"
24,Tier 3: Toggle OFF + Boosted,Pai International,Karnataka & Telangana (HQ: Bengaluru),@shreyanka_patil31,5295578,18855274,1019204,4836,5.41%,19.34%,2025-09-29,https://www.instagram.com/p/DPLG1SgkRbb/,"🚀 Heavily Boosted (Major Brand Campaign): High engagement volume (1,019,204 likes, ~18,855,274 views) across top creator tier",The Wait is Over!
25,Tier 3: Toggle OFF + Boosted,Reliance Digital,"Pan-India / Maharashtra (HQ: Mumbai, Reliance Retail)",@abhijeetkain,3182275,18021978,974161,6053,5.41%,30.80%,2026-08-10,https://www.instagram.com/p/Db2aen8sWC5/,"🚀 Heavily Boosted (Major Brand Campaign): High engagement volume (974,161 likes, ~18,021,978 views) across top creator tier",No gadgets were harmed. Just… upgraded. 👀😂
26,Tier 3: Toggle OFF + Boosted,Croma,"Pan-India / Maharashtra (HQ: Mumbai, Tata Group)",@cookininshort,2089003,17022849,920154,7184,5.41%,44.39%,2025-10-14,https://www.instagram.com/p/DPyoWfeD3a6/,"🚀 Heavily Boosted (Major Brand Campaign): High engagement volume (920,154 likes, ~17,022,849 views) across top creator tier",Motichur Laddu or Motichur Laddoo
27,Tier 3: Toggle OFF + Boosted,Croma,"Pan-India / Maharashtra (HQ: Mumbai, Tata Group)",@cookininshort,2089003,17022849,920154,7184,5.41%,44.39%,2025-08-30,https://www.instagram.com/p/DN-tV-qjwCU/,"🚀 Heavily Boosted (Major Brand Campaign): High engagement volume (920,154 likes, ~17,022,849 views) across top creator tier",Aluwadi or Patra or Patyur
28,Tier 3: Toggle OFF + Boosted,Sathya,Tamil Nadu (HQ: Tuticorin / Chennai),@samfootprint,1198535,16895125,913250,1688,5.41%,76.34%,2026-02-20,https://www.instagram.com/p/DU--p7mk64G/,"🚀 Heavily Boosted (Major Brand Campaign): High engagement volume (913,250 likes, ~16,895,125 views) across top creator tier",Amma ku cookies pana theriuma 😅 microwave & mobile shopping @sathya.retail
29,Tier 3: Toggle OFF + Boosted,Sathya,Tamil Nadu (HQ: Tuticorin / Chennai),@samfootprint,1198535,16895125,913250,1688,5.41%,76.34%,2025-12-02,https://www.instagram.com/p/DRww1hmEwhi/,"🚀 Heavily Boosted (Major Brand Campaign): High engagement volume (913,250 likes, ~16,895,125 views) across top creator tier",Hanvika kaaga TV vanga porom 📺👼🏻🙌
30,Tier 3: Toggle OFF + Boosted,Vijay Sales,Maharashtra / Pan-India (HQ: Mumbai),@deepestgarg,1201262,15785088,853248,5108,5.41%,71.45%,2025-05-07,https://www.instagram.com/p/DJW3M6XsxbS/,"🚀 Heavily Boosted (Major Brand Campaign): High engagement volume (853,248 likes, ~15,785,088 views) across top creator tier","Chalo mere phones Samsung Galaxy A36 aur A56 ka jugaad toh karadiya @vijaysalesofficial ne, baaki aap apna dekhlo!"
31,Tier 3: Toggle OFF + Boosted,Croma,"Pan-India / Maharashtra (HQ: Mumbai, Tata Group)",@just_neel_things,2954002,14372354,776884,3491,5.41%,26.42%,2026-01-19,https://www.instagram.com/p/DTrutzaDBVu/,"🚀 Heavily Boosted (Major Brand Campaign): High engagement volume (776,884 likes, ~14,372,354 views) across top creator tier",Mein apne biwi ke khilaaf nahi jaa sakta!😣
32,Tier 3: Toggle OFF + Boosted,Vijay Sales,Maharashtra / Pan-India (HQ: Mumbai),@beyounick,2151478,13839646,748089,7399,5.41%,35.11%,2025-10-04,https://www.instagram.com/p/DPY_s4wCD9z/,"🚀 Heavily Boosted (Major Brand Campaign): High engagement volume (748,089 likes, ~13,839,646 views) across top creator tier",Lagta hai Papa ke liye bhi Samsung Galaxy Z Fold7 phone with Gemini AI ki jarorat hai 😂
33,Tier 3: Toggle OFF + Boosted,Reliance Digital,"Pan-India / Maharashtra (HQ: Mumbai, Reliance Retail)",@beyounick,2151478,13839646,748089,7399,5.41%,35.11%,2026-01-17,https://www.instagram.com/p/DTnnZCEiPcb/,"🚀 Heavily Boosted (Major Brand Campaign): High engagement volume (748,089 likes, ~13,839,646 views) across top creator tier",I was prepared for anything
34,Tier 3: Toggle OFF + Boosted,Sathya,Tamil Nadu (HQ: Tuticorin / Chennai),@strglitz_official,1119062,11316820,611720,3655,5.41%,54.99%,2026-01-03,https://www.instagram.com/p/DTDPahkD-H5/,"🚀 Heavily Boosted (Major Brand Campaign): High engagement volume (611,720 likes, ~11,316,820 views) across top creator tier",@sathya.retail The next-level smartphone experience begins
35,Tier 3: Toggle OFF + Boosted,Sathya,Tamil Nadu (HQ: Tuticorin / Chennai),@strglitz_official,1119062,11316820,611720,3655,5.41%,54.99%,2025-12-03,https://www.instagram.com/p/DRzZk4xj5J2/,"🚀 Heavily Boosted (Major Brand Campaign): High engagement volume (611,720 likes, ~11,316,820 views) across top creator tier","@sathya.retail Experience the all-new Vivo X300 & X300 Pro with 23mm and 50mm ZEISS lenses, including a 200MP ZEISS main camera. Powered by the Pro Im"
36,Tier 3: Toggle OFF + Boosted,Croma,"Pan-India / Maharashtra (HQ: Mumbai, Tata Group)",@astuti_mw,2865837,11301909,610914,5423,5.41%,21.51%,2026-02-15,https://www.instagram.com/p/DUxt53xE_jW/,"🚀 Heavily Boosted (Major Brand Campaign): High engagement volume (610,914 likes, ~11,301,909 views) across top creator tier",Didi ka bas chale toh poore khandaan ki love marriage kara de🤣
37,Tier 3: Toggle OFF + Boosted,Croma,"Pan-India / Maharashtra (HQ: Mumbai, Tata Group)",@astuti_mw,2865837,11301909,610914,5423,5.41%,21.51%,2026-01-15,https://www.instagram.com/p/DTh8m3oE35d/,"🚀 Heavily Boosted (Major Brand Campaign): High engagement volume (610,914 likes, ~11,301,909 views) across top creator tier",Lagta hai didi ki bidai krna miss ho gya 😅
38,Tier 3: Toggle OFF + Boosted,Sathya,Tamil Nadu (HQ: Tuticorin / Chennai),@ranjith_anitha_07,286315,10436090,564113,4734,5.41%,198.68%,2025-11-03,https://www.instagram.com/p/DQmAfkvE4LQ/,"🚀 Heavily Boosted (Major Brand Campaign): High engagement volume (564,113 likes, ~10,436,090 views) across top creator tier",Don’t miss the biggest shopping day of the month!
39,Tier 3: Toggle OFF + Boosted,Croma,"Pan-India / Maharashtra (HQ: Mumbai, Tata Group)",@officialrohitsaluja,199306,10207005,551730,2241,5.41%,277.95%,2026-03-12,https://www.instagram.com/p/DVyWeufj_rq/,"🚀 Heavily Boosted (Major Brand Campaign): High engagement volume (551,730 likes, ~10,207,005 views) across top creator tier",Mummy ko makkhan lagana boht jaruri. 😌
40,Tier 3: Toggle OFF + Boosted,Sathya,Tamil Nadu (HQ: Tuticorin / Chennai),@letscurryit,185122,9980195,539470,1024,5.41%,291.97%,2026-07-26,https://www.instagram.com/p/DbQauAxzJW1/,"🚀 Heavily Boosted (Major Brand Campaign): High engagement volume (539,470 likes, ~9,980,195 views) across top creator tier",@sathya.retail  Full Moon Sale is here!
41,Tier 3: Toggle OFF + Boosted,Electronics Mart,Telangana & Andhra Pradesh (HQ: Hyderabad),@nishchay.verma,348182,9195684,497064,5994,5.41%,144.48%,2026-01-23,https://www.instagram.com/p/DT2x3DBiOkV/,"🚀 Heavily Boosted (Major Brand Campaign): High engagement volume (497,064 likes, ~9,195,684 views) across top creator tier",Bare minimum demands hai ye to!!😏
42,Tier 3: Toggle OFF + Boosted,Sathya,Tamil Nadu (HQ: Tuticorin / Chennai),@kumaran_weds_divi,661776,9036214,488444,1290,5.41%,74.00%,2025-12-02,https://www.instagram.com/p/DRwgCH4k0OY/,"🚀 Heavily Boosted (Major Brand Campaign): High engagement volume (488,444 likes, ~9,036,214 views) across top creator tier",இது எல்லாம் நடிப்பா🤣🤣🤣🤣
43,Tier 3: Toggle OFF + Boosted,Sathya,Tamil Nadu (HQ: Tuticorin / Chennai),@kumaran_weds_divi,661776,9036214,488444,1290,5.41%,74.00%,2025-10-04,https://www.instagram.com/p/DPY2UF2k5lv/,"🚀 Heavily Boosted (Major Brand Campaign): High engagement volume (488,444 likes, ~9,036,214 views) across top creator tier",சம்மந்தி வீட்ட UPDATE செய்யனும்😂😂😂
44,Tier 3: Toggle OFF + Boosted,Sathya,Tamil Nadu (HQ: Tuticorin / Chennai),@kumaran_weds_divi,661776,9036214,488444,1290,5.41%,74.00%,2025-07-08,https://www.instagram.com/p/DL2KJOaTxKk/,"🚀 Heavily Boosted (Major Brand Campaign): High engagement volume (488,444 likes, ~9,036,214 views) across top creator tier",இனி அர்னால்ட் மாஸ் தான்😂😂😂
45,Tier 3: Toggle OFF + Boosted,Croma,"Pan-India / Maharashtra (HQ: Mumbai, Tata Group)",@vyom25,150688,8192558,442841,1211,5.41%,294.68%,2026-05-17,https://www.instagram.com/p/DYcNScbs2aJ/,"🚀 Heavily Boosted (Major Brand Campaign): High engagement volume (442,841 likes, ~8,192,558 views) across top creator tier",Mumbai ki garmi + Nani ke garma garam roasts = End Game! 😂
46,Tier 3: Toggle OFF + Boosted,Croma,"Pan-India / Maharashtra (HQ: Mumbai, Tata Group)",@vyom25,150688,8192558,442841,1211,5.41%,294.68%,2025-09-23,https://www.instagram.com/p/DO71XYsjA0T/,"🚀 Heavily Boosted (Major Brand Campaign): High engagement volume (442,841 likes, ~8,192,558 views) across top creator tier",Navratri is the festival of dreams for us Gujjus! 💃
47,Tier 3: Toggle OFF + Boosted,Sathya,Tamil Nadu (HQ: Tuticorin / Chennai),@s.manikandan___,872096,7936370,428993,2139,5.41%,49.44%,2026-01-04,https://www.instagram.com/p/DTGBfABk709/,"🚀 Heavily Boosted (Major Brand Campaign): High engagement volume (428,993 likes, ~7,936,370 views) across top creator tier",Tag That Broken Phone Guy📱💀 Phone case la enn da verru molachirku😱
48,Tier 3: Toggle OFF + Boosted,Sathya,Tamil Nadu (HQ: Tuticorin / Chennai),@s.manikandan___,872096,7936370,428993,2139,5.41%,49.44%,2025-11-20,https://www.instagram.com/p/DRR8caqDJEe/,"🚀 Heavily Boosted (Major Brand Campaign): High engagement volume (428,993 likes, ~7,936,370 views) across top creator tier",Tag That Korattai Kumaru😴🥱
49,Tier 3: Toggle OFF + Boosted,Aditya Vision,"Bihar, Jharkhand & UP (HQ: Patna)",@official_gonda_43_,186087,7508983,405891,1825,5.41%,219.10%,2025-10-16,https://www.instagram.com/p/DP3BHiDjxLC/,"🚀 Heavily Boosted (Major Brand Campaign): High engagement volume (405,891 likes, ~7,508,983 views) across top creator tier",Aa gaya hai Saal ka sabse bada Diwali Sale Dhamaka 😍!!
50,Tier 3: Toggle OFF + Boosted,Croma,"Pan-India / Maharashtra (HQ: Mumbai, Tata Group)",@viraj_ghelani,1453687,7289481,394026,2532,5.41%,27.28%,2025-10-02,https://www.instagram.com/p/DPS-G2uiOLd/,"🚀 Heavily Boosted (Major Brand Campaign): High engagement volume (394,026 likes, ~7,289,481 views) across top creator tier",Kiska side lene ka samajh nai aata
51,Tier 3: Toggle OFF + Boosted,Aditya Vision,"Bihar, Jharkhand & UP (HQ: Patna)",@official___faridi_up81,107476,7263433,392618,545,5.41%,365.82%,2026-08-10,https://www.instagram.com/p/Db2auYxxM99/,"🚀 Heavily Boosted (Major Brand Campaign): High engagement volume (392,618 likes, ~7,263,433 views) across top creator tier",🇮🇳🔥 अलीगढ़ वालों… आज़ादी का जश्न मनाइए बंपर बचत के साथ! 🔥🇮🇳
52,Tier 3: Toggle OFF + Boosted,Aditya Vision,"Bihar, Jharkhand & UP (HQ: Patna)",@official___faridi_up81,107476,7263433,392618,545,5.41%,365.82%,2026-05-15,https://www.instagram.com/p/DYXVQ2-o6DZ/,"🚀 Heavily Boosted (Major Brand Campaign): High engagement volume (392,618 likes, ~7,263,433 views) across top creator tier",🎉 अलीगढ़ वालों के लिए खुशखबरी! 🎉
53,Tier 3: Toggle OFF + Boosted,Pai International,Karnataka & Telangana (HQ: Bengaluru),@shreyaanachappa,106720,7239253,391311,2643,5.41%,369.15%,2025-11-19,https://www.instagram.com/p/DRO3xAdDPyb/,"🚀 Heavily Boosted (Major Brand Campaign): High engagement volume (391,311 likes, ~7,239,253 views) across top creator tier","I went to the Pai International Mega Draw fully prepared to expose some scam-level giveaway nonsense… because hello, trust issues."
54,Tier 3: Toggle OFF + Boosted,Pai International,Karnataka & Telangana (HQ: Bengaluru),@shreyaanachappa,106720,7239253,391311,2643,5.41%,369.15%,2025-09-30,https://www.instagram.com/p/DPN93mDElAt/,"🚀 Heavily Boosted (Major Brand Campaign): High engagement volume (391,311 likes, ~7,239,253 views) across top creator tier",Math answer ❌
55,Tier 3: Toggle OFF + Boosted,Pai International,Karnataka & Telangana (HQ: Bengaluru),@shreyaanachappa,106720,7239253,391311,2643,5.41%,369.15%,2025-09-18,https://www.instagram.com/p/DOvIUwTkkms/,"🚀 Heavily Boosted (Major Brand Campaign): High engagement volume (391,311 likes, ~7,239,253 views) across top creator tier",Apple’s all-new lineup is here at Pai International! ✨
56,Tier 3: Toggle OFF + Boosted,Croma,"Pan-India / Maharashtra (HQ: Mumbai, Tata Group)",@rjkisnaa,1974013,7123832,385072,3152,5.41%,19.67%,2026-03-13,https://www.instagram.com/p/DV05GeZEUXu/,"🚀 Heavily Boosted (Major Brand Campaign): High engagement volume (385,072 likes, ~7,123,832 views) across top creator tier",West Delhi ka putt… South Delhi ka flat…Aur mummy da roast. 😭
57,Tier 3: Toggle OFF + Boosted,Croma,"Pan-India / Maharashtra (HQ: Mumbai, Tata Group)",@nitesh_shetty99,840148,6643960,359133,2696,5.41%,43.07%,2025-10-09,https://www.instagram.com/p/DPklOyjinnq/,"🚀 Heavily Boosted (Major Brand Campaign): High engagement volume (359,133 likes, ~6,643,960 views) across top creator tier","Main bajuwale dukaan mein gaya tha, wo bola Croma jaao, Waha 35% OFF milega"
58,Tier 3: Toggle OFF + Boosted,Reliance Digital,"Pan-India / Maharashtra (HQ: Mumbai, Reliance Retail)",@farahkhankunder,4746135,6555715,354363,6628,5.41%,7.61%,2025-01-15,https://www.instagram.com/p/DE1wRpKsdpE/,"🚀 Heavily Boosted (Major Brand Campaign): High engagement volume (354,363 likes, ~6,555,715 views) across top creator tier","Gaming and e-sports are rapidly becoming sought-after careers in India. Meet Aditya, a passionate gamer from Belapur, Mumbai, who aims to make a big n"
59,Tier 3: Toggle OFF + Boosted,Reliance Digital,"Pan-India / Maharashtra (HQ: Mumbai, Reliance Retail)",@farahkhankunder,4746135,6555715,354363,6628,5.41%,7.61%,2025-01-01,https://www.instagram.com/p/DERl9cRyNV4/,"🚀 Heavily Boosted (Major Brand Campaign): High engagement volume (354,363 likes, ~6,555,715 views) across top creator tier","Look who’s joined us on the Reliance Digital Happiness Project—Reuben Joy, an incredible Tamil rapper from Chennai!"
60,Tier 3: Toggle OFF + Boosted,Croma,"Pan-India / Maharashtra (HQ: Mumbai, Tata Group)",@villagecookingboy_official,2552727,6431136,347629,1209,5.41%,13.67%,2025-09-24,https://www.instagram.com/p/DO_LZdiEQsq/,"🚀 Heavily Boosted (Major Brand Campaign): High engagement volume (347,629 likes, ~6,431,136 views) across top creator tier",Navratri Special : Stuffed Garlic Bread 😋
61,Tier 3: Toggle OFF + Boosted,Vijay Sales,Maharashtra / Pan-India (HQ: Mumbai),@mishti.mehtaa,432351,6294495,340243,1602,5.41%,79.07%,2025-02-10,https://www.instagram.com/p/DF4kPsFSLin/,"🚀 Heavily Boosted (Major Brand Campaign): High engagement volume (340,243 likes, ~6,294,495 views) across top creator tier",When love meets Innovation 🖥️🤍
62,Tier 3: Toggle OFF + Boosted,Aditya Vision,"Bihar, Jharkhand & UP (HQ: Patna)",@photographycliclucknow,827949,6262842,338532,552,5.41%,40.95%,2026-06-10,https://www.instagram.com/p/DZWs_CRANAo/,"🚀 Heavily Boosted (Major Brand Campaign): High engagement volume (338,532 likes, ~6,262,842 views) across top creator tier",💻 Your First Laptop Can Change Your Future! 🚀
63,Tier 3: Toggle OFF + Boosted,Aditya Vision,"Bihar, Jharkhand & UP (HQ: Patna)",@photographycliclucknow,827949,6262842,338532,552,5.41%,40.95%,2026-05-19,https://www.instagram.com/p/DYhifBYAZf3/,"🚀 Heavily Boosted (Major Brand Campaign): High engagement volume (338,532 likes, ~6,262,842 views) across top creator tier",मिलिए श्री manoj Kumar ji se jo Lucknow ke niwasi hai.
64,Tier 3: Toggle OFF + Boosted,Sathya,Tamil Nadu (HQ: Tuticorin / Chennai),@_yogaprakash_,384287,6260011,338379,1357,5.41%,88.41%,2026-07-27,https://www.instagram.com/p/DbTAMfSvkoi/,"🚀 Heavily Boosted (Major Brand Campaign): High engagement volume (338,379 likes, ~6,260,011 views) across top creator tier",❤️உன்னை எப்பவும் கஷ்டப்பட விட மாட்டேன் ❤️
65,Tier 3: Toggle OFF + Boosted,Vijay Sales,Maharashtra / Pan-India (HQ: Mumbai),@shivank_panwanda,166441,6109477,330242,891,5.41%,198.95%,2026-01-12,https://www.instagram.com/p/DTaSmG3E5V2/,"🚀 Heavily Boosted (Major Brand Campaign): High engagement volume (330,242 likes, ~6,109,477 views) across top creator tier",End tak sab theek chal raha tha! Lekin....
66,Tier 3: Toggle OFF + Boosted,Sathya,Tamil Nadu (HQ: Tuticorin / Chennai),@aadhaw_official,40821,6106757,330095,756,5.41%,810.50%,2026-07-27,https://www.instagram.com/p/DbTH4XQzLvM/,"🚀 Heavily Boosted (Major Brand Campaign): High engagement volume (330,095 likes, ~6,106,757 views) across top creator tier",@sathya.retail  Full Moon Sale is here!
67,Tier 3: Toggle OFF + Boosted,Croma,"Pan-India / Maharashtra (HQ: Mumbai, Tata Group)",@arjunpandeyhere,1533271,5925568,320301,2246,5.41%,21.04%,2025-07-30,https://www.instagram.com/p/DMvOy53yF9B/,"🚀 Heavily Boosted (Major Brand Campaign): High engagement volume (320,301 likes, ~5,925,568 views) across top creator tier",Jhalire Jhali! Ata Bappanchya yaychi wel Jhal ✨🙌🏻
68,Tier 3: Toggle OFF + Boosted,Reliance Digital,"Pan-India / Maharashtra (HQ: Mumbai, Reliance Retail)",@arjunpandeyhere,1533271,5925568,320301,2246,5.41%,21.04%,2025-08-09,https://www.instagram.com/p/DNIrnK0ynvU/,"🚀 Heavily Boosted (Major Brand Campaign): High engagement volume (320,301 likes, ~5,925,568 views) across top creator tier",Kaam ka load? Machine pe chod! ✌🏻
69,Tier 3: Toggle OFF + Boosted,Croma,"Pan-India / Maharashtra (HQ: Mumbai, Tata Group)",@whereareyoupraveen,661818,5832458,315268,873,5.41%,47.77%,2025-11-22,https://www.instagram.com/p/DRXQBJLExcz/,"🚀 Heavily Boosted (Major Brand Campaign): High engagement volume (315,268 likes, ~5,832,458 views) across top creator tier",vlog 90
70,Tier 3: Toggle OFF + Boosted,Croma,"Pan-India / Maharashtra (HQ: Mumbai, Tata Group)",@dhirajjjjj_,965583,5810165,314063,1076,5.41%,32.64%,2026-08-05,https://www.instagram.com/p/DbqZEqOPx4O/,"🚀 Heavily Boosted (Major Brand Campaign): High engagement volume (314,063 likes, ~5,810,165 views) across top creator tier",Literally every actor during movie promotions 😂
71,Tier 3: Toggle OFF + Boosted,Vijay Sales,Maharashtra / Pan-India (HQ: Mumbai),@dhirajjjjj_,965583,5810165,314063,1076,5.41%,32.64%,2025-05-01,https://www.instagram.com/p/DJHLkuHojEV/,"🚀 Heavily Boosted (Major Brand Campaign): High engagement volume (314,063 likes, ~5,810,165 views) across top creator tier",Tag that dhokebaaz friend🥲
72,Tier 3: Toggle OFF + Boosted,Sathya,Tamil Nadu (HQ: Tuticorin / Chennai),@villupuram_vlogs,106971,5793589,313167,846,5.41%,293.55%,2026-07-26,https://www.instagram.com/p/DbQdJjFiETt/,"🚀 Heavily Boosted (Major Brand Campaign): High engagement volume (313,167 likes, ~5,793,589 views) across top creator tier","ஜூலை 29 Full Moon SALE ! AC, TV, Fridge, Mobile எல்லாமே UPTO 70% OFF"
73,Tier 3: Toggle OFF + Boosted,Reliance Digital,"Pan-India / Maharashtra (HQ: Mumbai, Reliance Retail)",@saikat_ishan_,786792,5453559,294787,2312,5.41%,37.76%,2026-07-06,https://www.instagram.com/p/DaceaN5vR80/,"🚀 Heavily Boosted (Major Brand Campaign): High engagement volume (294,787 likes, ~5,453,559 views) across top creator tier",Who gives the final approval before you buy a laptop at home? 😄
74,Tier 3: Toggle OFF + Boosted,Sathya,Tamil Nadu (HQ: Tuticorin / Chennai),@kichu_sowmi,300022,5388476,291269,1524,5.41%,97.59%,2026-07-16,https://www.instagram.com/p/Da3Boy6NY_s/,"🚀 Heavily Boosted (Major Brand Campaign): High engagement volume (291,269 likes, ~5,388,476 views) across top creator tier",Oppo Days are here @sathya.retail
75,Tier 3: Toggle OFF + Boosted,Sathya,Tamil Nadu (HQ: Tuticorin / Chennai),@kichu_sowmi,300022,5388476,291269,1524,5.41%,97.59%,2025-07-05,https://www.instagram.com/p/DLunCV2I-bo/,"🚀 Heavily Boosted (Major Brand Campaign): High engagement volume (291,269 likes, ~5,388,476 views) across top creator tier",Krishnaveni..😍
76,Tier 3: Toggle OFF + Boosted,Croma,"Pan-India / Maharashtra (HQ: Mumbai, Tata Group)",@ankur_agarwal_vines,2415373,5326002,287892,2309,5.41%,12.01%,2026-02-16,https://www.instagram.com/p/DU0sE8xjJBB/,"🚀 Heavily Boosted (Major Brand Campaign): High engagement volume (287,892 likes, ~5,326,002 views) across top creator tier",Mumbai vs Delhi toh never ending debate…par Jija vs Jija - aaj final decision hoga
77,Tier 3: Toggle OFF + Boosted,Pai International,Karnataka & Telangana (HQ: Bengaluru),@street.comic,262578,5304856,286749,820,5.41%,109.52%,2025-11-20,https://www.instagram.com/p/DRRwJJ5Ebl6/,"🚀 Heavily Boosted (Major Brand Campaign): High engagement volume (286,749 likes, ~5,304,856 views) across top creator tier",Came to the Pai Mega Draw to show what prizes customers might win
78,Tier 3: Toggle OFF + Boosted,Sathya,Tamil Nadu (HQ: Tuticorin / Chennai),@sanjkayy,950904,5262639,284467,651,5.41%,29.98%,2025-09-20,https://www.instagram.com/p/DO05vO0kZgx/,"🚀 Heavily Boosted (Major Brand Campaign): High engagement volume (284,467 likes, ~5,262,639 views) across top creator tier","The all-new OPPO F31 Series has officially launched at @sathya.retail ! With a massive 7000mAh battery and IP68, IP69, IP66 dust & water resistance, t"
79,Tier 3: Toggle OFF + Boosted,Sathya,Tamil Nadu (HQ: Tuticorin / Chennai),@mukesh__dm,228229,5210543,281651,1999,5.41%,124.28%,2026-02-20,https://www.instagram.com/p/DU-zHuukmv2/,"🚀 Heavily Boosted (Major Brand Campaign): High engagement volume (281,651 likes, ~5,210,543 views) across top creator tier",Tag eah 😂 | kovam matum dha 💯
80,Tier 3: Toggle OFF + Boosted,Sathya,Tamil Nadu (HQ: Tuticorin / Chennai),@mukesh__dm,228229,5210543,281651,1999,5.41%,124.28%,2025-12-04,https://www.instagram.com/p/DR1HcO-EqU6/,"🚀 Heavily Boosted (Major Brand Campaign): High engagement volume (281,651 likes, ~5,210,543 views) across top creator tier",Tagg eahh 😂
81,Tier 3: Toggle OFF + Boosted,Sathya,Tamil Nadu (HQ: Tuticorin / Chennai),@khan_harshath_khan,2015465,5074272,274285,447,5.41%,13.63%,2025-05-26,https://www.instagram.com/p/DKHmsYDiuTx/,"🚀 Heavily Boosted (Major Brand Campaign): High engagement volume (274,285 likes, ~5,074,272 views) across top creator tier","Enga discount oh, anga na iruppen 😂 tag that guy"
82,Tier 3: Toggle OFF + Boosted,Sathya,Tamil Nadu (HQ: Tuticorin / Chennai),@khan_harshath_khan,2015465,5074272,274285,447,5.41%,13.63%,2025-03-27,https://www.instagram.com/p/DHtNF8di4uY/,"🚀 Heavily Boosted (Major Brand Campaign): High engagement volume (274,285 likes, ~5,074,272 views) across top creator tier",Trending song in namma version 🤣 Sathya Year end Sale
83,Tier 3: Toggle OFF + Boosted,Vijay Sales,Maharashtra / Pan-India (HQ: Mumbai),@raghav_sharmaaaaa,286750,4958351,268019,1595,5.41%,94.02%,2025-05-23,https://www.instagram.com/p/DJ_OSS5vti4/,"🚀 Heavily Boosted (Major Brand Campaign): High engagement volume (268,019 likes, ~4,958,351 views) across top creator tier","Salary milte hi ameeron jaisa lagne lagta haii, toh @Vijaysalesofficial pe shopping to banti haii"
84,Tier 3: Toggle OFF + Boosted,Tata Neu,"Pan-India / Maharashtra (HQ: Mumbai, Tata Digital)",@raghav_sharmaaaaa,286750,4958351,268019,1595,5.41%,94.02%,2025-05-07,https://www.instagram.com/p/DJWuM3fPS-f/,"🚀 Heavily Boosted (Major Brand Campaign): High engagement volume (268,019 likes, ~4,958,351 views) across top creator tier","Inki shaadi may dimaag khapaane se achha hai, mai prompts ka jawaab dhoond lu🕵️"
85,Tier 3: Toggle OFF + Boosted,Bajaj Electronics,Telangana & Andhra Pradesh (HQ: Hyderabad),@techrohithofficial,122296,4834679,261334,11016,5.41%,222.70%,2026-06-29,https://www.instagram.com/p/DaKpva6z_OR/,"🚀 Heavily Boosted (Major Brand Campaign): High engagement volume (261,334 likes, ~4,834,679 views) across top creator tier",Looking for your next laptop? 💻
86,Tier 3: Toggle OFF + Boosted,Croma,"Pan-India / Maharashtra (HQ: Mumbai, Tata Group)",@thatkushalmistry,1694282,4831774,261177,972,5.41%,15.47%,2026-01-16,https://www.instagram.com/p/DTkp6J7DdQy/,"🚀 Heavily Boosted (Major Brand Campaign): High engagement volume (261,177 likes, ~4,831,774 views) across top creator tier",Gujju Mom v/s Sleep? Winner is already decided!
87,Tier 3: Toggle OFF + Boosted,Sathya,Tamil Nadu (HQ: Tuticorin / Chennai),@iammanimegalai,3620897,4774757,258095,923,5.41%,7.15%,2025-08-19,https://www.instagram.com/p/DNiZmzrvWi2/,"🚀 Heavily Boosted (Major Brand Campaign): High engagement volume (258,095 likes, ~4,774,757 views) across top creator tier",Power that lasts all day! @sathya.retail proudly launched the stunning vivo v60 with a massive 6500 mAh battery .
88,Tier 3: Toggle OFF + Boosted,Sathya,Tamil Nadu (HQ: Tuticorin / Chennai),@covai_crush,133324,4751614,256844,412,5.41%,192.96%,2025-05-25,https://www.instagram.com/p/DKE7mGlxLhf/,"🚀 Heavily Boosted (Major Brand Campaign): High engagement volume (256,844 likes, ~4,751,614 views) across top creator tier",@sathya.retail Sathya super sale is happening from May 28 - 31
89,Tier 3: Toggle OFF + Boosted,Sathya,Tamil Nadu (HQ: Tuticorin / Chennai),@covai_crush,133324,4751614,256844,412,5.41%,192.96%,2025-03-12,https://www.instagram.com/p/DHF4ZHLxsSi/,"🚀 Heavily Boosted (Major Brand Campaign): High engagement volume (256,844 likes, ~4,751,614 views) across top creator tier",Sathya FULL MOON LED TV SUPER SALE - Live on 14th March 2025 -Morning 9 AM To Midnight 12 AM- One Day Only -
90,Tier 3: Toggle OFF + Boosted,Croma,"Pan-India / Maharashtra (HQ: Mumbai, Tata Group)",@hustlingrajan,1725783,4715779,254907,2209,5.41%,14.90%,2026-01-18,https://www.instagram.com/p/DTp7vw7jIMS/,"🚀 Heavily Boosted (Major Brand Campaign): High engagement volume (254,907 likes, ~4,715,779 views) across top creator tier",Girlfriend ko agar khush rakhna hai and uske what’s new ke sawal se bachna hai toh aaj hi lejao usse @croma.retail 🛍️ Deals so nice you will buy it tw
91,Tier 3: Toggle OFF + Boosted,Sathya,Tamil Nadu (HQ: Tuticorin / Chennai),@__malini_priya__,241757,4639744,250797,402,5.41%,103.91%,2026-08-08,https://www.instagram.com/p/Dbx4FrQJiAy/,"🚀 Heavily Boosted (Major Brand Campaign): High engagement volume (250,797 likes, ~4,639,744 views) across top creator tier",@sathya.retail vivo s2 pre-booking is now open!
92,Tier 3: Toggle OFF + Boosted,Electronics Mart,Telangana & Andhra Pradesh (HQ: Hyderabad),@masalatriptea,477776,4612050,249300,2299,5.41%,52.66%,2025-05-03,https://www.instagram.com/p/DJMEwlwy1V7/,"🚀 Heavily Boosted (Major Brand Campaign): High engagement volume (249,300 likes, ~4,612,050 views) across top creator tier",AI AC ❌ A1 AC ✅
93,Tier 3: Toggle OFF + Boosted,Bajaj Electronics,Telangana & Andhra Pradesh (HQ: Hyderabad),@masalatriptea,477776,4612050,249300,2299,5.41%,52.66%,2025-05-03,https://www.instagram.com/p/DJMEwlwy1V7/,"🚀 Heavily Boosted (Major Brand Campaign): High engagement volume (249,300 likes, ~4,612,050 views) across top creator tier",AI AC ❌ A1 AC ✅
94,Tier 3: Toggle OFF + Boosted,Sathya,Tamil Nadu (HQ: Tuticorin / Chennai),@dinesh__.001,813366,4574384,247264,3336,5.41%,30.81%,2025-12-18,https://www.instagram.com/p/DSZ4yXak98L/,"🚀 Heavily Boosted (Major Brand Campaign): High engagement volume (247,264 likes, ~4,574,384 views) across top creator tier",@sathya.retail Gadget Day Sale is here!
95,Tier 3: Toggle OFF + Boosted,Sathya,Tamil Nadu (HQ: Tuticorin / Chennai),@arputhas_kitchen,570307,4559898,246481,706,5.41%,43.34%,2026-06-27,https://www.instagram.com/p/DaFtDfxy9V-/,"🚀 Heavily Boosted (Major Brand Campaign): High engagement volume (246,481 likes, ~4,559,898 views) across top creator tier",Mutton Kulambu
96,Tier 3: Toggle OFF + Boosted,Sathya,Tamil Nadu (HQ: Tuticorin / Chennai),@arputhas_kitchen,570307,4559898,246481,706,5.41%,43.34%,2026-01-23,https://www.instagram.com/p/DT2A75_Eodm/,"🚀 Heavily Boosted (Major Brand Campaign): High engagement volume (246,481 likes, ~4,559,898 views) across top creator tier",Mutton Chukka Recipe❤️
97,Tier 3: Toggle OFF + Boosted,Sathya,Tamil Nadu (HQ: Tuticorin / Chennai),@arputhas_kitchen,570307,4559898,246481,706,5.41%,43.34%,2025-12-02,https://www.instagram.com/p/DRw5glYkrAt/,"🚀 Heavily Boosted (Major Brand Campaign): High engagement volume (246,481 likes, ~4,559,898 views) across top creator tier",Mutton thala curry recipe
98,Tier 3: Toggle OFF + Boosted,Sathya,Tamil Nadu (HQ: Tuticorin / Chennai),@yeda_kodam,360991,4435985,239783,1934,5.41%,66.96%,2026-08-15,https://www.instagram.com/p/DcDyQ2ISQlz/,"🚀 Heavily Boosted (Major Brand Campaign): High engagement volume (239,783 likes, ~4,435,985 views) across top creator tier",Unexpected twist💀😂
99,Tier 3: Toggle OFF + Boosted,Croma,"Pan-India / Maharashtra (HQ: Mumbai, Tata Group)",@mangaajjii,1466826,4426328,239261,1823,5.41%,16.44%,2025-08-26,https://www.instagram.com/p/DN0sDwd0iWN/,"🚀 Heavily Boosted (Major Brand Campaign): High engagement volume (239,261 likes, ~4,426,328 views) across top creator tier",छोट्या दाजींचा मोठा स्पीकर 💪🏼😎
100,Tier 3: Toggle OFF + Boosted,Reliance Digital,"Pan-India / Maharashtra (HQ: Mumbai, Reliance Retail)",@mangaajjii,1466826,4426328,239261,1823,5.41%,16.44%,2026-04-05,https://www.instagram.com/p/DWwKjBPDamp/,"🚀 Heavily Boosted (Major Brand Campaign): High engagement volume (239,261 likes, ~4,426,328 views) across top creator tier",बायको ने ऑफर बघितली आणि दाजींचा लॉजिक हलून गेलं 🤯🛒
101,Tier 3: Toggle OFF + Boosted,Tata Neu,"Pan-India / Maharashtra (HQ: Mumbai, Tata Digital)",@aadu_mayy,145771,4347999,235027,953,5.41%,161.88%,2025-08-05,https://www.instagram.com/p/DM-kDfUK8md/,"🚀 Heavily Boosted (Major Brand Campaign): High engagement volume (235,027 likes, ~4,347,999 views) across top creator tier",Welcome to our new series - Ghar Banake dekho Episode 1. 🏠
102,Tier 3: Toggle OFF + Boosted,Croma,"Pan-India / Maharashtra (HQ: Mumbai, Tata Group)",@arunkanna404,109317,4202811,227179,472,5.41%,208.25%,2025-08-05,https://www.instagram.com/p/DM-SNQOo0LA/,"🚀 Heavily Boosted (Major Brand Campaign): High engagement volume (227,179 likes, ~4,202,811 views) across top creator tier","Hyderabad isn’t just a city, it’s an emotion, a celebration, a story waiting to be captured."
103,Tier 3: Toggle OFF + Boosted,Sathya,Tamil Nadu (HQ: Tuticorin / Chennai),@vino_vlogs,1231412,4152251,224446,821,5.41%,18.29%,2025-09-05,https://www.instagram.com/p/DON-NFGkaJt/,"🚀 Heavily Boosted (Major Brand Campaign): High engagement volume (224,446 likes, ~4,152,251 views) across top creator tier","Get ready for the brightest shopping day! @sathya.retail brings you the Full Moon Sale this September 7, from 9 AM to midnight 12 AM. Shop your favori"
104,Tier 3: Toggle OFF + Boosted,Sathya,Tamil Nadu (HQ: Tuticorin / Chennai),@vino_vlogs,1231412,4152251,224446,821,5.41%,18.29%,2025-02-04,https://www.instagram.com/p/DFpkkfYyPFL/,"🚀 Heavily Boosted (Major Brand Campaign): High engagement volume (224,446 likes, ~4,152,251 views) across top creator tier","Who's ready to shop till you drop at the @sathya.retail Gulu Gulu AC offer, grab all branded AC ! Don't miss out the special Offer ! 🎁 Let's treat our"
105,Tier 3: Toggle OFF + Boosted,Sathya,Tamil Nadu (HQ: Tuticorin / Chennai),@krishandaish,1235772,4118673,222631,1157,5.41%,18.11%,2025-08-06,https://www.instagram.com/p/DNA9nmVNice/,"🚀 Heavily Boosted (Major Brand Campaign): High engagement volume (222,631 likes, ~4,118,673 views) across top creator tier",Serial shooting 🤣
106,Tier 3: Toggle OFF + Boosted,Pai International,Karnataka & Telangana (HQ: Bengaluru),@mokshith_poojary_,321024,4078658,220468,2249,5.41%,69.38%,2026-03-03,https://www.instagram.com/p/DVbYd8_Afy_/,"🚀 Heavily Boosted (Major Brand Campaign): High engagement volume (220,468 likes, ~4,078,658 views) across top creator tier",Still can’t believe this! 🤯
107,Tier 3: Toggle OFF + Boosted,Sathya,Tamil Nadu (HQ: Tuticorin / Chennai),@maran_official_py,123786,4071813,220098,1066,5.41%,178.67%,2026-08-11,https://www.instagram.com/p/Db410RHhCqd/,"🚀 Heavily Boosted (Major Brand Campaign): High engagement volume (220,098 likes, ~4,071,813 views) across top creator tier",👍Seekarama prebook panidunga 😊
108,Tier 3: Toggle OFF + Boosted,Reliance Digital,"Pan-India / Maharashtra (HQ: Mumbai, Reliance Retail)",@divyafofanii,300083,4043674,218577,937,5.41%,73.15%,2025-06-14,https://www.instagram.com/p/DK4Z9gOTj97/,"🚀 Heavily Boosted (Major Brand Campaign): High engagement volume (218,577 likes, ~4,043,674 views) across top creator tier",Nothing better than explaining Indian Dads “may-mays”🥰
109,Tier 3: Toggle OFF + Boosted,Vijay Sales,Maharashtra / Pan-India (HQ: Mumbai),@biswakalyanrath,826048,4016368,217101,1193,5.41%,26.43%,2025-12-29,https://www.instagram.com/p/DS0JgU3jfn4/,"🚀 Heavily Boosted (Major Brand Campaign): High engagement volume (217,101 likes, ~4,016,368 views) across top creator tier",Vijay Sales versus Biswa Brains Round 2
110,Tier 3: Toggle OFF + Boosted,Vijay Sales,Maharashtra / Pan-India (HQ: Mumbai),@biswakalyanrath,826048,4016368,217101,1193,5.41%,26.43%,2025-08-06,https://www.instagram.com/p/DNAb27sxMzk/,"🚀 Heavily Boosted (Major Brand Campaign): High engagement volume (217,101 likes, ~4,016,368 views) across top creator tier",Vijay Reels 👍
111,Tier 3: Toggle OFF + Boosted,Sathya,Tamil Nadu (HQ: Tuticorin / Chennai),@lovely_prashanth_jho,388067,3996166,216009,735,5.41%,55.85%,2026-08-12,https://www.instagram.com/p/Db78Plez7lX/,"🚀 Heavily Boosted (Major Brand Campaign): High engagement volume (216,009 likes, ~3,996,166 views) across top creator tier",Independence day sale @sathya.retail!
112,Tier 3: Toggle OFF + Boosted,Sathya,Tamil Nadu (HQ: Tuticorin / Chennai),@vishnumurugan_,140817,3981792,215232,2157,5.41%,154.38%,2026-08-11,https://www.instagram.com/p/Db5yz3eSD8x/,"🚀 Heavily Boosted (Major Brand Campaign): High engagement volume (215,232 likes, ~3,981,792 views) across top creator tier",Love marriage🤣 part-2 ( Ennalam panna vendi eruku😂) share your friends 👍follow us for more content🙌
113,Tier 3: Toggle OFF + Boosted,Vijay Sales,Maharashtra / Pan-India (HQ: Mumbai),@anshkhuranaa,420934,3960646,214089,741,5.41%,51.04%,2025-05-31,https://www.instagram.com/p/DKUl3I2vcZq/,"🚀 Heavily Boosted (Major Brand Campaign): High engagement volume (214,089 likes, ~3,960,646 views) across top creator tier",Ye wale challenge mein @vijaysalesofficial ke hassle-free experience ke wajahse Samsung S25 Edge phone papa ke liye le toh paya parr ye traffic ke waj
114,Tier 3: Toggle OFF + Boosted,Vijay Sales,Maharashtra / Pan-India (HQ: Mumbai),@theblogginghogger,87659,3933710,212633,754,5.41%,243.43%,2026-03-18,https://www.instagram.com/p/DWBGA16DDdn/,"🚀 Heavily Boosted (Major Brand Campaign): High engagement volume (212,633 likes, ~3,933,710 views) across top creator tier","Naya saal, nayi vibe 🔊✨"
115,Tier 3: Toggle OFF + Boosted,Electronics Mart,Telangana & Andhra Pradesh (HQ: Hyderabad),@harshdeepahujavines,272965,3910419,211374,1785,5.41%,78.09%,2025-12-26,https://www.instagram.com/p/DSuyS4bAZMp/,"🚀 Heavily Boosted (Major Brand Campaign): High engagement volume (211,374 likes, ~3,910,419 views) across top creator tier",Indian Parents while Electronics shopping
116,Tier 3: Toggle OFF + Boosted,Bajaj Electronics,Telangana & Andhra Pradesh (HQ: Hyderabad),@harshdeepahujavines,272965,3910419,211374,1785,5.41%,78.09%,2025-12-26,https://www.instagram.com/p/DSuyS4bAZMp/,"🚀 Heavily Boosted (Major Brand Campaign): High engagement volume (211,374 likes, ~3,910,419 views) across top creator tier",Indian Parents while Electronics shopping
117,Tier 3: Toggle OFF + Boosted,Croma,"Pan-India / Maharashtra (HQ: Mumbai, Tata Group)",@pari_dua,191774,3888145,210170,1620,5.41%,110.44%,2026-05-21,https://www.instagram.com/p/DYmkt_eoV6U/,"🚀 Heavily Boosted (Major Brand Campaign): High engagement volume (210,170 likes, ~3,888,145 views) across top creator tier",Garmiyon main ghar main bass ac aur papa ki commentary chalti hai🌞
118,Tier 3: Toggle OFF + Boosted,Croma,"Pan-India / Maharashtra (HQ: Mumbai, Tata Group)",@thesunshineladki,342562,3806689,205767,1013,5.41%,60.36%,2026-01-07,https://www.instagram.com/p/DTNe493CVNY/,"🚀 Heavily Boosted (Major Brand Campaign): High engagement volume (205,767 likes, ~3,806,689 views) across top creator tier",My 2026 started with this😍
119,Tier 3: Toggle OFF + Boosted,Reliance Digital,"Pan-India / Maharashtra (HQ: Mumbai, Reliance Retail)",@shantanu_rangnekar99,580880,3798327,205315,1838,5.41%,35.66%,2025-04-07,https://www.instagram.com/p/DII3lP3IKZP/,"🚀 Heavily Boosted (Major Brand Campaign): High engagement volume (205,315 likes, ~3,798,327 views) across top creator tier",Why compromise when you can have the best deal at the best prices
120,Tier 3: Toggle OFF + Boosted,Sathya,Tamil Nadu (HQ: Tuticorin / Chennai),@kikivijay11,1322052,3793425,205050,364,5.41%,15.54%,2025-07-08,https://www.instagram.com/p/DL2PEQyhesN/,"🚀 Heavily Boosted (Major Brand Campaign): High engagement volume (205,050 likes, ~3,793,425 views) across top creator tier",Smart & sleek ! Now officially launched! Oppo  Reno 14 Series now available at Sathya Showrooms — 🤩
121,Tier 3: Toggle OFF + Boosted,Sathya,Tamil Nadu (HQ: Tuticorin / Chennai),@kikivijay11,1322052,3793425,205050,364,5.41%,15.54%,2025-07-02,https://www.instagram.com/p/DLmzEEihwLk/,"🚀 Heavily Boosted (Major Brand Campaign): High engagement volume (205,050 likes, ~3,793,425 views) across top creator tier",Thrilled to Unbox OPPO Reno 14 Series along with Sathya MD Mr.Jackson 🥰
122,Tier 3: Toggle OFF + Boosted,Sathya,Tamil Nadu (HQ: Tuticorin / Chennai),@sassyyy_official,22273,3775036,204056,1791,5.41%,924.20%,2025-03-27,https://www.instagram.com/p/DHr4MniS7Gt/,"🚀 Heavily Boosted (Major Brand Campaign): High engagement volume (204,056 likes, ~3,775,036 views) across top creator tier",Sathya Year end Sale
123,Tier 3: Toggle OFF + Boosted,Sathya,Tamil Nadu (HQ: Tuticorin / Chennai),@vetri_18_vetri,251762,3744899,202427,1263,5.41%,80.91%,2026-06-19,https://www.instagram.com/p/DZxWfc2vvOA/,"🚀 Heavily Boosted (Major Brand Campaign): High engagement volume (202,427 likes, ~3,744,899 views) across top creator tier",Area Dhoulath 😈
124,Tier 3: Toggle OFF + Boosted,Sathya,Tamil Nadu (HQ: Tuticorin / Chennai),@vetri_18_vetri,251762,3744899,202427,1263,5.41%,80.91%,2026-02-21,https://www.instagram.com/p/DVBY1NtEm3F/,"🚀 Heavily Boosted (Major Brand Campaign): High engagement volume (202,427 likes, ~3,744,899 views) across top creator tier",Tag That Makatta 😑😂
125,Tier 3: Toggle OFF + Boosted,Tata Neu,"Pan-India / Maharashtra (HQ: Mumbai, Tata Digital)",@kartikcz,757906,3646313,197098,865,5.41%,26.12%,2025-02-18,https://www.instagram.com/p/DGN0xS0yEPi/,"🚀 Heavily Boosted (Major Brand Campaign): High engagement volume (197,098 likes, ~3,646,313 views) across top creator tier",The Arijit Singh concert was everything I hoped for and more! 🎤
126,Tier 3: Toggle OFF + Boosted,Tata Neu,"Pan-India / Maharashtra (HQ: Mumbai, Tata Digital)",@kartikcz,757906,3646313,197098,865,5.41%,26.12%,2025-02-16,https://www.instagram.com/p/DGHwQYrSXe5/,"🚀 Heavily Boosted (Major Brand Campaign): High engagement volume (197,098 likes, ~3,646,313 views) across top creator tier","Road trippin’ to the Arijit Singh concert—thanks to my Tata Neu HDFC Bank Credit Card, I got exclusive early access! 🎶 But the perks didn’t stop there"
127,Tier 3: Toggle OFF + Boosted,Vijay Sales,Maharashtra / Pan-India (HQ: Mumbai),@abrardoingthings,187960,3639394,196724,887,5.41%,105.13%,2025-07-01,https://www.instagram.com/p/DLkLaTUyw9x/,"🚀 Heavily Boosted (Major Brand Campaign): High engagement volume (196,724 likes, ~3,639,394 views) across top creator tier","Galaxy S25 Edge, Samsung’s slimmest phone yet- style bhi, smarts bhi! Get the upgrade you deserve (finally!) only at your nearest @vijaysalesofficial "
128,Tier 3: Toggle OFF + Boosted,Pai International,Karnataka & Telangana (HQ: Bengaluru),@abrardoingthings,187960,3639394,196724,887,5.41%,105.13%,2025-02-07,https://www.instagram.com/p/DFxZC4iSHpQ/,"🚀 Heavily Boosted (Major Brand Campaign): High engagement volume (196,724 likes, ~3,639,394 views) across top creator tier","Hyderabadis, it’s time to go Ultra! 📱"
129,Tier 3: Toggle OFF + Boosted,Sathya,Tamil Nadu (HQ: Tuticorin / Chennai),@tom_and__jerry_couples,249137,3634732,196472,458,5.41%,79.05%,2026-01-24,https://www.instagram.com/p/DT4dzQ4CUcH/,"🚀 Heavily Boosted (Major Brand Campaign): High engagement volume (196,472 likes, ~3,634,732 views) across top creator tier",@sathya.retail gadgets day sale is now live
130,Tier 3: Toggle OFF + Boosted,Sathya,Tamil Nadu (HQ: Tuticorin / Chennai),@dheekshanya04_offical,202243,3612606,195276,76,5.41%,96.59%,2025-03-12,https://www.instagram.com/p/DHGbwZIyy1q/,"🚀 Heavily Boosted (Major Brand Campaign): High engagement volume (195,276 likes, ~3,612,606 views) across top creator tier",Sathya FULL MOON LED TV SUPER SALE - Live on 14th March 2025 -Morning 9 AM To Midnight 12 AM- One Day Only -
131,Tier 3: Toggle OFF + Boosted,Sathya,Tamil Nadu (HQ: Tuticorin / Chennai),@infinity_couplee,116821,3584449,193754,463,5.41%,166.25%,2026-07-27,https://www.instagram.com/p/DbSB20kPwLC/,"🚀 Heavily Boosted (Major Brand Campaign): High engagement volume (193,754 likes, ~3,584,449 views) across top creator tier",🌕 Full Moon Sale is back @sathya.retail !!
132,Tier 3: Toggle OFF + Boosted,Sathya,Tamil Nadu (HQ: Tuticorin / Chennai),@infinity_couplee,116821,3584449,193754,463,5.41%,166.25%,2025-08-07,https://www.instagram.com/p/DNDDijipHrL/,"🚀 Heavily Boosted (Major Brand Campaign): High engagement volume (193,754 likes, ~3,584,449 views) across top creator tier",Get ready for the Full Moon Sale at @sathya.retail  happening this August 8 from morning 9 AM to midnight 12! Don’t miss special offers on ACs and was
133,Tier 3: Toggle OFF + Boosted,Sathya,Tamil Nadu (HQ: Tuticorin / Chennai),@farmerfamily70,374142,3518496,190189,469,5.41%,50.96%,2025-11-02,https://www.instagram.com/p/DQjcAPMj0ks/,"🚀 Heavily Boosted (Major Brand Campaign): High engagement volume (190,189 likes, ~3,518,496 views) across top creator tier",Don’t miss the biggest shopping day of the month!
134,Tier 3: Toggle OFF + Boosted,Croma,"Pan-India / Maharashtra (HQ: Mumbai, Tata Group)",@or.junn,495023,3494021,188866,1373,5.41%,38.43%,2026-02-13,https://www.instagram.com/p/DUsunpaEgvp/,"🚀 Heavily Boosted (Major Brand Campaign): High engagement volume (188,866 likes, ~3,494,021 views) across top creator tier",Kulu kulu AC coming… Amma tension going ✅
135,Tier 3: Toggle OFF + Boosted,Aditya Vision,"Bihar, Jharkhand & UP (HQ: Patna)",@purnia_parivar,135602,3484974,188377,1664,5.41%,140.15%,2026-08-03,https://www.instagram.com/p/Dbk5IGMT_QW/,"🚀 Heavily Boosted (Major Brand Campaign): High engagement volume (188,377 likes, ~3,484,974 views) across top creator tier","बारिश का मौसम अपने साथ सिर्फ़ ठंडी हवाएँ ही नहीं, बल्कि तली-भुनी चीज़ों की क्रेविंग और गीले कपड़ों की परेशानी भी लेकर आता है। ☔"
136,Tier 3: Toggle OFF + Boosted,Pai International,Karnataka & Telangana (HQ: Bengaluru),@umamaheshthonangi,182713,3449029,186434,1235,5.41%,102.71%,2026-08-13,https://www.instagram.com/p/Db-1Z33BC1z/,"🚀 Heavily Boosted (Major Brand Campaign): High engagement volume (186,434 likes, ~3,449,029 views) across top creator tier",Mom with phone 😂
137,Tier 3: Toggle OFF + Boosted,Sathya,Tamil Nadu (HQ: Tuticorin / Chennai),@abinesh_parvathi_,316422,3448899,186427,1341,5.41%,59.34%,2026-06-27,https://www.instagram.com/p/DaFwZlsAFwW/,"🚀 Heavily Boosted (Major Brand Campaign): High engagement volume (186,427 likes, ~3,448,899 views) across top creator tier",The Wait Is Over! @sathya.retail  Full Moon Sale Is Here
138,Tier 3: Toggle OFF + Boosted,Sathya,Tamil Nadu (HQ: Tuticorin / Chennai),@mabu_crush,3161792,3445902,186265,521,5.41%,5.91%,2025-12-02,https://www.instagram.com/p/DRw2lJEkb8z/,"🚀 Heavily Boosted (Major Brand Campaign): High engagement volume (186,265 likes, ~3,445,902 views) across top creator tier",Wait for end 🤣🔥
139,Tier 3: Toggle OFF + Boosted,Sathya,Tamil Nadu (HQ: Tuticorin / Chennai),@mabu_crush,3161792,3445902,186265,521,5.41%,5.91%,2025-09-21,https://www.instagram.com/p/DO2lwTEkWXK/,"🚀 Heavily Boosted (Major Brand Campaign): High engagement volume (186,265 likes, ~3,445,902 views) across top creator tier",Wait for end 🤣🔥
140,Tier 3: Toggle OFF + Boosted,Sathya,Tamil Nadu (HQ: Tuticorin / Chennai),@mabu_crush,3161792,3445902,186265,521,5.41%,5.91%,2025-02-27,https://www.instagram.com/p/DGkJb3pxdtJ/,"🚀 Heavily Boosted (Major Brand Campaign): High engagement volume (186,265 likes, ~3,445,902 views) across top creator tier",Pre-booking alert! 🚨
141,Tier 3: Toggle OFF + Boosted,Sathya,Tamil Nadu (HQ: Tuticorin / Chennai),@peppa_foodie,1359795,3438095,185843,598,5.41%,13.71%,2025-12-18,https://www.instagram.com/p/DSZ24vVCTTd/,"🚀 Heavily Boosted (Major Brand Campaign): High engagement volume (185,843 likes, ~3,438,095 views) across top creator tier",Surprising Mom with Iphone 17 🎁💥🎉
142,Tier 3: Toggle OFF + Boosted,Sathya,Tamil Nadu (HQ: Tuticorin / Chennai),@peppa_foodie,1359795,3438095,185843,598,5.41%,13.71%,2025-08-06,https://www.instagram.com/p/DNBOvXEvizl/,"🚀 Heavily Boosted (Major Brand Campaign): High engagement volume (185,843 likes, ~3,438,095 views) across top creator tier",Top 3 Mutton Biryani Spots 👑🤤 in Chennai
143,Tier 3: Toggle OFF + Boosted,Reliance Digital,"Pan-India / Maharashtra (HQ: Mumbai, Reliance Retail)",@saragurpals,3324602,3429733,185391,617,5.41%,5.59%,2025-01-19,https://www.instagram.com/p/DFAZQ3Jv0p3/,"🚀 Heavily Boosted (Major Brand Campaign): High engagement volume (185,391 likes, ~3,429,733 views) across top creator tier","Main te meri friend de shauk bhavein hi alag kyun na ho, par tech layi sadda pyar ikk hi hai!"
144,Tier 3: Toggle OFF + Boosted,Vijay Sales,Maharashtra / Pan-India (HQ: Mumbai),@iamadibahussain,1288203,3419040,184813,830,5.41%,14.41%,2025-10-10,https://www.instagram.com/p/DPnYi5CE4sE/,"🚀 Heavily Boosted (Major Brand Campaign): High engagement volume (184,813 likes, ~3,419,040 views) across top creator tier",Celebrate this Diwali with the all-new vivo V60e– where every click glows with AI Festival Portraits!
145,Tier 3: Toggle OFF + Boosted,Sathya,Tamil Nadu (HQ: Tuticorin / Chennai),@sweety_n_girl,412612,3404462,184025,1198,5.41%,44.89%,2025-12-31,https://www.instagram.com/p/DS7qRyVkShl/,"🚀 Heavily Boosted (Major Brand Campaign): High engagement volume (184,025 likes, ~3,404,462 views) across top creator tier",Apo va vandhu vaangi kudu 🥰
146,Tier 3: Toggle OFF + Boosted,Sathya,Tamil Nadu (HQ: Tuticorin / Chennai),@sweety_n_girl,412612,3404462,184025,1198,5.41%,44.89%,2025-03-27,https://www.instagram.com/p/DHsRp1tROlb/,"🚀 Heavily Boosted (Major Brand Campaign): High engagement volume (184,025 likes, ~3,404,462 views) across top creator tier",Sathya Year end Sale
147,Tier 3: Toggle OFF + Boosted,Aditya Vision,"Bihar, Jharkhand & UP (HQ: Patna)",@biharsharifonly,56428,3404277,184015,496,5.41%,326.99%,2026-08-10,https://www.instagram.com/p/Db27MPtNBXd/,"🚀 Heavily Boosted (Major Brand Campaign): High engagement volume (184,015 likes, ~3,404,277 views) across top creator tier","This Independence Day, shop big and save bigger! 🔥"
148,Tier 3: Toggle OFF + Boosted,Aditya Vision,"Bihar, Jharkhand & UP (HQ: Patna)",@biharsharifonly,56428,3404277,184015,496,5.41%,326.99%,2026-01-22,https://www.instagram.com/p/DT0Ivx8ErHs/,"🚀 Heavily Boosted (Major Brand Campaign): High engagement volume (184,015 likes, ~3,404,277 views) across top creator tier",Aditya Vision ki Grand Republic Day Sale ke saath shopping Kare।
149,Tier 3: Toggle OFF + Boosted,Aditya Vision,"Bihar, Jharkhand & UP (HQ: Patna)",@biharsharifonly,56428,3404277,184015,496,5.41%,326.99%,2025-10-15,https://www.instagram.com/p/DP1f2m-Eh15/,"🚀 Heavily Boosted (Major Brand Campaign): High engagement volume (184,015 likes, ~3,404,277 views) across top creator tier",Iss Diwali ghar ko roshan karo
150,Tier 3: Toggle OFF + Boosted,Sathya,Tamil Nadu (HQ: Tuticorin / Chennai),@sharmi._.popzz,669272,3402538,183921,336,5.41%,27.53%,2026-07-27,https://www.instagram.com/p/DbSyrxjT1_t/,"🚀 Heavily Boosted (Major Brand Campaign): High engagement volume (183,921 likes, ~3,402,538 views) across top creator tier",Samsung galaxy z fold8 & z fold8 ultra prebooking started @sathya.retail
151,Tier 3: Toggle OFF + Boosted,Sathya,Tamil Nadu (HQ: Tuticorin / Chennai),@sharmi._.popzz,669272,3402538,183921,336,5.41%,27.53%,2026-07-16,https://www.instagram.com/p/Da2tjaMT55z/,"🚀 Heavily Boosted (Major Brand Campaign): High engagement volume (183,921 likes, ~3,402,538 views) across top creator tier",Oppo Days are here @sathya.retail
152,Tier 3: Toggle OFF + Boosted,Sathya,Tamil Nadu (HQ: Tuticorin / Chennai),@sharmi._.popzz,669272,3402538,183921,336,5.41%,27.53%,2025-04-11,https://www.instagram.com/p/DITpIeDSFem/,"🚀 Heavily Boosted (Major Brand Campaign): High engagement volume (183,921 likes, ~3,402,538 views) across top creator tier",Tamil New Year Sale is ON at @sathya.retail ! Celebrate with unbeatable deals! Don’t miss the exciting offers
153,Tier 3: Toggle OFF + Boosted,Croma,"Pan-India / Maharashtra (HQ: Mumbai, Tata Group)",@rjnaved,12254875,3362652,181765,3699,5.41%,1.51%,2025-10-04,https://www.instagram.com/p/DPYtfGHEaBe/,"🚀 Heavily Boosted (Major Brand Campaign): High engagement volume (181,765 likes, ~3,362,652 views) across top creator tier","Everybody, let’s dance!"
154,Tier 3: Toggle OFF + Boosted,Sathya,Tamil Nadu (HQ: Tuticorin / Chennai),@paro_nair,2013887,3351404,181157,395,5.41%,9.02%,2025-09-20,https://www.instagram.com/p/DO1QmC5gcIl/,"🚀 Heavily Boosted (Major Brand Campaign): High engagement volume (181,157 likes, ~3,351,404 views) across top creator tier","The all-new OPPO F31 Series has officially launched at @sathya.retail ! With a massive 7000mAh battery and IP68, IP69, IP66 dust & water resistance, t"
155,Tier 3: Toggle OFF + Boosted,Sathya,Tamil Nadu (HQ: Tuticorin / Chennai),@salem_influencer,285076,3343893,180751,948,5.41%,63.74%,2026-07-17,https://www.instagram.com/p/Da4sumjMCHd/,"🚀 Heavily Boosted (Major Brand Campaign): High engagement volume (180,751 likes, ~3,343,893 views) across top creator tier","📱🔥 Namma Sathya Oppo Day Sale – July 17, 18 & 19 மட்டும்! 🎉"
156,Tier 3: Toggle OFF + Boosted,Sathya,Tamil Nadu (HQ: Tuticorin / Chennai),@dhakshana_artist,408981,3324191,179686,1140,5.41%,44.21%,2026-03-02,https://www.instagram.com/p/DVXoZNlEa7q/,"🚀 Heavily Boosted (Major Brand Campaign): High engagement volume (179,686 likes, ~3,324,191 views) across top creator tier",Dei naa veliaya irukken aprama pesikalam 🙄🤫 @sanjayspyder_actor11
157,Tier 3: Toggle OFF + Boosted,Sathya,Tamil Nadu (HQ: Tuticorin / Chennai),@dhakshana_artist,408981,3324191,179686,1140,5.41%,44.21%,2025-10-04,https://www.instagram.com/p/DPX_3sYEVw7/,"🚀 Heavily Boosted (Major Brand Campaign): High engagement volume (179,686 likes, ~3,324,191 views) across top creator tier",Enna dha da unnaku prachanaaa🤯🤔 @sanjayspyder_actor11 😬
158,Tier 3: Toggle OFF + Boosted,Sathya,Tamil Nadu (HQ: Tuticorin / Chennai),@harish_rockt,260575,3305080,178653,580,5.41%,68.78%,2025-05-25,https://www.instagram.com/p/DKEx9sQxm1c/,"🚀 Heavily Boosted (Major Brand Campaign): High engagement volume (178,653 likes, ~3,305,080 views) across top creator tier",@sathya.retail Sathya super sale is happening from May 28 - 31
159,Tier 3: Toggle OFF + Boosted,Sathya,Tamil Nadu (HQ: Tuticorin / Chennai),@harish_rockt,260575,3305080,178653,580,5.41%,68.78%,2025-03-26,https://www.instagram.com/p/DHqlrd8yZK_/,"🚀 Heavily Boosted (Major Brand Campaign): High engagement volume (178,653 likes, ~3,305,080 views) across top creator tier",Mega Year end Sale at @sathya.retail!
160,Tier 3: Toggle OFF + Boosted,Pai International,Karnataka & Telangana (HQ: Bengaluru),@_shan_v_,195232,3300548,178408,721,5.41%,91.75%,2026-05-29,https://www.instagram.com/p/DY7VD7xBNr5/,"🚀 Heavily Boosted (Major Brand Campaign): High engagement volume (178,408 likes, ~3,300,548 views) across top creator tier",FULL MOON. FULL SAVINGS. FULL REWARDS.
161,Tier 3: Toggle OFF + Boosted,Sathya,Tamil Nadu (HQ: Tuticorin / Chennai),@v_j_gayu,587022,3285581,177599,1591,5.41%,30.53%,2025-10-04,https://www.instagram.com/p/DPYWAjpEfwN/,"🚀 Heavily Boosted (Major Brand Campaign): High engagement volume (177,599 likes, ~3,285,581 views) across top creator tier",Full moon 👇
162,Tier 3: Toggle OFF + Boosted,Croma,"Pan-India / Maharashtra (HQ: Mumbai, Tata Group)",@arya_kothari,451189,3278163,177198,7043,5.41%,40.83%,2025-07-24,https://www.instagram.com/p/DMfqTi0SkSp/,"🚀 Heavily Boosted (Major Brand Campaign): High engagement volume (177,198 likes, ~3,278,163 views) across top creator tier",Why do I only meet correct people?
163,Tier 3: Toggle OFF + Boosted,Tata Neu,"Pan-India / Maharashtra (HQ: Mumbai, Tata Digital)",@arya_kothari,451189,3278163,177198,7043,5.41%,40.83%,2025-03-25,https://www.instagram.com/p/DHnHxMLN5Wx/,"🚀 Heavily Boosted (Major Brand Campaign): High engagement volume (177,198 likes, ~3,278,163 views) across top creator tier",Tata Neu is correct
164,Tier 3: Toggle OFF + Boosted,Croma,"Pan-India / Maharashtra (HQ: Mumbai, Tata Group)",@deepavedha,1071612,3262604,176357,1126,5.41%,16.56%,2026-03-16,https://www.instagram.com/p/DV8o9YfAUd4/,"🚀 Heavily Boosted (Major Brand Campaign): High engagement volume (176,357 likes, ~3,262,604 views) across top creator tier",Nee marandha ella velaigalaiyum un manaivi ninaivil vaithirukkumbodhu 😅
165,Tier 3: Toggle OFF + Boosted,Sathya,Tamil Nadu (HQ: Tuticorin / Chennai),@kichus_abi,151843,3203404,173157,493,5.41%,114.36%,2025-12-04,https://www.instagram.com/p/DR2LmTcD_Ug/,"🚀 Heavily Boosted (Major Brand Campaign): High engagement volume (173,157 likes, ~3,203,404 views) across top creator tier","@sathya.retail Experience the all-new Vivo X300 & X300 Pro with 23mm and 50mm ZEISS lenses, including a 200MP ZEISS main camera. Powered by the Pro Im"
166,Tier 3: Toggle OFF + Boosted,Sathya,Tamil Nadu (HQ: Tuticorin / Chennai),@kichus_abi,151843,3203404,173157,493,5.41%,114.36%,2025-09-19,https://www.instagram.com/p/DOyMjsmCvHL/,"🚀 Heavily Boosted (Major Brand Campaign): High engagement volume (173,157 likes, ~3,203,404 views) across top creator tier","Hisense 100 inch U7Q Mini LED TV officially launched @sathya.retail . With VIDAA smart OS updates for 8 years, this TV stands as global’s no.1 in the "
167,Tier 3: Toggle OFF + Boosted,Sathya,Tamil Nadu (HQ: Tuticorin / Chennai),@kichus_abi,151843,3203404,173157,493,5.41%,114.36%,2025-08-07,https://www.instagram.com/p/DNCpGMivtzi/,"🚀 Heavily Boosted (Major Brand Campaign): High engagement volume (173,157 likes, ~3,203,404 views) across top creator tier",Get ready for the Full Moon Sale at @sathya.retail  happening this August 8 from morning 9 AM to midnight 12! Don’t miss special offers on ACs and was
168,Tier 3: Toggle OFF + Boosted,Sathya,Tamil Nadu (HQ: Tuticorin / Chennai),@kichus_abi,151843,3203404,173157,493,5.41%,114.36%,2025-07-05,https://www.instagram.com/p/DLul5tAPwRk/,"🚀 Heavily Boosted (Major Brand Campaign): High engagement volume (173,157 likes, ~3,203,404 views) across top creator tier",The Oppo Reno 14 Series is Here!
169,Tier 3: Toggle OFF + Boosted,Sathya,Tamil Nadu (HQ: Tuticorin / Chennai),@preetha_vibes_,227792,3181001,171946,1116,5.41%,75.97%,2026-08-12,https://www.instagram.com/p/Db8YQ8vTXqi/,"🚀 Heavily Boosted (Major Brand Campaign): High engagement volume (171,946 likes, ~3,181,001 views) across top creator tier",😂Tag that ULTA-vah pesra friend in your gang🤪
170,Tier 3: Toggle OFF + Boosted,Sathya,Tamil Nadu (HQ: Tuticorin / Chennai),@preetha_vibes_,227792,3181001,171946,1116,5.41%,75.97%,2026-03-07,https://www.instagram.com/p/DVkQd9hEm_F/,"🚀 Heavily Boosted (Major Brand Campaign): High engagement volume (171,946 likes, ~3,181,001 views) across top creator tier",😅Tag that Over Dramatic Girlfriend😬😂
171,Tier 3: Toggle OFF + Boosted,Sathya,Tamil Nadu (HQ: Tuticorin / Chennai),@preetha_vibes_,227792,3181001,171946,1116,5.41%,75.97%,2026-01-24,https://www.instagram.com/p/DT5RbiAk-Ug/,"🚀 Heavily Boosted (Major Brand Campaign): High engagement volume (171,946 likes, ~3,181,001 views) across top creator tier",🤫Whisper Challenge with Mom🎧🎶
172,Tier 3: Toggle OFF + Boosted,Sathya,Tamil Nadu (HQ: Tuticorin / Chennai),@preetha_vibes_,227792,3181001,171946,1116,5.41%,75.97%,2025-12-18,https://www.instagram.com/p/DSaClLViFpb/,"🚀 Heavily Boosted (Major Brand Campaign): High engagement volume (171,946 likes, ~3,181,001 views) across top creator tier",😅Tag that CARELESS friend in your gang🤣
173,Tier 3: Toggle OFF + Boosted,Croma,"Pan-India / Maharashtra (HQ: Mumbai, Tata Group)",@smrutiandonkar,809178,3177523,171758,591,5.41%,21.30%,2026-05-20,https://www.instagram.com/p/DYkHIA3tjl8/,"🚀 Heavily Boosted (Major Brand Campaign): High engagement volume (171,758 likes, ~3,177,523 views) across top creator tier",Hya unhalyani ek nako nako kelay!
174,Tier 3: Toggle OFF + Boosted,Croma,"Pan-India / Maharashtra (HQ: Mumbai, Tata Group)",@yashwanth_shettyy,654741,3158172,170712,2567,5.41%,26.47%,2026-05-19,https://www.instagram.com/p/DYhfG8HS8Pz/,"🚀 Heavily Boosted (Major Brand Campaign): High engagement volume (170,712 likes, ~3,158,172 views) across top creator tier",Tag that one friend who says “bro payment madappa” with the boys… but carries shopping bags for his girlfriend 😂🛍️
175,Tier 3: Toggle OFF + Boosted,Croma,"Pan-India / Maharashtra (HQ: Mumbai, Tata Group)",@yashwanth_shettyy,654741,3158172,170712,2567,5.41%,26.47%,2026-01-17,https://www.instagram.com/p/DTnX81wktu0/,"🚀 Heavily Boosted (Major Brand Campaign): High engagement volume (170,712 likes, ~3,158,172 views) across top creator tier",You know that one friend in every group who acts like he knows everything? 😏
176,Tier 3: Toggle OFF + Boosted,Sathya,Tamil Nadu (HQ: Tuticorin / Chennai),@santhosh_janu_official,65933,3134584,169437,219,5.41%,257.32%,2026-07-27,https://www.instagram.com/p/DbSDfZCTqus/,"🚀 Heavily Boosted (Major Brand Campaign): High engagement volume (169,437 likes, ~3,134,584 views) across top creator tier",@sathya.retail  Full Moon Sale is here!
177,Tier 3: Toggle OFF + Boosted,Croma,"Pan-India / Maharashtra (HQ: Mumbai, Tata Group)",@shettybrotherofficial,570456,3115825,168423,1335,5.41%,29.76%,2025-12-20,https://www.instagram.com/p/DSfEqVnDLx-/,"🚀 Heavily Boosted (Major Brand Campaign): High engagement volume (168,423 likes, ~3,115,825 views) across top creator tier",Aisa kyun?😭
178,Tier 3: Toggle OFF + Boosted,Reliance Digital,"Pan-India / Maharashtra (HQ: Mumbai, Reliance Retail)",@saikatdey_24,401269,3086003,166811,2005,5.41%,42.07%,2026-08-09,https://www.instagram.com/p/Db0Lm67TtZD/,"🚀 Heavily Boosted (Major Brand Campaign): High engagement volume (166,811 likes, ~3,086,003 views) across top creator tier",Tag your short-tempered girlfriend before she loses her patience! 😂🛍️
179,Tier 3: Toggle OFF + Boosted,Reliance Digital,"Pan-India / Maharashtra (HQ: Mumbai, Reliance Retail)",@saikatdey_24,401269,3086003,166811,2005,5.41%,42.07%,2025-08-09,https://www.instagram.com/p/DNIYAXAPiZ4/,"🚀 Heavily Boosted (Major Brand Campaign): High engagement volume (166,811 likes, ~3,086,003 views) across top creator tier","When you live alone, laundry turns into an extreme sport 🫠🧺"
180,Tier 3: Toggle OFF + Boosted,Great Eastern,West Bengal & East India (HQ: Kolkata),@saikatdey_24,401269,3086003,166811,2005,5.41%,42.07%,2025-12-20,https://www.instagram.com/p/DSe7tRok-E7/,"🚀 Heavily Boosted (Major Brand Campaign): High engagement volume (166,811 likes, ~3,086,003 views) across top creator tier",*GIVEAWAY ALERT*
181,Tier 3: Toggle OFF + Boosted,Reliance Digital,"Pan-India / Maharashtra (HQ: Mumbai, Reliance Retail)",@twishaaapatel,233397,3072831,166099,2726,5.41%,72.33%,2026-07-03,https://www.instagram.com/p/DaUeg0DJEWV/,"🚀 Heavily Boosted (Major Brand Campaign): High engagement volume (166,099 likes, ~3,072,831 views) across top creator tier",Ready to AI-FY your future? 🚀
182,Tier 3: Toggle OFF + Boosted,Reliance Digital,"Pan-India / Maharashtra (HQ: Mumbai, Reliance Retail)",@twishaaapatel,233397,3072831,166099,2726,5.41%,72.33%,2025-08-09,https://www.instagram.com/p/DNIFc3xiNId/,"🚀 Heavily Boosted (Major Brand Campaign): High engagement volume (166,099 likes, ~3,072,831 views) across top creator tier","My flatmate has already finished the laundry, done the dishes, and cleaned the whole house 🧼… and me? Still sitting with messy hair, wrestling with my"
183,Tier 3: Toggle OFF + Boosted,Sathya,Tamil Nadu (HQ: Tuticorin / Chennai),@kuttypuyal_,90373,3057143,165251,701,5.41%,183.63%,2026-07-26,https://www.instagram.com/p/DbQYL5Qp1jo/,"🚀 Heavily Boosted (Major Brand Campaign): High engagement volume (165,251 likes, ~3,057,143 views) across top creator tier",Bulb vaanguna tharunam 😂| Paid promotion
184,Tier 3: Toggle OFF + Boosted,Aditya Vision,"Bihar, Jharkhand & UP (HQ: Patna)",@untold_bhagalpur,206052,3042935,164483,706,5.41%,80.17%,2026-01-24,https://www.instagram.com/p/DT4qeUJD4Mu/,"🚀 Heavily Boosted (Major Brand Campaign): High engagement volume (164,483 likes, ~3,042,935 views) across top creator tier",26 जनवरी को सेलिब्रेट करें ‘26 सालों का अटूट भरोसा’ Aditya Vision की Grand Republic Day Sale के साथ !🧡🤍💚🇮🇳
185,Tier 3: Toggle OFF + Boosted,Aditya Vision,"Bihar, Jharkhand & UP (HQ: Patna)",@untold_bhagalpur,206052,3042935,164483,706,5.41%,80.17%,2025-12-20,https://www.instagram.com/p/DSfH3gJj9Km/,"🚀 Heavily Boosted (Major Brand Campaign): High engagement volume (164,483 likes, ~3,042,935 views) across top creator tier",अपने घर को बनाइए स्मार्ट और स्टाइलिश
186,Tier 3: Toggle OFF + Boosted,Sathya,Tamil Nadu (HQ: Tuticorin / Chennai),@rajpriyan007_lungiboys_og,2568383,2958076,159896,1003,5.41%,6.26%,2026-01-22,https://www.instagram.com/p/DT0T8OliNvs/,"🚀 Heavily Boosted (Major Brand Campaign): High engagement volume (159,896 likes, ~2,958,076 views) across top creator tier",@sathya.retail Sathya Republic Day Sale is Live!
187,Tier 3: Toggle OFF + Boosted,Sathya,Tamil Nadu (HQ: Tuticorin / Chennai),@rajpriyan007_lungiboys_og,2568383,2958076,159896,1003,5.41%,6.26%,2025-11-02,https://www.instagram.com/p/DQimRYAEziN/,"🚀 Heavily Boosted (Major Brand Campaign): High engagement volume (159,896 likes, ~2,958,076 views) across top creator tier",Don’t miss the biggest shopping day of the month!
188,Tier 3: Toggle OFF + Boosted,Sathya,Tamil Nadu (HQ: Tuticorin / Chennai),@rajpriyan007_lungiboys_og,2568383,2958076,159896,1003,5.41%,6.26%,2025-10-03,https://www.instagram.com/p/DPWRwmCEzVp/,"🚀 Heavily Boosted (Major Brand Campaign): High engagement volume (159,896 likes, ~2,958,076 views) across top creator tier",The moon is rising and so are the deals!
189,Tier 3: Toggle OFF + Boosted,Sathya,Tamil Nadu (HQ: Tuticorin / Chennai),@rajpriyan007_lungiboys_og,2568383,2958076,159896,1003,5.41%,6.26%,2025-04-17,https://www.instagram.com/p/DIjKYOuTaDA/,"🚀 Heavily Boosted (Major Brand Campaign): High engagement volume (159,896 likes, ~2,958,076 views) across top creator tier",Vivo V50e is now available  @sathya.retail ! Grab yours today and enjoy an amazing  offer on a calling smartwatch or Bluetooth speaker!
190,Tier 3: Toggle OFF + Boosted,Sathya,Tamil Nadu (HQ: Tuticorin / Chennai),@rajpriyan007_lungiboys_og,2568383,2958076,159896,1003,5.41%,6.26%,2025-03-27,https://www.instagram.com/p/DHsQiMRN6yg/,"🚀 Heavily Boosted (Major Brand Campaign): High engagement volume (159,896 likes, ~2,958,076 views) across top creator tier",Rendu perukittayum na maatitu😬😬 @sakthipriyan007_official
191,Tier 3: Toggle OFF + Boosted,Sathya,Tamil Nadu (HQ: Tuticorin / Chennai),@rajpriyan007_lungiboys_og,2568383,2958076,159896,1003,5.41%,6.26%,2025-02-14,https://www.instagram.com/p/DGDfQ8PNu7W/,"🚀 Heavily Boosted (Major Brand Campaign): High engagement volume (159,896 likes, ~2,958,076 views) across top creator tier",Kulukulu AC offer for Hot Summer  @sathya.retail !
192,Tier 3: Toggle OFF + Boosted,Aditya Vision,"Bihar, Jharkhand & UP (HQ: Patna)",@sitamarhi_wala,44272,2932842,158532,1091,5.41%,360.55%,2026-05-28,https://www.instagram.com/p/DY4W8tmT-cR/,"🚀 Heavily Boosted (Major Brand Campaign): High engagement volume (158,532 likes, ~2,932,842 views) across top creator tier",सीतामढ़ी के Aditya Vision में ऑफर्स 🥳
193,Tier 3: Toggle OFF + Boosted,Sathya,Tamil Nadu (HQ: Tuticorin / Chennai),@sanjayspyder_actor11,179620,2913972,157512,1015,5.41%,88.26%,2025-12-02,https://www.instagram.com/p/DRwn5WpEkdA/,"🚀 Heavily Boosted (Major Brand Campaign): High engagement volume (157,512 likes, ~2,913,972 views) across top creator tier",Indha naala epdi marakka mudiyum akka ❤️✨ @dhakshana_artist 🎁
194,Tier 3: Toggle OFF + Boosted,Pai International,Karnataka & Telangana (HQ: Bengaluru),@rajeshrevanofficial,168035,2906387,157102,271,5.41%,93.66%,2026-07-28,https://www.instagram.com/p/DbVAErfhAOz/,"🚀 Heavily Boosted (Major Brand Campaign): High engagement volume (157,102 likes, ~2,906,387 views) across top creator tier",I’m checking out the Pai International Full Moon Saving Mahotsav and it’s the perfect excuse to tick everything off my wishlist.
195,Tier 3: Toggle OFF + Boosted,Reliance Digital,"Pan-India / Maharashtra (HQ: Mumbai, Reliance Retail)",@wondermunna,1201830,2759256,149149,909,5.41%,12.49%,2026-04-06,https://www.instagram.com/p/DWx-h1uDOwx/,"🚀 Heavily Boosted (Major Brand Campaign): High engagement volume (149,149 likes, ~2,759,256 views) across top creator tier",Went to buy just one necessary thing… came back with a full home upgrade 😌🛒
196,Tier 3: Toggle OFF + Boosted,Pai International,Karnataka & Telangana (HQ: Bengaluru),@_simran__mahi_,374535,2756222,148985,522,5.41%,39.92%,2026-02-18,https://www.instagram.com/p/DU5ayR_ARPd/,"🚀 Heavily Boosted (Major Brand Campaign): High engagement volume (148,985 likes, ~2,756,222 views) across top creator tier",Why wait for “someday” to upgrade?
197,Tier 3: Toggle OFF + Boosted,Sathya,Tamil Nadu (HQ: Tuticorin / Chennai),@saranwithpraveen,146957,2754539,148894,485,5.41%,101.65%,2025-08-07,https://www.instagram.com/p/DNCsyuyRGKh/,"🚀 Heavily Boosted (Major Brand Campaign): High engagement volume (148,894 likes, ~2,754,539 views) across top creator tier",Get ready for the Full Moon 🌝 Sale at @sathya.retail happening this August 8 from morning 9 AM to midnight 12! Don’t miss special offers on ACs and wa
198,Tier 3: Toggle OFF + Boosted,Sathya,Tamil Nadu (HQ: Tuticorin / Chennai),@saranwithpraveen,146957,2754539,148894,485,5.41%,101.65%,2025-05-25,https://www.instagram.com/p/DKE9B3ZTS7c/,"🚀 Heavily Boosted (Major Brand Campaign): High engagement volume (148,894 likes, ~2,754,539 views) across top creator tier",@sathya.retail Sathya super sale is happening from May 28 - 31
199,Tier 3: Toggle OFF + Boosted,Sathya,Tamil Nadu (HQ: Tuticorin / Chennai),@saranwithpraveen,146957,2754539,148894,485,5.41%,101.65%,2025-03-26,https://www.instagram.com/p/DHqjeWLy7J0/,"🚀 Heavily Boosted (Major Brand Campaign): High engagement volume (148,894 likes, ~2,754,539 views) across top creator tier",Mega Year end Sale at @sathya.retail !
200,Tier 3: Toggle OFF + Boosted,Sathya,Tamil Nadu (HQ: Tuticorin / Chennai),@pugazhoffl_,4452333,2735502,147865,264,5.41%,3.33%,2026-08-04,https://www.instagram.com/p/DbmpcCPzoyh/,"🚀 Heavily Boosted (Major Brand Campaign): High engagement volume (147,865 likes, ~2,735,502 views) across top creator tier","Experience a whole new way to create, work, and capture every moment with the all-new Samsung Galaxy Z Fold8, Z Fold8 Ultra & Z Flip8, now available a"
201,Tier 3: Toggle OFF + Boosted,Sathya,Tamil Nadu (HQ: Tuticorin / Chennai),@pugazhoffl_,4452333,2735502,147865,264,5.41%,3.33%,2025-12-11,https://www.instagram.com/p/DSH5oL7k47z/,"🚀 Heavily Boosted (Major Brand Campaign): High engagement volume (147,865 likes, ~2,735,502 views) across top creator tier","@sathya.retail happily launched the vivo x300 series, featuring the extraordinary ZEISS APO Telephoto Camera — a masterpiece built for photography per"
202,Tier 3: Toggle OFF + Boosted,Vijay Sales,Maharashtra / Pan-India (HQ: Mumbai),@baadshahig,1436386,2730267,147582,750,5.41%,10.33%,2026-05-03,https://www.instagram.com/p/DX4GnxSsoW8/,"🚀 Heavily Boosted (Major Brand Campaign): High engagement volume (147,582 likes, ~2,730,267 views) across top creator tier",Perfect heist doesn’t exist 💀
203,Tier 3: Toggle OFF + Boosted,Vijay Sales,Maharashtra / Pan-India (HQ: Mumbai),@baadshahig,1436386,2730267,147582,750,5.41%,10.33%,2025-01-23,https://www.instagram.com/p/DFKxiZPIzE6/,"🚀 Heavily Boosted (Major Brand Campaign): High engagement volume (147,582 likes, ~2,730,267 views) across top creator tier",Asli maal toh idhar hai !
204,Tier 3: Toggle OFF + Boosted,Croma,"Pan-India / Maharashtra (HQ: Mumbai, Tata Group)",@knishkk,390527,2725919,147347,839,5.41%,37.95%,2026-01-06,https://www.instagram.com/p/DTK7tGvAqv2/,"🚀 Heavily Boosted (Major Brand Campaign): High engagement volume (147,347 likes, ~2,725,919 views) across top creator tier","Delhi feels like a different place in the morning. The noise fades, the crowds thin out, and the city slowly reveals itself."
205,Tier 3: Toggle OFF + Boosted,Pai International,Karnataka & Telangana (HQ: Bengaluru),@rajiniiofficial,493010,2710287,146502,481,5.41%,29.81%,2025-02-04,https://www.instagram.com/p/DFpaZn5vcBi/,"🚀 Heavily Boosted (Major Brand Campaign): High engagement volume (146,502 likes, ~2,710,287 views) across top creator tier",Ready to experience the next level of smart living? 📲✨
206,Tier 3: Toggle OFF + Boosted,Sathya,Tamil Nadu (HQ: Tuticorin / Chennai),@_vetri_vasanth_r,555028,2698650,145873,868,5.41%,26.44%,2026-08-12,https://www.instagram.com/p/Db79sGnCkvJ/,"🚀 Heavily Boosted (Major Brand Campaign): High engagement volume (145,873 likes, ~2,698,650 views) across top creator tier",My New Story Begins with Vivo S2!
207,Tier 3: Toggle OFF + Boosted,Sathya,Tamil Nadu (HQ: Tuticorin / Chennai),@archana_kumaar,722788,2632587,142302,1369,5.41%,19.88%,2025-08-07,https://www.instagram.com/p/DNCuGAnNsXL/,"🚀 Heavily Boosted (Major Brand Campaign): High engagement volume (142,302 likes, ~2,632,587 views) across top creator tier",Get ready for the Full Moon Sale at @sathya.retail  happening this August 8 from morning 9 AM to midnight 12! Don’t miss special offers on ACs and was
208,Tier 3: Toggle OFF + Boosted,Sathya,Tamil Nadu (HQ: Tuticorin / Chennai),@lash_couplelife,697219,2613976,141296,628,5.41%,20.36%,2025-08-25,https://www.instagram.com/p/DNx3OaNZL0R/,"🚀 Heavily Boosted (Major Brand Campaign): High engagement volume (141,296 likes, ~2,613,976 views) across top creator tier","Vinayagar Chaturthi vibes start with happiness and savings at @sathya.retail  From August 26 to 31, enjoy super offers on all products and make your f"
209,Tier 3: Toggle OFF + Boosted,Sathya,Tamil Nadu (HQ: Tuticorin / Chennai),@lash_couplelife,697219,2613976,141296,628,5.41%,20.36%,2025-03-12,https://www.instagram.com/p/DHGnjiQS5ok/,"🚀 Heavily Boosted (Major Brand Campaign): High engagement volume (141,296 likes, ~2,613,976 views) across top creator tier","Full Moon LED TV Sale at @sathya.retail  on March 14 from morning 9 to midnight 12! Get up to 70% OFF on LED TVs! 32-inch Smart TV for just ₹6,990, 43"
210,Tier 3: Toggle OFF + Boosted,Sathya,Tamil Nadu (HQ: Tuticorin / Chennai),@lash_couplelife,697219,2613976,141296,628,5.41%,20.36%,2025-02-06,https://www.instagram.com/p/DFvFASMSCml/,"🚀 Heavily Boosted (Major Brand Campaign): High engagement volume (141,296 likes, ~2,613,976 views) across top creator tier","Who’s ready to shop till you drop at the @sathya.retail kulu kulu AC offer, grab all branded AC ! Don’t miss out the special Offer ! 🎁 Let’s treat our"
211,Tier 3: Toggle OFF + Boosted,Pai International,Karnataka & Telangana (HQ: Bengaluru),@rashmi_rashu29,629623,2594070,140220,737,5.41%,22.39%,2026-02-21,https://www.instagram.com/p/DVBc6jwD6CO/,"🚀 Heavily Boosted (Major Brand Campaign): High engagement volume (140,220 likes, ~2,594,070 views) across top creator tier",Secret 🤫
212,Tier 3: Toggle OFF + Boosted,Pai International,Karnataka & Telangana (HQ: Bengaluru),@rashmi_rashu29,629623,2594070,140220,737,5.41%,22.39%,2026-02-20,https://www.instagram.com/p/DU99oBMD_Bm/,"🚀 Heavily Boosted (Major Brand Campaign): High engagement volume (140,220 likes, ~2,594,070 views) across top creator tier",You finally upgrade and wonder why you didn’t do it sooner. 👀
213,Tier 3: Toggle OFF + Boosted,Pai International,Karnataka & Telangana (HQ: Bengaluru),@rashmi_rashu29,629623,2594070,140220,737,5.41%,22.39%,2025-05-29,https://www.instagram.com/p/DKPUsJTPmSz/,"🚀 Heavily Boosted (Major Brand Campaign): High engagement volume (140,220 likes, ~2,594,070 views) across top creator tier",Cool 😎
214,Tier 3: Toggle OFF + Boosted,Pai International,Karnataka & Telangana (HQ: Bengaluru),@rashmi_rashu29,629623,2594070,140220,737,5.41%,22.39%,2025-01-07,https://www.instagram.com/p/DEhS8EBvvg4/,"🚀 Heavily Boosted (Major Brand Campaign): High engagement volume (140,220 likes, ~2,594,070 views) across top creator tier",Check out 😍
215,Tier 3: Toggle OFF + Boosted,Reliance Digital,"Pan-India / Maharashtra (HQ: Mumbai, Reliance Retail)",@sailing_amrutha,382114,2577013,139298,978,5.41%,36.71%,2025-04-10,https://www.instagram.com/p/DIRAyKtSw49/,"🚀 Heavily Boosted (Major Brand Campaign): High engagement volume (139,298 likes, ~2,577,013 views) across top creator tier",Looks like the OPPO F29 5G totally passed the underwater challenge and the vibe check ✅
216,Tier 3: Toggle OFF + Boosted,Sathya,Tamil Nadu (HQ: Tuticorin / Chennai),@naresh_kuruvilla,442062,2556052,138165,281,5.41%,31.32%,2025-12-03,https://www.instagram.com/p/DRzXj7QD15h/,"🚀 Heavily Boosted (Major Brand Campaign): High engagement volume (138,165 likes, ~2,556,052 views) across top creator tier","@sathya.retail Experience the all-new Vivo X300 & X300 Pro with 23mm and 50mm ZEISS lenses, including a 200MP ZEISS main camera. Powered by the Pro Im"
217,Tier 3: Toggle OFF + Boosted,Reliance Digital,"Pan-India / Maharashtra (HQ: Mumbai, Reliance Retail)",@raghu_vinestore_official,829946,2548023,137731,898,5.41%,16.70%,2026-01-18,https://www.instagram.com/p/DTpDy5Akwip/,"🚀 Heavily Boosted (Major Brand Campaign): High engagement volume (137,731 likes, ~2,548,023 views) across top creator tier",ಬಂಗಾರಿeeeeeee 🥹
218,Tier 3: Toggle OFF + Boosted,Sathya,Tamil Nadu (HQ: Tuticorin / Chennai),@sriram_prince_,954082,2515648,135981,498,5.41%,14.30%,2025-07-08,https://www.instagram.com/p/DL2VjYYRPT9/,"🚀 Heavily Boosted (Major Brand Campaign): High engagement volume (135,981 likes, ~2,515,648 views) across top creator tier",“SATHYA’S FULL MOON SALE ALERT!
219,Tier 3: Toggle OFF + Boosted,Sathya,Tamil Nadu (HQ: Tuticorin / Chennai),@dhanu_sha_01,389213,2451990,132540,356,5.41%,34.15%,2025-05-26,https://www.instagram.com/p/DKGzWndRDGI/,"🚀 Heavily Boosted (Major Brand Campaign): High engagement volume (132,540 likes, ~2,451,990 views) across top creator tier",@sathya.retail Sathya super sale is happening from May 28 - 31
220,Tier 3: Toggle OFF + Boosted,Sathya,Tamil Nadu (HQ: Tuticorin / Chennai),@dhanu_sha_01,389213,2451990,132540,356,5.41%,34.15%,2025-04-11,https://www.instagram.com/p/DITt_UOSWBb/,"🚀 Heavily Boosted (Major Brand Campaign): High engagement volume (132,540 likes, ~2,451,990 views) across top creator tier",Tamil New Year Sale is ON at @sathya.retail ! Celebrate with unbeatable deals! Don’t miss the exciting offers
221,Tier 3: Toggle OFF + Boosted,Sathya,Tamil Nadu (HQ: Tuticorin / Chennai),@dhanu_sha_01,389213,2451990,132540,356,5.41%,34.15%,2025-03-12,https://www.instagram.com/p/DHGZZeFS3km/,"🚀 Heavily Boosted (Major Brand Campaign): High engagement volume (132,540 likes, ~2,451,990 views) across top creator tier",Sathya FULL MOON LED TV SUPER SALE - Live on 14th March 2025 -Morning 9 AM To Midnight 12 AM- One Day Only -
222,Tier 3: Toggle OFF + Boosted,Croma,"Pan-India / Maharashtra (HQ: Mumbai, Tata Group)",@prannayjoshi,376460,2434655,131603,722,5.41%,35.15%,2025-11-20,https://www.instagram.com/p/DRSOgmODboU/,"🚀 Heavily Boosted (Major Brand Campaign): High engagement volume (131,603 likes, ~2,434,655 views) across top creator tier","Agar aapko bhi DMs mein ek 10/10 surprise chahiye, toh type 10/10 in the comments! 😉"
223,Tier 3: Toggle OFF + Boosted,Sathya,Tamil Nadu (HQ: Tuticorin / Chennai),@bala_kirthi,418610,2428495,131270,1461,5.41%,31.71%,2026-07-16,https://www.instagram.com/p/Da2yy7uh0aP/,"🚀 Heavily Boosted (Major Brand Campaign): High engagement volume (131,270 likes, ~2,428,495 views) across top creator tier",என்னோட மாமியாரும் எனக்கு இன்னொரு அம்மா மாதிரி தான் ♥️🥰😊
224,Tier 3: Toggle OFF + Boosted,Sathya,Tamil Nadu (HQ: Tuticorin / Chennai),@bala_kirthi,418610,2428495,131270,1461,5.41%,31.71%,2026-06-17,https://www.instagram.com/p/DZrrb-pRvXz/,"🚀 Heavily Boosted (Major Brand Campaign): High engagement volume (131,270 likes, ~2,428,495 views) across top creator tier",அம்மாக்கு New Mobile வாங்கி கொடுத்தோம் ✨🙌
225,Tier 3: Toggle OFF + Boosted,Sathya,Tamil Nadu (HQ: Tuticorin / Chennai),@bala_kirthi,418610,2428495,131270,1461,5.41%,31.71%,2025-09-19,https://www.instagram.com/p/DOyMb1JkUIt/,"🚀 Heavily Boosted (Major Brand Campaign): High engagement volume (131,270 likes, ~2,428,495 views) across top creator tier",Husband Wife Caring Partner ❤️‍🩹🤗 @sathya.retail
226,Tier 3: Toggle OFF + Boosted,Sathya,Tamil Nadu (HQ: Tuticorin / Chennai),@karthi_hifi_,109827,2418209,130714,97,5.41%,119.11%,2026-07-26,https://www.instagram.com/p/DbQnIbkT4-V/,"🚀 Heavily Boosted (Major Brand Campaign): High engagement volume (130,714 likes, ~2,418,209 views) across top creator tier",@sathya.retail 💥 Full Moon Sale is here!
227,Tier 3: Toggle OFF + Boosted,Sathya,Tamil Nadu (HQ: Tuticorin / Chennai),@karthi_hifi_,109827,2418209,130714,97,5.41%,119.11%,2025-03-12,https://www.instagram.com/p/DHF27ekxf_R/,"🚀 Heavily Boosted (Major Brand Campaign): High engagement volume (130,714 likes, ~2,418,209 views) across top creator tier",Sathya FULL MOON LED TV SUPER SALE - Live on 14th March 2025 -Morning 9 AM To Midnight 12 AM- One Day Only -
228,Tier 3: Toggle OFF + Boosted,Sathya,Tamil Nadu (HQ: Tuticorin / Chennai),@kiruttu_kiruttu_couple,57923,2398710,129660,1026,5.41%,225.62%,2026-07-26,https://www.instagram.com/p/DbQH72kAHOK/,"🚀 Heavily Boosted (Major Brand Campaign): High engagement volume (129,660 likes, ~2,398,710 views) across top creator tier",“Only men truly know this pain.”🤧😂
229,Tier 3: Toggle OFF + Boosted,Sathya,Tamil Nadu (HQ: Tuticorin / Chennai),@myna_nandhu,7164876,2392549,129327,501,5.41%,1.81%,2026-01-13,https://www.instagram.com/p/DTdKx-iErcd/,"🚀 Heavily Boosted (Major Brand Campaign): High engagement volume (129,327 likes, ~2,392,549 views) across top creator tier",@sathya.retail oppo reno 15 series officially launched
230,Tier 3: Toggle OFF + Boosted,Sathya,Tamil Nadu (HQ: Tuticorin / Chennai),@myna_nandhu,7164876,2392549,129327,501,5.41%,1.81%,2025-09-20,https://www.instagram.com/p/DO09XDMkrt4/,"🚀 Heavily Boosted (Major Brand Campaign): High engagement volume (129,327 likes, ~2,392,549 views) across top creator tier","The all-new OPPO F31 Series has officially launched at @sathya.retail ! With a massive 7000mAh battery and IP68, IP69, IP66 dust & water resistance, t"
231,Tier 3: Toggle OFF + Boosted,Sathya,Tamil Nadu (HQ: Tuticorin / Chennai),@myna_nandhu,7164876,2392549,129327,501,5.41%,1.81%,2025-03-27,https://www.instagram.com/p/DHtB2-7SPj9/,"🚀 Heavily Boosted (Major Brand Campaign): High engagement volume (129,327 likes, ~2,392,549 views) across top creator tier",Excited to launch the OPPO F29 Series at @sathya.retail !  Now available at Sathya!
232,Tier 3: Toggle OFF + Boosted,Reliance Digital,"Pan-India / Maharashtra (HQ: Mumbai, Reliance Retail)",@onlytishaaa,262422,2347206,126876,630,5.41%,48.59%,2025-10-13,https://www.instagram.com/p/DPve25UCLr0/,"🚀 Heavily Boosted (Major Brand Campaign): High engagement volume (126,876 likes, ~2,347,206 views) across top creator tier",Our muhurat already started 😂
233,Tier 3: Toggle OFF + Boosted,Pai International,Karnataka & Telangana (HQ: Bengaluru),@sg_malenadu,1044775,2346003,126811,375,5.41%,12.17%,2025-01-22,https://www.instagram.com/p/DFIDZonS7bb/,"🚀 Heavily Boosted (Major Brand Campaign): High engagement volume (126,811 likes, ~2,346,003 views) across top creator tier",🚨 Republic Day Double Dhamaka Offer 🚨
234,Tier 3: Toggle OFF + Boosted,Sathya,Tamil Nadu (HQ: Tuticorin / Chennai),@teddywithhoney,250866,2331388,126021,240,5.41%,50.33%,2026-02-20,https://www.instagram.com/p/DU-tjHsD5Ia/,"🚀 Heavily Boosted (Major Brand Campaign): High engagement volume (126,021 likes, ~2,331,388 views) across top creator tier",Happy to experience vivo V70 Elite with Sathya MD Mr. Jackson ❤️😍
235,Tier 3: Toggle OFF + Boosted,Sathya,Tamil Nadu (HQ: Tuticorin / Chennai),@teddywithhoney,250866,2331388,126021,240,5.41%,50.33%,2025-12-10,https://www.instagram.com/p/DSFV4yNk4Uo/,"🚀 Heavily Boosted (Major Brand Campaign): High engagement volume (126,021 likes, ~2,331,388 views) across top creator tier","@sathya.retail happily launched the vivo x300 series, featuring the extraordinary ZEISS APO Telephoto Camera — a masterpiece built for photography per"
236,Tier 3: Toggle OFF + Boosted,Croma,"Pan-India / Maharashtra (HQ: Mumbai, Tata Group)",@jaipunjabii,177543,2282141,123359,1685,5.41%,70.43%,2026-05-15,https://www.instagram.com/p/DYXLqqNzTLN/,"🚀 Heavily Boosted (Major Brand Campaign): High engagement volume (123,359 likes, ~2,282,141 views) across top creator tier",Gujjus Summer = Chaas + Keri + Mama nu ghar + Croma’s Summer Sale
237,Tier 3: Toggle OFF + Boosted,Croma,"Pan-India / Maharashtra (HQ: Mumbai, Tata Group)",@jaipunjabii,177543,2282141,123359,1685,5.41%,70.43%,2026-01-19,https://www.instagram.com/p/DTsnfGfDNXt/,"🚀 Heavily Boosted (Major Brand Campaign): High engagement volume (123,359 likes, ~2,282,141 views) across top creator tier","Tag your RICH GUJJU FRIEND 🤑 and rush to your nearest @croma.retail store today as deals so nice, you will buy it twice."
238,Tier 3: Toggle OFF + Boosted,Croma,"Pan-India / Maharashtra (HQ: Mumbai, Tata Group)",@jaipunjabii,177543,2282141,123359,1685,5.41%,70.43%,2025-09-25,https://www.instagram.com/p/DPBxKXUjM5p/,"🚀 Heavily Boosted (Major Brand Campaign): High engagement volume (123,359 likes, ~2,282,141 views) across top creator tier","Boys, take your notes for this Navratri season 📝"
239,Tier 3: Toggle OFF + Boosted,Croma,"Pan-India / Maharashtra (HQ: Mumbai, Tata Group)",@jaipunjabii,177543,2282141,123359,1685,5.41%,70.43%,2025-06-11,https://www.instagram.com/p/DKw3mRyI9nQ/,"🚀 Heavily Boosted (Major Brand Campaign): High engagement volume (123,359 likes, ~2,282,141 views) across top creator tier",Gujjus Unite 🤟🏼
240,Tier 3: Toggle OFF + Boosted,Sathya,Tamil Nadu (HQ: Tuticorin / Chennai),@trending_theeviravadhi01,2811932,2267841,122586,510,5.41%,4.38%,2025-12-19,https://www.instagram.com/p/DSbfzfbEnUt/,"🚀 Heavily Boosted (Major Brand Campaign): High engagement volume (122,586 likes, ~2,267,841 views) across top creator tier",@sathya.retail  Gadget Day Sale is here!
241,Tier 3: Toggle OFF + Boosted,Sathya,Tamil Nadu (HQ: Tuticorin / Chennai),@trending_theeviravadhi01,2811932,2267841,122586,510,5.41%,4.38%,2025-10-08,https://www.instagram.com/p/DPjIFM3kumR/,"🚀 Heavily Boosted (Major Brand Campaign): High engagement volume (122,586 likes, ~2,267,841 views) across top creator tier",@sathya.retail  Pre-booking has started for the vivo V60e! Get ready to experience the power of a 200MP ultra-clear main camera and a massive 6500mAh 
242,Tier 3: Toggle OFF + Boosted,Sathya,Tamil Nadu (HQ: Tuticorin / Chennai),@trending_theeviravadhi01,2811932,2267841,122586,510,5.41%,4.38%,2025-08-07,https://www.instagram.com/p/DNDZnJRBUi-/,"🚀 Heavily Boosted (Major Brand Campaign): High engagement volume (122,586 likes, ~2,267,841 views) across top creator tier",Get ready for the Full Moon Sale at @sathya.retail  happening this August 8 from morning 9 AM to midnight 12! Don’t miss special offers on ACs and was
243,Tier 3: Toggle OFF + Boosted,Electronics Mart,Telangana & Andhra Pradesh (HQ: Hyderabad),@namanchhabra_,34391,2254946,121889,490,5.41%,355.85%,2026-05-02,https://www.instagram.com/p/DX1wb9fPrmS/,"🚀 Heavily Boosted (Major Brand Campaign): High engagement volume (121,889 likes, ~2,254,946 views) across top creator tier",Great time to get your Apple products in Apple Days
244,Tier 3: Toggle OFF + Boosted,Sathya,Tamil Nadu (HQ: Tuticorin / Chennai),@im_anufa_,839285,2220647,120035,860,5.41%,14.40%,2025-12-31,https://www.instagram.com/p/DS7fdO5knq8/,"🚀 Heavily Boosted (Major Brand Campaign): High engagement volume (120,035 likes, ~2,220,647 views) across top creator tier",Apple Days Sale is LIVE at @sathya.retail from
245,Tier 3: Toggle OFF + Boosted,Sathya,Tamil Nadu (HQ: Tuticorin / Chennai),@im_anufa_,839285,2220647,120035,860,5.41%,14.40%,2025-12-03,https://www.instagram.com/p/DRzTiV8khUz/,"🚀 Heavily Boosted (Major Brand Campaign): High engagement volume (120,035 likes, ~2,220,647 views) across top creator tier",Agree 😂😂
246,Tier 3: Toggle OFF + Boosted,Sathya,Tamil Nadu (HQ: Tuticorin / Chennai),@im_anufa_,839285,2220647,120035,860,5.41%,14.40%,2025-11-03,https://www.instagram.com/p/DQlFPMFEsJF/,"🚀 Heavily Boosted (Major Brand Campaign): High engagement volume (120,035 likes, ~2,220,647 views) across top creator tier",Don’t miss the biggest shopping day of the month!
247,Tier 3: Toggle OFF + Boosted,Sathya,Tamil Nadu (HQ: Tuticorin / Chennai),@im_anufa_,839285,2220647,120035,860,5.41%,14.40%,2025-07-05,https://www.instagram.com/p/DLutk87yj8X/,"🚀 Heavily Boosted (Major Brand Campaign): High engagement volume (120,035 likes, ~2,220,647 views) across top creator tier",The Oppo Reno 14 Series is Here! 🎉
248,Tier 3: Toggle OFF + Boosted,Sathya,Tamil Nadu (HQ: Tuticorin / Chennai),@im_anufa_,839285,2220647,120035,860,5.41%,14.40%,2025-04-11,https://www.instagram.com/p/DITu7MSSN2Y/,"🚀 Heavily Boosted (Major Brand Campaign): High engagement volume (120,035 likes, ~2,220,647 views) across top creator tier",Tamil New Year Sale is ON at @sathya.retail ! Celebrate with unbeatable deals! Don’t miss the exciting offers
249,Tier 3: Toggle OFF + Boosted,Sathya,Tamil Nadu (HQ: Tuticorin / Chennai),@mir.umair.official,464463,2194137,118602,208,5.41%,25.58%,2026-08-04,https://www.instagram.com/p/DbmtCxWzw7H/,"🚀 Heavily Boosted (Major Brand Campaign): High engagement volume (118,602 likes, ~2,194,137 views) across top creator tier","Experience a whole new way to create, work, and capture every moment with the all-new Samsung Galaxy Z Fold8, Z Fold8 Ultra & Z Flip8, now available a"
250,Tier 3: Toggle OFF + Boosted,Sathya,Tamil Nadu (HQ: Tuticorin / Chennai),@adhirchi_arun,353887,2194118,118601,159,5.41%,33.56%,2026-06-08,https://www.instagram.com/p/DZUp7YMzZvn/,"🚀 Heavily Boosted (Major Brand Campaign): High engagement volume (118,601 likes, ~2,194,118 views) across top creator tier",Excited to be part of the journey towards the Sathya Trophy - All India Volleyball Tournament 2026!
251,Tier 3: Toggle OFF + Boosted,Sathya,Tamil Nadu (HQ: Tuticorin / Chennai),@zoya_kadhalan_05,453818,2190622,118412,255,5.41%,26.15%,2025-10-09,https://www.instagram.com/p/DPlzVv3kzLc/,"🚀 Heavily Boosted (Major Brand Campaign): High engagement volume (118,412 likes, ~2,190,622 views) across top creator tier",@sathya.retail gadgets sale started!
252,Tier 3: Toggle OFF + Boosted,Aditya Vision,"Bihar, Jharkhand & UP (HQ: Patna)",@begusarai_spotlight,87299,2168810,117233,285,5.41%,134.62%,2026-06-02,https://www.instagram.com/p/DZE1PlpxWMv/,"🚀 Heavily Boosted (Major Brand Campaign): High engagement volume (117,233 likes, ~2,168,810 views) across top creator tier","बेगूसराय वालों, अब हर मैच, मूवी और family moment को बनाइए और भी शानदार! 📺✨"
253,Tier 3: Toggle OFF + Boosted,Vijay Sales,Maharashtra / Pan-India (HQ: Mumbai),@ekachchhava,455891,2162983,116918,802,5.41%,25.82%,2025-07-23,https://www.instagram.com/p/DMcG4n1RdeD/,"🚀 Heavily Boosted (Major Brand Campaign): High engagement volume (116,918 likes, ~2,162,983 views) across top creator tier",Anna ki Samsung S25 edge ki Unboxing - Apun ka kam hai Chijo ko kholna aur unke bare me bolna. Aap lok bhi apne najdik wale @vijaysalesofficial store 
254,Tier 3: Toggle OFF + Boosted,Sathya,Tamil Nadu (HQ: Tuticorin / Chennai),@___chippu___chippy,673167,2162335,116883,373,5.41%,17.42%,2025-12-31,https://www.instagram.com/p/DS7TFumEZw2/,"🚀 Heavily Boosted (Major Brand Campaign): High engagement volume (116,883 likes, ~2,162,335 views) across top creator tier",Iphone ku super offer😉💯
255,Tier 3: Toggle OFF + Boosted,Sathya,Tamil Nadu (HQ: Tuticorin / Chennai),@___chippu___chippy,673167,2162335,116883,373,5.41%,17.42%,2025-09-20,https://www.instagram.com/p/DO05F28DAbF/,"🚀 Heavily Boosted (Major Brand Campaign): High engagement volume (116,883 likes, ~2,162,335 views) across top creator tier","The all-new OPPO F31 Series has officially launched at @sathya.retail ! With a massive 7000mAh battery and IP68, IP69, IP66 dust & water resistance, t"
256,Tier 3: Toggle OFF + Boosted,Sathya,Tamil Nadu (HQ: Tuticorin / Chennai),@kattanchaya_official_,172989,2156249,116554,518,5.41%,67.68%,2026-07-27,https://www.instagram.com/p/DbTJ6Z7hSer/,"🚀 Heavily Boosted (Major Brand Campaign): High engagement volume (116,554 likes, ~2,156,249 views) across top creator tier",@sathya.retail  Full Moon Sale is here!
257,Tier 3: Toggle OFF + Boosted,Sathya,Tamil Nadu (HQ: Tuticorin / Chennai),@dancing___chef,527806,2140431,115699,474,5.41%,22.01%,2026-07-17,https://www.instagram.com/p/Da5LsMNyrxH/,"🚀 Heavily Boosted (Major Brand Campaign): High engagement volume (115,699 likes, ~2,140,431 views) across top creator tier",Namma sathya oppo day sale nadaka poguthu july 17-19 vara.
258,Tier 3: Toggle OFF + Boosted,Bajaj Electronics,Telangana & Andhra Pradesh (HQ: Hyderabad),@chinnugadu_04_,459790,2121543,114678,2477,5.41%,25.48%,2026-08-05,https://www.instagram.com/p/DbqIcUkJL2i/,"🚀 Heavily Boosted (Major Brand Campaign): High engagement volume (114,678 likes, ~2,121,543 views) across top creator tier",🍎 Apple Days are LIVE at Bajaj Electronics! ✨
259,Tier 3: Toggle OFF + Boosted,Bajaj Electronics,Telangana & Andhra Pradesh (HQ: Hyderabad),@chinnugadu_04_,459790,2121543,114678,2477,5.41%,25.48%,2026-04-30,https://www.instagram.com/p/DXwzFxVpHXN/,"🚀 Heavily Boosted (Major Brand Campaign): High engagement volume (114,678 likes, ~2,121,543 views) across top creator tier",🔥 Apple Days are LIVE at Everyone’s Favorite Bajaj Electronics!!
260,Tier 3: Toggle OFF + Boosted,Bajaj Electronics,Telangana & Andhra Pradesh (HQ: Hyderabad),@chinnugadu_04_,459790,2121543,114678,2477,5.41%,25.48%,2025-10-06,https://www.instagram.com/p/DPdBQDdCO6y/,"🚀 Heavily Boosted (Major Brand Campaign): High engagement volume (114,678 likes, ~2,121,543 views) across top creator tier",Bajaj Electronics- India’s Leading Retailer in Electronics is back with its Famous India’s Biggest Festive Offer of ₹1 Crore Cash Prize and 30 Alto K1
261,Tier 3: Toggle OFF + Boosted,Bajaj Electronics,Telangana & Andhra Pradesh (HQ: Hyderabad),@chinnugadu_04_,459790,2121543,114678,2477,5.41%,25.48%,2025-03-28,https://www.instagram.com/p/DHvhp22pTvU/,"🚀 Heavily Boosted (Major Brand Campaign): High engagement volume (114,678 likes, ~2,121,543 views) across top creator tier",Beat the summer heat with Bajaj Electronics!
262,Tier 3: Toggle OFF + Boosted,Sathya,Tamil Nadu (HQ: Tuticorin / Chennai),@deepabalu__official,1018560,2120988,114648,530,5.41%,11.31%,2025-11-02,https://www.instagram.com/p/DQi5IwvEts9/,"🚀 Heavily Boosted (Major Brand Campaign): High engagement volume (114,648 likes, ~2,120,988 views) across top creator tier",Don’t miss the biggest shopping day of the month!
263,Tier 3: Toggle OFF + Boosted,Tata Neu,"Pan-India / Maharashtra (HQ: Mumbai, Tata Digital)",@unnati_m,935181,2092350,113100,370,5.41%,12.13%,2025-05-29,https://www.instagram.com/p/DKPTWnRsTWh/,"🚀 Heavily Boosted (Major Brand Campaign): High engagement volume (113,100 likes, ~2,092,350 views) across top creator tier",Money saved is money earned! 💰
264,Tier 3: Toggle OFF + Boosted,Sathya,Tamil Nadu (HQ: Tuticorin / Chennai),@its_shabana_,1614242,2054462,111052,373,5.41%,6.90%,2025-12-10,https://www.instagram.com/p/DSFUCqJEpWp/,"🚀 Heavily Boosted (Major Brand Campaign): High engagement volume (111,052 likes, ~2,054,462 views) across top creator tier","@sathya.retail happily launched the vivo x300 series, featuring the extraordinary ZEISS APO Telephoto Camera — a masterpiece built for photography per"
265,Tier 3: Toggle OFF + Boosted,Reliance Digital,"Pan-India / Maharashtra (HQ: Mumbai, Reliance Retail)",@rjraghav,2060747,2053148,110981,1291,5.41%,5.45%,2025-10-14,https://www.instagram.com/p/DPxrPgDgtpN/,"🚀 Heavily Boosted (Major Brand Campaign): High engagement volume (110,981 likes, ~2,053,148 views) across top creator tier",Mummy ka Muhurat toh aa gaya aur apka?? 🎉
266,Tier 3: Toggle OFF + Boosted,Sathya,Tamil Nadu (HQ: Tuticorin / Chennai),@yuvas.journal,135270,2036776,110096,204,5.41%,81.54%,2025-11-27,https://www.instagram.com/p/DRj5u_HiW0w/,"🚀 Heavily Boosted (Major Brand Campaign): High engagement volume (110,096 likes, ~2,036,776 views) across top creator tier",😱Upto 70% OFFER Ah😍🧿⁉️
267,Tier 3: Toggle OFF + Boosted,Sathya,Tamil Nadu (HQ: Tuticorin / Chennai),@rekselva17,673614,2031651,109819,117,5.41%,16.32%,2026-08-13,https://www.instagram.com/p/Db-EBvtBmh1/,"🚀 Heavily Boosted (Major Brand Campaign): High engagement volume (109,819 likes, ~2,031,651 views) across top creator tier",அவ போனா இவள் வருவா! 😱 #rekselva
268,Tier 3: Toggle OFF + Boosted,Sathya,Tamil Nadu (HQ: Tuticorin / Chennai),@rekselva17,673614,2031651,109819,117,5.41%,16.32%,2026-06-27,https://www.instagram.com/p/DaFw0ssBX3t/,"🚀 Heavily Boosted (Major Brand Campaign): High engagement volume (109,819 likes, ~2,031,651 views) across top creator tier",பழச மறக்காத பங்கு! பத்து ரூபாய்க்கு பறந்து வந்த ஸ்பைடர் மேன் 🤣 இத மட்டும் விட்டு வைப்பாரா🤗
269,Tier 3: Toggle OFF + Boosted,Sathya,Tamil Nadu (HQ: Tuticorin / Chennai),@rekselva17,673614,2031651,109819,117,5.41%,16.32%,2025-07-31,https://www.instagram.com/p/DMxm73Pycp1/,"🚀 Heavily Boosted (Major Brand Campaign): High engagement volume (109,819 likes, ~2,031,651 views) across top creator tier",😱 இதுக்கா டி நிறுத்த சொன்ன...? 😡
270,Tier 3: Toggle OFF + Boosted,Reliance Digital,"Pan-India / Maharashtra (HQ: Mumbai, Reliance Retail)",@thefaceofabi,524925,2029339,109694,497,5.41%,20.99%,2025-07-05,https://www.instagram.com/p/DLuhDh3RYiB/,"🚀 Heavily Boosted (Major Brand Campaign): High engagement volume (109,694 likes, ~2,029,339 views) across top creator tier",💻 Laptop Secured!
271,Tier 3: Toggle OFF + Boosted,Sathya,Tamil Nadu (HQ: Tuticorin / Chennai),@thefaceofabi,524925,2029339,109694,497,5.41%,20.99%,2025-12-18,https://www.instagram.com/p/DSZ6Tosk97O/,"🚀 Heavily Boosted (Major Brand Campaign): High engagement volume (109,694 likes, ~2,029,339 views) across top creator tier",@sathya.retail  Gadget Day Sale is here!
272,Tier 3: Toggle OFF + Boosted,Sathya,Tamil Nadu (HQ: Tuticorin / Chennai),@thefaceofabi,524925,2029339,109694,497,5.41%,20.99%,2025-10-18,https://www.instagram.com/p/DP85HdfE8Ns/,"🚀 Heavily Boosted (Major Brand Campaign): High engagement volume (109,694 likes, ~2,029,339 views) across top creator tier",Tag your future partner 😂😂🔥
273,Tier 3: Toggle OFF + Boosted,Sathya,Tamil Nadu (HQ: Tuticorin / Chennai),@thefaceofabi,524925,2029339,109694,497,5.41%,20.99%,2025-08-25,https://www.instagram.com/p/DNx5GKhZq5O/,"🚀 Heavily Boosted (Major Brand Campaign): High engagement volume (109,694 likes, ~2,029,339 views) across top creator tier","Vinayagar Chaturthi vibes start with happiness and savings at @sathya.retail  From August 26 to 31, enjoy super offers on all products and make your f"
274,Tier 3: Toggle OFF + Boosted,Croma,"Pan-India / Maharashtra (HQ: Mumbai, Tata Group)",@sani_trakari,273790,2025213,109471,541,5.41%,40.18%,2025-10-07,https://www.instagram.com/p/DPggHnBDKkJ/,"🚀 Heavily Boosted (Major Brand Campaign): High engagement volume (109,471 likes, ~2,025,213 views) across top creator tier",Madras mixture than spicy nu solluvaanga…
275,Tier 3: Toggle OFF + Boosted,Croma,"Pan-India / Maharashtra (HQ: Mumbai, Tata Group)",@_spindia_,1728440,2023992,109405,416,5.41%,6.35%,2026-02-12,https://www.instagram.com/p/DUpOeuWjGTK/,"🚀 Heavily Boosted (Major Brand Campaign): High engagement volume (109,405 likes, ~2,023,992 views) across top creator tier",Beta: 1🤓
276,Tier 3: Toggle OFF + Boosted,Reliance Digital,"Pan-India / Maharashtra (HQ: Mumbai, Reliance Retail)",@_spindia_,1728440,2023992,109405,416,5.41%,6.35%,2026-04-05,https://www.instagram.com/p/DWv3P89jPpe/,"🚀 Heavily Boosted (Major Brand Campaign): High engagement volume (109,405 likes, ~2,023,992 views) across top creator tier",Bhai sirf AC try karne gaya tha… 🥲
277,Tier 3: Toggle OFF + Boosted,Sathya,Tamil Nadu (HQ: Tuticorin / Chennai),@harish_hatricks,523617,2019256,109149,1149,5.41%,21.06%,2026-08-13,https://www.instagram.com/p/Db-rB6TzokS/,"🚀 Heavily Boosted (Major Brand Campaign): High engagement volume (109,149 likes, ~2,019,256 views) across top creator tier",Save ❌ Selavu ✅😭
278,Tier 3: Toggle OFF + Boosted,Sathya,Tamil Nadu (HQ: Tuticorin / Chennai),@harish_hatricks,523617,2019256,109149,1149,5.41%,21.06%,2026-06-23,https://www.instagram.com/p/DZ7WNUeTAzX/,"🚀 Heavily Boosted (Major Brand Campaign): High engagement volume (109,149 likes, ~2,019,256 views) across top creator tier",Vaaya thoranthale Poi 😨🤦🏽‍♂️🙃
279,Tier 3: Toggle OFF + Boosted,Sathya,Tamil Nadu (HQ: Tuticorin / Chennai),@harish_hatricks,523617,2019256,109149,1149,5.41%,21.06%,2026-01-24,https://www.instagram.com/p/DT4b5oDE3lX/,"🚀 Heavily Boosted (Major Brand Campaign): High engagement volume (109,149 likes, ~2,019,256 views) across top creator tier",OC kekura Frnd 🤦🏽‍♂️🤣‼️
280,Tier 3: Toggle OFF + Boosted,Sathya,Tamil Nadu (HQ: Tuticorin / Chennai),@harish_hatricks,523617,2019256,109149,1149,5.41%,21.06%,2025-11-19,https://www.instagram.com/p/DRPfCookzHu/,"🚀 Heavily Boosted (Major Brand Campaign): High engagement volume (109,149 likes, ~2,019,256 views) across top creator tier",Ellameee Prbm ha irukeeee🫠🤦🏽‍♂️
281,Tier 3: Toggle OFF + Boosted,Sathya,Tamil Nadu (HQ: Tuticorin / Chennai),@vikkycarry,588508,2017758,109068,565,5.41%,18.63%,2025-11-03,https://www.instagram.com/p/DQl6lMNCY1o/,"🚀 Heavily Boosted (Major Brand Campaign): High engagement volume (109,068 likes, ~2,017,758 views) across top creator tier",Don’t miss the biggest shopping day of the month!
282,Tier 3: Toggle OFF + Boosted,Croma,"Pan-India / Maharashtra (HQ: Mumbai, Tata Group)",@deeshakatkar,618778,2012781,108799,442,5.41%,17.65%,2026-04-13,https://www.instagram.com/p/DXE85SPCCqe/,"🚀 Heavily Boosted (Major Brand Campaign): High engagement volume (108,799 likes, ~2,012,781 views) across top creator tier",Humble bragging karte karte offer ke bareme bol diya ye accha kiya!🥰
283,Tier 3: Toggle OFF + Boosted,Tata Neu,"Pan-India / Maharashtra (HQ: Mumbai, Tata Digital)",@deeshakatkar,618778,2012781,108799,442,5.41%,17.65%,2025-03-31,https://www.instagram.com/p/DH2iGqOq7YM/,"🚀 Heavily Boosted (Major Brand Campaign): High engagement volume (108,799 likes, ~2,012,781 views) across top creator tier","Case bhi solve hogaya, aur prompt ka jawaab bhi mil gaya🕵️"
284,Tier 3: Toggle OFF + Boosted,Reliance Digital,"Pan-India / Maharashtra (HQ: Mumbai, Reliance Retail)",@vidhayak.05,839434,2009710,108633,303,5.41%,12.98%,2025-01-18,https://www.instagram.com/p/DE-LY73SkKR/,"🚀 Heavily Boosted (Major Brand Campaign): High engagement volume (108,633 likes, ~2,009,710 views) across top creator tier",Kya Srishti aur Vidhayak ke Papa ka talmel beth paayega at Reliance Digital?
285,Tier 3: Toggle OFF + Boosted,Reliance Digital,"Pan-India / Maharashtra (HQ: Mumbai, Reliance Retail)",@pooja.sh_,1137988,2006843,108478,257,5.41%,9.56%,2025-04-06,https://www.instagram.com/p/DIGckxqynGU/,"🚀 Heavily Boosted (Major Brand Campaign): High engagement volume (108,478 likes, ~2,006,843 views) across top creator tier",Some friends are just born to show off 👀📱
286,Tier 3: Toggle OFF + Boosted,Sathya,Tamil Nadu (HQ: Tuticorin / Chennai),@pooja.sh_,1137988,2006843,108478,257,5.41%,9.56%,2026-07-09,https://www.instagram.com/p/DaknZZEvIkx/,"🚀 Heavily Boosted (Major Brand Campaign): High engagement volume (108,478 likes, ~2,006,843 views) across top creator tier",The moment has arrived! The brand-new Oppo Reno 16 Series has been officially launched  and is now available @sathya.retail !
287,Tier 3: Toggle OFF + Boosted,Sathya,Tamil Nadu (HQ: Tuticorin / Chennai),@pooja.sh_,1137988,2006843,108478,257,5.41%,9.56%,2025-11-26,https://www.instagram.com/p/DRhOAo4D9fE/,"🚀 Heavily Boosted (Major Brand Campaign): High engagement volume (108,478 likes, ~2,006,843 views) across top creator tier",Do you know any Professional Plan Sothapal-ist like this ? 😂
288,Tier 3: Toggle OFF + Boosted,Sathya,Tamil Nadu (HQ: Tuticorin / Chennai),@pooja.sh_,1137988,2006843,108478,257,5.41%,9.56%,2025-08-12,https://www.instagram.com/p/DNQQwjNSDqE/,"🚀 Heavily Boosted (Major Brand Campaign): High engagement volume (108,478 likes, ~2,006,843 views) across top creator tier",Reality of life 😩 Relatable ? 🫣
289,Tier 3: Toggle OFF + Boosted,Sathya,Tamil Nadu (HQ: Tuticorin / Chennai),@balaprabakark,581159,1983477,107215,116,5.41%,18.47%,2025-11-27,https://www.instagram.com/p/DRkE1--Ej2C/,"🚀 Heavily Boosted (Major Brand Campaign): High engagement volume (107,215 likes, ~1,983,477 views) across top creator tier",Tag your thideer panakaara friend! 🏃🏻‍➡️ @subramanian__sethu
290,Tier 3: Toggle OFF + Boosted,Sathya,Tamil Nadu (HQ: Tuticorin / Chennai),@balaprabakark,581159,1983477,107215,116,5.41%,18.47%,2025-09-20,https://www.instagram.com/p/DO0xcoDkrn6/,"🚀 Heavily Boosted (Major Brand Campaign): High engagement volume (107,215 likes, ~1,983,477 views) across top creator tier",Wait till the end for the twist! 😂😅
291,Tier 3: Toggle OFF + Boosted,Electronics Mart,Telangana & Andhra Pradesh (HQ: Hyderabad),@frutiguptavlogs1,113312,1976207,106822,270,5.41%,94.51%,2026-08-06,https://www.instagram.com/p/Dbs3sOEgnIh/,"🚀 Heavily Boosted (Major Brand Campaign): High engagement volume (106,822 likes, ~1,976,207 views) across top creator tier",Your dream iPhone is waiting! 📱✨ Head to Bajaj Electronics and grab your favorite iPhone today
292,Tier 3: Toggle OFF + Boosted,Sathya,Tamil Nadu (HQ: Tuticorin / Chennai),@nandakumar_farmer,776080,1965791,106259,184,5.41%,13.72%,2026-01-14,https://www.instagram.com/p/DTfZUnykqjO/,"🚀 Heavily Boosted (Major Brand Campaign): High engagement volume (106,259 likes, ~1,965,791 views) across top creator tier",@sathya.retail oppo reno 15 series officially launched
293,Tier 3: Toggle OFF + Boosted,Sathya,Tamil Nadu (HQ: Tuticorin / Chennai),@_mr_n4__,59510,1965773,106258,268,5.41%,179.01%,2025-05-26,https://www.instagram.com/p/DKHqE9dTTB0/,"🚀 Heavily Boosted (Major Brand Campaign): High engagement volume (106,258 likes, ~1,965,773 views) across top creator tier",@sathya.retail Sathya super sale is happening from May 28 - 31
294,Tier 3: Toggle OFF + Boosted,Sathya,Tamil Nadu (HQ: Tuticorin / Chennai),@maskboy____,1533592,1960907,105995,741,5.41%,6.96%,2026-07-27,https://www.instagram.com/p/DbTB-RiT2nr/,"🚀 Heavily Boosted (Major Brand Campaign): High engagement volume (105,995 likes, ~1,960,907 views) across top creator tier",Samsung galaxy z fold8 & z fold8 ultra prebooking started @sathya.retail
295,Tier 3: Toggle OFF + Boosted,Pai International,Karnataka & Telangana (HQ: Bengaluru),@why_k_,322188,1935655,104630,424,5.41%,32.61%,2026-02-05,https://www.instagram.com/p/DUX4ni9kSL-/,"🚀 Heavily Boosted (Major Brand Campaign): High engagement volume (104,630 likes, ~1,935,655 views) across top creator tier","Imagine shopping for just ₹2,000 and walking away with a chance to win up to ₹5 CRORE worth of FREE shopping 💸🔥"
296,Tier 3: Toggle OFF + Boosted,Reliance Digital,"Pan-India / Maharashtra (HQ: Mumbai, Reliance Retail)",@thesaubhagyadixit,293581,1934471,104566,2011,5.41%,36.30%,2025-04-06,https://www.instagram.com/p/DIGrS2Fq5gN/,"🚀 Heavily Boosted (Major Brand Campaign): High engagement volume (104,566 likes, ~1,934,471 views) across top creator tier",We all have that one NRI friend who won’t stop bragging about their experience in abroad..... until they see the deals at Reliance Digital! 😎💁‍♀️
297,Tier 3: Toggle OFF + Boosted,Bajaj Electronics,Telangana & Andhra Pradesh (HQ: Hyderabad),@varshini_sounderajan,1844115,1928255,104230,722,5.41%,5.69%,2026-01-10,https://www.instagram.com/p/DTVFrrqkt_K/,"🚀 Heavily Boosted (Major Brand Campaign): High engagement volume (104,230 likes, ~1,928,255 views) across top creator tier",Thrilled to be part of a grand celebrations by Bajaj Electronics! ✨🎉 (@bajajelectronicsindia)
298,Tier 3: Toggle OFF + Boosted,Bajaj Electronics,Telangana & Andhra Pradesh (HQ: Hyderabad),@varshini_sounderajan,1844115,1928255,104230,722,5.41%,5.69%,2025-08-15,https://www.instagram.com/p/DNXkMjRSVyX/,"🚀 Heavily Boosted (Major Brand Campaign): High engagement volume (104,230 likes, ~1,928,255 views) across top creator tier","The slimmest, lightest, and most durable Galaxy Z Fold yet – now armed with Google Gemini Live."
299,Tier 3: Toggle OFF + Boosted,Bajaj Electronics,Telangana & Andhra Pradesh (HQ: Hyderabad),@varshini_sounderajan,1844115,1928255,104230,722,5.41%,5.69%,2025-06-13,https://www.instagram.com/p/DK1ShpcSWQm/,"🚀 Heavily Boosted (Major Brand Campaign): High engagement volume (104,230 likes, ~1,928,255 views) across top creator tier","Graced the Grand Summer Offers Bumper Draw Event of Rs.50 Lakhs Cash Prize and 30 Alto K10 Cars @bajajelectronicsindia at @nexus_hyderabad, #Kukatpall"
300,Tier 3: Toggle OFF + Boosted,Bajaj Electronics,Telangana & Andhra Pradesh (HQ: Hyderabad),@varshini_sounderajan,1844115,1928255,104230,722,5.41%,5.69%,2025-03-19,https://www.instagram.com/p/DHYlbsvy25U/,"🚀 Heavily Boosted (Major Brand Campaign): High engagement volume (104,230 likes, ~1,928,255 views) across top creator tier",Beat the summer heat with Bajaj Electronics!
301,Tier 3: Toggle OFF + Boosted,Croma,"Pan-India / Maharashtra (HQ: Mumbai, Tata Group)",@instafunny_manan,348540,1925406,104076,317,5.41%,29.95%,2025-09-27,https://www.instagram.com/p/DPGOMjAAc8h/,"🚀 Heavily Boosted (Major Brand Campaign): High engagement volume (104,076 likes, ~1,925,406 views) across top creator tier",Croma jaine navu laptop lai aavyo maari wife maatey.
302,Tier 3: Toggle OFF + Boosted,Croma,"Pan-India / Maharashtra (HQ: Mumbai, Tata Group)",@its_jamielever,2269887,1909958,103241,1682,5.41%,4.62%,2025-10-02,https://www.instagram.com/p/DPTxu__jwor/,"🚀 Heavily Boosted (Major Brand Campaign): High engagement volume (103,241 likes, ~1,909,958 views) across top creator tier",Bollywood Party!! 🪩🪩🪩
303,Tier 3: Toggle OFF + Boosted,Pai International,Karnataka & Telangana (HQ: Bengaluru),@oyeakshaya,235532,1899099,102654,978,5.41%,44.00%,2026-01-21,https://www.instagram.com/p/DTxSxNjjJLE/,"🚀 Heavily Boosted (Major Brand Campaign): High engagement volume (102,654 likes, ~1,899,099 views) across top creator tier",Bill pay madbekadre call baratte 😑
304,Tier 3: Toggle OFF + Boosted,Reliance Digital,"Pan-India / Maharashtra (HQ: Mumbai, Reliance Retail)",@krushna30,2515222,1890293,102178,961,5.41%,4.10%,2026-04-05,https://www.instagram.com/p/DWvn14VjAvV/,"🚀 Heavily Boosted (Major Brand Campaign): High engagement volume (102,178 likes, ~1,890,293 views) across top creator tier",Too good to be true?” 🤔
305,Tier 3: Toggle OFF + Boosted,Sathya,Tamil Nadu (HQ: Tuticorin / Chennai),@_dhina_ammu_official_,799532,1873957,101295,397,5.41%,12.72%,2026-04-09,https://www.instagram.com/p/DW6N3ibE0R_/,"🚀 Heavily Boosted (Major Brand Campaign): High engagement volume (101,295 likes, ~1,873,957 views) across top creator tier",Celebrate the Tamil New Year with exciting offers @sathya.retail !
306,Tier 3: Toggle OFF + Boosted,Sathya,Tamil Nadu (HQ: Tuticorin / Chennai),@_dhina_ammu_official_,799532,1873957,101295,397,5.41%,12.72%,2025-11-04,https://www.instagram.com/p/DQoPJiJE9y5/,"🚀 Heavily Boosted (Major Brand Campaign): High engagement volume (101,295 likes, ~1,873,957 views) across top creator tier",Don’t miss the biggest shopping day of the month!
307,Tier 3: Toggle OFF + Boosted,Sathya,Tamil Nadu (HQ: Tuticorin / Chennai),@_dhina_ammu_official_,799532,1873957,101295,397,5.41%,12.72%,2025-03-20,https://www.instagram.com/p/DHbFSIATgeV/,"🚀 Heavily Boosted (Major Brand Campaign): High engagement volume (101,295 likes, ~1,873,957 views) across top creator tier",A Cool Summer for Your Family! ❄️👨‍👩‍👧‍👦
308,Tier 3: Toggle OFF + Boosted,Pai International,Karnataka & Telangana (HQ: Bengaluru),@beingchandanaa,1628585,1872015,101190,1442,5.41%,6.30%,2026-08-19,https://www.instagram.com/p/DcNf7knRiBL/,"🚀 Heavily Boosted (Major Brand Campaign): High engagement volume (101,190 likes, ~1,872,015 views) across top creator tier",Fisherman cash counting challenge at Udupi…follow @pai.international and @beingchandanaa you could be next …
309,Tier 3: Toggle OFF + Boosted,Pai International,Karnataka & Telangana (HQ: Bengaluru),@beingchandanaa,1628585,1872015,101190,1442,5.41%,6.30%,2026-08-15,https://www.instagram.com/p/DcDmCt7Rmq9/,"🚀 Heavily Boosted (Major Brand Campaign): High engagement volume (101,190 likes, ~1,872,015 views) across top creator tier",30 secs cash counting challenge in kalburagi .. follow @pai.international @beingchandanaa
310,Tier 3: Toggle OFF + Boosted,Pai International,Karnataka & Telangana (HQ: Bengaluru),@beingchandanaa,1628585,1872015,101190,1442,5.41%,6.30%,2026-08-13,https://www.instagram.com/p/Db9-vNRxKlk/,"🚀 Heavily Boosted (Major Brand Campaign): High engagement volume (101,190 likes, ~1,872,015 views) across top creator tier",30 secs Cash💸 counting in uttara Karnataka follow @pai.international and @beingchandanaa
311,Tier 3: Toggle OFF + Boosted,Pai International,Karnataka & Telangana (HQ: Bengaluru),@beingchandanaa,1628585,1872015,101190,1442,5.41%,6.30%,2026-07-20,https://www.instagram.com/p/DbAPksIR0Uz/,"🚀 Heavily Boosted (Major Brand Campaign): High engagement volume (101,190 likes, ~1,872,015 views) across top creator tier",30 secs cash counting challenge 💸with surprise gift 🎁 follow @pai.international and @beingchandanaa you could be next ..
312,Tier 3: Toggle OFF + Boosted,Pai International,Karnataka & Telangana (HQ: Bengaluru),@beingchandanaa,1628585,1872015,101190,1442,5.41%,6.30%,2026-07-11,https://www.instagram.com/p/DapQMXYx9vz/,"🚀 Heavily Boosted (Major Brand Campaign): High engagement volume (101,190 likes, ~1,872,015 views) across top creator tier",30secs cash💸 counting challenge..follow @pai.international and @beingchandanaa for more such videos ❤️
313,Tier 3: Toggle OFF + Boosted,Pai International,Karnataka & Telangana (HQ: Bengaluru),@beingchandanaa,1628585,1872015,101190,1442,5.41%,6.30%,2026-07-02,https://www.instagram.com/p/DaRaU-1K4z3/,"🚀 Heavily Boosted (Major Brand Campaign): High engagement volume (101,190 likes, ~1,872,015 views) across top creator tier",Highest 30secs cash💸counting till now..😍 follow @pai.international & @beingchandanaa you could be next..
314,Tier 3: Toggle OFF + Boosted,Pai International,Karnataka & Telangana (HQ: Bengaluru),@beingchandanaa,1628585,1872015,101190,1442,5.41%,6.30%,2026-06-26,https://www.instagram.com/p/DaCaRqfRfZe/,"🚀 Heavily Boosted (Major Brand Campaign): High engagement volume (101,190 likes, ~1,872,015 views) across top creator tier",30 secs cash counting challenge in ramanagara follow @pai.international and @beingchandanaa now
315,Tier 3: Toggle OFF + Boosted,Pai International,Karnataka & Telangana (HQ: Bengaluru),@beingchandanaa,1628585,1872015,101190,1442,5.41%,6.30%,2026-06-22,https://www.instagram.com/p/DZ4HEInRsp8/,"🚀 Heavily Boosted (Major Brand Campaign): High engagement volume (101,190 likes, ~1,872,015 views) across top creator tier",30 secs cash counting challenge 💸 follow @pai.international & @beingchandanaa you could be next 🥰..
316,Tier 3: Toggle OFF + Boosted,Pai International,Karnataka & Telangana (HQ: Bengaluru),@beingchandanaa,1628585,1872015,101190,1442,5.41%,6.30%,2026-06-19,https://www.instagram.com/p/DZwNhInRfe-/,"🚀 Heavily Boosted (Major Brand Campaign): High engagement volume (101,190 likes, ~1,872,015 views) across top creator tier",Rama bhakta ❤️🙏in 30 secs cash counting challenge follow @pai.international & @beingchandanaa you could be next 🥰..
317,Tier 3: Toggle OFF + Boosted,Pai International,Karnataka & Telangana (HQ: Bengaluru),@beingchandanaa,1628585,1872015,101190,1442,5.41%,6.30%,2026-06-16,https://www.instagram.com/p/DZon4pgR7mB/,"🚀 Heavily Boosted (Major Brand Campaign): High engagement volume (101,190 likes, ~1,872,015 views) across top creator tier",1st time 200s note count 💸 30 secs cash counting challenge 😍 follow @pai.international & @beingchandanaa  you could be next 🥰
318,Tier 3: Toggle OFF + Boosted,Pai International,Karnataka & Telangana (HQ: Bengaluru),@beingchandanaa,1628585,1872015,101190,1442,5.41%,6.30%,2026-06-14,https://www.instagram.com/p/DZjKgPoxG-w/,"🚀 Heavily Boosted (Major Brand Campaign): High engagement volume (101,190 likes, ~1,872,015 views) across top creator tier",Look at his speed 👀 😍30 secs cash counting challenge 💸 ..
319,Tier 3: Toggle OFF + Boosted,Pai International,Karnataka & Telangana (HQ: Bengaluru),@beingchandanaa,1628585,1872015,101190,1442,5.41%,6.30%,2026-06-11,https://www.instagram.com/p/DZbvwSgxwT8/,"🚀 Heavily Boosted (Major Brand Campaign): High engagement volume (101,190 likes, ~1,872,015 views) across top creator tier",Meet Ramu ❤️30 secs cash counting challenge 💸 follow @pai.international & @beingchandanaa you could be next 😍
320,Tier 3: Toggle OFF + Boosted,Pai International,Karnataka & Telangana (HQ: Bengaluru),@beingchandanaa,1628585,1872015,101190,1442,5.41%,6.30%,2026-06-08,https://www.instagram.com/p/DZU2exdttBV/,"🚀 Heavily Boosted (Major Brand Campaign): High engagement volume (101,190 likes, ~1,872,015 views) across top creator tier",30 secs cash counting challenge 💸 follow @pai.international & @beingchandanaa you could be next 😍..
321,Tier 3: Toggle OFF + Boosted,Pai International,Karnataka & Telangana (HQ: Bengaluru),@beingchandanaa,1628585,1872015,101190,1442,5.41%,6.30%,2026-05-13,https://www.instagram.com/p/DYRWvcgR0Xv/,"🚀 Heavily Boosted (Major Brand Campaign): High engagement volume (101,190 likes, ~1,872,015 views) across top creator tier","Spent my evening at the Pai April Monthly Draw Event and honestly, energy next level ittu. ✨"
322,Tier 3: Toggle OFF + Boosted,Pai International,Karnataka & Telangana (HQ: Bengaluru),@beingchandanaa,1628585,1872015,101190,1442,5.41%,6.30%,2026-04-29,https://www.instagram.com/p/DXtldatkVAx/,"🚀 Heavily Boosted (Major Brand Campaign): High engagement volume (101,190 likes, ~1,872,015 views) across top creator tier",Went up to an RCB fan and asked 2 simple questions 👀
323,Tier 3: Toggle OFF + Boosted,Reliance Digital,"Pan-India / Maharashtra (HQ: Mumbai, Reliance Retail)",@priyankamjain___0207,1042228,1870072,101085,497,5.41%,9.75%,2025-04-06,https://www.instagram.com/p/DIGz3hSTwaQ/,"🚀 Heavily Boosted (Major Brand Campaign): High engagement volume (101,085 likes, ~1,870,072 views) across top creator tier","When our supermoms start loving the latest tech so much, all you can do is buy it for them from the best."
324,Tier 3: Toggle OFF + Boosted,Vijay Sales,Maharashtra / Pan-India (HQ: Mumbai),@mr_and_mrs_gujraati,1112568,1865540,100840,732,5.41%,9.13%,2025-10-14,https://www.instagram.com/p/DPyB0WyDL72/,"🚀 Heavily Boosted (Major Brand Campaign): High engagement volume (100,840 likes, ~1,865,540 views) across top creator tier",બેટરીની ચિંતા ખતમ! 🔋
325,Tier 3: Toggle OFF + Boosted,Vijay Sales,Maharashtra / Pan-India (HQ: Mumbai),@teekhabanao,285028,1848705,99930,1261,5.41%,35.50%,2025-06-12,https://www.instagram.com/p/DKzVL5yooFX/,🚀 Boosted (Paid Ad Spend): High view-to-follower reach multiplier (6.49x) on macro creator,Kaash mi pan S25 edge itka slim asto
326,Tier 3: Toggle OFF + Boosted,Sathya,Tamil Nadu (HQ: Tuticorin / Chennai),@tejupraveen._,108055,1837087,99302,383,5.41%,92.26%,2026-06-27,https://www.instagram.com/p/DaFrYjKzC6y/,🚀 Boosted (Paid Ad Spend): High view-to-follower reach multiplier (17.0x) on macro creator,The Wait Is Over! @sathya.retail  Full Moon Sale Is Here
327,Tier 3: Toggle OFF + Boosted,Sathya,Tamil Nadu (HQ: Tuticorin / Chennai),@tejupraveen._,108055,1837087,99302,383,5.41%,92.26%,2025-05-25,https://www.instagram.com/p/DKE-W9bzdJo/,🚀 Boosted (Paid Ad Spend): High view-to-follower reach multiplier (17.0x) on macro creator,@sathya.retail Sathya super sale is happening from May 28 - 31
328,Tier 3: Toggle OFF + Boosted,Sathya,Tamil Nadu (HQ: Tuticorin / Chennai),@tejupraveen._,108055,1837087,99302,383,5.41%,92.26%,2025-03-27,https://www.instagram.com/p/DHs_WWiT6WQ/,🚀 Boosted (Paid Ad Spend): High view-to-follower reach multiplier (17.0x) on macro creator,Sathya Year end Sale😱🤯
329,Tier 3: Toggle OFF + Boosted,Croma,"Pan-India / Maharashtra (HQ: Mumbai, Tata Group)",@realkajalchauhann,973072,1833757,99122,712,5.41%,10.26%,2026-04-15,https://www.instagram.com/p/DXJt5onjHfx/,"🔍 Likely Boosted (Targeted Ad): Scale engagement (99,122 likes) indicates paid media support",Ye labh yu ka kya mtllb hota…auntyy!!? 🫣😅
330,Tier 3: Toggle OFF + Boosted,Croma,"Pan-India / Maharashtra (HQ: Mumbai, Tata Group)",@anubhaviiiiiii,413807,1831925,99023,864,5.41%,24.14%,2026-04-11,https://www.instagram.com/p/DW_2LvriZMz/,🚀 Boosted (Paid Ad Spend): High view-to-follower reach multiplier (4.43x) on macro creator,Garmi ki AC ki taisi karne ke liye Croma store se abhi AC le aao
331,Tier 3: Toggle OFF + Boosted,Sathya,Tamil Nadu (HQ: Tuticorin / Chennai),@surya_vijishankar,464368,1827263,98771,473,5.41%,21.37%,2026-07-27,https://www.instagram.com/p/DbTKju-vxeN/,"🔍 Likely Boosted (Targeted Ad): Scale engagement (98,771 likes) indicates paid media support",@camsooriteakadai Boys Sothanaigal 😭
332,Tier 3: Toggle OFF + Boosted,Croma,"Pan-India / Maharashtra (HQ: Mumbai, Tata Group)",@mavi.harman,439730,1818883,98318,802,5.41%,22.54%,2025-11-25,https://www.instagram.com/p/DRewnQaiVZ_/,🚀 Boosted (Paid Ad Spend): High view-to-follower reach multiplier (4.14x) on macro creator,Now’s the moment your gaming nights have been waiting for!
333,Tier 3: Toggle OFF + Boosted,Bajaj Electronics,Telangana & Andhra Pradesh (HQ: Hyderabad),@rashi.real,1842941,1806821,97666,550,5.41%,5.33%,2025-07-28,https://www.instagram.com/p/DMp1O5cNaKl/,"🔍 Likely Boosted (Targeted Ad): Scale engagement (97,666 likes) indicates paid media support",Truly delighted to be a part of the spectacular grand unveiling of the futuristic @vivoindia *VIVO X Fold 5 and VIVO X200 FE* hosted by @bajajelectron
334,Tier 3: Toggle OFF + Boosted,Sathya,Tamil Nadu (HQ: Tuticorin / Chennai),@rsquared_7,821903,1804434,97537,374,5.41%,11.91%,2026-07-10,https://www.instagram.com/p/DamAwqjzWRd/,"🔍 Likely Boosted (Targeted Ad): Scale engagement (97,537 likes) indicates paid media support",The moment has arrived! The brand-new Oppo Reno 16 Series has been officially launched  and is now available @sathya.retail
335,Tier 3: Toggle OFF + Boosted,Sathya,Tamil Nadu (HQ: Tuticorin / Chennai),@rsquared_7,821903,1804434,97537,374,5.41%,11.91%,2025-07-22,https://www.instagram.com/p/DMamPwoT0Je/,"🔍 Likely Boosted (Targeted Ad): Scale engagement (97,537 likes) indicates paid media support",Witnessed the future unfold — the Galaxy Z Fold7 and Z Flip7 launched in style with Galaxy AI. 💫 Proud to be part of this grand moment with @sathya.re
336,Tier 3: Toggle OFF + Boosted,Sathya,Tamil Nadu (HQ: Tuticorin / Chennai),@ramwithjaanu.official,784657,1801844,97397,312,5.41%,12.45%,2025-08-25,https://www.instagram.com/p/DNxrwlW3q7Y/,"🔍 Likely Boosted (Targeted Ad): Scale engagement (97,397 likes) indicates paid media support","Vinayagar Chaturthi vibes start with happiness and savings at @sathya.retail  From August 26 to 31, enjoy super offers on all products and make your f"
337,Tier 3: Toggle OFF + Boosted,Sathya,Tamil Nadu (HQ: Tuticorin / Chennai),@ramwithjaanu.official,784657,1801844,97397,312,5.41%,12.45%,2025-07-09,https://www.instagram.com/p/DL4izJ0RRW6/,"🔍 Likely Boosted (Targeted Ad): Scale engagement (97,397 likes) indicates paid media support",SATHYA’S FULL MOON SALE ALERT!
338,Tier 3: Toggle OFF + Boosted,Sathya,Tamil Nadu (HQ: Tuticorin / Chennai),@ramwithjaanu.official,784657,1801844,97397,312,5.41%,12.45%,2025-05-26,https://www.instagram.com/p/DKHqgdtyi5t/,"🔍 Likely Boosted (Targeted Ad): Scale engagement (97,397 likes) indicates paid media support",Compliments 🥵
339,Tier 3: Toggle OFF + Boosted,Sathya,Tamil Nadu (HQ: Tuticorin / Chennai),@ramwithjaanu.official,784657,1801844,97397,312,5.41%,12.45%,2025-03-12,https://www.instagram.com/p/DHGhxNMPjcV/,"🔍 Likely Boosted (Targeted Ad): Scale engagement (97,397 likes) indicates paid media support",Mamanar marumagan fight! 😭 Daddy’s dialogue tho 🤣🤣
340,Tier 3: Toggle OFF + Boosted,Sathya,Tamil Nadu (HQ: Tuticorin / Chennai),@ramwithjaanu.official,784657,1801844,97397,312,5.41%,12.45%,2025-02-20,https://www.instagram.com/p/DGS8_hIPijy/,"🔍 Likely Boosted (Targeted Ad): Scale engagement (97,397 likes) indicates paid media support",Every family has this one guy… 🙄
341,Tier 3: Toggle OFF + Boosted,Sathya,Tamil Nadu (HQ: Tuticorin / Chennai),@angelinofficial_,534124,1801363,97371,205,5.41%,18.27%,2026-04-06,https://www.instagram.com/p/DWyC9s-E2Pu/,"🔍 Likely Boosted (Targeted Ad): Scale engagement (97,371 likes) indicates paid media support",Happy to experience the all-new Vivo V70 FE with Tech specialist
342,Tier 3: Toggle OFF + Boosted,Vijay Sales,Maharashtra / Pan-India (HQ: Mumbai),@ravish_shetty_,394631,1792872,96912,1000,5.41%,24.81%,2025-12-28,https://www.instagram.com/p/DSz090gjcWA/,🚀 Boosted (Paid Ad Spend): High view-to-follower reach multiplier (4.54x) on macro creator,"Apple Days at Vijay Sales. Deals so good, even enemies deserve them."
343,Tier 3: Toggle OFF + Boosted,Vijay Sales,Maharashtra / Pan-India (HQ: Mumbai),@ravish_shetty_,394631,1792872,96912,1000,5.41%,24.81%,2025-09-20,https://www.instagram.com/p/DO0KbjsDf6J/,🚀 Boosted (Paid Ad Spend): High view-to-follower reach multiplier (4.54x) on macro creator,Jaisa Anna waise hi uski amma 😂
344,Tier 3: Toggle OFF + Boosted,Vijay Sales,Maharashtra / Pan-India (HQ: Mumbai),@ravish_shetty_,394631,1792872,96912,1000,5.41%,24.81%,2024-12-30,https://www.instagram.com/p/DEMTkg1shyf/,🚀 Boosted (Paid Ad Spend): High view-to-follower reach multiplier (4.54x) on macro creator,Anna ka ego agar hurt kiya toh iPhone ana confirm hai 😂
345,Tier 3: Toggle OFF + Boosted,Reliance Digital,"Pan-India / Maharashtra (HQ: Mumbai, Reliance Retail)",@sheetal.gauthaman,593038,1787100,96600,430,5.41%,16.36%,2025-10-12,https://www.instagram.com/p/DPtc4D8D2nw/,"🔍 Likely Boosted (Targeted Ad): Scale engagement (96,600 likes) indicates paid media support","When mom’s sixth sense says “shop smart,” she chooses Reliance Digital’s Festival of Electronics! ♥️✨"
346,Tier 3: Toggle OFF + Boosted,Bajaj Electronics,Telangana & Andhra Pradesh (HQ: Hyderabad),@sheetal.gauthaman,593038,1787100,96600,430,5.41%,16.36%,2025-06-13,https://www.instagram.com/p/DK1vba7JcD2/,"🔍 Likely Boosted (Targeted Ad): Scale engagement (96,600 likes) indicates paid media support",Apple Days = Happy Days 🤗
347,Tier 3: Toggle OFF + Boosted,Aditya Vision,"Bihar, Jharkhand & UP (HQ: Patna)",@shrutiayodhyase,98837,1785213,96498,439,5.41%,98.08%,2026-08-14,https://www.instagram.com/p/DcA0iqaRoyh/,"🔍 Likely Boosted (Targeted Ad): Scale engagement (96,498 likes) indicates paid media support",Call: 8114590717 / 8114590721 @aditya_vision ✅
348,Tier 3: Toggle OFF + Boosted,Croma,"Pan-India / Maharashtra (HQ: Mumbai, Tata Group)",@shivam.mov,117180,1782641,96359,382,5.41%,82.56%,2025-07-26,https://www.instagram.com/p/DMktz0pIyU3/,🚀 Boosted (Paid Ad Spend): High view-to-follower reach multiplier (15.21x) on macro creator,"Got my hands on the new Vivo X200FE from Croma and wandered through Mumbai watching its culture, colour and chaos unfold through my lens."
349,Tier 3: Toggle OFF + Boosted,Pai International,Karnataka & Telangana (HQ: Bengaluru),@weekendvibes_365,225415,1778146,96116,223,5.41%,42.74%,2026-06-26,https://www.instagram.com/p/DaDkBdCyL0H/,🚀 Boosted (Paid Ad Spend): High view-to-follower reach multiplier (7.89x) on macro creator,STOP SCROLLING.
350,Tier 3: Toggle OFF + Boosted,Sathya,Tamil Nadu (HQ: Tuticorin / Chennai),@lovely_charu_unique,265431,1772522,95812,248,5.41%,36.19%,2025-05-25,https://www.instagram.com/p/DKEy6SGR7jL/,🚀 Boosted (Paid Ad Spend): High view-to-follower reach multiplier (6.68x) on macro creator,@sathya.retail Sathya super sale is happening from May 28 - 31
351,Tier 3: Toggle OFF + Boosted,Great Eastern,West Bengal & East India (HQ: Kolkata),@mango_knowsball,34335,1756556,94949,528,5.41%,278.08%,2026-06-29,https://www.instagram.com/p/DaLGSEVyYDj/,"🔍 Likely Boosted (Targeted Ad): Scale engagement (94,949 likes) indicates paid media support",YE WORLD CUP MAZAK NAHI HAI😤😤
352,Tier 3: Toggle OFF + Boosted,Great Eastern,West Bengal & East India (HQ: Kolkata),@tinnirnachghor,67123,1753929,94807,1137,5.41%,142.94%,2026-06-25,https://www.instagram.com/p/DaAgP28geC-/,"🔍 Likely Boosted (Targeted Ad): Scale engagement (94,807 likes) indicates paid media support",Football fans don’t need a jersey. ⚽✨
353,Tier 3: Toggle OFF + Boosted,Sathya,Tamil Nadu (HQ: Tuticorin / Chennai),@aswincharu__official,679440,1746622,94412,996,5.41%,14.04%,2026-02-21,https://www.instagram.com/p/DVBCbRhAWrP/,"🔍 Likely Boosted (Targeted Ad): Scale engagement (94,412 likes) indicates paid media support",😍பாப்பாவ Photo எடுக்கறாங்க எங்க அம்மம்மா🥹♥️
354,Tier 3: Toggle OFF + Boosted,Sathya,Tamil Nadu (HQ: Tuticorin / Chennai),@aswincharu__official,679440,1746622,94412,996,5.41%,14.04%,2025-11-02,https://www.instagram.com/p/DQip7HiATac/,"🔍 Likely Boosted (Targeted Ad): Scale engagement (94,412 likes) indicates paid media support",♥️Don’t miss the biggest shopping day of the month!
355,Tier 3: Toggle OFF + Boosted,Sathya,Tamil Nadu (HQ: Tuticorin / Chennai),@aswincharu__official,679440,1746622,94412,996,5.41%,14.04%,2025-10-03,https://www.instagram.com/p/DPWREORgXjB/,"🔍 Likely Boosted (Targeted Ad): Scale engagement (94,412 likes) indicates paid media support",😍The moon is rising and so are the deals!
356,Tier 3: Toggle OFF + Boosted,Sathya,Tamil Nadu (HQ: Tuticorin / Chennai),@aswincharu__official,679440,1746622,94412,996,5.41%,14.04%,2025-08-06,https://www.instagram.com/p/DNBD3qsBjqh/,"🔍 Likely Boosted (Targeted Ad): Scale engagement (94,412 likes) indicates paid media support",♥️Get ready for the Full Moon Sale at @sathya.retail  happening this August 8 from morning 9 AM to midnight 12! Don’t miss special offers on ACs and w
357,Tier 3: Toggle OFF + Boosted,Sathya,Tamil Nadu (HQ: Tuticorin / Chennai),@aswincharu__official,679440,1746622,94412,996,5.41%,14.04%,2025-04-15,https://www.instagram.com/p/DId_-exPINQ/,"🔍 Likely Boosted (Targeted Ad): Scale engagement (94,412 likes) indicates paid media support",Pre-bookings are now LIVE for the Vivo V50e at @sathya.retail ! Grab yours today and enjoy an amazing  offer on a calling smartwatch or Bluetooth spea
358,Tier 3: Toggle OFF + Boosted,Sathya,Tamil Nadu (HQ: Tuticorin / Chennai),@aswincharu__official,679440,1746622,94412,996,5.41%,14.04%,2025-02-13,https://www.instagram.com/p/DGA7YUuiUdo/,"🔍 Likely Boosted (Targeted Ad): Scale engagement (94,412 likes) indicates paid media support",😍Kulukulu AC offer for Hot Summer  @sathya.retail !
359,Tier 3: Toggle OFF + Boosted,Sathya,Tamil Nadu (HQ: Tuticorin / Chennai),@imsubu_,582040,1740369,94074,375,5.41%,16.23%,2025-08-06,https://www.instagram.com/p/DNBIChoT_jr/,"🔍 Likely Boosted (Targeted Ad): Scale engagement (94,074 likes) indicates paid media support",Ore Room la 30 peru Thoonguvom🙄🥹💯
360,Tier 3: Toggle OFF + Boosted,Sathya,Tamil Nadu (HQ: Tuticorin / Chennai),@imsubu_,582040,1740369,94074,375,5.41%,16.23%,2025-02-20,https://www.instagram.com/p/DGTFp_6SHKz/,"🔍 Likely Boosted (Targeted Ad): Scale engagement (94,074 likes) indicates paid media support",Kovama Irukaalo?😮 seri Cool panniduvom😍🔥
361,Tier 3: Toggle OFF + Boosted,Sathya,Tamil Nadu (HQ: Tuticorin / Chennai),@thenkadalmeenavan,824524,1718502,92892,634,5.41%,11.34%,2026-07-27,https://www.instagram.com/p/DbTK1Jtqv1h/,"🔍 Likely Boosted (Targeted Ad): Scale engagement (92,892 likes) indicates paid media support",Coming July 29 🌕 Full Moon Sale @ Sathya 🔥
362,Tier 3: Toggle OFF + Boosted,Vijay Sales,Maharashtra / Pan-India (HQ: Mumbai),@bigg_nerds,873795,1716874,92804,560,5.41%,10.69%,2025-06-27,https://www.instagram.com/p/DLZ3y7mSZbM/,"🔍 Likely Boosted (Targeted Ad): Scale engagement (92,804 likes) indicates paid media support",Iska Matlab Samje Jaya @Vijaysalesofficial me jaao aur Samsung ka slimmest phone Galaxy S25 Egde lelo💪
363,Tier 3: Toggle OFF + Boosted,Sathya,Tamil Nadu (HQ: Tuticorin / Chennai),@karthikeyan___offl,148244,1700409,91914,382,5.41%,62.26%,2025-03-26,https://www.instagram.com/p/DHqlhCSzEFr/,🚀 Boosted (Paid Ad Spend): High view-to-follower reach multiplier (11.47x) on macro creator,Mega Year end Sale at @sathya.retail!
364,Tier 3: Toggle OFF + Boosted,Sathya,Tamil Nadu (HQ: Tuticorin / Chennai),@karthikeyan___offl,148244,1700409,91914,382,5.41%,62.26%,2025-03-12,https://www.instagram.com/p/DHGb7AmTadj/,🚀 Boosted (Paid Ad Spend): High view-to-follower reach multiplier (11.47x) on macro creator,Sathya FULL MOON LED TV SUPER SALE - Live on 14th March 2025 -Morning 9 AM To Midnight 12 AM- One Day Only -
365,Tier 3: Toggle OFF + Boosted,Reliance Digital,"Pan-India / Maharashtra (HQ: Mumbai, Reliance Retail)",@purewalparamjit,341228,1687736,91229,660,5.41%,26.93%,2026-08-09,https://www.instagram.com/p/Db02Rl3Tcrg/,🚀 Boosted (Paid Ad Spend): High view-to-follower reach multiplier (4.95x) on macro creator,"Papa da calculator kehnda, “Stop Spending!” 🧮😂"
366,Tier 3: Toggle OFF + Boosted,Reliance Digital,"Pan-India / Maharashtra (HQ: Mumbai, Reliance Retail)",@purewalparamjit,341228,1687736,91229,660,5.41%,26.93%,2025-10-14,https://www.instagram.com/p/DPyoH8wE0sa/,🚀 Boosted (Paid Ad Spend): High view-to-follower reach multiplier (4.95x) on macro creator,What are you waiting for? 🎉 It's the best Muhurat to upgrade! ✨
367,Tier 3: Toggle OFF + Boosted,Reliance Digital,"Pan-India / Maharashtra (HQ: Mumbai, Reliance Retail)",@purewalparamjit,341228,1687736,91229,660,5.41%,26.93%,2025-08-08,https://www.instagram.com/p/DNF6hFxyIvl/,🚀 Boosted (Paid Ad Spend): High view-to-follower reach multiplier (4.95x) on macro creator,Thinking of upgrading your tech? Now’s the time!
368,Tier 3: Toggle OFF + Boosted,Reliance Digital,"Pan-India / Maharashtra (HQ: Mumbai, Reliance Retail)",@d_starrr_,178372,1682519,90947,484,5.41%,51.26%,2025-07-19,https://www.instagram.com/p/DMSofawyZ7p/,🚀 Boosted (Paid Ad Spend): High view-to-follower reach multiplier (9.43x) on macro creator,Unboxing the laptop never felt more emotional 😭
369,Tier 3: Toggle OFF + Boosted,Reliance Digital,"Pan-India / Maharashtra (HQ: Mumbai, Reliance Retail)",@vijayvikram77,183975,1642855,88803,86,5.41%,48.32%,2025-10-11,https://www.instagram.com/p/DPqHrjCDK1_/,🚀 Boosted (Paid Ad Spend): High view-to-follower reach multiplier (8.93x) on macro creator,"Jaise main har cheez ka sahi time batata hu, waise hi aapke tech upgrade ka sahi muhurat bhi leke aaya hu — and that is now!"
370,Tier 3: Toggle OFF + Boosted,Reliance Digital,"Pan-India / Maharashtra (HQ: Mumbai, Reliance Retail)",@aakash_itis,268930,1637509,88514,557,5.41%,33.12%,2025-10-13,https://www.instagram.com/p/DPv9toWErzp/,🚀 Boosted (Paid Ad Spend): High view-to-follower reach multiplier (6.09x) on macro creator,The perfect time to upgrade your tech is now! 🎉
371,Tier 3: Toggle OFF + Boosted,Sathya,Tamil Nadu (HQ: Tuticorin / Chennai),@sk_entertainer03,1409670,1635048,88381,213,5.41%,6.28%,2026-08-11,https://www.instagram.com/p/Db5wgvzPMVq/,"🔍 Likely Boosted (Targeted Ad): Scale engagement (88,381 likes) indicates paid media support",Phone venum …📲😱…💯wait for end….🫵🏻.. #tamil #comedy #shivaentertainer03
372,Tier 3: Toggle OFF + Boosted,Sathya,Tamil Nadu (HQ: Tuticorin / Chennai),@ramya_chari_05,896063,1634197,88335,401,5.41%,9.90%,2025-09-19,https://www.instagram.com/p/DOyQZnwgRPu/,"🔍 Likely Boosted (Targeted Ad): Scale engagement (88,335 likes) indicates paid media support","Hisense 100 inch U7Q Mini LED TV officially launched @sathya.retail . With VIDAA smart OS updates for 8 years, this TV stands as global’s no.1 in the "
373,Tier 3: Toggle OFF + Boosted,Croma,"Pan-India / Maharashtra (HQ: Mumbai, Tata Group)",@siddhant_sarfare,730608,1629480,88080,890,5.41%,12.18%,2025-08-27,https://www.instagram.com/p/DN2X55A5KQe/,"🔍 Likely Boosted (Targeted Ad): Scale engagement (88,080 likes) indicates paid media support",Vahini ani Bhauji TATHASTU…..😌
374,Tier 3: Toggle OFF + Boosted,Sathya,Tamil Nadu (HQ: Tuticorin / Chennai),@saraswathy.vijay,83609,1621358,87641,634,5.41%,105.58%,2025-08-10,https://www.instagram.com/p/DNLJNRDS03y/,"🔍 Likely Boosted (Targeted Ad): Scale engagement (87,641 likes) indicates paid media support",I went for a date😅🙅‍♀️ hubby கூட ஒரு walk😁 we launched the viral tv📺. The wait is over!  @sathya.retail  proudly presents the official launch of the H
375,Tier 3: Toggle OFF + Boosted,Aditya Vision,"Bihar, Jharkhand & UP (HQ: Patna)",@faiz_vlogger__,296242,1611849,87127,361,5.41%,29.53%,2026-08-14,https://www.instagram.com/p/DcBHZGHJHBz/,🚀 Boosted (Paid Ad Spend): High view-to-follower reach multiplier (5.44x) on macro creator,"🇮🇳 आज़ादी का जश्न, बंपर बचत के संग! 🔥"
376,Tier 3: Toggle OFF + Boosted,Aditya Vision,"Bihar, Jharkhand & UP (HQ: Patna)",@ji_abhishek_ji_,433301,1601730,86580,425,5.41%,20.08%,2026-04-15,https://www.instagram.com/p/DXJh1rbk9RU/,"🔍 Likely Boosted (Targeted Ad): Scale engagement (86,580 likes) indicates paid media support","Chahe classes ho, content creation ho ya complex assignments—ab sab handle ho jaata hai effortlessly with the HP OmniBook 5 AI PC, jahan performance a"
377,Tier 3: Toggle OFF + Boosted,Croma,"Pan-India / Maharashtra (HQ: Mumbai, Tata Group)",@garimashares,193213,1592239,86067,150,5.41%,44.62%,2025-08-01,https://www.instagram.com/p/DMz_2SzTdB8/,🚀 Boosted (Paid Ad Spend): High view-to-follower reach multiplier (8.24x) on macro creator,"There’s something about Delhi, the chaos, the charm, and the constant hustle. And now, something new has arrived to match its energy."
378,Tier 3: Toggle OFF + Boosted,Sathya,Tamil Nadu (HQ: Tuticorin / Chennai),@itspreetha_official,360136,1588521,85866,97,5.41%,23.87%,2025-12-10,https://www.instagram.com/p/DSFbe9NjKQy/,🚀 Boosted (Paid Ad Spend): High view-to-follower reach multiplier (4.41x) on macro creator,"@sathya.retail happily launched the vivo x300 series, featuring the extraordinary ZEISS APO Telephoto Camera — a masterpiece built for photography per"
379,Tier 3: Toggle OFF + Boosted,Sathya,Tamil Nadu (HQ: Tuticorin / Chennai),@policouples,995962,1574479,85107,1799,5.41%,8.73%,2025-08-19,https://www.instagram.com/p/DNibCg2hQ8d/,"🔍 Likely Boosted (Targeted Ad): Scale engagement (85,107 likes) indicates paid media support",Power that lasts all day! @sathya.retail proudly launched the stunning vivo v60 with a massive 6500 mAh battery .
380,Tier 3: Toggle OFF + Boosted,Sathya,Tamil Nadu (HQ: Tuticorin / Chennai),@udhayasumathi_official,1531607,1569651,84846,298,5.41%,5.56%,2025-02-20,https://www.instagram.com/p/DGS9Ai6yVDw/,"🔍 Likely Boosted (Targeted Ad): Scale engagement (84,846 likes) indicates paid media support",A Cool Summer for Your Family! ❄️👨‍👩‍👧‍👦
381,Tier 3: Toggle OFF + Boosted,Sathya,Tamil Nadu (HQ: Tuticorin / Chennai),@farina_azad_official,1405602,1569318,84828,403,5.41%,6.06%,2025-07-31,https://www.instagram.com/p/DMxtMpMon4o/,"🔍 Likely Boosted (Targeted Ad): Scale engagement (84,828 likes) indicates paid media support",Why spend hours editing when your voice can do it in seconds?
382,Tier 3: Toggle OFF + Boosted,Tata Neu,"Pan-India / Maharashtra (HQ: Mumbai, Tata Digital)",@soultravel_vipan,818737,1566395,84670,579,5.41%,10.41%,2025-02-19,https://www.instagram.com/p/DGPT-bVB8yi/,"🔍 Likely Boosted (Targeted Ad): Scale engagement (84,670 likes) indicates paid media support",I’m STILL in shock—my all-time FAVORITE singer performing LIVE right in front of me!! 🤩🎤✨
383,Tier 3: Toggle OFF + Boosted,Tata Neu,"Pan-India / Maharashtra (HQ: Mumbai, Tata Digital)",@soultravel_vipan,818737,1566395,84670,579,5.41%,10.41%,2025-02-14,https://www.instagram.com/p/DGDdexoh3uh/,"🔍 Likely Boosted (Targeted Ad): Scale engagement (84,670 likes) indicates paid media support","Have you ever been to an Arijit Singh concert?  If not, this is your time! ✨"
384,Tier 3: Toggle OFF + Boosted,Sathya,Tamil Nadu (HQ: Tuticorin / Chennai),@kongunaatusuvai,364438,1563712,84525,518,5.41%,23.34%,2025-11-02,https://www.instagram.com/p/DQikiSwgbE7/,🚀 Boosted (Paid Ad Spend): High view-to-follower reach multiplier (4.29x) on macro creator,மசாலா முட்டை பொரியல் | must try egg recipe ❤️
385,Tier 3: Toggle OFF + Boosted,Sathya,Tamil Nadu (HQ: Tuticorin / Chennai),@kongunaatusuvai,364438,1563712,84525,518,5.41%,23.34%,2025-03-10,https://www.instagram.com/p/DHAcb8FJ0oH/,🚀 Boosted (Paid Ad Spend): High view-to-follower reach multiplier (4.29x) on macro creator,நாவூரும் மாங்காய் குழம்பு...! Must try recipe ever 😋
386,Tier 3: Toggle OFF + Boosted,Pai International,Karnataka & Telangana (HQ: Bengaluru),@ursteajuice,841082,1560567,84355,744,5.41%,10.12%,2026-04-01,https://www.instagram.com/p/DWljKGaE3Q2/,"🔍 Likely Boosted (Targeted Ad): Scale engagement (84,355 likes) indicates paid media support",ಗಡಿಬಿಡಿ ಸಂಸಾರ😂🤣🔥
387,Tier 3: Toggle OFF + Boosted,Sathya,Tamil Nadu (HQ: Tuticorin / Chennai),@nikhila_sankar_,287961,1559420,84293,228,5.41%,29.35%,2025-12-04,https://www.instagram.com/p/DR13Sq-gebw/,🚀 Boosted (Paid Ad Spend): High view-to-follower reach multiplier (5.42x) on macro creator,"@sathya.retail Experience the all-new Vivo X300 & X300 Pro with 23mm and 50mm ZEISS lenses, including a 200MP ZEISS main camera. Powered by the Pro Im"
388,Tier 3: Toggle OFF + Boosted,Sathya,Tamil Nadu (HQ: Tuticorin / Chennai),@nikhila_sankar_,287961,1559420,84293,228,5.41%,29.35%,2025-10-04,https://www.instagram.com/p/DPY1cZbgfF6/,🚀 Boosted (Paid Ad Spend): High view-to-follower reach multiplier (5.42x) on macro creator,Newly married wife Day 1 vs Day 30✨🔥💯
389,Tier 3: Toggle OFF + Boosted,Croma,"Pan-India / Maharashtra (HQ: Mumbai, Tata Group)",@eattripclick,880139,1556719,84147,496,5.41%,9.62%,2026-01-06,https://www.instagram.com/p/DTKMgmRk3kF/,"🔍 Likely Boosted (Targeted Ad): Scale engagement (84,147 likes) indicates paid media support","As a creator, I’m always looking out for stories. This story began at @Croma.retail where I picked up the Vivo X300."
390,Tier 3: Toggle OFF + Boosted,Sathya,Tamil Nadu (HQ: Tuticorin / Chennai),@durgarajiv9,1159333,1550818,83828,233,5.41%,7.25%,2025-08-12,https://www.instagram.com/p/DNP9aLrxKlE/,"🔍 Likely Boosted (Targeted Ad): Scale engagement (83,828 likes) indicates paid media support","Celebrate Independence with Big Savings! Sathya's Independence Day super offer From Aug 14-17, @sathya.retail brings you special offers on all home ap"
391,Tier 3: Toggle OFF + Boosted,Sathya,Tamil Nadu (HQ: Tuticorin / Chennai),@durgarajiv9,1159333,1550818,83828,233,5.41%,7.25%,2025-01-24,https://www.instagram.com/p/DFMsuXex101/,"🔍 Likely Boosted (Targeted Ad): Scale engagement (83,828 likes) indicates paid media support",Republic day super offer at our @sathya.retail
392,Tier 3: Toggle OFF + Boosted,Bajaj Electronics,Telangana & Andhra Pradesh (HQ: Hyderabad),@demon_pavan,606685,1545601,83546,287,5.41%,13.82%,2026-01-15,https://www.instagram.com/p/DThrHq-E4Po/,"🔍 Likely Boosted (Targeted Ad): Scale engagement (83,546 likes) indicates paid media support","Power, style, and value – all in one at Bajaj Electronics with Mi! 🚀"
393,Tier 3: Toggle OFF + Boosted,Bajaj Electronics,Telangana & Andhra Pradesh (HQ: Hyderabad),@demon_pavan,606685,1545601,83546,287,5.41%,13.82%,2025-03-10,https://www.instagram.com/p/DHBUB6zI3VN/,"🔍 Likely Boosted (Targeted Ad): Scale engagement (83,546 likes) indicates paid media support",Beat the summer heat with Bajaj Electronics!
394,Tier 3: Toggle OFF + Boosted,Sathya,Tamil Nadu (HQ: Tuticorin / Chennai),@itssarathhere,1152248,1542437,83375,322,5.41%,7.26%,2025-12-18,https://www.instagram.com/p/DSZ13oZEphK/,"🔍 Likely Boosted (Targeted Ad): Scale engagement (83,375 likes) indicates paid media support",Make this Christmas extra special with @sathya.retail White Christmas Sale ♥️
395,Tier 3: Toggle OFF + Boosted,Sathya,Tamil Nadu (HQ: Tuticorin / Chennai),@itssarathhere,1152248,1542437,83375,322,5.41%,7.26%,2025-09-21,https://www.instagram.com/p/DO24gbmEusG/,"🔍 Likely Boosted (Targeted Ad): Scale engagement (83,375 likes) indicates paid media support","GST 2.0 Super Discount Sale is here at @sathya.retail . Govt cut GST from 28% to 18% for ACs, LED TVs, and Dishwashers, means massive price drops star"
396,Tier 3: Toggle OFF + Boosted,Sathya,Tamil Nadu (HQ: Tuticorin / Chennai),@itssarathhere,1152248,1542437,83375,322,5.41%,7.26%,2025-07-24,https://www.instagram.com/p/DMfTFvgSUfG/,"🔍 Likely Boosted (Targeted Ad): Scale engagement (83,375 likes) indicates paid media support",@sathya.retail Apple Day Sale ALERT!
397,Tier 3: Toggle OFF + Boosted,Sathya,Tamil Nadu (HQ: Tuticorin / Chennai),@itssarathhere,1152248,1542437,83375,322,5.41%,7.26%,2025-05-25,https://www.instagram.com/p/DKE3AF3y15G/,"🔍 Likely Boosted (Targeted Ad): Scale engagement (83,375 likes) indicates paid media support",@sathya.retail Sathya super sale is happening from May 28 - 31.
398,Tier 3: Toggle OFF + Boosted,Sathya,Tamil Nadu (HQ: Tuticorin / Chennai),@itssarathhere,1152248,1542437,83375,322,5.41%,7.26%,2025-04-09,https://www.instagram.com/p/DIOrhNQSOid/,"🔍 Likely Boosted (Targeted Ad): Scale engagement (83,375 likes) indicates paid media support",Hey there!  Apple Days are coming to @sathya.retail – only from April 11 to 14!
399,Tier 3: Toggle OFF + Boosted,Croma,"Pan-India / Maharashtra (HQ: Mumbai, Tata Group)",@chaitaliandharshil,963201,1539496,83216,436,5.41%,8.68%,2025-09-30,https://www.instagram.com/p/DPOluuSEk_y/,"🔍 Likely Boosted (Targeted Ad): Scale engagement (83,216 likes) indicates paid media support",Festive season = wife & mom take all the decisions… my only role? Diwali cleaning 🧹😂
400,Tier 3: Toggle OFF + Boosted,Tata Neu,"Pan-India / Maharashtra (HQ: Mumbai, Tata Digital)",@chaitaliandharshil,963201,1539496,83216,436,5.41%,8.68%,2025-09-28,https://www.instagram.com/p/DPJqPrciMAj/,"🔍 Likely Boosted (Targeted Ad): Scale engagement (83,216 likes) indicates paid media support","Moments like these remind us—ghar mein maa ka trust jeetna easy nahi hota. 😅 But jab wife ne bola, maa ne turant maana. And honestly, she was right…"
401,Tier 3: Toggle OFF + Boosted,Sathya,Tamil Nadu (HQ: Tuticorin / Chennai),@lock_and_key_couple,323957,1537775,83123,209,5.41%,25.72%,2026-06-19,https://www.instagram.com/p/DZwvBOpvhYK/,🚀 Boosted (Paid Ad Spend): High view-to-follower reach multiplier (4.75x) on macro creator,Love Days 🫶😍 becomes Samsung Days 😂
402,Tier 3: Toggle OFF + Boosted,Sathya,Tamil Nadu (HQ: Tuticorin / Chennai),@kavi_lach,531246,1537609,83114,626,5.41%,15.76%,2025-11-03,https://www.instagram.com/p/DQlTwkQk5SQ/,"🔍 Likely Boosted (Targeted Ad): Scale engagement (83,114 likes) indicates paid media support",Don’t miss the biggest shopping day of the month!
403,Tier 3: Toggle OFF + Boosted,Sathya,Tamil Nadu (HQ: Tuticorin / Chennai),@kavi_lach,531246,1537609,83114,626,5.41%,15.76%,2025-07-06,https://www.instagram.com/p/DLw6KOdxgNM/,"🔍 Likely Boosted (Targeted Ad): Scale engagement (83,114 likes) indicates paid media support",The Oppo Reno 14 Series is Here!
404,Tier 3: Toggle OFF + Boosted,Sathya,Tamil Nadu (HQ: Tuticorin / Chennai),@praveenaprincy07,179063,1537368,83101,491,5.41%,46.68%,2025-04-11,https://www.instagram.com/p/DIToD5cSM2Y/,🚀 Boosted (Paid Ad Spend): High view-to-follower reach multiplier (8.59x) on macro creator,Adada 😍 OMG💛
405,Tier 3: Toggle OFF + Boosted,Croma,"Pan-India / Maharashtra (HQ: Mumbai, Tata Group)",@focusedindian,1624166,1524881,82426,476,5.41%,5.10%,2025-12-19,https://www.instagram.com/p/DScnnHXiFZE/,"🔍 Likely Boosted (Targeted Ad): Scale engagement (82,426 likes) indicates paid media support","Sarfare Vahini ko electronics pe toh discount mil gaya @croma.retail mein, par mere fatko se usko kaunsa discount dega?"
406,Tier 3: Toggle OFF + Boosted,Sathya,Tamil Nadu (HQ: Tuticorin / Chennai),@anu_vignesh_,166164,1523012,82325,345,5.41%,49.75%,2025-10-04,https://www.instagram.com/p/DPYEU5sCSP4/,🚀 Boosted (Paid Ad Spend): High view-to-follower reach multiplier (9.17x) on macro creator,The moon is rising and so are the deals!
407,Tier 3: Toggle OFF + Boosted,Croma,"Pan-India / Maharashtra (HQ: Mumbai, Tata Group)",@kanishk.r_,22360,1520496,82189,153,5.41%,368.26%,2025-07-19,https://www.instagram.com/p/DMShjpVyyUX/,"🔍 Likely Boosted (Targeted Ad): Scale engagement (82,189 likes) indicates paid media support",So I got a coffee machine??? I’ve been so excited about this. I’ve been making coffee every way possible without one and now I finally get to make it 
408,Tier 3: Toggle OFF + Boosted,Aditya Vision,"Bihar, Jharkhand & UP (HQ: Patna)",@muskan_arts_0,1926046,1510007,81622,411,5.41%,4.26%,2025-10-20,https://www.instagram.com/p/DQBhJ2_EvtR/,"🔍 Likely Boosted (Targeted Ad): Scale engagement (81,622 likes) indicates paid media support",Meet the all-new Redmi 15 5G
409,Tier 3: Toggle OFF + Boosted,Sathya,Tamil Nadu (HQ: Tuticorin / Chennai),@tom_jerry_settaigal,300667,1503920,81293,218,5.41%,27.11%,2025-12-04,https://www.instagram.com/p/DR1J5LLkYCG/,🚀 Boosted (Paid Ad Spend): High view-to-follower reach multiplier (5.0x) on macro creator,Yean pa pregnant ah iruka ponna kasta paduthura🥲
410,Tier 3: Toggle OFF + Boosted,Sathya,Tamil Nadu (HQ: Tuticorin / Chennai),@tom_jerry_settaigal,300667,1503920,81293,218,5.41%,27.11%,2025-04-18,https://www.instagram.com/p/DIlkb0Kyy1z/,🚀 Boosted (Paid Ad Spend): High view-to-follower reach multiplier (5.0x) on macro creator,Oru new mobile vanga enalam panna vendayatha iruku😒😅
411,Tier 3: Toggle OFF + Boosted,Sathya,Tamil Nadu (HQ: Tuticorin / Chennai),@divya_ganesan_official,1062611,1503680,81280,776,5.41%,7.72%,2026-01-23,https://www.instagram.com/p/DT2p3naAZ-S/,"🔍 Likely Boosted (Targeted Ad): Scale engagement (81,280 likes) indicates paid media support",@sathya.retail Sathya Republic Day Sale is Live!
412,Tier 3: Toggle OFF + Boosted,Sathya,Tamil Nadu (HQ: Tuticorin / Chennai),@divya_ganesan_official,1062611,1503680,81280,776,5.41%,7.72%,2025-07-25,https://www.instagram.com/p/DMhT51oR5HR/,"🔍 Likely Boosted (Targeted Ad): Scale engagement (81,280 likes) indicates paid media support",Witnessed the future unfold — Galaxy Z Fold7 & Z Flip7 launched in style with Galaxy AI 💫 Proud to be part of this grand moment with @sathya.retail
413,Tier 3: Toggle OFF + Boosted,Sathya,Tamil Nadu (HQ: Tuticorin / Chennai),@divya_ganesan_official,1062611,1503680,81280,776,5.41%,7.72%,2025-04-26,https://www.instagram.com/p/DI6S3VhSAwY/,"🔍 Likely Boosted (Targeted Ad): Scale engagement (81,280 likes) indicates paid media support","“See Clearly, Even Under Bright Sun”"
414,Tier 3: Toggle OFF + Boosted,Sathya,Tamil Nadu (HQ: Tuticorin / Chennai),@divya_ganesan_official,1062611,1503680,81280,776,5.41%,7.72%,2025-02-25,https://www.instagram.com/p/DGgA3pACTPd/,"🔍 Likely Boosted (Targeted Ad): Scale engagement (81,280 likes) indicates paid media support",Vivo V50 is launched and now available @sathyamobiles.store .Power meets performance with the Snapdragon 7 Gen 3 processor and also have Exclusive Wed
415,Tier 3: Toggle OFF + Boosted,Sathya,Tamil Nadu (HQ: Tuticorin / Chennai),@vishnu_popzz07,1141861,1503347,81262,144,5.41%,7.13%,2026-06-19,https://www.instagram.com/p/DZxR8FIpq5I/,"🔍 Likely Boosted (Targeted Ad): Scale engagement (81,262 likes) indicates paid media support",@sathya.retail Samsung Days is here at Sathya from June 19th to 21st!
416,Tier 3: Toggle OFF + Boosted,Sathya,Tamil Nadu (HQ: Tuticorin / Chennai),@vishnu_popzz07,1141861,1503347,81262,144,5.41%,7.13%,2026-02-20,https://www.instagram.com/p/DU-8ROniSZd/,"🔍 Likely Boosted (Targeted Ad): Scale engagement (81,262 likes) indicates paid media support",@sathya.retail vivo v70 elite prebook started
417,Tier 3: Toggle OFF + Boosted,Sathya,Tamil Nadu (HQ: Tuticorin / Chennai),@vishnu_popzz07,1141861,1503347,81262,144,5.41%,7.13%,2025-11-19,https://www.instagram.com/p/DRPXuZjicHs/,"🔍 Likely Boosted (Targeted Ad): Scale engagement (81,262 likes) indicates paid media support","Gadgets Day Sale is live @sathya.retail for 3 days — November 21, 22, and 23!"
418,Tier 3: Toggle OFF + Boosted,Sathya,Tamil Nadu (HQ: Tuticorin / Chennai),@vishnu_popzz07,1141861,1503347,81262,144,5.41%,7.13%,2025-10-08,https://www.instagram.com/p/DPjPICliZMi/,"🔍 Likely Boosted (Targeted Ad): Scale engagement (81,262 likes) indicates paid media support",@sathya.retail  Pre-booking has started for the vivo V60e! Get ready to experience the power of a 200MP ultra-clear main camera and a massive 6500mAh 
419,Tier 3: Toggle OFF + Boosted,Sathya,Tamil Nadu (HQ: Tuticorin / Chennai),@vishnu_popzz07,1141861,1503347,81262,144,5.41%,7.13%,2025-05-25,https://www.instagram.com/p/DKE4Y41RZgo/,"🔍 Likely Boosted (Targeted Ad): Scale engagement (81,262 likes) indicates paid media support",@sathya.retail Sathya super sale is happening from May 28 - 31
420,Tier 3: Toggle OFF + Boosted,Sathya,Tamil Nadu (HQ: Tuticorin / Chennai),@vishnu_popzz07,1141861,1503347,81262,144,5.41%,7.13%,2025-02-27,https://www.instagram.com/p/DGlDGw4SBlT/,"🔍 Likely Boosted (Targeted Ad): Scale engagement (81,262 likes) indicates paid media support",Pre-booking alert!  The all-new Apple iPhone 16e is here!
421,Tier 3: Toggle OFF + Boosted,Sathya,Tamil Nadu (HQ: Tuticorin / Chennai),@merlin_official_forever,83321,1500683,81118,111,5.41%,97.49%,2026-08-08,https://www.instagram.com/p/Dbx32_msFqo/,"🔍 Likely Boosted (Targeted Ad): Scale engagement (81,118 likes) indicates paid media support",Surprise 😍
422,Tier 3: Toggle OFF + Boosted,Vijay Sales,Maharashtra / Pan-India (HQ: Mumbai),@a_lot_from_life,564790,1480000,80000,280,5.41%,14.21%,2025-10-18,https://www.instagram.com/p/DP9JcTCEuJu/,"🔍 Likely Boosted (Targeted Ad): Scale engagement (80,000 likes) indicates paid media support","Festivities call for upgrades, and @vijaysalesofficial made mine effortless🪔"
423,Tier 3: Toggle OFF + Boosted,Sathya,Tamil Nadu (HQ: Tuticorin / Chennai),@sasi_spr_official,30646,1471767,79555,314,5.41%,260.62%,2026-06-27,https://www.instagram.com/p/DaFLGoFpqor/,"🔍 Likely Boosted (Targeted Ad): Scale engagement (79,555 likes) indicates paid media support",Insta kaadhal🙈(Watch till the end for a twist😂)
424,Tier 3: Toggle OFF + Boosted,Sathya,Tamil Nadu (HQ: Tuticorin / Chennai),@sasi_spr_official,30646,1471767,79555,314,5.41%,260.62%,2025-05-27,https://www.instagram.com/p/DKI4FJqyvwt/,"🔍 Likely Boosted (Targeted Ad): Scale engagement (79,555 likes) indicates paid media support",@sathya.retail Sathya super sale is happening from May 28 - 31
425,Tier 3: Toggle OFF + Boosted,Sathya,Tamil Nadu (HQ: Tuticorin / Chennai),@dhanalakshmikapilraj,123080,1463775,79123,386,5.41%,64.60%,2025-03-27,https://www.instagram.com/p/DHsU80DRnLw/,🚀 Boosted (Paid Ad Spend): High view-to-follower reach multiplier (11.89x) on macro creator,Sathya Year end Sale
426,Tier 3: Toggle OFF + Boosted,Sathya,Tamil Nadu (HQ: Tuticorin / Chennai),@__nishaofficial__,1057538,1454081,78599,1091,5.41%,7.54%,2025-03-27,https://www.instagram.com/p/DHtHsqGSpk1/,"🔍 Likely Boosted (Targeted Ad): Scale engagement (78,599 likes) indicates paid media support",Sathya Year end Sale
427,Tier 3: Toggle OFF + Boosted,Sathya,Tamil Nadu (HQ: Tuticorin / Chennai),@food_impramation,594084,1450511,78406,89,5.41%,13.21%,2025-12-03,https://www.instagram.com/p/DRysqOdgUE7/,"🔍 Likely Boosted (Targeted Ad): Scale engagement (78,406 likes) indicates paid media support",Dec 4th eh note pannikonga da boys and girls 😍🔥‼️
428,Tier 3: Toggle OFF + Boosted,Tata Neu,"Pan-India / Maharashtra (HQ: Mumbai, Tata Digital)",@chef_nehalkarkera,1284636,1444887,78102,1513,5.41%,6.20%,2025-02-12,https://www.instagram.com/p/DF-HuipCtE6/,"🔍 Likely Boosted (Targeted Ad): Scale engagement (78,102 likes) indicates paid media support","Valentine’s Day calls for something special, so I made a heart-shaped pepperoni pizza for Gia! I may have forgotten ONE thing (you’ll see!), but it’s "
429,Tier 3: Toggle OFF + Boosted,Vijay Sales,Maharashtra / Pan-India (HQ: Mumbai),@agasthya.shah,502840,1428847,77235,250,5.41%,15.41%,2026-08-06,https://www.instagram.com/p/DbsxBsXtPY-/,"🔍 Likely Boosted (Targeted Ad): Scale engagement (77,235 likes) indicates paid media support",what’s the first thing you’re stealing from this setup? 👀
430,Tier 3: Toggle OFF + Boosted,Reliance Digital,"Pan-India / Maharashtra (HQ: Mumbai, Reliance Retail)",@harshhrane,1215921,1413030,76380,393,5.41%,6.31%,2025-01-18,https://www.instagram.com/p/DE-P9BBoR-A/,"🔍 Likely Boosted (Targeted Ad): Scale engagement (76,380 likes) indicates paid media support","Fuelled by Passion, United by Tech! 💡 Humari alag-alag choices ka perfect solution mila @RelianceDigital – jaha har gadget kare match aapke vibes se! "
431,Tier 3: Toggle OFF + Boosted,Pai International,Karnataka & Telangana (HQ: Bengaluru),@gowdru._.huduga18,836728,1410255,76230,1145,5.41%,9.25%,2025-05-28,https://www.instagram.com/p/DKMsx8JPbU3/,"🔍 Likely Boosted (Targeted Ad): Scale engagement (76,230 likes) indicates paid media support",Want to buy new phone❤️‍🔥 @gowdru._.huduga18
432,Tier 3: Toggle OFF + Boosted,Croma,"Pan-India / Maharashtra (HQ: Mumbai, Tata Group)",@kenavita,539031,1396565,75490,183,5.41%,14.04%,2025-10-13,https://www.instagram.com/p/DPv_aC4gfNs/,"🔍 Likely Boosted (Targeted Ad): Scale engagement (75,490 likes) indicates paid media support",Hosted a Diwali party for aunties at home and discovered two things:
433,Tier 3: Toggle OFF + Boosted,Sathya,Tamil Nadu (HQ: Tuticorin / Chennai),@newfangled_with_prem,918610,1395769,75447,193,5.41%,8.23%,2025-08-09,https://www.instagram.com/p/DNI3HTTTwj5/,"🔍 Likely Boosted (Targeted Ad): Scale engagement (75,447 likes) indicates paid media support",🤤✨ Special Day 💕✨||💁At special event
434,Tier 3: Toggle OFF + Boosted,Sathya,Tamil Nadu (HQ: Tuticorin / Chennai),@newfangled_with_prem,918610,1395769,75447,193,5.41%,8.23%,2025-04-12,https://www.instagram.com/p/DIV4mqlTmU5/,"🔍 Likely Boosted (Targeted Ad): Scale engagement (75,447 likes) indicates paid media support",🤤✨Tamil New Year Sale is ON at @sathya.retail 💕✨||💁Celebrate with unbeatable deals! Don’t miss the exciting offers
435,Tier 3: Toggle OFF + Boosted,Sathya,Tamil Nadu (HQ: Tuticorin / Chennai),@newfangled_with_prem,918610,1395769,75447,193,5.41%,8.23%,2025-03-13,https://www.instagram.com/p/DHIcVNkzykY/,"🔍 Likely Boosted (Targeted Ad): Scale engagement (75,447 likes) indicates paid media support",🤤✨A Cool Summer for Your Family! ✨💕||💁Nothing beats the joy of watching your favorite shows with your family while staying cool! 🏠✨
436,Tier 3: Toggle OFF + Boosted,Croma,"Pan-India / Maharashtra (HQ: Mumbai, Tata Group)",@funcho,2760978,1389183,75091,453,5.41%,2.74%,2026-04-14,https://www.instagram.com/p/DXHeCDbs56I/,"🔍 Likely Boosted (Targeted Ad): Scale engagement (75,091 likes) indicates paid media support",Best time of the year is here 😍 - the Croma Summer Sale is LIVE!
437,Tier 3: Toggle OFF + Boosted,Croma,"Pan-India / Maharashtra (HQ: Mumbai, Tata Group)",@funcho,2760978,1389183,75091,453,5.41%,2.74%,2025-10-03,https://www.instagram.com/p/DPWfMVJjhYR/,"🔍 Likely Boosted (Targeted Ad): Scale engagement (75,091 likes) indicates paid media support",Two sides of my MOM. Is your mom also the same?
438,Tier 3: Toggle OFF + Boosted,Sathya,Tamil Nadu (HQ: Tuticorin / Chennai),@_joseph_gowtham,926938,1384817,74855,659,5.41%,8.15%,2026-07-29,https://www.instagram.com/p/DbYmbfhTlLy/,"🔍 Likely Boosted (Targeted Ad): Scale engagement (74,855 likes) indicates paid media support",😜குஜிலி மஸ்து!
439,Tier 3: Toggle OFF + Boosted,Sathya,Tamil Nadu (HQ: Tuticorin / Chennai),@srimathi__sri_,263567,1382024,74704,173,5.41%,28.41%,2026-05-25,https://www.instagram.com/p/DYw-PXQPMSU/,🚀 Boosted (Paid Ad Spend): High view-to-follower reach multiplier (5.24x) on macro creator,Tag that girl 😂🤣
440,Tier 3: Toggle OFF + Boosted,Sathya,Tamil Nadu (HQ: Tuticorin / Chennai),@srimathi__sri_,263567,1382024,74704,173,5.41%,28.41%,2025-12-04,https://www.instagram.com/p/DR15J40D8K5/,🚀 Boosted (Paid Ad Spend): High view-to-follower reach multiplier (5.24x) on macro creator,My amma whenever  relatives call her☹️😅
441,Tier 3: Toggle OFF + Boosted,Sathya,Tamil Nadu (HQ: Tuticorin / Chennai),@srimathi__sri_,263567,1382024,74704,173,5.41%,28.41%,2025-11-02,https://www.instagram.com/p/DQjQV4Dj9Ki/,🚀 Boosted (Paid Ad Spend): High view-to-follower reach multiplier (5.24x) on macro creator,Tag that girl 😅🤣
442,Tier 3: Toggle OFF + Boosted,Sathya,Tamil Nadu (HQ: Tuticorin / Chennai),@srimathi__sri_,263567,1382024,74704,173,5.41%,28.41%,2025-10-04,https://www.instagram.com/p/DPY1Mqvj03c/,🚀 Boosted (Paid Ad Spend): High view-to-follower reach multiplier (5.24x) on macro creator,The moon is rising and so are the deals! 🌝
443,Tier 3: Toggle OFF + Boosted,Croma,"Pan-India / Maharashtra (HQ: Mumbai, Tata Group)",@theuntamedlenss,826223,1367964,73944,723,5.41%,9.04%,2026-01-20,https://www.instagram.com/p/DTvKq3MEnE4/,"🔍 Likely Boosted (Targeted Ad): Scale engagement (73,944 likes) indicates paid media support","Kitta bhi kamaalo, kharachna nai hai!! 🤚"
444,Tier 3: Toggle OFF + Boosted,Vijay Sales,Maharashtra / Pan-India (HQ: Mumbai),@theuntamedlenss,826223,1367964,73944,723,5.41%,9.04%,2026-05-13,https://www.instagram.com/p/DYR2VTphtF2/,"🔍 Likely Boosted (Targeted Ad): Scale engagement (73,944 likes) indicates paid media support","Itta pyaar, itti attention guys... Bimar hai ya sudhar gaye…? 😌"
445,Tier 3: Toggle OFF + Boosted,Vijay Sales,Maharashtra / Pan-India (HQ: Mumbai),@theuntamedlenss,826223,1367964,73944,723,5.41%,9.04%,2025-10-21,https://www.instagram.com/p/DQEktzCEvZq/,"🔍 Likely Boosted (Targeted Ad): Scale engagement (73,944 likes) indicates paid media support",Only the Samsung Galaxy Z Flip 7 and its Gemini AI can match with the vibes of Poo! 💅
446,Tier 3: Toggle OFF + Boosted,Reliance Digital,"Pan-India / Maharashtra (HQ: Mumbai, Reliance Retail)",@rayhaanmayhem,340350,1360749,73554,221,5.41%,21.68%,2025-05-25,https://www.instagram.com/p/DKEyB04yU_W/,🚀 Boosted (Paid Ad Spend): High view-to-follower reach multiplier (4.0x) on macro creator,Let me know your dream job in the comments below!
447,Tier 3: Toggle OFF + Boosted,Pai International,Karnataka & Telangana (HQ: Bengaluru),@allari_aarathi,338631,1356438,73321,147,5.41%,21.70%,2026-01-12,https://www.instagram.com/p/DTar-cbk3D-/,🚀 Boosted (Paid Ad Spend): High view-to-follower reach multiplier (4.01x) on macro creator,Makara Sankranti offer at your favourite Pai store👇
448,Tier 3: Toggle OFF + Boosted,Pai International,Karnataka & Telangana (HQ: Bengaluru),@varun._.aradya,1381915,1347299,72827,190,5.41%,5.28%,2026-07-16,https://www.instagram.com/p/Da15RgiPFZl/,"🔍 Likely Boosted (Targeted Ad): Scale engagement (72,827 likes) indicates paid media support",Surprising my mother ❤️
449,Tier 3: Toggle OFF + Boosted,Croma,"Pan-India / Maharashtra (HQ: Mumbai, Tata Group)",@harshaisavailable341,365241,1347077,72815,396,5.41%,20.04%,2026-05-22,https://www.instagram.com/p/DYoiDRJNUzv/,"🔍 Likely Boosted (Targeted Ad): Scale engagement (72,815 likes) indicates paid media support",Hyderabad summers are no joke 🥵
450,Tier 3: Toggle OFF + Boosted,Bajaj Electronics,Telangana & Andhra Pradesh (HQ: Hyderabad),@harshaisavailable341,365241,1347077,72815,396,5.41%,20.04%,2025-01-24,https://www.instagram.com/p/DFNH0yLpRbq/,"🔍 Likely Boosted (Targeted Ad): Scale engagement (72,815 likes) indicates paid media support",SELFIE FAIL 🥺😅 ft balayya style 🙌🏻
451,Tier 3: Toggle OFF + Boosted,Sathya,Tamil Nadu (HQ: Tuticorin / Chennai),@ajay_yuva_29,259643,1344043,72651,71,5.41%,28.01%,2026-07-28,https://www.instagram.com/p/DbVhyelpj0W/,🚀 Boosted (Paid Ad Spend): High view-to-follower reach multiplier (5.18x) on macro creator,Samsung galaxy z fold8 & z fold8 ultra prebooking started @sathya.retail
452,Tier 3: Toggle OFF + Boosted,Sathya,Tamil Nadu (HQ: Tuticorin / Chennai),@ajay_yuva_29,259643,1344043,72651,71,5.41%,28.01%,2026-06-19,https://www.instagram.com/p/DZw1IEzpF9y/,🚀 Boosted (Paid Ad Spend): High view-to-follower reach multiplier (5.18x) on macro creator,WATCH TILL END 😂😱😂
453,Tier 3: Toggle OFF + Boosted,Sathya,Tamil Nadu (HQ: Tuticorin / Chennai),@ajay_yuva_29,259643,1344043,72651,71,5.41%,28.01%,2025-07-05,https://www.instagram.com/p/DLumVZ6J68F/,🚀 Boosted (Paid Ad Spend): High view-to-follower reach multiplier (5.18x) on macro creator,The Oppo Reno 14 Series is Here!
454,Tier 3: Toggle OFF + Boosted,Sathya,Tamil Nadu (HQ: Tuticorin / Chennai),@mifiiistories,14609,1342471,72566,321,5.41%,498.93%,2026-07-26,https://www.instagram.com/p/DbQeFMeBe5i/,"🔍 Likely Boosted (Targeted Ad): Scale engagement (72,566 likes) indicates paid media support",@sathya.retail  Full Moon Sale is here!
455,Tier 3: Toggle OFF + Boosted,Vijay Sales,Maharashtra / Pan-India (HQ: Mumbai),@aryyyangiri,505327,1342193,72551,208,5.41%,14.40%,2025-10-13,https://www.instagram.com/p/DPv5RrgEnyP/,"🔍 Likely Boosted (Targeted Ad): Scale engagement (72,551 likes) indicates paid media support",Finally mere puzzle ka missing piece milgya! A new addition to my living room - The PartyPal 400 🧿❤️
456,Tier 3: Toggle OFF + Boosted,Croma,"Pan-India / Maharashtra (HQ: Mumbai, Tata Group)",@sufimotiwala,505233,1340880,72480,514,5.41%,14.45%,2025-08-05,https://www.instagram.com/p/DM-c-pIIWVq/,"🔍 Likely Boosted (Targeted Ad): Scale engagement (72,480 likes) indicates paid media support",The new it girl of the tech world Vivo X200 FE is everything I love sleek chic and iconiqueeee also the photos come out stunning. Get it NOW from your
457,Tier 3: Toggle OFF + Boosted,Pai International,Karnataka & Telangana (HQ: Bengaluru),@m_r._meow,97496,1332592,72032,433,5.41%,74.33%,2026-08-17,https://www.instagram.com/p/DcI_4jmxCJR/,"🔍 Likely Boosted (Targeted Ad): Scale engagement (72,032 likes) indicates paid media support","I’ve been checking out phones in the budget and honestly, finding one that doesn’t make you compromise somewhere is tough. 😅"
458,Tier 3: Toggle OFF + Boosted,Croma,"Pan-India / Maharashtra (HQ: Mumbai, Tata Group)",@srimathi_chimu,629654,1331408,71968,471,5.41%,11.50%,2024-12-27,https://www.instagram.com/p/DEFUVvyyTZv/,"🔍 Likely Boosted (Targeted Ad): Scale engagement (71,968 likes) indicates paid media support","Dad and his toolbox are Bae☺️, but this time things didn’t go his way. Croma’s exchange offer came to slay🥹"
459,Tier 3: Toggle OFF + Boosted,Reliance Digital,"Pan-India / Maharashtra (HQ: Mumbai, Reliance Retail)",@srimathi_chimu,629654,1331408,71968,471,5.41%,11.50%,2025-10-12,https://www.instagram.com/p/DPty-66k7BY/,"🔍 Likely Boosted (Targeted Ad): Scale engagement (71,968 likes) indicates paid media support","Well, thanks to Reliance Digital's #FestivalOfElectronics, looks like my stars have finally aligned! ✨"
460,Tier 3: Toggle OFF + Boosted,Sathya,Tamil Nadu (HQ: Tuticorin / Chennai),@srimathi_chimu,629654,1331408,71968,471,5.41%,11.50%,2025-02-27,https://www.instagram.com/p/DGk8B7DSUoD/,"🔍 Likely Boosted (Targeted Ad): Scale engagement (71,968 likes) indicates paid media support",A Cool Summer for Your Family! ❄️👨‍👩‍👧‍👦
461,Tier 3: Toggle OFF + Boosted,Bajaj Electronics,Telangana & Andhra Pradesh (HQ: Hyderabad),@techwiththarunn,162028,1329872,71885,16137,5.41%,54.33%,2026-06-29,https://www.instagram.com/p/DaKZ-KWhOUk/,🚀 Boosted (Paid Ad Spend): High view-to-follower reach multiplier (8.21x) on macro creator,"Get the widest range of laptops from top brands like Apple MacBook, Dell, HP, Lenovo, Asus, and Samsung at the best prices in town, only at Bajaj Elec"
462,Tier 3: Toggle OFF + Boosted,Sathya,Tamil Nadu (HQ: Tuticorin / Chennai),@mhamaldas,551158,1327856,71776,73,5.41%,13.04%,2026-06-27,https://www.instagram.com/p/DaF6rjLhS0r/,"🔍 Likely Boosted (Targeted Ad): Scale engagement (71,776 likes) indicates paid media support",🐒😂
463,Tier 3: Toggle OFF + Boosted,Sathya,Tamil Nadu (HQ: Tuticorin / Chennai),@mhamaldas,551158,1327856,71776,73,5.41%,13.04%,2025-10-08,https://www.instagram.com/p/DPjKQ4_ARfo/,"🔍 Likely Boosted (Targeted Ad): Scale engagement (71,776 likes) indicates paid media support",Book panniyachu 🕺
464,Tier 3: Toggle OFF + Boosted,Sathya,Tamil Nadu (HQ: Tuticorin / Chennai),@mhamaldas,551158,1327856,71776,73,5.41%,13.04%,2025-07-16,https://www.instagram.com/p/DMKpOHABGuA/,"🔍 Likely Boosted (Targeted Ad): Scale engagement (71,776 likes) indicates paid media support",@Sathya.retail  brings you the future in your hands – pre-booking is now open for the all-new Samsung Z Fold 7 & Z Flip 7!  Prebook today and unlock e
465,Tier 3: Toggle OFF + Boosted,Sathya,Tamil Nadu (HQ: Tuticorin / Chennai),@mhamaldas,551158,1327856,71776,73,5.41%,13.04%,2025-04-10,https://www.instagram.com/p/DIRSTbsi7VJ/,"🔍 Likely Boosted (Targeted Ad): Scale engagement (71,776 likes) indicates paid media support",Hey there!  Apple Days are coming to @sathya.retail – only from April 11 to 14!
466,Tier 3: Toggle OFF + Boosted,Croma,"Pan-India / Maharashtra (HQ: Mumbai, Tata Group)",@alka_rajput_patil,143270,1325710,71660,532,5.41%,50.39%,2025-08-27,https://www.instagram.com/p/DN25F0e0F3c/,🚀 Boosted (Paid Ad Spend): High view-to-follower reach multiplier (9.25x) on macro creator,आई ची काळजी ♥️🤗🤭 बाकी ठंडी ची काळजी @croma.retail घेत आहे!❄️
467,Tier 3: Toggle OFF + Boosted,Electronics Mart,Telangana & Andhra Pradesh (HQ: Hyderabad),@samreenali142,574151,1320881,71399,568,5.41%,12.53%,2026-08-06,https://www.instagram.com/p/Dbs3Mg5AQVr/,"🔍 Likely Boosted (Targeted Ad): Scale engagement (71,399 likes) indicates paid media support",Which one are you? 👀
468,Tier 3: Toggle OFF + Boosted,Vijay Sales,Maharashtra / Pan-India (HQ: Mumbai),@divanshuvermaaa,218285,1315424,71104,183,5.41%,32.66%,2025-05-12,https://www.instagram.com/p/DJjbf_WhteT/,🚀 Boosted (Paid Ad Spend): High view-to-follower reach multiplier (6.03x) on macro creator,"It is a date for a guy, not my fault 🤷‍♂️"
469,Tier 3: Toggle OFF + Boosted,Electronics Mart,Telangana & Andhra Pradesh (HQ: Hyderabad),@divanshuvermaaa,218285,1315424,71104,183,5.41%,32.66%,2025-10-14,https://www.instagram.com/p/DPyj86PkftG/,🚀 Boosted (Paid Ad Spend): High view-to-follower reach multiplier (6.03x) on macro creator,Bhai mai toh tere ghr ke liye le raha tha.
470,Tier 3: Toggle OFF + Boosted,Bajaj Electronics,Telangana & Andhra Pradesh (HQ: Hyderabad),@divanshuvermaaa,218285,1315424,71104,183,5.41%,32.66%,2025-10-14,https://www.instagram.com/p/DPyj86PkftG/,🚀 Boosted (Paid Ad Spend): High view-to-follower reach multiplier (6.03x) on macro creator,Bhai mai toh tere ghr ke liye le raha tha.
471,Tier 3: Toggle OFF + Boosted,Reliance Digital,"Pan-India / Maharashtra (HQ: Mumbai, Reliance Retail)",@selexsj,334065,1304028,70488,567,5.41%,21.27%,2026-06-30,https://www.instagram.com/p/DaNgYXKpW_F/,"🔍 Likely Boosted (Targeted Ad): Scale engagement (70,488 likes) indicates paid media support","Big brother duties don’t stop at giving advice. Sometimes, they mean helping your sister choose the right AI laptop too. 💙"
472,Tier 3: Toggle OFF + Boosted,Sathya,Tamil Nadu (HQ: Tuticorin / Chennai),@blackbees_couple,572824,1301845,70370,136,5.41%,12.31%,2026-07-18,https://www.instagram.com/p/Da7K5Hlz3ad/,"🔍 Likely Boosted (Targeted Ad): Scale engagement (70,370 likes) indicates paid media support",Husband wife💞 Enna thotruvan nu bayama🥵🤣
473,Tier 3: Toggle OFF + Boosted,Sathya,Tamil Nadu (HQ: Tuticorin / Chennai),@blackbees_couple,572824,1301845,70370,136,5.41%,12.31%,2026-06-15,https://www.instagram.com/p/DZnI5-GTdet/,"🔍 Likely Boosted (Targeted Ad): Scale engagement (70,370 likes) indicates paid media support",Husband wife💞 Naa onu soluva thithakudathu🥺🤣
474,Tier 3: Toggle OFF + Boosted,Sathya,Tamil Nadu (HQ: Tuticorin / Chennai),@_riyas_official_10,474815,1298681,70199,569,5.41%,14.90%,2025-12-03,https://www.instagram.com/p/DRzcNHuEkOo/,"🔍 Likely Boosted (Targeted Ad): Scale engagement (70,199 likes) indicates paid media support",90s kids VS 2k kids 🥲
475,Tier 3: Toggle OFF + Boosted,Sathya,Tamil Nadu (HQ: Tuticorin / Chennai),@_riyas_official_10,474815,1298681,70199,569,5.41%,14.90%,2025-07-24,https://www.instagram.com/p/DMfeeqYRHaA/,"🔍 Likely Boosted (Targeted Ad): Scale engagement (70,199 likes) indicates paid media support",Loudspeaker Guys 🤣
476,Tier 3: Toggle OFF + Boosted,Sathya,Tamil Nadu (HQ: Tuticorin / Chennai),@_riyas_official_10,474815,1298681,70199,569,5.41%,14.90%,2025-04-18,https://www.instagram.com/p/DIlk0cuS6sS/,"🔍 Likely Boosted (Targeted Ad): Scale engagement (70,199 likes) indicates paid media support",Tag that person 🧍
477,Tier 3: Toggle OFF + Boosted,Sathya,Tamil Nadu (HQ: Tuticorin / Chennai),@preethakishore_tales,28328,1294981,69999,756,5.41%,249.77%,2026-07-27,https://www.instagram.com/p/DbSqys5z4gq/,"🔍 Likely Boosted (Targeted Ad): Scale engagement (69,999 likes) indicates paid media support",🌕 Full Moon Sale @ Sathya🔥
478,Tier 3: Toggle OFF + Boosted,Reliance Digital,"Pan-India / Maharashtra (HQ: Mumbai, Reliance Retail)",@funny_pratik,187063,1293372,69912,536,5.41%,37.66%,2026-07-01,https://www.instagram.com/p/DaQQf79Jexz/,🚀 Boosted (Paid Ad Spend): High view-to-follower reach multiplier (6.91x) on macro creator,POV: Your laptop has been gaslighting you for years
479,Tier 3: Toggle OFF + Boosted,Sathya,Tamil Nadu (HQ: Tuticorin / Chennai),@hariharitha0207,304881,1283881,69399,291,5.41%,22.86%,2025-07-15,https://www.instagram.com/p/DMIOQLXxLe0/,🚀 Boosted (Paid Ad Spend): High view-to-follower reach multiplier (4.21x) on macro creator,@Sathya.retail  brings you the future in your hands – pre-booking is now open for the all-new Samsung Z Fold 7 & Z Flip 7!  Prebook today and unlock e
480,Tier 3: Toggle OFF + Boosted,Aditya Vision,"Bihar, Jharkhand & UP (HQ: Patna)",@vibhanjalsharma,24638,1283326,69369,91,5.41%,281.93%,2026-06-27,https://www.instagram.com/p/DaF3b6qzoiR/,"🔍 Likely Boosted (Targeted Ad): Scale engagement (69,369 likes) indicates paid media support",🔥 EMI Festival is LIVE at Aditya Vision!
481,Tier 3: Toggle OFF + Boosted,Reliance Digital,"Pan-India / Maharashtra (HQ: Mumbai, Reliance Retail)",@pahadigaming,507740,1278442,69105,1145,5.41%,13.84%,2025-01-24,https://www.instagram.com/p/DFNMvO9P1Z5/,"🔍 Likely Boosted (Targeted Ad): Scale engagement (69,105 likes) indicates paid media support",Check out the powerful NVIDIA GeForce RTX 40 Series laptops at Reliance Digital—insane gaming and editing performance! 💻🔥
482,Tier 3: Toggle OFF + Boosted,Sathya,Tamil Nadu (HQ: Tuticorin / Chennai),@mittai_brother,745251,1272245,68770,542,5.41%,9.30%,2026-07-05,https://www.instagram.com/p/DaZ-9QXKONj/,"🔍 Likely Boosted (Targeted Ad): Scale engagement (68,770 likes) indicates paid media support",Pre-book the all-new OPPO Reno 16 Series now at @sathya.retail !
483,Tier 3: Toggle OFF + Boosted,Sathya,Tamil Nadu (HQ: Tuticorin / Chennai),@__thecontenthub__,514407,1266214,68444,585,5.41%,13.42%,2026-01-04,https://www.instagram.com/p/DTFouv1iOXc/,"🔍 Likely Boosted (Targeted Ad): Scale engagement (68,444 likes) indicates paid media support",Tag that techie friend!😂
484,Tier 3: Toggle OFF + Boosted,Sathya,Tamil Nadu (HQ: Tuticorin / Chennai),@__thecontenthub__,514407,1266214,68444,585,5.41%,13.42%,2025-09-18,https://www.instagram.com/p/DOvgnwBEgiW/,"🔍 Likely Boosted (Targeted Ad): Scale engagement (68,444 likes) indicates paid media support",Tag that friend!😂
485,Tier 3: Toggle OFF + Boosted,Sathya,Tamil Nadu (HQ: Tuticorin / Chennai),@__thecontenthub__,514407,1266214,68444,585,5.41%,13.42%,2025-08-11,https://www.instagram.com/p/DNN37PPyyLu/,"🔍 Likely Boosted (Targeted Ad): Scale engagement (68,444 likes) indicates paid media support",Polambitey irukadha da!😂
486,Tier 3: Toggle OFF + Boosted,Pai International,Karnataka & Telangana (HQ: Bengaluru),@city_fillagallu,125636,1254762,67825,915,5.41%,54.71%,2025-09-26,https://www.instagram.com/p/DPDtinSk_BI/,🚀 Boosted (Paid Ad Spend): High view-to-follower reach multiplier (9.99x) on macro creator,"My cousin from the town saw the city and said,"
487,Tier 3: Toggle OFF + Boosted,Reliance Digital,"Pan-India / Maharashtra (HQ: Mumbai, Reliance Retail)",@rahuldey,399542,1253301,67746,538,5.41%,17.09%,2026-01-18,https://www.instagram.com/p/DTpCSflEpqZ/,"🔍 Likely Boosted (Targeted Ad): Scale engagement (67,746 likes) indicates paid media support","When Maa starts getting old, it becomes our turn to take care of her 🤍"
488,Tier 3: Toggle OFF + Boosted,Reliance Digital,"Pan-India / Maharashtra (HQ: Mumbai, Reliance Retail)",@rahuldey,399542,1253301,67746,538,5.41%,17.09%,2025-07-08,https://www.instagram.com/p/DL1o_A2vSFo/,"🔍 Likely Boosted (Targeted Ad): Scale engagement (67,746 likes) indicates paid media support",Reliance Digital’s #BootUpIndia Sale is live.
489,Tier 3: Toggle OFF + Boosted,Reliance Digital,"Pan-India / Maharashtra (HQ: Mumbai, Reliance Retail)",@rahuldey,399542,1253301,67746,538,5.41%,17.09%,2025-01-18,https://www.instagram.com/p/DE-KwyHyQqY/,"🔍 Likely Boosted (Targeted Ad): Scale engagement (67,746 likes) indicates paid media support",From biryani vs healthy food to PS5 dreams! 🍛🎮 Sob passion er jonno perfect destination – Reliance Digital er Digital India Sale! 💥 Upto ₹26000 instan
490,Tier 3: Toggle OFF + Boosted,Sathya,Tamil Nadu (HQ: Tuticorin / Chennai),@dhaariya_vanan,182674,1239888,67021,75,5.41%,36.73%,2026-06-27,https://www.instagram.com/p/DaE8gTXSaQw/,🚀 Boosted (Paid Ad Spend): High view-to-follower reach multiplier (6.79x) on macro creator,The Wait Is Over! @sathya.retail  Full Moon Sale Is Here
491,Tier 3: Toggle OFF + Boosted,Sathya,Tamil Nadu (HQ: Tuticorin / Chennai),@preethy_romezzz,756934,1239648,67008,493,5.41%,8.92%,2026-07-28,https://www.instagram.com/p/DbV3WG5AVg6/,"🔍 Likely Boosted (Targeted Ad): Scale engagement (67,008 likes) indicates paid media support",💀😂
492,Tier 3: Toggle OFF + Boosted,Sathya,Tamil Nadu (HQ: Tuticorin / Chennai),@preethy_romezzz,756934,1239648,67008,493,5.41%,8.92%,2026-06-19,https://www.instagram.com/p/DZxccMshKRr/,"🔍 Likely Boosted (Targeted Ad): Scale engagement (67,008 likes) indicates paid media support",Yaru Sammy nee🚶‍♀️
493,Tier 3: Toggle OFF + Boosted,Sathya,Tamil Nadu (HQ: Tuticorin / Chennai),@preethy_romezzz,756934,1239648,67008,493,5.41%,8.92%,2026-01-23,https://www.instagram.com/p/DT2ne0WErlg/,"🔍 Likely Boosted (Targeted Ad): Scale engagement (67,008 likes) indicates paid media support",Kratos and sathya gadgets days!!!
494,Tier 3: Toggle OFF + Boosted,Pai International,Karnataka & Telangana (HQ: Bengaluru),@fabby_rallis,163014,1232266,66609,244,5.41%,41.01%,2026-06-11,https://www.instagram.com/p/DZchsz3yUX4/,🚀 Boosted (Paid Ad Spend): High view-to-follower reach multiplier (7.56x) on macro creator,"I attended the Pai Monthly Bonanza event and honestly, the suspense was real. 😄"
495,Tier 3: Toggle OFF + Boosted,Pai International,Karnataka & Telangana (HQ: Bengaluru),@jyotshna_24,443043,1225125,66223,472,5.41%,15.05%,2025-04-20,https://www.instagram.com/p/DIq1fmxS__o/,"🔍 Likely Boosted (Targeted Ad): Scale engagement (66,223 likes) indicates paid media support","✨ The all-new vivo V50e is here – and it’s built for creators, dreamers, and everyday explorers!"
496,Tier 3: Toggle OFF + Boosted,Sathya,Tamil Nadu (HQ: Tuticorin / Chennai),@ganesh_fantasia,351166,1215838,65721,515,5.41%,18.86%,2026-08-14,https://www.instagram.com/p/DcApD8co7a_/,"🔍 Likely Boosted (Targeted Ad): Scale engagement (65,721 likes) indicates paid media support",Independence day sale @sathya.retail!
497,Tier 3: Toggle OFF + Boosted,Bajaj Electronics,Telangana & Andhra Pradesh (HQ: Hyderabad),@attitude_maxx01,1344407,1215635,65710,273,5.41%,4.91%,2025-02-11,https://www.instagram.com/p/DF65wZ8vKJA/,"🔍 Likely Boosted (Targeted Ad): Scale engagement (65,710 likes) indicates paid media support",Make this Valentine’s Day unforgettable! Gift your loved one the all-new Galaxy S25 Ultra; packed with latest features and ultimate style.
498,Tier 3: Toggle OFF + Boosted,Sathya,Tamil Nadu (HQ: Tuticorin / Chennai),@sakthii___,1247642,1209419,65374,103,5.41%,5.25%,2026-07-09,https://www.instagram.com/p/DaknBQAyJuY/,"🔍 Likely Boosted (Targeted Ad): Scale engagement (65,374 likes) indicates paid media support",The moment has arrived! The brand-new Oppo Reno 16 Series has been officially launched  and is now available @sathya.retail !
499,Tier 3: Toggle OFF + Boosted,Sathya,Tamil Nadu (HQ: Tuticorin / Chennai),@sakthii___,1247642,1209419,65374,103,5.41%,5.25%,2026-01-14,https://www.instagram.com/p/DTfkfiukowU/,"🔍 Likely Boosted (Targeted Ad): Scale engagement (65,374 likes) indicates paid media support",@sathya.retail oppo reno 15 series officially launched
500,Tier 3: Toggle OFF + Boosted,Sathya,Tamil Nadu (HQ: Tuticorin / Chennai),@sakthii___,1247642,1209419,65374,103,5.41%,5.25%,2025-10-03,https://www.instagram.com/p/DPWLM6Ticqn/,"🔍 Likely Boosted (Targeted Ad): Scale engagement (65,374 likes) indicates paid media support",The moon is rising and so are the deals!
501,Tier 3: Toggle OFF + Boosted,Sathya,Tamil Nadu (HQ: Tuticorin / Chennai),@sakthii___,1247642,1209419,65374,103,5.41%,5.25%,2025-01-23,https://www.instagram.com/p/DFKzwyNS8lO/,"🔍 Likely Boosted (Targeted Ad): Scale engagement (65,374 likes) indicates paid media support",The Google Pixel is now exclusively available at @sathya.retail ! Experience unbelievable tech with a Google Pixel at unbelievable prices.
502,Tier 3: Toggle OFF + Boosted,Sathya,Tamil Nadu (HQ: Tuticorin / Chennai),@logesh_krish31,31569,1201390,64940,141,5.41%,206.16%,2026-08-13,https://www.instagram.com/p/Db-rdBygblV/,"🔍 Likely Boosted (Targeted Ad): Scale engagement (64,940 likes) indicates paid media support",Independence day sale @sathya.retail!
503,Tier 3: Toggle OFF + Boosted,Pai International,Karnataka & Telangana (HQ: Bengaluru),@steffi_louise_31,118701,1191825,64423,104,5.41%,54.36%,2025-10-08,https://www.instagram.com/p/DPi4SJ5kqqP/,🚀 Boosted (Paid Ad Spend): High view-to-follower reach multiplier (10.04x) on macro creator,"𝐁𝐞𝐥𝐚𝐠𝐚𝐯𝐢, 𝐰𝐞’𝐫𝐞 𝐡𝐞𝐫𝐞 𝐚𝐠𝐚𝐢𝐧! 🎉"
504,Tier 3: Toggle OFF + Boosted,Croma,"Pan-India / Maharashtra (HQ: Mumbai, Tata Group)",@vishal_d_o_p,914746,1190641,64359,644,5.41%,7.11%,2026-04-17,https://www.instagram.com/p/DXPL7KKAJDh/,"🔍 Likely Boosted (Targeted Ad): Scale engagement (64,359 likes) indicates paid media support","Summer aavi gayi, but pappa no budget huj winter ma chhe 💀❄️"
505,Tier 3: Toggle OFF + Boosted,Pai International,Karnataka & Telangana (HQ: Bengaluru),@santu_shiru,217870,1182076,63896,175,5.41%,29.41%,2026-05-29,https://www.instagram.com/p/DY7EY7Jzf58/,🚀 Boosted (Paid Ad Spend): High view-to-follower reach multiplier (5.43x) on macro creator,🌕 Pai Full Moon Saving Mahotsav is coming soon
506,Tier 3: Toggle OFF + Boosted,Sathya,Tamil Nadu (HQ: Tuticorin / Chennai),@_shalinii__,485974,1181428,63861,268,5.41%,13.20%,2026-01-31,https://www.instagram.com/p/DUKdHsBEeeX/,"🔍 Likely Boosted (Targeted Ad): Scale engagement (63,861 likes) indicates paid media support",✨
507,Tier 3: Toggle OFF + Boosted,Sathya,Tamil Nadu (HQ: Tuticorin / Chennai),@_shalinii__,485974,1181428,63861,268,5.41%,13.20%,2025-10-03,https://www.instagram.com/p/DPWYLsoAPKZ/,"🔍 Likely Boosted (Targeted Ad): Scale engagement (63,861 likes) indicates paid media support",The moon is rising and so are the deals!
508,Tier 3: Toggle OFF + Boosted,Sathya,Tamil Nadu (HQ: Tuticorin / Chennai),@_shalinii__,485974,1181428,63861,268,5.41%,13.20%,2025-08-06,https://www.instagram.com/p/DNBUnqpyssK/,"🔍 Likely Boosted (Targeted Ad): Scale engagement (63,861 likes) indicates paid media support",Get ready for the Full Moon Sale at @sathya.retail happening this August 8 from morning 9 AM to midnight 12! Don’t miss special offers on ACs and wash
509,Tier 3: Toggle OFF + Boosted,Sathya,Tamil Nadu (HQ: Tuticorin / Chennai),@_shalinii__,485974,1181428,63861,268,5.41%,13.20%,2025-07-15,https://www.instagram.com/p/DMHerNESKwQ/,"🔍 Likely Boosted (Targeted Ad): Scale engagement (63,861 likes) indicates paid media support",✨
510,Tier 3: Toggle OFF + Boosted,Sathya,Tamil Nadu (HQ: Tuticorin / Chennai),@_shalinii__,485974,1181428,63861,268,5.41%,13.20%,2025-01-24,https://www.instagram.com/p/DFNZ2tOSKnQ/,"🔍 Likely Boosted (Targeted Ad): Scale engagement (63,861 likes) indicates paid media support","Exciting news! The Realme 14 Pro Series has officially launched, and it’s now available at @sathya.retail ! Experience the world’s first cold-sensitiv"
511,Tier 3: Toggle OFF + Boosted,Bajaj Electronics,Telangana & Andhra Pradesh (HQ: Hyderabad),@vedvika_,811228,1180910,63833,450,5.41%,7.92%,2025-05-12,https://www.instagram.com/p/DJjXtnVzUXt/,"🔍 Likely Boosted (Targeted Ad): Scale engagement (63,833 likes) indicates paid media support",Beat the summer heat with Bajaj Electronics!
512,Tier 3: Toggle OFF + Boosted,Sathya,Tamil Nadu (HQ: Tuticorin / Chennai),@namma_ooru_couple,400644,1179375,63750,161,5.41%,15.95%,2025-10-04,https://www.instagram.com/p/DPYm89wEUjH/,"🔍 Likely Boosted (Targeted Ad): Scale engagement (63,750 likes) indicates paid media support",Mukkiyamaana decision! 😂
513,Tier 3: Toggle OFF + Boosted,Sathya,Tamil Nadu (HQ: Tuticorin / Chennai),@namma_ooru_couple,400644,1179375,63750,161,5.41%,15.95%,2025-08-12,https://www.instagram.com/p/DNQU9Phy80D/,"🔍 Likely Boosted (Targeted Ad): Scale engagement (63,750 likes) indicates paid media support",Idhuku oru end ey ilaiya😂
514,Tier 3: Toggle OFF + Boosted,Sathya,Tamil Nadu (HQ: Tuticorin / Chennai),@namma_ooru_couple,400644,1179375,63750,161,5.41%,15.95%,2025-02-13,https://www.instagram.com/p/DGAVSXRSWh-/,"🔍 Likely Boosted (Targeted Ad): Scale engagement (63,750 likes) indicates paid media support",Veetlaye chill panlaam😜
515,Tier 3: Toggle OFF + Boosted,Sathya,Tamil Nadu (HQ: Tuticorin / Chennai),@stunt_seenu_official,95895,1176748,63608,256,5.41%,66.60%,2025-05-25,https://www.instagram.com/p/DKE55c8S4dw/,"🔍 Likely Boosted (Targeted Ad): Scale engagement (63,608 likes) indicates paid media support",@sathya.retail Sathya super sale is happening from May 28 - 31
516,Tier 3: Toggle OFF + Boosted,Sathya,Tamil Nadu (HQ: Tuticorin / Chennai),@stunt_seenu_official,95895,1176748,63608,256,5.41%,66.60%,2025-03-12,https://www.instagram.com/p/DHGZOzkSC1P/,"🔍 Likely Boosted (Targeted Ad): Scale engagement (63,608 likes) indicates paid media support",Sathya FULL MOON LED TV SUPER SALE - Live on 14th March 2025 -Morning 9 AM To Midnight 12 AM- One Day Only -
517,Tier 3: Toggle OFF + Boosted,Sathya,Tamil Nadu (HQ: Tuticorin / Chennai),@_preethiasokan_,550840,1168885,63183,360,5.41%,11.54%,2025-11-27,https://www.instagram.com/p/DRkHr08icA7/,"🔍 Likely Boosted (Targeted Ad): Scale engagement (63,183 likes) indicates paid media support",Side Effects of Watching DUDE 🙂‍↔️🥹🎀
518,Tier 3: Toggle OFF + Boosted,Sathya,Tamil Nadu (HQ: Tuticorin / Chennai),@_preethiasokan_,550840,1168885,63183,360,5.41%,11.54%,2025-10-15,https://www.instagram.com/p/DP1SbchicMT/,"🔍 Likely Boosted (Targeted Ad): Scale engagement (63,183 likes) indicates paid media support",You and Who ??? 😭🧿🎀❤️
519,Tier 3: Toggle OFF + Boosted,Sathya,Tamil Nadu (HQ: Tuticorin / Chennai),@_preethiasokan_,550840,1168885,63183,360,5.41%,11.54%,2025-09-05,https://www.instagram.com/p/DOOPO--CTwj/,"🔍 Likely Boosted (Targeted Ad): Scale engagement (63,183 likes) indicates paid media support","Get ready for the brightest shopping day! @sathya.retail brings you the Full Moon Sale this September 7, from 9 AM to midnight 12 AM. Shop your favori"
520,Tier 3: Toggle OFF + Boosted,Sathya,Tamil Nadu (HQ: Tuticorin / Chennai),@santhosh_vlogs___,33308,1159876,62696,84,5.41%,188.49%,2026-07-26,https://www.instagram.com/p/DbQgI6uvQqr/,"🔍 Likely Boosted (Targeted Ad): Scale engagement (62,696 likes) indicates paid media support","July 29 Full Moon SALE ! AC, TV, Fridge,"
521,Tier 3: Toggle OFF + Boosted,Sathya,Tamil Nadu (HQ: Tuticorin / Chennai),@maniwithnavya,509452,1153382,62345,140,5.41%,12.27%,2026-01-24,https://www.instagram.com/p/DT4aLBuE0sY/,"🔍 Likely Boosted (Targeted Ad): Scale engagement (62,345 likes) indicates paid media support",Kanna innoru laddu thinna aasaya🤣
522,Tier 3: Toggle OFF + Boosted,Sathya,Tamil Nadu (HQ: Tuticorin / Chennai),@maniwithnavya,509452,1153382,62345,140,5.41%,12.27%,2025-12-03,https://www.instagram.com/p/DRyiUtqk_OK/,"🔍 Likely Boosted (Targeted Ad): Scale engagement (62,345 likes) indicates paid media support",Ohh apdiya vidhayam🤔
523,Tier 3: Toggle OFF + Boosted,Sathya,Tamil Nadu (HQ: Tuticorin / Chennai),@maniwithnavya,509452,1153382,62345,140,5.41%,12.27%,2025-10-13,https://www.instagram.com/p/DPwIWNRkwms/,"🔍 Likely Boosted (Targeted Ad): Scale engagement (62,345 likes) indicates paid media support",Manasula thonuradhu kudukuren sonnanlum venda solra!😂
524,Tier 3: Toggle OFF + Boosted,Sathya,Tamil Nadu (HQ: Tuticorin / Chennai),@maniwithnavya,509452,1153382,62345,140,5.41%,12.27%,2025-09-18,https://www.instagram.com/p/DOvgqAPEy6v/,"🔍 Likely Boosted (Targeted Ad): Scale engagement (62,345 likes) indicates paid media support",Ennadhu? Thuki potita!😳😦
525,Tier 3: Toggle OFF + Boosted,Sathya,Tamil Nadu (HQ: Tuticorin / Chennai),@maniwithnavya,509452,1153382,62345,140,5.41%,12.27%,2025-09-05,https://www.instagram.com/p/DOOH2Ebk8Og/,"🔍 Likely Boosted (Targeted Ad): Scale engagement (62,345 likes) indicates paid media support",Honeymoon ❌Full moon✅
526,Tier 3: Toggle OFF + Boosted,Sathya,Tamil Nadu (HQ: Tuticorin / Chennai),@maniwithnavya,509452,1153382,62345,140,5.41%,12.27%,2025-08-12,https://www.instagram.com/p/DNQgYgOR4Pw/,"🔍 Likely Boosted (Targeted Ad): Scale engagement (62,345 likes) indicates paid media support",🤣🤣🤣❤️
527,Tier 3: Toggle OFF + Boosted,Sathya,Tamil Nadu (HQ: Tuticorin / Chennai),@maniwithnavya,509452,1153382,62345,140,5.41%,12.27%,2025-05-25,https://www.instagram.com/p/DKFGY3VzWvq/,"🔍 Likely Boosted (Targeted Ad): Scale engagement (62,345 likes) indicates paid media support",Oh AC vanguna dha remote kudupanga?🤣
528,Tier 3: Toggle OFF + Boosted,Sathya,Tamil Nadu (HQ: Tuticorin / Chennai),@maniwithnavya,509452,1153382,62345,140,5.41%,12.27%,2025-02-04,https://www.instagram.com/p/DFqBb2Vyf5I/,"🔍 Likely Boosted (Targeted Ad): Scale engagement (62,345 likes) indicates paid media support","Who’s ready to shop till you drop at the @sathya.retail Gulu Gulu AC offer, grab all branded AC ! Don’t miss out the special Offer ! 🎁 Let’s treat our"
529,Tier 3: Toggle OFF + Boosted,Bajaj Electronics,Telangana & Andhra Pradesh (HQ: Hyderabad),@vizag_blogger,183686,1152439,62294,245,5.41%,34.05%,2026-07-29,https://www.instagram.com/p/DbYDPmAB_1D/,🚀 Boosted (Paid Ad Spend): High view-to-follower reach multiplier (6.27x) on macro creator,Trying to find the best laptop for college?
530,Tier 3: Toggle OFF + Boosted,Pai International,Karnataka & Telangana (HQ: Bengaluru),@s.s.praveena,101737,1151921,62266,413,5.41%,61.61%,2026-05-23,https://www.instagram.com/p/DYqpc5NJ3A2/,🚀 Boosted (Paid Ad Spend): High view-to-follower reach multiplier (11.32x) on macro creator,"If you love photography, gaming, binge watching & powerful performance, you NEED to check this out 👀"
531,Tier 3: Toggle OFF + Boosted,Sathya,Tamil Nadu (HQ: Tuticorin / Chennai),@keerthi._yuvaraj,1462779,1148184,62064,170,5.41%,4.25%,2025-02-28,https://www.instagram.com/p/DGnh23gSvNj/,"🔍 Likely Boosted (Targeted Ad): Scale engagement (62,064 likes) indicates paid media support",A Cool Summer for Your Family! ❄️👨‍👩‍👧‍👦
532,Tier 3: Toggle OFF + Boosted,Tata Neu,"Pan-India / Maharashtra (HQ: Mumbai, Tata Digital)",@yashikaaaaaaaaaaa,1023501,1146130,61953,501,5.41%,6.10%,2025-07-19,https://www.instagram.com/p/DMTBJrCIDWJ/,"🔍 Likely Boosted (Targeted Ad): Scale engagement (61,953 likes) indicates paid media support",New phone? ✔️
533,Tier 3: Toggle OFF + Boosted,Pai International,Karnataka & Telangana (HQ: Bengaluru),@younusahmed_official,595334,1144595,61870,405,5.41%,10.46%,2025-10-25,https://www.instagram.com/p/DQO4YsSCTsW/,"🔍 Likely Boosted (Targeted Ad): Scale engagement (61,870 likes) indicates paid media support","While some are cancelling Goa trips, others are driving home in brand new cars! 🚗💨"
534,Tier 3: Toggle OFF + Boosted,Pai International,Karnataka & Telangana (HQ: Bengaluru),@younusahmed_official,595334,1144595,61870,405,5.41%,10.46%,2025-07-20,https://www.instagram.com/p/DMVT0RaTf2a/,"🔍 Likely Boosted (Targeted Ad): Scale engagement (61,870 likes) indicates paid media support","When life always says “Nahi hoga bhai,” Pai says “You are the winner!” 🥳"
535,Tier 3: Toggle OFF + Boosted,Pai International,Karnataka & Telangana (HQ: Bengaluru),@younusahmed_official,595334,1144595,61870,405,5.41%,10.46%,2025-06-20,https://www.instagram.com/p/DLIBYxezcse/,"🔍 Likely Boosted (Targeted Ad): Scale engagement (61,870 likes) indicates paid media support",Saaarrr! Pai Weekly Bonanza is ONNN
536,Tier 3: Toggle OFF + Boosted,Great Eastern,West Bengal & East India (HQ: Kolkata),@kolkatacityofjoy,88697,1143744,61824,125,5.41%,69.84%,2026-07-09,https://www.instagram.com/p/Dakmd92Pk0-/,"🔍 Likely Boosted (Targeted Ad): Scale engagement (61,824 likes) indicates paid media support",Where the love for technology meets the passion for the beautiful game⚽️📺
537,Tier 3: Toggle OFF + Boosted,Reliance Digital,"Pan-India / Maharashtra (HQ: Mumbai, Reliance Retail)",@chandanshettyofficial,1230677,1143485,61810,353,5.41%,5.05%,2025-07-22,https://www.instagram.com/p/DMaR8kQyb_N/,"🔍 Likely Boosted (Targeted Ad): Scale engagement (61,810 likes) indicates paid media support","Still buzzing after working on a super fun track for Reliance Digital’s #BootUpIndia campaign. The sound, the vibe, and the purpose behind it made it "
538,Tier 3: Toggle OFF + Boosted,Vijay Sales,Maharashtra / Pan-India (HQ: Mumbai),@mehak_siddiqui9556,1702937,1142208,61741,439,5.41%,3.65%,2025-09-23,https://www.instagram.com/p/DO79iO4iWWF/,"🔍 Likely Boosted (Targeted Ad): Scale engagement (61,741 likes) indicates paid media support","The wait is finally over — presenting the all-new OPPO F31 Series, built to be ultra-durable and incredibly powerful."
539,Tier 3: Toggle OFF + Boosted,Bajaj Electronics,Telangana & Andhra Pradesh (HQ: Hyderabad),@mmr_vlogs_nellore,173987,1141653,61711,308,5.41%,35.65%,2025-10-17,https://www.instagram.com/p/DP5amswkpqy/,🚀 Boosted (Paid Ad Spend): High view-to-follower reach multiplier (6.56x) on macro creator,"🤑 = 10,000 Bajaj Electronic Gift vouchers 🎁 Free 😍"
540,Tier 3: Toggle OFF + Boosted,Sathya,Tamil Nadu (HQ: Tuticorin / Chennai),@innaikuennaplan,16644,1140377,61642,231,5.41%,371.75%,2026-06-27,https://www.instagram.com/p/DaFCGMHzmRX/,"🔍 Likely Boosted (Targeted Ad): Scale engagement (61,642 likes) indicates paid media support",Naan Gaali 😂 @innaikuennaplan
541,Tier 3: Toggle OFF + Boosted,Sathya,Tamil Nadu (HQ: Tuticorin / Chennai),@_ms_smiley_girl,367824,1137102,61465,153,5.41%,16.75%,2026-07-27,https://www.instagram.com/p/DbS-jeuMO2P/,"🔍 Likely Boosted (Targeted Ad): Scale engagement (61,465 likes) indicates paid media support",Eni Yalamey pudhusu tha 😅
542,Tier 3: Toggle OFF + Boosted,Sathya,Tamil Nadu (HQ: Tuticorin / Chennai),@_ms_smiley_girl,367824,1137102,61465,153,5.41%,16.75%,2026-07-05,https://www.instagram.com/p/DaaEiZ9sLH0/,"🔍 Likely Boosted (Targeted Ad): Scale engagement (61,465 likes) indicates paid media support",Feel pannatha🥹
543,Tier 3: Toggle OFF + Boosted,Sathya,Tamil Nadu (HQ: Tuticorin / Chennai),@_ms_smiley_girl,367824,1137102,61465,153,5.41%,16.75%,2025-12-02,https://www.instagram.com/p/DRwvW4Lktzi/,"🔍 Likely Boosted (Targeted Ad): Scale engagement (61,465 likes) indicates paid media support",watchfully🤣😆
544,Tier 3: Toggle OFF + Boosted,Sathya,Tamil Nadu (HQ: Tuticorin / Chennai),@madhumitha.h_official,778718,1134290,61313,165,5.41%,7.89%,2026-07-09,https://www.instagram.com/p/Dak0XkgJ_J7/,"🔍 Likely Boosted (Targeted Ad): Scale engagement (61,313 likes) indicates paid media support",The moment has arrived! The brand-new Oppo Reno 16 Series has been officially launched  and is now available @sathya.retail !
545,Tier 3: Toggle OFF + Boosted,Aditya Vision,"Bihar, Jharkhand & UP (HQ: Patna)",@samastipur.lifeline,37900,1127686,60956,338,5.41%,161.73%,2026-05-25,https://www.instagram.com/p/DYwDPnxythp/,"🔍 Likely Boosted (Targeted Ad): Scale engagement (60,956 likes) indicates paid media support",घर बैठे थिएटर जैसा Experience 🎬✨
546,Tier 3: Toggle OFF + Boosted,Pai International,Karnataka & Telangana (HQ: Bengaluru),@praveen_techy_,396588,1127371,60939,8347,5.41%,17.47%,2026-08-15,https://www.instagram.com/p/DcDpt3HyfKQ/,"🔍 Likely Boosted (Targeted Ad): Scale engagement (60,939 likes) indicates paid media support","Mobile 🥳 Under ₹30k ,My biggest phone problem? Charging. Constantly. 😭"
547,Tier 3: Toggle OFF + Boosted,Pai International,Karnataka & Telangana (HQ: Bengaluru),@praveen_techy_,396588,1127371,60939,8347,5.41%,17.47%,2026-03-14,https://www.instagram.com/p/DV3Qv1RjCBw/,"🔍 Likely Boosted (Targeted Ad): Scale engagement (60,939 likes) indicates paid media support",🤩✌️Not gonna lie… this phone makes people ask “what phone is that?” 😌
548,Tier 3: Toggle OFF + Boosted,Aditya Vision,"Bihar, Jharkhand & UP (HQ: Patna)",@kanpurcouple,207808,1126317,60882,166,5.41%,29.38%,2026-02-04,https://www.instagram.com/p/DUU0-6agUE7/,🚀 Boosted (Paid Ad Spend): High view-to-follower reach multiplier (5.42x) on macro creator,कानपुर खुशख़बरी है! 🎉
549,Tier 3: Toggle OFF + Boosted,Sathya,Tamil Nadu (HQ: Tuticorin / Chennai),@sriandkeerthi,291128,1119694,60524,1041,5.41%,21.15%,2026-06-27,https://www.instagram.com/p/DaFcV2uTWzo/,"🔍 Likely Boosted (Targeted Ad): Scale engagement (60,524 likes) indicates paid media support",🌕 Sathya Full Moon Sale is Here! 🔥
550,Tier 3: Toggle OFF + Boosted,Aditya Vision,"Bihar, Jharkhand & UP (HQ: Patna)",@_patna_shehar_mein,56859,1118140,60440,72,5.41%,106.43%,2026-08-14,https://www.instagram.com/p/DcA7sMvyUbE/,"🔍 Likely Boosted (Targeted Ad): Scale engagement (60,440 likes) indicates paid media support",💻 **Lenovo Laptop पर धमाकेदार ऑफर!** 🔥
551,Tier 3: Toggle OFF + Boosted,Croma,"Pan-India / Maharashtra (HQ: Mumbai, Tata Group)",@niswoman,1779052,1104579,59707,236,5.41%,3.37%,2026-07-20,https://www.instagram.com/p/DbBQrjUty4k/,"🔍 Likely Boosted (Targeted Ad): Scale engagement (59,707 likes) indicates paid media support","Start mein sab lovey-dovey hote hai, baad mein dekhte hai kya hoga. 🥰"
552,Tier 3: Toggle OFF + Boosted,Croma,"Pan-India / Maharashtra (HQ: Mumbai, Tata Group)",@niswoman,1779052,1104579,59707,236,5.41%,3.37%,2025-11-23,https://www.instagram.com/p/DRZBH-MCEvD/,"🔍 Likely Boosted (Targeted Ad): Scale engagement (59,707 likes) indicates paid media support",Miss ka naya house adapt karne time lagega🥹
553,Tier 3: Toggle OFF + Boosted,Sathya,Tamil Nadu (HQ: Tuticorin / Chennai),@reva_revz28,669426,1103710,59660,138,5.41%,8.93%,2026-08-13,https://www.instagram.com/p/Db-s0PCT1EU/,"🔍 Likely Boosted (Targeted Ad): Scale engagement (59,660 likes) indicates paid media support",Independence day sale @sathya.retail!
554,Tier 3: Toggle OFF + Boosted,Sathya,Tamil Nadu (HQ: Tuticorin / Chennai),@reva_revz28,669426,1103710,59660,138,5.41%,8.93%,2025-12-19,https://www.instagram.com/p/DSb0rxGkUHI/,"🔍 Likely Boosted (Targeted Ad): Scale engagement (59,660 likes) indicates paid media support",Girl with google map 😂
555,Tier 3: Toggle OFF + Boosted,Reliance Digital,"Pan-India / Maharashtra (HQ: Mumbai, Reliance Retail)",@hariimuniyappan,379486,1100861,59506,334,5.41%,15.77%,2026-04-05,https://www.instagram.com/p/DWwKLjpE__O/,"🔍 Likely Boosted (Targeted Ad): Scale engagement (59,506 likes) indicates paid media support",Mom be like
556,Tier 3: Toggle OFF + Boosted,Sathya,Tamil Nadu (HQ: Tuticorin / Chennai),@tdealman,597018,1100805,59503,1869,5.41%,10.28%,2026-07-28,https://www.instagram.com/p/DbVxKFnS7p1/,"🔍 Likely Boosted (Targeted Ad): Scale engagement (59,503 likes) indicates paid media support",Samsung New Shape Phone😱🤯
557,Tier 3: Toggle OFF + Boosted,Sathya,Tamil Nadu (HQ: Tuticorin / Chennai),@kanithiru10,831759,1100787,59502,402,5.41%,7.20%,2026-08-11,https://www.instagram.com/p/Db5-nTSS-KB/,"🔍 Likely Boosted (Targeted Ad): Scale engagement (59,502 likes) indicates paid media support",My New Story Begins with Vivo S2!
558,Tier 3: Toggle OFF + Boosted,Sathya,Tamil Nadu (HQ: Tuticorin / Chennai),@palani__gethu__official__page,102337,1086431,58726,64,5.41%,57.45%,2025-05-26,https://www.instagram.com/p/DKHQuc0RED_/,🚀 Boosted (Paid Ad Spend): High view-to-follower reach multiplier (10.62x) on macro creator,@sathya.retail Sathya super sale is happening from May 28 - 31
559,Tier 3: Toggle OFF + Boosted,Sathya,Tamil Nadu (HQ: Tuticorin / Chennai),@palani__gethu__official__page,102337,1086431,58726,64,5.41%,57.45%,2025-03-28,https://www.instagram.com/p/DHvFSJdR_zx/,🚀 Boosted (Paid Ad Spend): High view-to-follower reach multiplier (10.62x) on macro creator,Sathya Year end Sale
560,Tier 3: Toggle OFF + Boosted,Bajaj Electronics,Telangana & Andhra Pradesh (HQ: Hyderabad),@shravanthatipamulaofficial,113258,1085765,58690,412,5.41%,52.18%,2026-05-01,https://www.instagram.com/p/DXyzZAVTP1e/,🚀 Boosted (Paid Ad Spend): High view-to-follower reach multiplier (9.59x) on macro creator,🔥 Apple Days are LIVE at Everyone’s Favorite Bajaj Electronics!!
561,Tier 3: Toggle OFF + Boosted,Croma,"Pan-India / Maharashtra (HQ: Mumbai, Tata Group)",@gj_krish,450396,1075331,58126,383,5.41%,12.99%,2026-02-17,https://www.instagram.com/p/DU3MIj6j4B8/,"🔍 Likely Boosted (Targeted Ad): Scale engagement (58,126 likes) indicates paid media support",Thoo evr aunty alyaa🤨
562,Tier 3: Toggle OFF + Boosted,Reliance Digital,"Pan-India / Maharashtra (HQ: Mumbai, Reliance Retail)",@gj_krish,450396,1075331,58126,383,5.41%,12.99%,2025-03-28,https://www.instagram.com/p/DHvl68RSMU5/,"🔍 Likely Boosted (Targeted Ad): Scale engagement (58,126 likes) indicates paid media support","Habba bandra Holgi tinnbek, shopping madbek! 😋✨"
563,Tier 3: Toggle OFF + Boosted,Vijay Sales,Maharashtra / Pan-India (HQ: Mumbai),@wokenupsid_,366041,1074739,58094,839,5.41%,16.10%,2025-12-28,https://www.instagram.com/p/DSzT2cOiZoe/,"🔍 Likely Boosted (Targeted Ad): Scale engagement (58,094 likes) indicates paid media support",highest budget tv serial of Instagram
564,Tier 3: Toggle OFF + Boosted,Vijay Sales,Maharashtra / Pan-India (HQ: Mumbai),@wokenupsid_,366041,1074739,58094,839,5.41%,16.10%,2025-09-19,https://www.instagram.com/p/DOyXf0YiTbJ/,"🔍 Likely Boosted (Targeted Ad): Scale engagement (58,094 likes) indicates paid media support",First day first show
565,Tier 3: Toggle OFF + Boosted,Vijay Sales,Maharashtra / Pan-India (HQ: Mumbai),@wokenupsid_,366041,1074739,58094,839,5.41%,16.10%,2024-12-29,https://www.instagram.com/p/DEKzGdQSfzf/,"🔍 Likely Boosted (Targeted Ad): Scale engagement (58,094 likes) indicates paid media support",Every TV serial ever
566,Tier 3: Toggle OFF + Boosted,Sathya,Tamil Nadu (HQ: Tuticorin / Chennai),@raja_wifey_official,162801,1069133,57791,356,5.41%,35.72%,2025-11-02,https://www.instagram.com/p/DQikernEkOG/,🚀 Boosted (Paid Ad Spend): High view-to-follower reach multiplier (6.57x) on macro creator,Don’t miss the biggest shopping day of the month!
567,Tier 3: Toggle OFF + Boosted,Sathya,Tamil Nadu (HQ: Tuticorin / Chennai),@raja_wifey_official,162801,1069133,57791,356,5.41%,35.72%,2025-07-24,https://www.instagram.com/p/DMfLwNCvV4o/,🚀 Boosted (Paid Ad Spend): High view-to-follower reach multiplier (6.57x) on macro creator,Fridge & Washing Machine upto 3000 வரை Exchange valueAADI SALE BEGINS at @sathya.retail ! Don’t miss the biggest deals of the season.
568,Tier 3: Toggle OFF + Boosted,Croma,"Pan-India / Maharashtra (HQ: Mumbai, Tata Group)",@sahilbulla,283706,1068782,57772,277,5.41%,20.46%,2025-10-24,https://www.instagram.com/p/DQMOpRsjV4o/,"🔍 Likely Boosted (Targeted Ad): Scale engagement (57,772 likes) indicates paid media support",Met my best friend today at the @croma.retail Store! Head over right now to meet them too!
569,Tier 3: Toggle OFF + Boosted,Sathya,Tamil Nadu (HQ: Tuticorin / Chennai),@anjali_manasvi,239642,1068560,57760,96,5.41%,24.14%,2026-08-12,https://www.instagram.com/p/Db8IQ1WM3dx/,🚀 Boosted (Paid Ad Spend): High view-to-follower reach multiplier (4.46x) on macro creator,Independence day sale @sathya.retail!
570,Tier 3: Toggle OFF + Boosted,Sathya,Tamil Nadu (HQ: Tuticorin / Chennai),@kavinjo__,230869,1065729,57607,74,5.41%,24.98%,2026-02-21,https://www.instagram.com/p/DVAwGiAj4Em/,🚀 Boosted (Paid Ad Spend): High view-to-follower reach multiplier (4.62x) on macro creator,End 😂 tag that friend 🤣
571,Tier 3: Toggle OFF + Boosted,Aditya Vision,"Bihar, Jharkhand & UP (HQ: Patna)",@allrounder_archana,138779,1064490,57540,1800,5.41%,42.76%,2026-03-07,https://www.instagram.com/p/DVlLXMpEkk3/,🚀 Boosted (Paid Ad Spend): High view-to-follower reach multiplier (7.67x) on macro creator,Future ka smartphone aa gaya! 🔥
572,Tier 3: Toggle OFF + Boosted,Tata Neu,"Pan-India / Maharashtra (HQ: Mumbai, Tata Digital)",@prachiandharsh,735830,1060771,57339,539,5.41%,7.87%,2025-07-22,https://www.instagram.com/p/DMaPWLFtQSq/,"🔍 Likely Boosted (Targeted Ad): Scale engagement (57,339 likes) indicates paid media support",We’re all for fulfilling our dreams NOW.. not waiting till we’re old! Here are 3 travel hacks that helped us make it happen ✈️🌍
573,Tier 3: Toggle OFF + Boosted,Aditya Vision,"Bihar, Jharkhand & UP (HQ: Patna)",@gorakhpur_flameup,59233,1057275,57150,62,5.41%,96.59%,2026-08-10,https://www.instagram.com/p/Db2dVs2zzMR/,"🔍 Likely Boosted (Targeted Ad): Scale engagement (57,150 likes) indicates paid media support",🇮🇳 आज़ादी का जश्न + बंपर बचत! 🔥
574,Tier 3: Toggle OFF + Boosted,Aditya Vision,"Bihar, Jharkhand & UP (HQ: Patna)",@gorakhpur_flameup,59233,1057275,57150,62,5.41%,96.59%,2026-05-26,https://www.instagram.com/p/DYy-9z_zqxI/,"🔍 Likely Boosted (Targeted Ad): Scale engagement (57,150 likes) indicates paid media support",कुछ TVs सिर्फ content दिखाते हैं…
575,Tier 3: Toggle OFF + Boosted,Sathya,Tamil Nadu (HQ: Tuticorin / Chennai),@hey_itzz_jerons__,210663,1055536,57056,505,5.41%,27.32%,2026-08-08,https://www.instagram.com/p/Dbx3eHhNTOf/,🚀 Boosted (Paid Ad Spend): High view-to-follower reach multiplier (5.01x) on macro creator,@sathya.retail vivo s2 pre-booking is now open!
576,Tier 3: Toggle OFF + Boosted,Reliance Digital,"Pan-India / Maharashtra (HQ: Mumbai, Reliance Retail)",@arunvijayno1,2013127,1052095,56870,127,5.41%,2.83%,2025-07-09,https://www.instagram.com/p/DL4sc34S9xF/,"🔍 Likely Boosted (Targeted Ad): Scale engagement (56,870 likes) indicates paid media support","Thrilled to launch the all-new #OPPOReno14Series at Reliance Digital, Nexus Vijaya Mall, Chennai!"
577,Tier 3: Toggle OFF + Boosted,Sathya,Tamil Nadu (HQ: Tuticorin / Chennai),@mirnaliniravi,1486479,1051651,56846,294,5.41%,3.84%,2025-10-18,https://www.instagram.com/p/DP9ABWwE-1H/,"🔍 Likely Boosted (Targeted Ad): Scale engagement (56,846 likes) indicates paid media support",Meet the future of fabric care – the all-new Haier F9 Series Washing Machine is here! 💧✨ Smarter. Cleaner. Quieter.
578,Tier 3: Toggle OFF + Boosted,Sathya,Tamil Nadu (HQ: Tuticorin / Chennai),@chutty_paiyen_,507322,1047525,56623,503,5.41%,11.26%,2026-02-22,https://www.instagram.com/p/DVDs-XiE6F_/,"🔍 Likely Boosted (Targeted Ad): Scale engagement (56,623 likes) indicates paid media support",@sathya.retail vivo v70 elite prebook started
579,Tier 3: Toggle OFF + Boosted,Tata Neu,"Pan-India / Maharashtra (HQ: Mumbai, Tata Digital)",@maggi.says,944561,1037572,56085,1029,5.41%,6.05%,2024-12-28,https://www.instagram.com/p/DEHwXoupaJl/,"🔍 Likely Boosted (Targeted Ad): Scale engagement (56,085 likes) indicates paid media support","// Can someone tell @devanshkamboj , “New year, New outfit, New me” is a thing 😜"
580,Tier 3: Toggle OFF + Boosted,Sathya,Tamil Nadu (HQ: Tuticorin / Chennai),@3sha_varshiiii,74474,1036555,56030,93,5.41%,75.36%,2026-06-27,https://www.instagram.com/p/DaFN47Mxr4f/,"🔍 Likely Boosted (Targeted Ad): Scale engagement (56,030 likes) indicates paid media support",The Wait Is Over! @sathya.retail  Full Moon Sale Is Here
581,Tier 3: Toggle OFF + Boosted,Sathya,Tamil Nadu (HQ: Tuticorin / Chennai),@insta_queen_angel__,270594,1036203,56011,438,5.41%,20.86%,2026-07-27,https://www.instagram.com/p/DbSbm1jvv19/,"🔍 Likely Boosted (Targeted Ad): Scale engagement (56,011 likes) indicates paid media support",•Kanyakumari nalla Veyil guys 🥵 enna pannalam solluga 😁
582,Tier 3: Toggle OFF + Boosted,Sathya,Tamil Nadu (HQ: Tuticorin / Chennai),@dana__danasri,823884,1033299,55854,261,5.41%,6.81%,2026-06-27,https://www.instagram.com/p/DaFmRM2JMrY/,"🔍 Likely Boosted (Targeted Ad): Scale engagement (55,854 likes) indicates paid media support",Jamaican peanut punch🇯🇲 🥊
583,Tier 3: Toggle OFF + Boosted,Sathya,Tamil Nadu (HQ: Tuticorin / Chennai),@dana__danasri,823884,1033299,55854,261,5.41%,6.81%,2026-01-23,https://www.instagram.com/p/DT2XYm6EXDj/,"🔍 Likely Boosted (Targeted Ad): Scale engagement (55,854 likes) indicates paid media support",@sathya.retail Sathya Republic Day Sale is Live!
584,Tier 3: Toggle OFF + Boosted,Sathya,Tamil Nadu (HQ: Tuticorin / Chennai),@dana__danasri,823884,1033299,55854,261,5.41%,6.81%,2025-12-03,https://www.instagram.com/p/DRzYk8EEuIj/,"🔍 Likely Boosted (Targeted Ad): Scale engagement (55,854 likes) indicates paid media support","@sathya.retail Experience the all-new Vivo X300 & X300 Pro with 23mm and 50mm ZEISS lenses, including a 200MP ZEISS main camera. Powered by the Pro Im"
585,Tier 3: Toggle OFF + Boosted,Sathya,Tamil Nadu (HQ: Tuticorin / Chennai),@dana__danasri,823884,1033299,55854,261,5.41%,6.81%,2025-11-02,https://www.instagram.com/p/DQilC1ZEttX/,"🔍 Likely Boosted (Targeted Ad): Scale engagement (55,854 likes) indicates paid media support",Don’t miss the biggest shopping day of the month!
586,Tier 3: Toggle OFF + Boosted,Sathya,Tamil Nadu (HQ: Tuticorin / Chennai),@dana__danasri,823884,1033299,55854,261,5.41%,6.81%,2025-10-03,https://www.instagram.com/p/DPWU8Xpj2vW/,"🔍 Likely Boosted (Targeted Ad): Scale engagement (55,854 likes) indicates paid media support",The moon is rising and so are the deals!
587,Tier 3: Toggle OFF + Boosted,Sathya,Tamil Nadu (HQ: Tuticorin / Chennai),@nandhiniravikumar_,309616,1033132,55845,418,5.41%,18.17%,2026-07-27,https://www.instagram.com/p/DbTM5Y7Nf-U/,"🔍 Likely Boosted (Targeted Ad): Scale engagement (55,845 likes) indicates paid media support",@sathya.retail  Full Moon Sale is here!
588,Tier 3: Toggle OFF + Boosted,Croma,"Pan-India / Maharashtra (HQ: Mumbai, Tata Group)",@mahathalli,878263,1031282,55745,41,5.41%,6.35%,2026-02-17,https://www.instagram.com/p/DU2345OEjPj/,"🔍 Likely Boosted (Targeted Ad): Scale engagement (55,745 likes) indicates paid media support",If “Summer” is already doing early bird entry in Feb… manam kuda ready ga undaali kada? 😌🔥
589,Tier 3: Toggle OFF + Boosted,Reliance Digital,"Pan-India / Maharashtra (HQ: Mumbai, Reliance Retail)",@mahathalli,878263,1031282,55745,41,5.41%,6.35%,2025-01-19,https://www.instagram.com/p/DFAO0lvShV9/,"🔍 Likely Boosted (Targeted Ad): Scale engagement (55,745 likes) indicates paid media support","At the Reliance Digital – Digital India Sale, tech brings my pregnancy cravings & mom’s passions together!"
590,Tier 3: Toggle OFF + Boosted,Sathya,Tamil Nadu (HQ: Tuticorin / Chennai),@kanii_officiall,986562,1028396,55589,208,5.41%,5.66%,2025-11-02,https://www.instagram.com/p/DQimxPXk3hM/,"🔍 Likely Boosted (Targeted Ad): Scale engagement (55,589 likes) indicates paid media support",Don’t miss the biggest shopping day of the month!
591,Tier 3: Toggle OFF + Boosted,Sathya,Tamil Nadu (HQ: Tuticorin / Chennai),@kanii_officiall,986562,1028396,55589,208,5.41%,5.66%,2025-03-27,https://www.instagram.com/p/DHs_Ntsyhz8/,"🔍 Likely Boosted (Targeted Ad): Scale engagement (55,589 likes) indicates paid media support",Excited to launch the OPPO F29 Series at @sathya.retail !  Now available at Sathya!
592,Tier 3: Toggle OFF + Boosted,Sathya,Tamil Nadu (HQ: Tuticorin / Chennai),@azhar__2408,183401,1023605,55330,180,5.41%,30.27%,2026-01-24,https://www.instagram.com/p/DT5ZQLFk_sr/,🚀 Boosted (Paid Ad Spend): High view-to-follower reach multiplier (5.58x) on macro creator,Tag that oc frnd😂
593,Tier 3: Toggle OFF + Boosted,Sathya,Tamil Nadu (HQ: Tuticorin / Chennai),@azhar__2408,183401,1023605,55330,180,5.41%,30.27%,2026-01-06,https://www.instagram.com/p/DTK9vSdk11k/,🚀 Boosted (Paid Ad Spend): High view-to-follower reach multiplier (5.58x) on macro creator,@sathya.retail  oppo reno 15 pro mini prebooking started
594,Tier 3: Toggle OFF + Boosted,Sathya,Tamil Nadu (HQ: Tuticorin / Chennai),@the_childs_journey,204750,1021570,55220,555,5.41%,27.24%,2026-06-27,https://www.instagram.com/p/DaF1CrjhxvB/,🚀 Boosted (Paid Ad Spend): High view-to-follower reach multiplier (4.99x) on macro creator,Children learn best in the kitchen
595,Tier 3: Toggle OFF + Boosted,Electronics Mart,Telangana & Andhra Pradesh (HQ: Hyderabad),@rrajeshyadav05,307370,1020700,55173,626,5.41%,18.15%,2025-10-15,https://www.instagram.com/p/DP1Si7jEQV0/,"🔍 Likely Boosted (Targeted Ad): Scale engagement (55,173 likes) indicates paid media support",Apni Biwi Ka Dhyan Aap Rakho Jeb Ka Eelectronic Mart Rakh lega.
596,Tier 3: Toggle OFF + Boosted,Bajaj Electronics,Telangana & Andhra Pradesh (HQ: Hyderabad),@rrajeshyadav05,307370,1020700,55173,626,5.41%,18.15%,2025-10-15,https://www.instagram.com/p/DP1Si7jEQV0/,"🔍 Likely Boosted (Targeted Ad): Scale engagement (55,173 likes) indicates paid media support",Apni Biwi Ka Dhyan Aap Rakho Jeb Ka Eelectronic Mart Rakh lega.
597,Tier 3: Toggle OFF + Boosted,Sathya,Tamil Nadu (HQ: Tuticorin / Chennai),@jenish_mon_batrick,243928,1005475,54350,194,5.41%,22.36%,2026-06-27,https://www.instagram.com/p/DaFqxLopSNA/,🚀 Boosted (Paid Ad Spend): High view-to-follower reach multiplier (4.12x) on macro creator,Don’t miss the End🤣🔥
598,Tier 3: Toggle OFF + Boosted,Pai International,Karnataka & Telangana (HQ: Bengaluru),@the_powerhouse_,127150,1004143,54278,325,5.41%,42.94%,2026-04-30,https://www.instagram.com/p/DXwBRmKSJ1m/,🚀 Boosted (Paid Ad Spend): High view-to-follower reach multiplier (7.9x) on macro creator,Girlfriend na Mobile Saithnd 😮🥲
599,Tier 3: Toggle OFF + Boosted,Pai International,Karnataka & Telangana (HQ: Bengaluru),@the_powerhouse_,127150,1004143,54278,325,5.41%,42.94%,2025-03-02,https://www.instagram.com/p/DGsRpHFt1nT/,🚀 Boosted (Paid Ad Spend): High view-to-follower reach multiplier (7.9x) on macro creator,Pai International is celebrating 𝟐𝟓 𝐘𝐞𝐚𝐫𝐬 𝐨𝐟 𝐇𝐚𝐩𝐩𝐲 𝐇𝐨𝐦𝐞𝐬 with a 𝐒𝐩𝐞𝐜𝐢𝐚𝐥 𝐀𝐧𝐧𝐢𝐯𝐞𝐫𝐬𝐚𝐫𝐲 𝐒𝐚𝐥𝐞
600,Tier 3: Toggle OFF + Boosted,Sathya,Tamil Nadu (HQ: Tuticorin / Chennai),@viknesh31,614538,1003088,54221,291,5.41%,8.87%,2026-06-19,https://www.instagram.com/p/DZwjg8XSDt9/,"🔍 Likely Boosted (Targeted Ad): Scale engagement (54,221 likes) indicates paid media support",@sathya.retail Samsung Days is here at Sathya from June 19th to 21st!
601,Tier 3: Toggle OFF + Boosted,Sathya,Tamil Nadu (HQ: Tuticorin / Chennai),@viknesh31,614538,1003088,54221,291,5.41%,8.87%,2025-10-10,https://www.instagram.com/p/DPoc4cfErwk/,"🔍 Likely Boosted (Targeted Ad): Scale engagement (54,221 likes) indicates paid media support",@sathya.retail gadgets sale started!
602,Tier 3: Toggle OFF + Boosted,Sathya,Tamil Nadu (HQ: Tuticorin / Chennai),@viknesh31,614538,1003088,54221,291,5.41%,8.87%,2025-09-19,https://www.instagram.com/p/DOyXkgtkt2m/,"🔍 Likely Boosted (Targeted Ad): Scale engagement (54,221 likes) indicates paid media support","GST 2.0 Super Discount Sale is here at @sathya.retail . Govt cut GST from 28% to 18% for ACs, LED TVs, and Dishwashers, means massive price drops star"
603,Tier 3: Toggle OFF + Boosted,Reliance Digital,"Pan-India / Maharashtra (HQ: Mumbai, Reliance Retail)",@i._.gujarati,245897,997242,53905,163,5.41%,21.99%,2026-08-09,https://www.instagram.com/p/Db0hysioyG9/,🚀 Boosted (Paid Ad Spend): High view-to-follower reach multiplier (4.06x) on macro creator,Papa ne convince karva gaya hata…
604,Tier 3: Toggle OFF + Boosted,Sathya,Tamil Nadu (HQ: Tuticorin / Chennai),@pavani9_reddy,1043779,990064,53517,112,5.41%,5.14%,2025-03-01,https://www.instagram.com/p/DGqFwyty6el/,"🔍 Likely Boosted (Targeted Ad): Scale engagement (53,517 likes) indicates paid media support","The all-new iPhone 16e is launched and now available at @sathya.retail! 🚀 Experience innovation with a 6.1-inch Super Retina XDR display, a powerful 4"
605,Tier 3: Toggle OFF + Boosted,Sathya,Tamil Nadu (HQ: Tuticorin / Chennai),@thamizhselvi_,1130376,986716,53336,231,5.41%,4.74%,2026-03-01,https://www.instagram.com/p/DVWKR18jylf/,"🔍 Likely Boosted (Targeted Ad): Scale engagement (53,336 likes) indicates paid media support",Full moon sale is here at @sathya.retail
606,Tier 3: Toggle OFF + Boosted,Sathya,Tamil Nadu (HQ: Tuticorin / Chennai),@thamizhselvi_,1130376,986716,53336,231,5.41%,4.74%,2025-04-18,https://www.instagram.com/p/DIlLyd5MYar/,"🔍 Likely Boosted (Targeted Ad): Scale engagement (53,336 likes) indicates paid media support",Vivo V50e is now available  @sathya.retail ! Grab yours today and enjoy an amazing  offer on a calling smartwatch or Bluetooth speaker!
607,Tier 3: Toggle OFF + Boosted,Sathya,Tamil Nadu (HQ: Tuticorin / Chennai),@erodereels,165317,975819,52747,397,5.41%,32.15%,2025-05-25,https://www.instagram.com/p/DKE1lBqzKny/,🚀 Boosted (Paid Ad Spend): High view-to-follower reach multiplier (5.9x) on macro creator,@sathya.retail Sathya super sale is happening from May 28 - 31
608,Tier 3: Toggle OFF + Boosted,Sathya,Tamil Nadu (HQ: Tuticorin / Chennai),@erodereels,165317,975819,52747,397,5.41%,32.15%,2025-03-26,https://www.instagram.com/p/DHqh6sztYaV/,🚀 Boosted (Paid Ad Spend): High view-to-follower reach multiplier (5.9x) on macro creator,Mega Year end Sale at @sathya.retail!
609,Tier 3: Toggle OFF + Boosted,Great Eastern,West Bengal & East India (HQ: Kolkata),@la.kolkata.tales,73628,975782,52745,371,5.41%,72.14%,2026-07-07,https://www.instagram.com/p/Dae-KmARyIW/,"🔍 Likely Boosted (Targeted Ad): Scale engagement (52,745 likes) indicates paid media support",Football Frenzy found a new home in Kolkata! ⚽️
610,Tier 3: Toggle OFF + Boosted,Sathya,Tamil Nadu (HQ: Tuticorin / Chennai),@varshini.chilukuri,415040,975449,52727,146,5.41%,12.74%,2025-10-09,https://www.instagram.com/p/DPl0xjYkY7R/,"🔍 Likely Boosted (Targeted Ad): Scale engagement (52,727 likes) indicates paid media support",@sathya.retail gadgets sale started!
611,Tier 3: Toggle OFF + Boosted,Reliance Digital,"Pan-India / Maharashtra (HQ: Mumbai, Reliance Retail)",@ezsnippet,3662498,968031,52326,1645,5.41%,1.47%,2025-01-24,https://www.instagram.com/p/DFNPLxlyrlE/,"🔍 Likely Boosted (Targeted Ad): Scale engagement (52,326 likes) indicates paid media support",Big Savings Alert!
612,Tier 3: Toggle OFF + Boosted,Croma,"Pan-India / Maharashtra (HQ: Mumbai, Tata Group)",@siddyshetty,287823,965274,52177,1050,5.41%,18.49%,2025-09-29,https://www.instagram.com/p/DPL8DblDKe8/,"🔍 Likely Boosted (Targeted Ad): Scale engagement (52,177 likes) indicates paid media support",Air fryer vs Kitchen Gang
613,Tier 3: Toggle OFF + Boosted,Sathya,Tamil Nadu (HQ: Tuticorin / Chennai),@saran_official_03_,524103,963572,52085,171,5.41%,9.97%,2026-02-19,https://www.instagram.com/p/DU79EKXjKPs/,"🔍 Likely Boosted (Targeted Ad): Scale engagement (52,085 likes) indicates paid media support",Ayooyoo Enna da ipdi pannida😡🤬
614,Tier 3: Toggle OFF + Boosted,Sathya,Tamil Nadu (HQ: Tuticorin / Chennai),@sakthii_officiall,714814,955617,51655,213,5.41%,7.26%,2025-12-03,https://www.instagram.com/p/DRzUoC_j81P/,"🔍 Likely Boosted (Targeted Ad): Scale engagement (51,655 likes) indicates paid media support","@sathya.retail Experience the all-new Vivo X300 & X300 Pro with 23mm and 50mm ZEISS lenses, including a 200MP ZEISS main camera. Powered by the Pro Im"
615,Tier 3: Toggle OFF + Boosted,Sathya,Tamil Nadu (HQ: Tuticorin / Chennai),@sakthii_officiall,714814,955617,51655,213,5.41%,7.26%,2025-09-19,https://www.instagram.com/p/DOyH1p7D-Rv/,"🔍 Likely Boosted (Targeted Ad): Scale engagement (51,655 likes) indicates paid media support","Hisense 100 inch U7Q Mini LED TV officially launched @sathya.retail . With VIDAA smart OS updates for 8 years, this TV stands as global’s no.1 in the "
616,Tier 3: Toggle OFF + Boosted,Sathya,Tamil Nadu (HQ: Tuticorin / Chennai),@sakthii_officiall,714814,955617,51655,213,5.41%,7.26%,2025-03-21,https://www.instagram.com/p/DHdjfPxyrk8/,"🔍 Likely Boosted (Targeted Ad): Scale engagement (51,655 likes) indicates paid media support",A Cool Summer for Your Family! ❄️👨‍👩‍👧‍👦
617,Tier 3: Toggle OFF + Boosted,Bajaj Electronics,Telangana & Andhra Pradesh (HQ: Hyderabad),@saadhana_naidu,682601,950289,51367,232,5.41%,7.56%,2025-01-21,https://www.instagram.com/p/DFFnOiJSfBs/,"🔍 Likely Boosted (Targeted Ad): Scale engagement (51,367 likes) indicates paid media support",Celebrate Republic Day with Bajaj Electronics!
618,Tier 3: Toggle OFF + Boosted,Sathya,Tamil Nadu (HQ: Tuticorin / Chennai),@sathishkumardsatz,1601623,943759,51014,324,5.41%,3.21%,2026-01-23,https://www.instagram.com/p/DT1se6CEc6d/,"🔍 Likely Boosted (Targeted Ad): Scale engagement (51,014 likes) indicates paid media support",Thanni matter-la Lock pannitale 🤣😂
619,Tier 3: Toggle OFF + Boosted,Sathya,Tamil Nadu (HQ: Tuticorin / Chennai),@sathishkumardsatz,1601623,943759,51014,324,5.41%,3.21%,2025-08-15,https://www.instagram.com/p/DNXf-biRgDX/,"🔍 Likely Boosted (Targeted Ad): Scale engagement (51,014 likes) indicates paid media support","Extremely happy to unbox the vivo v60 with the coolest Sathya MD , @jackson_samuel_j ! Pre-booking is now open @sathya.retail ."
620,Tier 3: Toggle OFF + Boosted,Sathya,Tamil Nadu (HQ: Tuticorin / Chennai),@sathishkumardsatz,1601623,943759,51014,324,5.41%,3.21%,2025-07-08,https://www.instagram.com/p/DL2PMGDR291/,"🔍 Likely Boosted (Targeted Ad): Scale engagement (51,014 likes) indicates paid media support",Enna nilavu sema gaandu aagudhu 😳😩🤣😂
621,Tier 3: Toggle OFF + Boosted,Sathya,Tamil Nadu (HQ: Tuticorin / Chennai),@sathishkumardsatz,1601623,943759,51014,324,5.41%,3.21%,2025-02-07,https://www.instagram.com/p/DFxe13ey1YU/,"🔍 Likely Boosted (Targeted Ad): Scale engagement (51,014 likes) indicates paid media support","I loved the phone so much, I had to bring one home!"
622,Tier 3: Toggle OFF + Boosted,Pai International,Karnataka & Telangana (HQ: Bengaluru),@clumsy_vaishu,112099,942501,50946,413,5.41%,45.82%,2026-04-21,https://www.instagram.com/p/DXYnIN5D2HT/,🚀 Boosted (Paid Ad Spend): High view-to-follower reach multiplier (8.41x) on macro creator,"If you’re upgrading, look at this first 👇"
623,Tier 3: Toggle OFF + Boosted,Sathya,Tamil Nadu (HQ: Tuticorin / Chennai),@pollachi_siblings,47690,941169,50874,697,5.41%,108.14%,2026-07-26,https://www.instagram.com/p/DbQX9D4tP6o/,"🔍 Likely Boosted (Targeted Ad): Scale engagement (50,874 likes) indicates paid media support",@sathya.retail  Full Moon Sale is here!
624,Tier 3: Toggle OFF + Boosted,Sathya,Tamil Nadu (HQ: Tuticorin / Chennai),@mari_malu_official_,159898,939837,50802,114,5.41%,31.84%,2025-05-25,https://www.instagram.com/p/DKE6xlZpCdB/,🚀 Boosted (Paid Ad Spend): High view-to-follower reach multiplier (5.88x) on macro creator,❤️😁✨ @mari_malu_official_
625,Tier 3: Toggle OFF + Boosted,Reliance Digital,"Pan-India / Maharashtra (HQ: Mumbai, Reliance Retail)",@ravimantrii,521962,933843,50478,316,5.41%,9.73%,2026-06-30,https://www.instagram.com/p/DaNeIufpTCf/,"🔍 Likely Boosted (Targeted Ad): Scale engagement (50,478 likes) indicates paid media support",Project chese batch antaa ilaane untaaremo..
626,Tier 3: Toggle OFF + Boosted,Reliance Digital,"Pan-India / Maharashtra (HQ: Mumbai, Reliance Retail)",@ravimantrii,521962,933843,50478,316,5.41%,9.73%,2025-08-08,https://www.instagram.com/p/DNF9rjMpn2z/,"🔍 Likely Boosted (Targeted Ad): Scale engagement (50,478 likes) indicates paid media support","When Amma decides to become an influencer, there’s no looking back! ��"
627,Tier 3: Toggle OFF + Boosted,Pai International,Karnataka & Telangana (HQ: Bengaluru),@habibibroofficial,196211,925074,50004,462,5.41%,25.72%,2026-01-06,https://www.instagram.com/p/DTKuwrmkjum/,🚀 Boosted (Paid Ad Spend): High view-to-follower reach multiplier (4.71x) on macro creator,Tag Your Reddy Friends 😂
628,Tier 3: Toggle OFF + Boosted,Pai International,Karnataka & Telangana (HQ: Bengaluru),@habibibroofficial,196211,925074,50004,462,5.41%,25.72%,2025-12-13,https://www.instagram.com/p/DSM5yKDkqYD/,🚀 Boosted (Paid Ad Spend): High view-to-follower reach multiplier (4.71x) on macro creator,Tag Your Gowda Friends 😂
629,Tier 3: Toggle OFF + Boosted,Croma,"Pan-India / Maharashtra (HQ: Mumbai, Tata Group)",@jogipet_ratnam,165943,922003,49838,312,5.41%,30.22%,2025-10-15,https://www.instagram.com/p/DP1g9YeCPUX/,🚀 Boosted (Paid Ad Spend): High view-to-follower reach multiplier (5.56x) on macro creator,"Aunty came for water, stayed for the gossip… Good thing my freezer (and my bank balance) are chill — thanks to mega savings of 35% at Croma’s Festival"
630,Tier 3: Toggle OFF + Boosted,Vijay Sales,Maharashtra / Pan-India (HQ: Mumbai),@jogipet_ratnam,165943,922003,49838,312,5.41%,30.22%,2025-10-18,https://www.instagram.com/p/DP8z2FLD6I1/,🚀 Boosted (Paid Ad Spend): High view-to-follower reach multiplier (5.56x) on macro creator,"When Amma said her phone wasn’t working, I knew it was time for an upgrade 😅❤️ So we headed to @vijaysalesofficial and found amazing Diwali deals on X"
631,Tier 3: Toggle OFF + Boosted,Reliance Digital,"Pan-India / Maharashtra (HQ: Mumbai, Reliance Retail)",@jogipet_ratnam,165943,922003,49838,312,5.41%,30.22%,2026-01-18,https://www.instagram.com/p/DTpr4jSD6Cj/,🚀 Boosted (Paid Ad Spend): High view-to-follower reach multiplier (5.56x) on macro creator,Amma + Tech= Daily entertainment
632,Tier 3: Toggle OFF + Boosted,Reliance Digital,"Pan-India / Maharashtra (HQ: Mumbai, Reliance Retail)",@jogipet_ratnam,165943,922003,49838,312,5.41%,30.22%,2025-07-08,https://www.instagram.com/p/DL17Sr8vRTn/,🚀 Boosted (Paid Ad Spend): High view-to-follower reach multiplier (5.56x) on macro creator,"When Amma joins the mission, you know it’s serious."
633,Tier 3: Toggle OFF + Boosted,Vijay Sales,Maharashtra / Pan-India (HQ: Mumbai),@shivamgroverofficial,541081,919875,49723,180,5.41%,9.22%,2025-02-09,https://www.instagram.com/p/DF2JDwYheyb/,"🔍 Likely Boosted (Targeted Ad): Scale engagement (49,723 likes) indicates paid media support",2 Minutes Shopping Challenge for Valentines from @vijaysalesofficial
634,Tier 3: Toggle OFF + Boosted,Electronics Mart,Telangana & Andhra Pradesh (HQ: Hyderabad),@shivamgroverofficial,541081,919875,49723,180,5.41%,9.22%,2025-01-24,https://www.instagram.com/p/DFNn2ksBv55/,"🔍 Likely Boosted (Targeted Ad): Scale engagement (49,723 likes) indicates paid media support",Aur Karlo Love Marriage 😛
635,Tier 3: Toggle OFF + Boosted,Bajaj Electronics,Telangana & Andhra Pradesh (HQ: Hyderabad),@shivamgroverofficial,541081,919875,49723,180,5.41%,9.22%,2025-01-24,https://www.instagram.com/p/DFNn2ksBv55/,"🔍 Likely Boosted (Targeted Ad): Scale engagement (49,723 likes) indicates paid media support",Aur Karlo Love Marriage 😛
636,Tier 3: Toggle OFF + Boosted,Reliance Digital,"Pan-India / Maharashtra (HQ: Mumbai, Reliance Retail)",@therajivmakhni,2105355,916231,49526,653,5.41%,2.38%,2026-05-25,https://www.instagram.com/p/DYwtdJAzJxj/,"🔍 Likely Boosted (Targeted Ad): Scale engagement (49,526 likes) indicates paid media support",I’ve Never Seen A Phone Launch Like This🤩🤯
637,Tier 3: Toggle OFF + Boosted,Reliance Digital,"Pan-India / Maharashtra (HQ: Mumbai, Reliance Retail)",@therajivmakhni,2105355,916231,49526,653,5.41%,2.38%,2025-05-30,https://www.instagram.com/p/DKRwFE8TmX-/,"🔍 Likely Boosted (Targeted Ad): Scale engagement (49,526 likes) indicates paid media support",AI VS Humans - Challenge 🔥⚔️
638,Tier 3: Toggle OFF + Boosted,Bajaj Electronics,Telangana & Andhra Pradesh (HQ: Hyderabad),@fariaabdullah,1166402,915380,49480,303,5.41%,4.27%,2025-09-20,https://www.instagram.com/p/DO1MINhgVUi/,"🔍 Likely Boosted (Targeted Ad): Scale engagement (49,480 likes) indicates paid media support","I had a wonderful time at Bajaj Electronics, Panjagutta to unveil the all-new iPhone 17 Pro Max."
639,Tier 3: Toggle OFF + Boosted,Sathya,Tamil Nadu (HQ: Tuticorin / Chennai),@youngster_hobbies,57855,914140,49413,230,5.41%,85.81%,2026-07-27,https://www.instagram.com/p/DbSobFURUpZ/,"🔍 Likely Boosted (Targeted Ad): Scale engagement (49,413 likes) indicates paid media support",Time Ila guys 😍
640,Tier 3: Toggle OFF + Boosted,Aditya Vision,"Bihar, Jharkhand & UP (HQ: Patna)",@champaran_se_hainn,393139,908498,49108,909,5.41%,12.72%,2026-05-27,https://www.instagram.com/p/DY2AlihP71K/,"🔍 Likely Boosted (Targeted Ad): Scale engagement (49,108 likes) indicates paid media support",Upgrade sirf screen ka nahi… poore experience ka hota hai! 🔥
641,Tier 3: Toggle OFF + Boosted,Sathya,Tamil Nadu (HQ: Tuticorin / Chennai),@therealthavaseeli,529934,900302,48665,303,5.41%,9.24%,2026-07-09,https://www.instagram.com/p/Dakmho6uJGV/,"🔍 Likely Boosted (Targeted Ad): Scale engagement (48,665 likes) indicates paid media support",The moment has arrived! The brand-new Oppo Reno 16 Series has been officially launched  and is now available @sathya.retail !
642,Tier 3: Toggle OFF + Boosted,Sathya,Tamil Nadu (HQ: Tuticorin / Chennai),@sherinshringar,1449690,898582,48572,175,5.41%,3.36%,2025-02-05,https://www.instagram.com/p/DFsezD-S4kY/,"🔍 Likely Boosted (Targeted Ad): Scale engagement (48,572 likes) indicates paid media support",The highly anticipated Samsung Galaxy S25 Series is now available at @sathya.retail !
643,Tier 3: Toggle OFF + Boosted,Sathya,Tamil Nadu (HQ: Tuticorin / Chennai),@k_u_t_t_y_m_a345,268774,894142,48332,172,5.41%,18.05%,2026-06-27,https://www.instagram.com/p/DaFu1ZyBjIk/,"🔍 Likely Boosted (Targeted Ad): Scale engagement (48,332 likes) indicates paid media support",😂😂😂
644,Tier 3: Toggle OFF + Boosted,Sathya,Tamil Nadu (HQ: Tuticorin / Chennai),@k_u_t_t_y_m_a345,268774,894142,48332,172,5.41%,18.05%,2025-04-11,https://www.instagram.com/p/DITqA5ESXqg/,"🔍 Likely Boosted (Targeted Ad): Scale engagement (48,332 likes) indicates paid media support",𝐄𝐥𝐥𝐚𝐦𝐞 𝐨𝐟𝐟𝐞𝐫 💖💞💯
645,Tier 3: Toggle OFF + Boosted,Bajaj Electronics,Telangana & Andhra Pradesh (HQ: Hyderabad),@sravanthi_chokarapu,790887,890053,48111,140,5.41%,6.10%,2026-01-09,https://www.instagram.com/p/DTSZHQlgVXa/,"🔍 Likely Boosted (Targeted Ad): Scale engagement (48,111 likes) indicates paid media support",Thrilled to be part of a grand celebration by @bajajelectronicsindia ✨ 🎉
646,Tier 3: Toggle OFF + Boosted,Bajaj Electronics,Telangana & Andhra Pradesh (HQ: Hyderabad),@sravanthi_chokarapu,790887,890053,48111,140,5.41%,6.10%,2025-04-30,https://www.instagram.com/p/DJENEU5zKAu/,"🔍 Likely Boosted (Targeted Ad): Scale engagement (48,111 likes) indicates paid media support",Beat the summer heat with Bajaj Electronics!
647,Tier 3: Toggle OFF + Boosted,Croma,"Pan-India / Maharashtra (HQ: Mumbai, Tata Group)",@trulynomadly,518689,888629,48034,443,5.41%,9.35%,2025-10-07,https://www.instagram.com/p/DPf2rzGiPKj/,"🔍 Likely Boosted (Targeted Ad): Scale engagement (48,034 likes) indicates paid media support",Bombay before alarms awaken the city 🌼
648,Tier 3: Toggle OFF + Boosted,Sathya,Tamil Nadu (HQ: Tuticorin / Chennai),@gayathri_yuvraaj,1591881,887704,47984,227,5.41%,3.03%,2025-04-11,https://www.instagram.com/p/DITpXyTyNRZ/,"🔍 Likely Boosted (Targeted Ad): Scale engagement (47,984 likes) indicates paid media support",Tamil New Year Sale is ON at @sathya.retail ! Celebrate with unbeatable deals! Don’t miss the exciting offers
649,Tier 3: Toggle OFF + Boosted,Sathya,Tamil Nadu (HQ: Tuticorin / Chennai),@x._.minion._.x_,53677,887593,47978,1559,5.41%,92.29%,2025-05-25,https://www.instagram.com/p/DKFOvG5B598/,"🔍 Likely Boosted (Targeted Ad): Scale engagement (47,978 likes) indicates paid media support",💥@sathya.retail Sathya super sale is happening from May 28 - 31
650,Tier 3: Toggle OFF + Boosted,Reliance Digital,"Pan-India / Maharashtra (HQ: Mumbai, Reliance Retail)",@thajmola,476064,886131,47899,156,5.41%,10.09%,2026-01-17,https://www.instagram.com/p/DTnuGgKjAiP/,"🔍 Likely Boosted (Targeted Ad): Scale engagement (47,899 likes) indicates paid media support",Does your dad do the same? Drop in the comments and
651,Tier 3: Toggle OFF + Boosted,Pai International,Karnataka & Telangana (HQ: Bengaluru),@theindianarabofficial,553138,878898,47508,868,5.41%,8.75%,2026-01-23,https://www.instagram.com/p/DT2xoUJEzil/,"🔍 Likely Boosted (Targeted Ad): Scale engagement (47,508 likes) indicates paid media support","🚕 AC confusion irbeku, Pai offers confusion illa! 🇮🇳"
652,Tier 3: Toggle OFF + Boosted,Sathya,Tamil Nadu (HQ: Tuticorin / Chennai),@pasumai_payanam_,189322,878694,47497,141,5.41%,25.16%,2026-06-26,https://www.instagram.com/p/DaC8OZ-PI-9/,🚀 Boosted (Paid Ad Spend): High view-to-follower reach multiplier (4.64x) on macro creator,Vethalam thirupi muranga maram eruthu doii😬
653,Tier 3: Toggle OFF + Boosted,Sathya,Tamil Nadu (HQ: Tuticorin / Chennai),@syamantha.kiran,189472,877510,47433,101,5.41%,25.09%,2026-08-11,https://www.instagram.com/p/Db575RWTNFA/,🚀 Boosted (Paid Ad Spend): High view-to-follower reach multiplier (4.63x) on macro creator,My New Story Begins with Vivo S2!
654,Tier 3: Toggle OFF + Boosted,Sathya,Tamil Nadu (HQ: Tuticorin / Chennai),@padinekumar_offl,473012,873829,47234,260,5.41%,10.04%,2026-07-09,https://www.instagram.com/p/Daklw5hAg3n/,"🔍 Likely Boosted (Targeted Ad): Scale engagement (47,234 likes) indicates paid media support",The moment has arrived! The brand-new Oppo Reno 16 Series has been officially launched  and is now available @sathya.retail !
655,Tier 3: Toggle OFF + Boosted,Sathya,Tamil Nadu (HQ: Tuticorin / Chennai),@padinekumar_offl,473012,873829,47234,260,5.41%,10.04%,2025-09-20,https://www.instagram.com/p/DO05JY9k7-o/,"🔍 Likely Boosted (Targeted Ad): Scale engagement (47,234 likes) indicates paid media support","The all-new OPPO F31 Series has officially launched at @sathya.retail ! With a massive 7000mAh battery and IP68, IP69, IP66 dust & water resistance, t"
656,Tier 3: Toggle OFF + Boosted,Pai International,Karnataka & Telangana (HQ: Bengaluru),@theprooshow,303352,871516,47109,415,5.41%,15.67%,2026-08-14,https://www.instagram.com/p/DcBeccZOIQq/,"🔍 Likely Boosted (Targeted Ad): Scale engagement (47,109 likes) indicates paid media support",ಹೆಣ್ಣೂರಲ್ಲಿ ಇಷ್ಟು ದೊಡ್ಡ electronics store ಬಂದಿದೆಯಾ? 👀🔥
657,Tier 3: Toggle OFF + Boosted,Pai International,Karnataka & Telangana (HQ: Bengaluru),@theprooshow,303352,871516,47109,415,5.41%,15.67%,2025-11-18,https://www.instagram.com/p/DRMyd1Skyia/,"🔍 Likely Boosted (Targeted Ad): Scale engagement (47,109 likes) indicates paid media support",Frustrated husband😫
658,Tier 3: Toggle OFF + Boosted,Pai International,Karnataka & Telangana (HQ: Bengaluru),@theprooshow,303352,871516,47109,415,5.41%,15.67%,2025-10-19,https://www.instagram.com/p/DP_n1L9k8mi/,"🔍 Likely Boosted (Targeted Ad): Scale engagement (47,109 likes) indicates paid media support",Creator of creator❤️
659,Tier 3: Toggle OFF + Boosted,Pai International,Karnataka & Telangana (HQ: Bengaluru),@theprooshow,303352,871516,47109,415,5.41%,15.67%,2025-09-15,https://www.instagram.com/p/DOoBzcik2mC/,"🔍 Likely Boosted (Targeted Ad): Scale engagement (47,109 likes) indicates paid media support",Innocent lover🙂 part-3
660,Tier 3: Toggle OFF + Boosted,Sathya,Tamil Nadu (HQ: Tuticorin / Chennai),@panneer_333,793168,860342,46505,989,5.41%,5.99%,2026-07-27,https://www.instagram.com/p/DbSy2WLvCp9/,"🔍 Likely Boosted (Targeted Ad): Scale engagement (46,505 likes) indicates paid media support",Trip planning 🚗 part - 7 🤣🤣🤣
661,Tier 3: Toggle OFF + Boosted,Sathya,Tamil Nadu (HQ: Tuticorin / Chennai),@laksharul2511_official,522292,857660,46360,54,5.41%,8.89%,2026-07-16,https://www.instagram.com/p/Da2qsHFMCT5/,"🔍 Likely Boosted (Targeted Ad): Scale engagement (46,360 likes) indicates paid media support",Oppo Days are here @sathya.retail
662,Tier 3: Toggle OFF + Boosted,Sathya,Tamil Nadu (HQ: Tuticorin / Chennai),@laksharul2511_official,522292,857660,46360,54,5.41%,8.89%,2026-06-27,https://www.instagram.com/p/DaFkeRHvGlx/,"🔍 Likely Boosted (Targeted Ad): Scale engagement (46,360 likes) indicates paid media support",நிலா வச்சி நீ  reels பண்ணும்🤣நான் நிலாவ போய் வாங்கவே போறேன்😱 🌕 Sathya Full Moon Sale is Here! 🔥
663,Tier 3: Toggle OFF + Boosted,Sathya,Tamil Nadu (HQ: Tuticorin / Chennai),@laksharul2511_official,522292,857660,46360,54,5.41%,8.89%,2025-09-19,https://www.instagram.com/p/DOyUqYhCYoE/,"🔍 Likely Boosted (Targeted Ad): Scale engagement (46,360 likes) indicates paid media support","Hisense 100 inch U7Q Mini LED TV officially launched @sathya.retail . With VIDAA smart OS updates for 8 years, this TV stands as global’s no.1 in the "
664,Tier 3: Toggle OFF + Boosted,Sathya,Tamil Nadu (HQ: Tuticorin / Chennai),@laksharul2511_official,522292,857660,46360,54,5.41%,8.89%,2025-08-06,https://www.instagram.com/p/DNBDCQ3R3Nx/,"🔍 Likely Boosted (Targeted Ad): Scale engagement (46,360 likes) indicates paid media support",Get ready for the Full Moon Sale at @sathya.retail  happening this August 8 from morning 9 AM to midnight 12! Don’t miss special offers on ACs and was
665,Tier 3: Toggle OFF + Boosted,Sathya,Tamil Nadu (HQ: Tuticorin / Chennai),@charulatha_nataraj,207322,857660,46360,209,5.41%,22.46%,2025-05-25,https://www.instagram.com/p/DKE-BJoyIJ9/,🚀 Boosted (Paid Ad Spend): High view-to-follower reach multiplier (4.14x) on macro creator,@sathya.retail Sathya super sale is happening from May 28 - 31
666,Tier 3: Toggle OFF + Boosted,Sathya,Tamil Nadu (HQ: Tuticorin / Chennai),@laksharul2511_official,522292,857660,46360,54,5.41%,8.89%,2025-05-25,https://www.instagram.com/p/DKErq7HxA0M/,"🔍 Likely Boosted (Targeted Ad): Scale engagement (46,360 likes) indicates paid media support",@sathya.retail Sathya super sale is happening from May 28 - 31
667,Tier 3: Toggle OFF + Boosted,Sathya,Tamil Nadu (HQ: Tuticorin / Chennai),@charulatha_nataraj,207322,857660,46360,209,5.41%,22.46%,2025-03-21,https://www.instagram.com/p/DHdvHzqygFf/,🚀 Boosted (Paid Ad Spend): High view-to-follower reach multiplier (4.14x) on macro creator,"OPPO F29 Series is now available at @sathya.retail ! Powered by Snapdragon 6 Gen 1, 6500mAh battery with 45W SuperVOOC™️ charging, and IP66, IP68, IP6"
668,Tier 3: Toggle OFF + Boosted,Pai International,Karnataka & Telangana (HQ: Bengaluru),@info._.kannadiga,253792,850556,45976,158,5.41%,18.18%,2026-08-12,https://www.instagram.com/p/Db8KRHvpNKX/,"🔍 Likely Boosted (Targeted Ad): Scale engagement (45,976 likes) indicates paid media support",Some upgrades just make everyday life feel easier. 💙
669,Tier 3: Toggle OFF + Boosted,Sathya,Tamil Nadu (HQ: Tuticorin / Chennai),@ashwathy_agnihothri_,568047,844377,45642,511,5.41%,8.12%,2026-08-03,https://www.instagram.com/p/DblJDfjJ421/,"🔍 Likely Boosted (Targeted Ad): Scale engagement (45,642 likes) indicates paid media support","Experience a whole new way to create, work, and capture every moment with the all-new Samsung Galaxy Z Fold8, Z Fold8 Ultra & Z Flip8, now available a"
670,Tier 3: Toggle OFF + Boosted,Sathya,Tamil Nadu (HQ: Tuticorin / Chennai),@gabriellacharlton_,2284500,834738,45121,200,5.41%,1.98%,2025-04-26,https://www.instagram.com/p/DI6I5uwvNa8/,"🔍 Likely Boosted (Targeted Ad): Scale engagement (45,121 likes) indicates paid media support","“See Clearly, Even Under Bright Sun”"
671,Tier 3: Toggle OFF + Boosted,Pai International,Karnataka & Telangana (HQ: Bengaluru),@lavanya.laav_official,236660,833110,45033,138,5.41%,19.09%,2026-01-02,https://www.instagram.com/p/DTAk8IFEU3D/,"🔍 Likely Boosted (Targeted Ad): Scale engagement (45,033 likes) indicates paid media support",You can shop any day
672,Tier 3: Toggle OFF + Boosted,Sathya,Tamil Nadu (HQ: Tuticorin / Chennai),@sakarasaathamum_vadakarium,1311802,831168,44928,99,5.41%,3.43%,2026-08-12,https://www.instagram.com/p/Db8C-2OyL8n/,"🔍 Likely Boosted (Targeted Ad): Scale engagement (44,928 likes) indicates paid media support",10 min High protein soya recipe🔥
673,Tier 3: Toggle OFF + Boosted,Sathya,Tamil Nadu (HQ: Tuticorin / Chennai),@sandiya_palani_official,105323,831168,44928,288,5.41%,42.93%,2026-07-26,https://www.instagram.com/p/DbQLBnRJ3Sb/,🚀 Boosted (Paid Ad Spend): High view-to-follower reach multiplier (7.89x) on macro creator,புது AC வாங்க போலாமா 😇
674,Tier 3: Toggle OFF + Boosted,Sathya,Tamil Nadu (HQ: Tuticorin / Chennai),@arun_2k1,386823,828208,44768,433,5.41%,11.69%,2026-07-29,https://www.instagram.com/p/DbX98Wpyign/,"🔍 Likely Boosted (Targeted Ad): Scale engagement (44,768 likes) indicates paid media support",Tag that friend 😂😂🤣
675,Tier 3: Toggle OFF + Boosted,Sathya,Tamil Nadu (HQ: Tuticorin / Chennai),@shin_chan_cute_smiley,188536,828115,44763,138,5.41%,23.82%,2026-06-27,https://www.instagram.com/p/DaF4gizIbBX/,🚀 Boosted (Paid Ad Spend): High view-to-follower reach multiplier (4.39x) on macro creator,The Wait Is Over! @sathya.retail  Full Moon Sale Is Here
676,Tier 3: Toggle OFF + Boosted,Pai International,Karnataka & Telangana (HQ: Bengaluru),@akshita.rajath,157910,826783,44691,385,5.41%,28.55%,2026-05-02,https://www.instagram.com/p/DX1yDqVpaj5/,🚀 Boosted (Paid Ad Spend): High view-to-follower reach multiplier (5.24x) on macro creator,"With AI-powered features like i-sense technology, 5-in-1 convertible modes, and powerful cooling, you get smart performance to your needs."
677,Tier 3: Toggle OFF + Boosted,Bajaj Electronics,Telangana & Andhra Pradesh (HQ: Hyderabad),@ashu_uuu,1996412,825895,44643,294,5.41%,2.25%,2025-12-10,https://www.instagram.com/p/DSE7R5Pifzy/,"🔍 Likely Boosted (Targeted Ad): Scale engagement (44,643 likes) indicates paid media support",✨ Vijayawada… Big News from Enikepadu! ✨
678,Tier 3: Toggle OFF + Boosted,Bajaj Electronics,Telangana & Andhra Pradesh (HQ: Hyderabad),@ashu_uuu,1996412,825895,44643,294,5.41%,2.25%,2025-01-10,https://www.instagram.com/p/DEpAFacJaa1/,"🔍 Likely Boosted (Targeted Ad): Scale engagement (44,643 likes) indicates paid media support",Graced the Famous @bajajelectronicsindia Grand Finale Event of India’s Biggest Festive Offer Bumper Draw of Rs.1 Crore Cash Prize and 30 Alto K10 Cars
679,Tier 3: Toggle OFF + Boosted,Croma,"Pan-India / Maharashtra (HQ: Mumbai, Tata Group)",@soniyasolosign,1031158,819661,44306,273,5.41%,4.32%,2026-05-19,https://www.instagram.com/p/DYhie-WzeLT/,"🔍 Likely Boosted (Targeted Ad): Scale engagement (44,306 likes) indicates paid media support",Fridge parithabangal 😂😅
680,Tier 3: Toggle OFF + Boosted,Croma,"Pan-India / Maharashtra (HQ: Mumbai, Tata Group)",@soniyasolosign,1031158,819661,44306,273,5.41%,4.32%,2026-01-19,https://www.instagram.com/p/DTsDqMDE8Lq/,"🔍 Likely Boosted (Targeted Ad): Scale engagement (44,306 likes) indicates paid media support",Tag a friend who will prioritize chicken kulambu and great deals over anything.
681,Tier 3: Toggle OFF + Boosted,Croma,"Pan-India / Maharashtra (HQ: Mumbai, Tata Group)",@soniyasolosign,1031158,819661,44306,273,5.41%,4.32%,2024-12-29,https://www.instagram.com/p/DEKl4h3TULh/,"🔍 Likely Boosted (Targeted Ad): Scale engagement (44,306 likes) indicates paid media support",Modern marumagal vs. Mother-in-Law: Who’s Winning the Upgrade Showdown?
682,Tier 3: Toggle OFF + Boosted,Sathya,Tamil Nadu (HQ: Tuticorin / Chennai),@soniyasolosign,1031158,819661,44306,273,5.41%,4.32%,2025-09-20,https://www.instagram.com/p/DO0zzvqE_bQ/,"🔍 Likely Boosted (Targeted Ad): Scale engagement (44,306 likes) indicates paid media support","GST 2.0 Super Discount Sale is here at @sathya.retail . Govt cut GST from 28% to 18% for ACs, LED TVs, and Dishwashers, means massive price drops star"
683,Tier 3: Toggle OFF + Boosted,Sathya,Tamil Nadu (HQ: Tuticorin / Chennai),@soniyasolosign,1031158,819661,44306,273,5.41%,4.32%,2025-09-05,https://www.instagram.com/p/DONvpx5k1k6/,"🔍 Likely Boosted (Targeted Ad): Scale engagement (44,306 likes) indicates paid media support","Get ready for the brightest shopping day! @sathya.retail brings you the Full Moon Sale this September 7, from 9 AM to midnight 12 AM. Shop your favori"
684,Tier 3: Toggle OFF + Boosted,Sathya,Tamil Nadu (HQ: Tuticorin / Chennai),@soniyasolosign,1031158,819661,44306,273,5.41%,4.32%,2025-07-08,https://www.instagram.com/p/DL17KwhSTto/,"🔍 Likely Boosted (Targeted Ad): Scale engagement (44,306 likes) indicates paid media support",“SATHYA’S FULL MOON SALE ALERT!
685,Tier 3: Toggle OFF + Boosted,Sathya,Tamil Nadu (HQ: Tuticorin / Chennai),@aarifsmindvoice,459675,811687,43875,14,5.41%,9.55%,2026-08-08,https://www.instagram.com/p/DbyHGmlhnzh/,"🔍 Likely Boosted (Targeted Ad): Scale engagement (43,875 likes) indicates paid media support",@sathya.retail vivo s2 pre-booking is now open!
686,Tier 3: Toggle OFF + Boosted,Sathya,Tamil Nadu (HQ: Tuticorin / Chennai),@saranyamarunthiah,808809,808505,43703,1732,5.41%,5.62%,2025-11-26,https://www.instagram.com/p/DRhWoxCAf6_/,"🔍 Likely Boosted (Targeted Ad): Scale engagement (43,703 likes) indicates paid media support",@sathya.retail Black Friday Sale – November 27 to 30!
687,Tier 3: Toggle OFF + Boosted,Sathya,Tamil Nadu (HQ: Tuticorin / Chennai),@saranyamarunthiah,808809,808505,43703,1732,5.41%,5.62%,2025-10-03,https://www.instagram.com/p/DPWc8QRgYMV/,"🔍 Likely Boosted (Targeted Ad): Scale engagement (43,703 likes) indicates paid media support",The moon is rising and so are the deals!
688,Tier 3: Toggle OFF + Boosted,Sathya,Tamil Nadu (HQ: Tuticorin / Chennai),@saranyamarunthiah,808809,808505,43703,1732,5.41%,5.62%,2025-08-11,https://www.instagram.com/p/DNN2-A3RKzT/,"🔍 Likely Boosted (Targeted Ad): Scale engagement (43,703 likes) indicates paid media support","Celebrate Independence with Big Savings!  Sathya’s Independence Day super offer From Aug 14–17, @sathya.retail brings you special offers on all home a"
689,Tier 3: Toggle OFF + Boosted,Sathya,Tamil Nadu (HQ: Tuticorin / Chennai),@saranyamarunthiah,808809,808505,43703,1732,5.41%,5.62%,2025-02-27,https://www.instagram.com/p/DGlG900SFik/,"🔍 Likely Boosted (Targeted Ad): Scale engagement (43,703 likes) indicates paid media support",A Cool Summer for Your Family! ❄️👨‍👩‍👧‍👦
690,Tier 3: Toggle OFF + Boosted,Sathya,Tamil Nadu (HQ: Tuticorin / Chennai),@crs_rohith_offl,55862,805471,43539,232,5.41%,78.36%,2026-06-27,https://www.instagram.com/p/DaFwyk0Jm-F/,"🔍 Likely Boosted (Targeted Ad): Scale engagement (43,539 likes) indicates paid media support",நிலா kitta போய் vaangikalam ! 😂❤️‍🔥🌚
691,Tier 3: Toggle OFF + Boosted,Croma,"Pan-India / Maharashtra (HQ: Mumbai, Tata Group)",@haram_khor_,908974,805416,43536,340,5.41%,4.83%,2025-10-06,https://www.instagram.com/p/DPdLs2jDpHm/,"🔍 Likely Boosted (Targeted Ad): Scale engagement (43,536 likes) indicates paid media support","From the grand CSMT to the calm at Marine Drive, every corner of South Mumbai tells a story. With the Samsung Galaxy Z Fold7 and its powerful Galaxy A"
692,Tier 3: Toggle OFF + Boosted,Reliance Digital,"Pan-India / Maharashtra (HQ: Mumbai, Reliance Retail)",@haram_khor_,908974,805416,43536,340,5.41%,4.83%,2025-01-13,https://www.instagram.com/p/DExUSlgtuqz/,"🔍 Likely Boosted (Targeted Ad): Scale engagement (43,536 likes) indicates paid media support","What a day! 🚍✨ We hopped on an open bus for the coolest Photography Trail organised by Reliance Digital around Mumbai, armed with the spectacular Vivo"
693,Tier 3: Toggle OFF + Boosted,Sathya,Tamil Nadu (HQ: Tuticorin / Chennai),@salma.arun_official,374385,801216,43309,5,5.41%,11.57%,2026-08-11,https://www.instagram.com/p/Db6JzqBTsKg/,"🔍 Likely Boosted (Targeted Ad): Scale engagement (43,309 likes) indicates paid media support",My New Story Begins with Vivo S2!
694,Tier 3: Toggle OFF + Boosted,Sathya,Tamil Nadu (HQ: Tuticorin / Chennai),@salma.arun_official,374385,801216,43309,5,5.41%,11.57%,2026-03-01,https://www.instagram.com/p/DVWHMQRE2A5/,"🔍 Likely Boosted (Targeted Ad): Scale engagement (43,309 likes) indicates paid media support",Full moon sale is here at @sathya.retail
695,Tier 3: Toggle OFF + Boosted,Sathya,Tamil Nadu (HQ: Tuticorin / Chennai),@salma.arun_official,374385,801216,43309,5,5.41%,11.57%,2025-12-11,https://www.instagram.com/p/DSHn__nk4C1/,"🔍 Likely Boosted (Targeted Ad): Scale engagement (43,309 likes) indicates paid media support","@sathya.retail happily launched the vivo x300 series, featuring the extraordinary ZEISS APO Telephoto Camera — a masterpiece built for photography per"
696,Tier 3: Toggle OFF + Boosted,Sathya,Tamil Nadu (HQ: Tuticorin / Chennai),@salma.arun_official,374385,801216,43309,5,5.41%,11.57%,2025-09-19,https://www.instagram.com/p/DOyU_sIEkc_/,"🔍 Likely Boosted (Targeted Ad): Scale engagement (43,309 likes) indicates paid media support","Hisense 100 inch U7Q Mini LED TV officially launched @sathya.retail . With VIDAA smart OS updates for 8 years, this TV stands as global’s no.1 in the "
697,Tier 3: Toggle OFF + Boosted,Sathya,Tamil Nadu (HQ: Tuticorin / Chennai),@salma.arun_official,374385,801216,43309,5,5.41%,11.57%,2025-04-26,https://www.instagram.com/p/DI6Kl7GyMk3/,"🔍 Likely Boosted (Targeted Ad): Scale engagement (43,309 likes) indicates paid media support","“See Clearly, Even Under Bright Sun”"
698,Tier 3: Toggle OFF + Boosted,Croma,"Pan-India / Maharashtra (HQ: Mumbai, Tata Group)",@khushaal_pawaar,1107196,800846,43289,453,5.41%,3.95%,2026-02-15,https://www.instagram.com/p/DUxID1QjL4g/,"🔍 Likely Boosted (Targeted Ad): Scale engagement (43,289 likes) indicates paid media support",Aap bhi mere tarah office mein roz late hote hai?😜
699,Tier 3: Toggle OFF + Boosted,Tata Neu,"Pan-India / Maharashtra (HQ: Mumbai, Tata Digital)",@aishwaryamrj,705560,796443,43051,251,5.41%,6.14%,2025-04-27,https://www.instagram.com/p/DI8TFsUTTOS/,"🔍 Likely Boosted (Targeted Ad): Scale engagement (43,051 likes) indicates paid media support",aspiring to be a cheerleader in a gulaabi sadi this Tata IPL with @tataneuofficial 🥰
700,Tier 3: Toggle OFF + Boosted,Tata Neu,"Pan-India / Maharashtra (HQ: Mumbai, Tata Digital)",@aishwaryamrj,705560,796443,43051,251,5.41%,6.14%,2025-04-05,https://www.instagram.com/p/DIEW_o_zYcq/,"🔍 Likely Boosted (Targeted Ad): Scale engagement (43,051 likes) indicates paid media support",Thank god my husband loves cricket as much as I do 🥰
701,Tier 3: Toggle OFF + Boosted,Croma,"Pan-India / Maharashtra (HQ: Mumbai, Tata Group)",@ajaywhines,501174,796351,43046,419,5.41%,8.67%,2026-02-11,https://www.instagram.com/p/DUnn4o5kwfG/,"🔍 Likely Boosted (Targeted Ad): Scale engagement (43,046 likes) indicates paid media support",Ab lekar dikhaunga inse better AC..
702,Tier 3: Toggle OFF + Boosted,Reliance Digital,"Pan-India / Maharashtra (HQ: Mumbai, Reliance Retail)",@pavanwaghulkar,524844,796018,43028,289,5.41%,8.25%,2026-08-10,https://www.instagram.com/p/Db2bQKtK16o/,"🔍 Likely Boosted (Targeted Ad): Scale engagement (43,028 likes) indicates paid media support",तुमचा जुना फोन जर व्यक्ती असता तर तो असाच वागला असता… 😂📱
703,Tier 3: Toggle OFF + Boosted,Croma,"Pan-India / Maharashtra (HQ: Mumbai, Tata Group)",@sara_nareen,1237566,792540,42840,186,5.41%,3.48%,2026-04-18,https://www.instagram.com/p/DXRlhAiSLNe/,"🔍 Likely Boosted (Targeted Ad): Scale engagement (42,840 likes) indicates paid media support",Nee mattum eppadi jolly ah iruka?☀️
704,Tier 3: Toggle OFF + Boosted,Sathya,Tamil Nadu (HQ: Tuticorin / Chennai),@sara_nareen,1237566,792540,42840,186,5.41%,3.48%,2025-11-26,https://www.instagram.com/p/DRhZJiqknzb/,"🔍 Likely Boosted (Targeted Ad): Scale engagement (42,840 likes) indicates paid media support",Ennama acting kudukura😅…
705,Tier 3: Toggle OFF + Boosted,Sathya,Tamil Nadu (HQ: Tuticorin / Chennai),@sara_nareen,1237566,792540,42840,186,5.41%,3.48%,2025-08-19,https://www.instagram.com/p/DNie7IdRCqC/,"🔍 Likely Boosted (Targeted Ad): Scale engagement (42,840 likes) indicates paid media support",Naan Periya Photographer Aagiten😅
706,Tier 3: Toggle OFF + Boosted,Sathya,Tamil Nadu (HQ: Tuticorin / Chennai),@sara_nareen,1237566,792540,42840,186,5.41%,3.48%,2025-07-08,https://www.instagram.com/p/DL2RaCyxF0d/,"🔍 Likely Boosted (Targeted Ad): Scale engagement (42,840 likes) indicates paid media support",Ennathu Maranthu Pocha😅…
707,Tier 3: Toggle OFF + Boosted,Sathya,Tamil Nadu (HQ: Tuticorin / Chennai),@sara_nareen,1237566,792540,42840,186,5.41%,3.48%,2025-03-27,https://www.instagram.com/p/DHtQP_pyVea/,"🔍 Likely Boosted (Targeted Ad): Scale engagement (42,840 likes) indicates paid media support",Rombha bayangaramana aala irupalo😳…
708,Tier 3: Toggle OFF + Boosted,Sathya,Tamil Nadu (HQ: Tuticorin / Chennai),@sara_nareen,1237566,792540,42840,186,5.41%,3.48%,2025-02-20,https://www.instagram.com/p/DGS6zYwyVN4/,"🔍 Likely Boosted (Targeted Ad): Scale engagement (42,840 likes) indicates paid media support",Sooru kettathu oru kuthama😅…
709,Tier 3: Toggle OFF + Boosted,Sathya,Tamil Nadu (HQ: Tuticorin / Chennai),@sara_nareen,1237566,792540,42840,186,5.41%,3.48%,2025-01-24,https://www.instagram.com/p/DFNa45BSMGv/,"🔍 Likely Boosted (Targeted Ad): Scale engagement (42,840 likes) indicates paid media support",Ennathu blade Juice-ha😳…
710,Tier 3: Toggle OFF + Boosted,Great Eastern,West Bengal & East India (HQ: Kolkata),@praveertanwar,28074,789987,42702,193,5.41%,152.80%,2026-01-23,https://www.instagram.com/p/DT1pXSOkZ3A/,"🔍 Likely Boosted (Targeted Ad): Scale engagement (42,702 likes) indicates paid media support",Rajasthan ka bharosemand naam Great Eastern Retail ab pehli baar aapke apne shehar Bikaner mein aa gaya hai.
711,Tier 3: Toggle OFF + Boosted,Sathya,Tamil Nadu (HQ: Tuticorin / Chennai),@official_anithasampath,1166174,789931,42699,214,5.41%,3.68%,2025-11-22,https://www.instagram.com/p/DRWz9KUklhd/,"🔍 Likely Boosted (Targeted Ad): Scale engagement (42,699 likes) indicates paid media support",The all-new OPPO Find X9 Series is here @sathya.retail ! Powered by the MediaTek Dimensity 9500 chipset and Massive 7025mAh ultra-large battery for un
712,Tier 3: Toggle OFF + Boosted,Sathya,Tamil Nadu (HQ: Tuticorin / Chennai),@official_anithasampath,1166174,789931,42699,214,5.41%,3.68%,2025-03-27,https://www.instagram.com/p/DHs6xMKTwql/,"🔍 Likely Boosted (Targeted Ad): Scale engagement (42,699 likes) indicates paid media support",என்னது சுடுதண்ணி test ah😨 happy to launch the OPPO F29 Series at @sathya.retail !  Now available at Sathya!
713,Tier 3: Toggle OFF + Boosted,Sathya,Tamil Nadu (HQ: Tuticorin / Chennai),@official_anithasampath,1166174,789931,42699,214,5.41%,3.68%,2025-03-07,https://www.instagram.com/p/DG5i0P_TuWi/,"🔍 Likely Boosted (Targeted Ad): Scale engagement (42,699 likes) indicates paid media support",A Cool Summer for Your Family! ❄️👨‍👩‍👧‍👦
714,Tier 3: Toggle OFF + Boosted,Reliance Digital,"Pan-India / Maharashtra (HQ: Mumbai, Reliance Retail)",@akhil.jackson,551122,787637,42575,158,5.41%,7.75%,2026-04-06,https://www.instagram.com/p/DWyfELnDw2J/,"🔍 Likely Boosted (Targeted Ad): Scale engagement (42,575 likes) indicates paid media support",Mixer kosam vellam…
715,Tier 3: Toggle OFF + Boosted,Bajaj Electronics,Telangana & Andhra Pradesh (HQ: Hyderabad),@urshyderabadi,458494,785417,42455,84,5.41%,9.28%,2025-02-28,https://www.instagram.com/p/DGns0NmMpGN/,"🔍 Likely Boosted (Targeted Ad): Scale engagement (42,455 likes) indicates paid media support","iPhone 16 at just ₹25,900*!"
716,Tier 3: Toggle OFF + Boosted,Pai International,Karnataka & Telangana (HQ: Bengaluru),@ali_nadaf777,238266,784437,42402,298,5.41%,17.92%,2025-10-08,https://www.instagram.com/p/DPiVY-XCNwA/,"🔍 Likely Boosted (Targeted Ad): Scale engagement (42,402 likes) indicates paid media support","𝐁𝐞𝐥𝐚𝐠𝐚𝐯𝐢, 𝐰𝐞’𝐫𝐞 𝐛𝐚𝐜𝐤! 🎉"
717,Tier 3: Toggle OFF + Boosted,Reliance Digital,"Pan-India / Maharashtra (HQ: Mumbai, Reliance Retail)",@thatpotatoface5,655226,784196,42389,132,5.41%,6.49%,2025-01-19,https://www.instagram.com/p/DFAuBWaPxwe/,"🔍 Likely Boosted (Targeted Ad): Scale engagement (42,389 likes) indicates paid media support","one runs for miles, the other runs for time only to be solved by a meet cute and some tech at reliance digital 😋"
718,Tier 3: Toggle OFF + Boosted,Sathya,Tamil Nadu (HQ: Tuticorin / Chennai),@milk__shakeeee,44326,783919,42374,277,5.41%,96.22%,2026-07-17,https://www.instagram.com/p/Da4J7Ekz1Vn/,"🔍 Likely Boosted (Targeted Ad): Scale engagement (42,374 likes) indicates paid media support",TAG THAT FRND🤣❤️
719,Tier 3: Toggle OFF + Boosted,Sathya,Tamil Nadu (HQ: Tuticorin / Chennai),@_vaishalithaniga,911496,780922,42212,44,5.41%,4.64%,2025-11-02,https://www.instagram.com/p/DQjPuwBkpGP/,"🔍 Likely Boosted (Targeted Ad): Scale engagement (42,212 likes) indicates paid media support",@sathya.dev He always like to irritate me 😡😄 Relatable ?
720,Tier 3: Toggle OFF + Boosted,Sathya,Tamil Nadu (HQ: Tuticorin / Chennai),@_vaishalithaniga,911496,780922,42212,44,5.41%,4.64%,2025-07-15,https://www.instagram.com/p/DMIh96VS7xZ/,"🔍 Likely Boosted (Targeted Ad): Scale engagement (42,212 likes) indicates paid media support",🥵🙄🥵🙄
721,Tier 3: Toggle OFF + Boosted,Sathya,Tamil Nadu (HQ: Tuticorin / Chennai),@im_ajithj,24265,775187,41902,187,5.41%,173.46%,2026-07-27,https://www.instagram.com/p/DbRrkMHhfqx/,"🔍 Likely Boosted (Targeted Ad): Scale engagement (41,902 likes) indicates paid media support",இந்த மாறி நண்பர்களை என்ன செய்வது? #koiyakka #instagood #comedy #tamil #funny
722,Tier 3: Toggle OFF + Boosted,Croma,"Pan-India / Maharashtra (HQ: Mumbai, Tata Group)",@jashwanth_bopanna,534259,774447,41862,372,5.41%,7.91%,2026-07-22,https://www.instagram.com/p/DbGgNBKP7iu/,"🔍 Likely Boosted (Targeted Ad): Scale engagement (41,862 likes) indicates paid media support",The best Back to Campus gift? A laptop they’ll actually use every day. 💻🎒
723,Tier 3: Toggle OFF + Boosted,Sathya,Tamil Nadu (HQ: Tuticorin / Chennai),@athulyaofficial,2438174,770358,41641,167,5.41%,1.71%,2026-05-15,https://www.instagram.com/p/DYXKpw1IKQq/,"🔍 Likely Boosted (Targeted Ad): Scale engagement (41,641 likes) indicates paid media support",Delighted to be part of the grand launch of the all-new Vivo X300 FE in Thoothukudi Sathya✨📱
724,Tier 3: Toggle OFF + Boosted,Sathya,Tamil Nadu (HQ: Tuticorin / Chennai),@chittupattu360,1190786,767787,41502,409,5.41%,3.52%,2026-08-12,https://www.instagram.com/p/Db7qwjeR-uv/,"🔍 Likely Boosted (Targeted Ad): Scale engagement (41,502 likes) indicates paid media support",Start to End🤩Very Useful Info ! More👇Click.
725,Tier 3: Toggle OFF + Boosted,Sathya,Tamil Nadu (HQ: Tuticorin / Chennai),@thehappyvlogs,196166,765807,41395,64,5.41%,21.13%,2025-09-21,https://www.instagram.com/p/DO3ShdkjJV3/,"🔍 Likely Boosted (Targeted Ad): Scale engagement (41,395 likes) indicates paid media support",😩Kai doinu aaidum pola.
726,Tier 3: Toggle OFF + Boosted,Sathya,Tamil Nadu (HQ: Tuticorin / Chennai),@thehappyvlogs,196166,765807,41395,64,5.41%,21.13%,2025-09-05,https://www.instagram.com/p/DOOENgZE2NT/,"🔍 Likely Boosted (Targeted Ad): Scale engagement (41,395 likes) indicates paid media support",😭Otg damaal aaiduchu
727,Tier 3: Toggle OFF + Boosted,Sathya,Tamil Nadu (HQ: Tuticorin / Chennai),@thehappyvlogs,196166,765807,41395,64,5.41%,21.13%,2025-07-06,https://www.instagram.com/p/DLwxQDsSTeX/,"🔍 Likely Boosted (Targeted Ad): Scale engagement (41,395 likes) indicates paid media support",Amma ku iniku pudhu phone vangi tharalam🥳😎
728,Tier 3: Toggle OFF + Boosted,Croma,"Pan-India / Maharashtra (HQ: Mumbai, Tata Group)",@radhika.dihora,391733,762255,41203,414,5.41%,10.62%,2025-04-04,https://www.instagram.com/p/DIA8VkKhswT/,"🔍 Likely Boosted (Targeted Ad): Scale engagement (41,203 likes) indicates paid media support",Garmi me ladies k halat kuch ese rehte hai 😳
729,Tier 3: Toggle OFF + Boosted,Sathya,Tamil Nadu (HQ: Tuticorin / Chennai),@bhuvaneshwarioffl,415157,758592,41005,277,5.41%,9.94%,2026-01-11,https://www.instagram.com/p/DTXyxmEEoQG/,"🔍 Likely Boosted (Targeted Ad): Scale engagement (41,005 likes) indicates paid media support",@sathya.retail  realme 16 pro series successfully launched
730,Tier 3: Toggle OFF + Boosted,Sathya,Tamil Nadu (HQ: Tuticorin / Chennai),@thengamoodi_360,91165,757334,40937,184,5.41%,45.11%,2026-07-26,https://www.instagram.com/p/DbQbFq9ASW1/,"🔍 Likely Boosted (Targeted Ad): Scale engagement (40,937 likes) indicates paid media support",@sathya.retail  Full Moon Sale is here!
731,Tier 3: Toggle OFF + Boosted,Sathya,Tamil Nadu (HQ: Tuticorin / Chennai),@halwa_boy_nellai,85104,757279,40934,99,5.41%,48.22%,2026-07-26,https://www.instagram.com/p/DbQT169sYht/,"🔍 Likely Boosted (Targeted Ad): Scale engagement (40,934 likes) indicates paid media support",🌕 Sathya Big Full Moon Sale is Here! 🔥
732,Tier 3: Toggle OFF + Boosted,Bajaj Electronics,Telangana & Andhra Pradesh (HQ: Hyderabad),@anildevara369,201262,754707,40795,9927,5.41%,25.20%,2026-06-29,https://www.instagram.com/p/DaKrkljJHav/,"🔍 Likely Boosted (Targeted Ad): Scale engagement (40,795 likes) indicates paid media support","This Back to School season, upgrade smarter with Bajaj Electronics!"
733,Tier 3: Toggle OFF + Boosted,Sathya,Tamil Nadu (HQ: Tuticorin / Chennai),@kanmani_manoharan,799898,753246,40716,75,5.41%,5.10%,2026-07-26,https://www.instagram.com/p/DbQjfaVh4eX/,"🔍 Likely Boosted (Targeted Ad): Scale engagement (40,716 likes) indicates paid media support",The wait is over! @sathya.retail Full Moon Day Sale is on July 29 from Morning 9:00 AM to Midnight 12:00 AM
734,Tier 3: Toggle OFF + Boosted,Sathya,Tamil Nadu (HQ: Tuticorin / Chennai),@kanmani_manoharan,799898,753246,40716,75,5.41%,5.10%,2026-01-22,https://www.instagram.com/p/DT0RIlTgfwI/,"🔍 Likely Boosted (Targeted Ad): Scale engagement (40,716 likes) indicates paid media support",@aswath_official Ivana Enna panlam 😡😤
735,Tier 3: Toggle OFF + Boosted,Sathya,Tamil Nadu (HQ: Tuticorin / Chennai),@kanmani_manoharan,799898,753246,40716,75,5.41%,5.10%,2025-11-03,https://www.instagram.com/p/DQmJc0SAZPz/,"🔍 Likely Boosted (Targeted Ad): Scale engagement (40,716 likes) indicates paid media support",Adiney irupen 💃🏽 @aswath_official 😅
736,Tier 3: Toggle OFF + Boosted,Sathya,Tamil Nadu (HQ: Tuticorin / Chennai),@kanmani_manoharan,799898,753246,40716,75,5.41%,5.10%,2025-07-16,https://www.instagram.com/p/DMJ8Ip3h0fH/,"🔍 Likely Boosted (Targeted Ad): Scale engagement (40,716 likes) indicates paid media support",Aswath ku oru Kutty surprise @aswath_official 😉
737,Tier 3: Toggle OFF + Boosted,Sathya,Tamil Nadu (HQ: Tuticorin / Chennai),@kanmani_manoharan,799898,753246,40716,75,5.41%,5.10%,2025-02-21,https://www.instagram.com/p/DGVn-z_ivwE/,"🔍 Likely Boosted (Targeted Ad): Scale engagement (40,716 likes) indicates paid media support",Lusu ah da ne @aswath_official
738,Tier 3: Toggle OFF + Boosted,Sathya,Tamil Nadu (HQ: Tuticorin / Chennai),@arunachaleswaran.pa,778693,752339,40667,315,5.41%,5.26%,2026-01-30,https://www.instagram.com/p/DUJEHdsDobx/,"🔍 Likely Boosted (Targeted Ad): Scale engagement (40,667 likes) indicates paid media support",Is this Your Amma?😅
739,Tier 3: Toggle OFF + Boosted,Sathya,Tamil Nadu (HQ: Tuticorin / Chennai),@sidhu_sid_official,591988,750637,40575,96,5.41%,6.87%,2025-09-05,https://www.instagram.com/p/DON8R81klbe/,"🔍 Likely Boosted (Targeted Ad): Scale engagement (40,575 likes) indicates paid media support","Get ready for the brightest shopping day! @sathya.retail brings you the Full Moon Sale this September 7, from 9 AM to midnight 12 AM. Shop your favori"
740,Tier 3: Toggle OFF + Boosted,Sathya,Tamil Nadu (HQ: Tuticorin / Chennai),@sidhu_sid_official,591988,750637,40575,96,5.41%,6.87%,2025-03-01,https://www.instagram.com/p/DGqAHJCyBiq/,"🔍 Likely Boosted (Targeted Ad): Scale engagement (40,575 likes) indicates paid media support",😍The all-new iPhone 16e is launched and now available at @sathya.retail 🚀
741,Tier 3: Toggle OFF + Boosted,Pai International,Karnataka & Telangana (HQ: Bengaluru),@bhavani_jk999,184311,747178,40388,170,5.41%,22.01%,2025-01-13,https://www.instagram.com/p/DExI1yzvitY/,🚀 Boosted (Paid Ad Spend): High view-to-follower reach multiplier (4.05x) on macro creator,🚨 HUGE SANKRANTHI SALE at Pai International & Pai Mobiles! 🚨
742,Tier 3: Toggle OFF + Boosted,Sathya,Tamil Nadu (HQ: Tuticorin / Chennai),@jeni_vije_loves,529878,745439,40294,247,5.41%,7.65%,2026-07-26,https://www.instagram.com/p/DbQWHs2T0s5/,"🔍 Likely Boosted (Targeted Ad): Scale engagement (40,294 likes) indicates paid media support",First Meet sight 😁😍..
743,Tier 3: Toggle OFF + Boosted,Pai International,Karnataka & Telangana (HQ: Bengaluru),@__tejashwini__rathod__,555488,745143,40278,26,5.41%,7.26%,2025-04-20,https://www.instagram.com/p/DIq3qP8yZox/,"🔍 Likely Boosted (Targeted Ad): Scale engagement (40,278 likes) indicates paid media support","✨ The all-new vivo V50e is here – and it’s built for creators, dreamers, and everyday explorers!"
744,Tier 3: Toggle OFF + Boosted,Sathya,Tamil Nadu (HQ: Tuticorin / Chennai),@_cutiee_boii,71132,742534,40137,570,5.41%,57.23%,2026-06-27,https://www.instagram.com/p/DaF29NXSYkp/,"🔍 Likely Boosted (Targeted Ad): Scale engagement (40,137 likes) indicates paid media support",🌕 Sathya Full Moon Sale is Here! 🔥 @sathya.retail
745,Tier 3: Toggle OFF + Boosted,Sathya,Tamil Nadu (HQ: Tuticorin / Chennai),@kirubakrish_official,456388,742312,40125,469,5.41%,8.89%,2026-07-05,https://www.instagram.com/p/DaZ_oGdTWV4/,"🔍 Likely Boosted (Targeted Ad): Scale engagement (40,125 likes) indicates paid media support",For android lovers ♥️
746,Tier 3: Toggle OFF + Boosted,Sathya,Tamil Nadu (HQ: Tuticorin / Chennai),@voice_of_tiruppur360,25963,738779,39934,121,5.41%,154.28%,2026-04-09,https://www.instagram.com/p/DW6Ji5KmUeE/,"🔍 Likely Boosted (Targeted Ad): Scale engagement (39,934 likes) indicates paid media support",Celebrate the Tamil New Year with exciting offers @sathya.retail !
747,Tier 3: Toggle OFF + Boosted,Sathya,Tamil Nadu (HQ: Tuticorin / Chennai),@delnadavis_,874807,732729,39607,163,5.41%,4.55%,2026-08-03,https://www.instagram.com/p/DblRDIBTlY-/,"🔍 Likely Boosted (Targeted Ad): Scale engagement (39,607 likes) indicates paid media support","Experience a whole new way to create, work, and capture every moment with the all-new Samsung Galaxy Z Fold8, Z Fold8 Ultra & Z Flip8, now available a"
748,Tier 3: Toggle OFF + Boosted,Reliance Digital,"Pan-India / Maharashtra (HQ: Mumbai, Reliance Retail)",@shivung,198532,732637,39602,248,5.41%,20.07%,2025-10-13,https://www.instagram.com/p/DPvzq--ErWQ/,"🔍 Likely Boosted (Targeted Ad): Scale engagement (39,602 likes) indicates paid media support",You can’t hide anything from mom — especially great offers!
749,Tier 3: Toggle OFF + Boosted,Sathya,Tamil Nadu (HQ: Tuticorin / Chennai),@ramyoga__official,308814,730306,39476,75,5.41%,12.81%,2025-02-20,https://www.instagram.com/p/DGS8SBVSCg_/,"🔍 Likely Boosted (Targeted Ad): Scale engagement (39,476 likes) indicates paid media support",இப்படித்தான் சண்டை வருது 😡😡
750,Tier 3: Toggle OFF + Boosted,Sathya,Tamil Nadu (HQ: Tuticorin / Chennai),@sethu_1207,3011742,729806,39449,132,5.41%,1.31%,2025-09-18,https://www.instagram.com/p/DOvsts-j5qY/,"🔍 Likely Boosted (Targeted Ad): Scale engagement (39,449 likes) indicates paid media support","GST 2.0 Super Discount Sale is here at @sathya.retail . Govt cut GST from 28% to 18% for ACs, LED TVs, and Dishwashers, means massive price drops star"
751,Tier 3: Toggle OFF + Boosted,Croma,"Pan-India / Maharashtra (HQ: Mumbai, Tata Group)",@thevishnukaushal,2105311,728992,39405,280,5.41%,1.89%,2025-10-08,https://www.instagram.com/p/DPjBWx_j0QI/,"🔍 Likely Boosted (Targeted Ad): Scale engagement (39,405 likes) indicates paid media support",ALEXENDRA nu milan nu ready hojo saare 🔓 🫣🤪
752,Tier 3: Toggle OFF + Boosted,Sathya,Tamil Nadu (HQ: Tuticorin / Chennai),@chaitrareddy_official,1766610,724441,39159,197,5.41%,2.23%,2025-02-25,https://www.instagram.com/p/DGf89m5Tqi6/,"🔍 Likely Boosted (Targeted Ad): Scale engagement (39,159 likes) indicates paid media support",The all-new Vivo V50 is here! Now available @sathya.retail . Experience next-level performance with the Snapdragon 7 Gen 3 processor and a powerful 60
753,Tier 3: Toggle OFF + Boosted,Sathya,Tamil Nadu (HQ: Tuticorin / Chennai),@poojaskitchen._,121228,720482,38945,302,5.41%,32.38%,2026-06-27,https://www.instagram.com/p/DaFr01eyjrP/,🚀 Boosted (Paid Ad Spend): High view-to-follower reach multiplier (5.94x) on macro creator,Shopping Polamaa 🥰 | The Wait Is Over! @sathya.retail  Full Moon Sale Is Here
754,Tier 3: Toggle OFF + Boosted,Sathya,Tamil Nadu (HQ: Tuticorin / Chennai),@sowmya_sathyaraj,582882,719613,38898,173,5.41%,6.70%,2025-07-16,https://www.instagram.com/p/DMKp3kcRWWj/,"🔍 Likely Boosted (Targeted Ad): Scale engagement (38,898 likes) indicates paid media support",@Sathya.retail  brings you the future in your hands – pre-booking is now open for the all-new Samsung Z Fold 7 & Z Flip 7!  Prebook today and unlock e
755,Tier 3: Toggle OFF + Boosted,Sathya,Tamil Nadu (HQ: Tuticorin / Chennai),@rasigargalin_rasigan_mani,1361778,719021,38866,424,5.41%,2.89%,2025-10-03,https://www.instagram.com/p/DPWdXwhgVLj/,"🔍 Likely Boosted (Targeted Ad): Scale engagement (38,866 likes) indicates paid media support",The moon is rising and so are the deals!
756,Tier 3: Toggle OFF + Boosted,Sathya,Tamil Nadu (HQ: Tuticorin / Chennai),@rasigargalin_rasigan_mani,1361778,719021,38866,424,5.41%,2.89%,2025-07-24,https://www.instagram.com/p/DMfLhqwRPxR/,"🔍 Likely Boosted (Targeted Ad): Scale engagement (38,866 likes) indicates paid media support",Neram vanthaachu…!🥳
757,Tier 3: Toggle OFF + Boosted,Sathya,Tamil Nadu (HQ: Tuticorin / Chennai),@rasigargalin_rasigan_mani,1361778,719021,38866,424,5.41%,2.89%,2025-02-20,https://www.instagram.com/p/DGTBuzWSmXo/,"🔍 Likely Boosted (Targeted Ad): Scale engagement (38,866 likes) indicates paid media support",Important thing is in VIDEO END??🔥 A Cool Summer for Your Family! ❄️👨‍👩‍👧‍👦
758,Tier 3: Toggle OFF + Boosted,Pai International,Karnataka & Telangana (HQ: Bengaluru),@deshpande_akshata,168489,715802,38692,224,5.41%,23.10%,2026-04-26,https://www.instagram.com/p/DXlDMF2EYCn/,🚀 Boosted (Paid Ad Spend): High view-to-follower reach multiplier (4.25x) on macro creator,Big moments deserve a wider view!
759,Tier 3: Toggle OFF + Boosted,Sathya,Tamil Nadu (HQ: Tuticorin / Chennai),@erode_gethu,243929,714858,38641,465,5.41%,16.03%,2025-05-26,https://www.instagram.com/p/DKGVgEtTHko/,"🔍 Likely Boosted (Targeted Ad): Scale engagement (38,641 likes) indicates paid media support",Mudichutinga Ponga 😂🤟🏼
760,Tier 3: Toggle OFF + Boosted,Sathya,Tamil Nadu (HQ: Tuticorin / Chennai),@swathi.konde_official,910979,714803,38638,158,5.41%,4.26%,2026-08-12,https://www.instagram.com/p/Db8ZeL9S1BO/,"🔍 Likely Boosted (Targeted Ad): Scale engagement (38,638 likes) indicates paid media support",My New Story Begins with Vivo S2!
761,Tier 3: Toggle OFF + Boosted,Sathya,Tamil Nadu (HQ: Tuticorin / Chennai),@swathi.konde_official,910979,714803,38638,158,5.41%,4.26%,2025-08-01,https://www.instagram.com/p/DMzZWFOPxi0/,"🔍 Likely Boosted (Targeted Ad): Scale engagement (38,638 likes) indicates paid media support",Why spend hours editing when your voice can do it in seconds?
762,Tier 3: Toggle OFF + Boosted,Sathya,Tamil Nadu (HQ: Tuticorin / Chennai),@swathi.konde_official,910979,714803,38638,158,5.41%,4.26%,2025-02-05,https://www.instagram.com/p/DFsX9G7vjwh/,"🔍 Likely Boosted (Targeted Ad): Scale engagement (38,638 likes) indicates paid media support","The Samsung Galaxy S25 Series is here now available at @sathya.retail , featuring amazing capabilities like Circle It Find It, Now Brief, Press and Ho"
763,Tier 3: Toggle OFF + Boosted,Bajaj Electronics,Telangana & Andhra Pradesh (HQ: Hyderabad),@iamnabeelafridi,755290,712157,38495,178,5.41%,5.12%,2026-06-09,https://www.instagram.com/p/DZXp5UAs07j/,"🔍 Likely Boosted (Targeted Ad): Scale engagement (38,495 likes) indicates paid media support",POV: Your friend bought his iPhone at the wrong time. 😂
764,Tier 3: Toggle OFF + Boosted,Bajaj Electronics,Telangana & Andhra Pradesh (HQ: Hyderabad),@iamnabeelafridi,755290,712157,38495,178,5.41%,5.12%,2025-01-23,https://www.instagram.com/p/DFK2q3gygpN/,"🔍 Likely Boosted (Targeted Ad): Scale engagement (38,495 likes) indicates paid media support","iPhone 15 for 19,400₹? 🙂‍↔️Yep, you read that right. No secret stash, just some serious @bajajelectronicsindia magic! Hurry up & grab yours before the"
765,Tier 3: Toggle OFF + Boosted,Vijay Sales,Maharashtra / Pan-India (HQ: Mumbai),@pooja_mistry30,401269,709845,38370,54,5.41%,9.58%,2025-10-13,https://www.instagram.com/p/DPv9bb3Auqy/,"🔍 Likely Boosted (Targeted Ad): Scale engagement (38,370 likes) indicates paid media support",share and tag it🥺❤️ thankyou mane samjva❤️
766,Tier 3: Toggle OFF + Boosted,Sathya,Tamil Nadu (HQ: Tuticorin / Chennai),@actor_subash_official,282184,709826,38369,71,5.41%,13.62%,2026-07-26,https://www.instagram.com/p/DbQSvFgs_HZ/,"🔍 Likely Boosted (Targeted Ad): Scale engagement (38,369 likes) indicates paid media support",@sathya.retail  Full Moon Sale is here!
767,Tier 3: Toggle OFF + Boosted,Croma,"Pan-India / Maharashtra (HQ: Mumbai, Tata Group)",@realsudeshlehri,1572214,703999,38054,319,5.41%,2.44%,2025-10-05,https://www.instagram.com/p/DPanfoNDNl-/,"🔍 Likely Boosted (Targeted Ad): Scale engagement (38,054 likes) indicates paid media support","Meri acchai, mujhe le dubegi..."
768,Tier 3: Toggle OFF + Boosted,Sathya,Tamil Nadu (HQ: Tuticorin / Chennai),@swethakumar_off,392078,702870,37993,179,5.41%,9.74%,2025-05-25,https://www.instagram.com/p/DKE2_rICOVy/,"🔍 Likely Boosted (Targeted Ad): Scale engagement (37,993 likes) indicates paid media support",@sathya.retail Sathya super sale is happening from May 28 - 31
769,Tier 3: Toggle OFF + Boosted,Sathya,Tamil Nadu (HQ: Tuticorin / Chennai),@poornima_ravii,850390,702778,37988,291,5.41%,4.50%,2025-08-19,https://www.instagram.com/p/DNiqvWgSkS_/,"🔍 Likely Boosted (Targeted Ad): Scale engagement (37,988 likes) indicates paid media support",Power that lasts all day! @sathya.retail proudly launched the stunning vivo v60 with a massive 6500 mAh battery .
770,Tier 3: Toggle OFF + Boosted,Croma,"Pan-India / Maharashtra (HQ: Mumbai, Tata Group)",@whos.devuu,852970,701705,37930,407,5.41%,4.49%,2026-08-07,https://www.instagram.com/p/DbvPJtuN2WL/,"🔍 Likely Boosted (Targeted Ad): Scale engagement (37,930 likes) indicates paid media support",Arey chopra ji sharmao mat🤣
771,Tier 3: Toggle OFF + Boosted,Sathya,Tamil Nadu (HQ: Tuticorin / Chennai),@abi_entertainer,391336,698301,37746,240,5.41%,9.71%,2026-08-11,https://www.instagram.com/p/Db5tL3bS9DX/,"🔍 Likely Boosted (Targeted Ad): Scale engagement (37,746 likes) indicates paid media support",Don’t miss end 😂💙💯
772,Tier 3: Toggle OFF + Boosted,Reliance Digital,"Pan-India / Maharashtra (HQ: Mumbai, Reliance Retail)",@aju_bongo,331577,695396,37589,355,5.41%,11.44%,2025-10-13,https://www.instagram.com/p/DPvi3-HgUA7/,"🔍 Likely Boosted (Targeted Ad): Scale engagement (37,589 likes) indicates paid media support","Festive vibes, fresh beginnings, and a brand-new fridge!"
773,Tier 3: Toggle OFF + Boosted,Bajaj Electronics,Telangana & Andhra Pradesh (HQ: Hyderabad),@always_abhilasha,504057,691715,37390,407,5.41%,7.50%,2025-05-13,https://www.instagram.com/p/DJlDRFVpR39/,"🔍 Likely Boosted (Targeted Ad): Scale engagement (37,390 likes) indicates paid media support",Beat the summer heat with Bajaj Electronics!
774,Tier 3: Toggle OFF + Boosted,Sathya,Tamil Nadu (HQ: Tuticorin / Chennai),@rayan_offl,281018,691178,37361,143,5.41%,13.35%,2025-02-25,https://www.instagram.com/p/DGfy0RavUq_/,"🔍 Likely Boosted (Targeted Ad): Scale engagement (37,361 likes) indicates paid media support",The all-new Vivo V50 is here! Now available @sathya.retail . Experience next-level performance with the Snapdragon 7 Gen 3 processor and a powerful 60
775,Tier 3: Toggle OFF + Boosted,Vijay Sales,Maharashtra / Pan-India (HQ: Mumbai),@sirfmridul,451547,690346,37316,200,5.41%,8.31%,2025-09-29,https://www.instagram.com/p/DPLU7xLikR7/,"🔍 Likely Boosted (Targeted Ad): Scale engagement (37,316 likes) indicates paid media support",Kya aap bhi lena cha rahe ho naya Redmi 15 phone ?
776,Tier 3: Toggle OFF + Boosted,Vijay Sales,Maharashtra / Pan-India (HQ: Mumbai),@hahahahardikkk,324698,689032,37245,232,5.41%,11.54%,2025-05-03,https://www.instagram.com/p/DJMJiSEvXR1/,"🔍 Likely Boosted (Targeted Ad): Scale engagement (37,245 likes) indicates paid media support",Hum dono toh ek hi unit hai 😎
777,Tier 3: Toggle OFF + Boosted,Croma,"Pan-India / Maharashtra (HQ: Mumbai, Tata Group)",@vishakha_divesh,959789,688773,37231,105,5.41%,3.89%,2025-10-10,https://www.instagram.com/p/DPn4RdfDM5_/,"🔍 Likely Boosted (Targeted Ad): Scale engagement (37,231 likes) indicates paid media support",Calling my therapist.. my brain is leaking 🙆🏻‍♂️🫠
778,Tier 3: Toggle OFF + Boosted,Croma,"Pan-India / Maharashtra (HQ: Mumbai, Tata Group)",@vishakha_divesh,959789,688773,37231,105,5.41%,3.89%,2025-02-14,https://www.instagram.com/p/DGDYPBkKO08/,"🔍 Likely Boosted (Targeted Ad): Scale engagement (37,231 likes) indicates paid media support","Surprise dene gaya, khud surprise ho gaya 🥲🙆🏻‍♂️"
779,Tier 3: Toggle OFF + Boosted,Sathya,Tamil Nadu (HQ: Tuticorin / Chennai),@aravind_bowbow,273625,679301,36719,389,5.41%,13.56%,2026-07-27,https://www.instagram.com/p/DbS-5tTpNHS/,"🔍 Likely Boosted (Targeted Ad): Scale engagement (36,719 likes) indicates paid media support",new stove🔥
780,Tier 3: Toggle OFF + Boosted,Bajaj Electronics,Telangana & Andhra Pradesh (HQ: Hyderabad),@suzkr,1584365,674806,36476,334,5.41%,2.32%,2025-04-20,https://www.instagram.com/p/DIq_B3FS6TS/,"🔍 Likely Boosted (Targeted Ad): Scale engagement (36,476 likes) indicates paid media support","Completely overwhelmed, grateful and filled with the blessings of the most wonderful Super Humans who visited us at our gallery this weekend @thecharc"
781,Tier 3: Toggle OFF + Boosted,Bajaj Electronics,Telangana & Andhra Pradesh (HQ: Hyderabad),@suzkr,1584365,674806,36476,334,5.41%,2.32%,2025-04-13,https://www.instagram.com/p/DIZciNSsCgU/,"🔍 Likely Boosted (Targeted Ad): Scale engagement (36,476 likes) indicates paid media support",Villa Verde @cybercity.group x The Charcoal Project Hyderabad @thecharcoalproject our first luxury Villa project in the glorious city of Hyderabad. He
782,Tier 3: Toggle OFF + Boosted,Croma,"Pan-India / Maharashtra (HQ: Mumbai, Tata Group)",@flyingboysz,538878,669163,36171,144,5.41%,6.74%,2026-05-22,https://www.instagram.com/p/DYpKsjgpv3t/,"🔍 Likely Boosted (Targeted Ad): Scale engagement (36,171 likes) indicates paid media support",Delhi ki garmi aur rishtedaron ka showoff: dono jhela nahi jaata 😅
783,Tier 3: Toggle OFF + Boosted,Croma,"Pan-India / Maharashtra (HQ: Mumbai, Tata Group)",@flyingboysz,538878,669163,36171,144,5.41%,6.74%,2025-12-23,https://www.instagram.com/p/DSmvNobiWiJ/,"🔍 Likely Boosted (Targeted Ad): Scale engagement (36,171 likes) indicates paid media support",Samdhiji ki demands kya poori hogi!
784,Tier 3: Toggle OFF + Boosted,Reliance Digital,"Pan-India / Maharashtra (HQ: Mumbai, Reliance Retail)",@thoomakannan,118932,666629,36034,686,5.41%,30.88%,2025-08-24,https://www.instagram.com/p/DNuaCuM5jk7/,🚀 Boosted (Paid Ad Spend): High view-to-follower reach multiplier (5.61x) on macro creator,ഈ ഓണം റീലിൻസ് ഡിജിറ്റലിനൊപ്പം ആഘോഷിക്കാം 🌸❤️
785,Tier 3: Toggle OFF + Boosted,Reliance Digital,"Pan-India / Maharashtra (HQ: Mumbai, Reliance Retail)",@hey_bhagyashree,655932,664594,35924,206,5.41%,5.51%,2026-07-01,https://www.instagram.com/p/DaQF73bsF9L/,"🔍 Likely Boosted (Targeted Ad): Scale engagement (35,924 likes) indicates paid media support",It’s time to put your life first. Everything else can wait.
786,Tier 3: Toggle OFF + Boosted,Sathya,Tamil Nadu (HQ: Tuticorin / Chennai),@_thoonganagaram,120915,664205,35903,55,5.41%,29.74%,2025-03-26,https://www.instagram.com/p/DHqm9FABR1k/,🚀 Boosted (Paid Ad Spend): High view-to-follower reach multiplier (5.49x) on macro creator,Sathya Year end Sale
787,Tier 3: Toggle OFF + Boosted,Sathya,Tamil Nadu (HQ: Tuticorin / Chennai),@stuntvenki,689124,663428,35861,132,5.41%,5.22%,2026-06-19,https://www.instagram.com/p/DZxAxn4RfdS/,"🔍 Likely Boosted (Targeted Ad): Scale engagement (35,861 likes) indicates paid media support",My baby missing 🙀
788,Tier 3: Toggle OFF + Boosted,Pai International,Karnataka & Telangana (HQ: Bengaluru),@harshita__shetty,168246,659691,35659,100,5.41%,21.25%,2026-06-28,https://www.instagram.com/p/DaH-g1vyu0d/,"🔍 Likely Boosted (Targeted Ad): Scale engagement (35,659 likes) indicates paid media support",The Pai Full Moon Saving Mahotsav is here! 🌕
789,Tier 3: Toggle OFF + Boosted,Reliance Digital,"Pan-India / Maharashtra (HQ: Mumbai, Reliance Retail)",@myself_koushani,2220018,653068,35301,445,5.41%,1.61%,2025-09-20,https://www.instagram.com/p/DO0r1ZBktBl/,"🔍 Likely Boosted (Targeted Ad): Scale engagement (35,301 likes) indicates paid media support","Pujo is here, and so is the #MuhuratForCelebrations!"
790,Tier 3: Toggle OFF + Boosted,Bajaj Electronics,Telangana & Andhra Pradesh (HQ: Hyderabad),@nayani_pavani,913465,649368,35101,122,5.41%,3.86%,2025-03-15,https://www.instagram.com/p/DHOleQ7T5sp/,"🔍 Likely Boosted (Targeted Ad): Scale engagement (35,101 likes) indicates paid media support",Beat the summer heat with Bajaj Electronics!
791,Tier 3: Toggle OFF + Boosted,Aditya Vision,"Bihar, Jharkhand & UP (HQ: Patna)",@giridih_updates,314108,647463,34998,337,5.41%,11.25%,2026-08-12,https://www.instagram.com/p/Db7lHGLRXBJ/,"🔍 Likely Boosted (Targeted Ad): Scale engagement (34,998 likes) indicates paid media support","आज़ादी का जश्न, बंपर बचत के संग! 🇮🇳"
792,Tier 3: Toggle OFF + Boosted,Reliance Digital,"Pan-India / Maharashtra (HQ: Mumbai, Reliance Retail)",@sayliraut_,267291,647389,34994,670,5.41%,13.34%,2026-01-17,https://www.instagram.com/p/DTnpYi5DIxz/,"🔍 Likely Boosted (Targeted Ad): Scale engagement (34,994 likes) indicates paid media support",Ata aaichya saglya recipes online yenar thanks to @reliance_digital .
793,Tier 3: Toggle OFF + Boosted,Reliance Digital,"Pan-India / Maharashtra (HQ: Mumbai, Reliance Retail)",@sayliraut_,267291,647389,34994,670,5.41%,13.34%,2025-08-09,https://www.instagram.com/p/DNImTfjzokd/,"🔍 Likely Boosted (Targeted Ad): Scale engagement (34,994 likes) indicates paid media support","Thanks to amchya mummy, I can spare time out of my daily chores for my hobbies."
794,Tier 3: Toggle OFF + Boosted,Sathya,Tamil Nadu (HQ: Tuticorin / Chennai),@saraadevan,90472,646001,34919,168,5.41%,38.78%,2026-08-08,https://www.instagram.com/p/DbyEvybTLZU/,"🔍 Likely Boosted (Targeted Ad): Scale engagement (34,919 likes) indicates paid media support",Naaan keta kaasu ila… Ana un amma ku phone pre booking pana matum kaasu irkoooo??????
795,Tier 3: Toggle OFF + Boosted,Sathya,Tamil Nadu (HQ: Tuticorin / Chennai),@saraadevan,90472,646001,34919,168,5.41%,38.78%,2026-02-21,https://www.instagram.com/p/DVBfWTcE7On/,"🔍 Likely Boosted (Targeted Ad): Scale engagement (34,919 likes) indicates paid media support",Enakaeeee jumkaaaaa kudukuraan nalla 😏
796,Tier 3: Toggle OFF + Boosted,Reliance Digital,"Pan-India / Maharashtra (HQ: Mumbai, Reliance Retail)",@vijayviruz,882694,642079,34707,160,5.41%,3.95%,2026-07-02,https://www.instagram.com/p/DaR4JDzT581/,"🔍 Likely Boosted (Targeted Ad): Scale engagement (34,707 likes) indicates paid media support",Ready to level up with AI? 💻✨
797,Tier 3: Toggle OFF + Boosted,Pai International,Karnataka & Telangana (HQ: Bengaluru),@mokshitha22,945022,641506,34676,89,5.41%,3.68%,2025-07-29,https://www.instagram.com/p/DMsaOZHvFAr/,"🔍 Likely Boosted (Targeted Ad): Scale engagement (34,676 likes) indicates paid media support",🚨 Not your average smartphone drop…
798,Tier 3: Toggle OFF + Boosted,Sathya,Tamil Nadu (HQ: Tuticorin / Chennai),@aparna.balamurali,1845067,641284,34664,153,5.41%,1.89%,2025-07-22,https://www.instagram.com/p/DMaQ3btzEdh/,"🔍 Likely Boosted (Targeted Ad): Scale engagement (34,664 likes) indicates paid media support",Witnessed the future unfold — Galaxy Z Fold7 & Z Flip7 launched in style with Galaxy AI 💫 Proud to be part of this grand moment with @sathya.retail
799,Tier 3: Toggle OFF + Boosted,Pai International,Karnataka & Telangana (HQ: Bengaluru),@bhargavpradhaan,290805,637639,34467,123,5.41%,11.89%,2026-03-13,https://www.instagram.com/p/DV0wYadAR9t/,"🔍 Likely Boosted (Targeted Ad): Scale engagement (34,467 likes) indicates paid media support",I checked the new Nothing Phone (4a) at Pai today and I get the hype now.
800,Tier 3: Toggle OFF + Boosted,Electronics Mart,Telangana & Andhra Pradesh (HQ: Hyderabad),@gorang_grover,294750,637436,34456,403,5.41%,11.83%,2025-02-09,https://www.instagram.com/p/DF28L57TvUB/,"🔍 Likely Boosted (Targeted Ad): Scale engagement (34,456 likes) indicates paid media support","Love is in the air, and so are the best deals!"
801,Tier 3: Toggle OFF + Boosted,Bajaj Electronics,Telangana & Andhra Pradesh (HQ: Hyderabad),@gorang_grover,294750,637436,34456,403,5.41%,11.83%,2025-02-09,https://www.instagram.com/p/DF28L57TvUB/,"🔍 Likely Boosted (Targeted Ad): Scale engagement (34,456 likes) indicates paid media support","Love is in the air, and so are the best deals!"
802,Tier 3: Toggle OFF + Boosted,Pai International,Karnataka & Telangana (HQ: Bengaluru),@sj_akash_066,317807,635419,34347,82,5.41%,10.83%,2026-02-28,https://www.instagram.com/p/DVTgE1WknlD/,"🔍 Likely Boosted (Targeted Ad): Scale engagement (34,347 likes) indicates paid media support",That one friend 😂
803,Tier 3: Toggle OFF + Boosted,Sathya,Tamil Nadu (HQ: Tuticorin / Chennai),@_nandhini_official_,293234,630813,34098,221,5.41%,11.70%,2025-11-27,https://www.instagram.com/p/DRjUwy8Eu0S/,"🔍 Likely Boosted (Targeted Ad): Scale engagement (34,098 likes) indicates paid media support",@sathya.retail Black Friday Sale – November 27 to 30!
804,Tier 3: Toggle OFF + Boosted,Sathya,Tamil Nadu (HQ: Tuticorin / Chennai),@_nandhini_official_,293234,630813,34098,221,5.41%,11.70%,2025-10-04,https://www.instagram.com/p/DPY1nSmDvN8/,"🔍 Likely Boosted (Targeted Ad): Scale engagement (34,098 likes) indicates paid media support",The moon is rising and so are the deals!
805,Tier 3: Toggle OFF + Boosted,Pai International,Karnataka & Telangana (HQ: Bengaluru),@unbox._.karunadu,40012,630017,34055,93,5.41%,85.35%,2026-08-15,https://www.instagram.com/p/DcDjyx9S3oy/,"🔍 Likely Boosted (Targeted Ad): Scale engagement (34,055 likes) indicates paid media support",ಹೆಣ್ಣೂರಲ್ಲಿ shopping ಇನ್ನು ಇನ್ನಷ್ಟು exciting ಆಗಿದೆ! ❤️
806,Tier 3: Toggle OFF + Boosted,Sathya,Tamil Nadu (HQ: Tuticorin / Chennai),@roshan_,755488,627871,33939,156,5.41%,4.51%,2026-06-26,https://www.instagram.com/p/DaDOEEQv3qz/,"🔍 Likely Boosted (Targeted Ad): Scale engagement (33,939 likes) indicates paid media support",Sathya Full Moon Sale is Here!
807,Tier 3: Toggle OFF + Boosted,Sathya,Tamil Nadu (HQ: Tuticorin / Chennai),@roshan_,755488,627871,33939,156,5.41%,4.51%,2025-10-10,https://www.instagram.com/p/DPni4JiES8x/,"🔍 Likely Boosted (Targeted Ad): Scale engagement (33,939 likes) indicates paid media support",@sathya.retail gadgets sale started!
808,Tier 3: Toggle OFF + Boosted,Sathya,Tamil Nadu (HQ: Tuticorin / Chennai),@roshan_,755488,627871,33939,156,5.41%,4.51%,2025-09-06,https://www.instagram.com/p/DOP799LkYNy/,"🔍 Likely Boosted (Targeted Ad): Scale engagement (33,939 likes) indicates paid media support","@sathya.retail full moon sale don’t miss it. Super discount.only one day midnight varai shopping 7 september,it’s Sunday celebration."
809,Tier 3: Toggle OFF + Boosted,Sathya,Tamil Nadu (HQ: Tuticorin / Chennai),@roshan_,755488,627871,33939,156,5.41%,4.51%,2025-07-24,https://www.instagram.com/p/DMfe7UcvcME/,"🔍 Likely Boosted (Targeted Ad): Scale engagement (33,939 likes) indicates paid media support",@sathya.retail Apple Day Sale ALERT!
810,Tier 3: Toggle OFF + Boosted,Reliance Digital,"Pan-India / Maharashtra (HQ: Mumbai, Reliance Retail)",@chunkypanday,828559,627242,33905,126,5.41%,4.11%,2025-04-05,https://www.instagram.com/p/DIDlABEBSps/,"🔍 Likely Boosted (Targeted Ad): Scale engagement (33,905 likes) indicates paid media support","No jokes! Get the most exciting deals at Reliance Digital's #digitalDiscountDays. Enjoy up to ₹25,000 Discount* on leading bank cards & paper finance!"
811,Tier 3: Toggle OFF + Boosted,Aditya Vision,"Bihar, Jharkhand & UP (HQ: Patna)",@beauty__of_bihar_,162331,627057,33895,101,5.41%,20.94%,2026-04-17,https://www.instagram.com/p/DXPO2YDDdC_/,"🔍 Likely Boosted (Targeted Ad): Scale engagement (33,895 likes) indicates paid media support",Bosh Washing Machine और Dishwasher के साथ अब करो Househelp ko bye bye !
812,Tier 3: Toggle OFF + Boosted,Aditya Vision,"Bihar, Jharkhand & UP (HQ: Patna)",@beauty__of_bihar_,162331,627057,33895,101,5.41%,20.94%,2025-12-20,https://www.instagram.com/p/DSfQOihktcz/,"🔍 Likely Boosted (Targeted Ad): Scale engagement (33,895 likes) indicates paid media support",इस winter me apne Ghar ko kare upgrade🏠 😍
813,Tier 3: Toggle OFF + Boosted,Aditya Vision,"Bihar, Jharkhand & UP (HQ: Patna)",@beauty__of_bihar_,162331,627057,33895,101,5.41%,20.94%,2025-10-16,https://www.instagram.com/p/DP3Xjruknu2/,"🔍 Likely Boosted (Targeted Ad): Scale engagement (33,895 likes) indicates paid media support",
814,Tier 3: Toggle OFF + Boosted,Sathya,Tamil Nadu (HQ: Tuticorin / Chennai),@aravindh_._._,290976,626354,33857,118,5.41%,11.68%,2026-08-10,https://www.instagram.com/p/Db3ZozKyM8h/,"🔍 Likely Boosted (Targeted Ad): Scale engagement (33,857 likes) indicates paid media support",Mobile Phone ❌ Four Lines Notebook ✅ Tag That Frnd🙃
815,Tier 3: Toggle OFF + Boosted,Sathya,Tamil Nadu (HQ: Tuticorin / Chennai),@aravindh_._._,290976,626354,33857,118,5.41%,11.68%,2025-04-18,https://www.instagram.com/p/DIl40Y8y3mM/,"🔍 Likely Boosted (Targeted Ad): Scale engagement (33,857 likes) indicates paid media support",Ithula unga Friend yaaru?? 😂💯
816,Tier 3: Toggle OFF + Boosted,Sathya,Tamil Nadu (HQ: Tuticorin / Chennai),@mamawithbabyma,265878,618788,33448,145,5.41%,12.63%,2025-02-27,https://www.instagram.com/p/DGk8Jmny7OU/,"🔍 Likely Boosted (Targeted Ad): Scale engagement (33,448 likes) indicates paid media support",A Cool Summer for Your Family! ❄️👨‍👩‍👧‍👦
817,Tier 3: Toggle OFF + Boosted,Aditya Vision,"Bihar, Jharkhand & UP (HQ: Patna)",@gaya_se_hai,255703,618325,33423,50,5.41%,13.09%,2025-01-04,https://www.instagram.com/p/DEY2FPvT52U/,"🔍 Likely Boosted (Targeted Ad): Scale engagement (33,423 likes) indicates paid media support",॰ Congratulations to Our Lucky Draw Winner!**
818,Tier 3: Toggle OFF + Boosted,Sathya,Tamil Nadu (HQ: Tuticorin / Chennai),@azee02,210397,617345,33370,244,5.41%,15.98%,2026-07-16,https://www.instagram.com/p/Da3H4gXz3LY/,"🔍 Likely Boosted (Targeted Ad): Scale engagement (33,370 likes) indicates paid media support",🔥 OPPO Days @ Sathya Retail 🔥
819,Tier 3: Toggle OFF + Boosted,Sathya,Tamil Nadu (HQ: Tuticorin / Chennai),@parota_balu,274922,614422,33212,60,5.41%,12.10%,2026-06-28,https://www.instagram.com/p/DaIbjcehvte/,"🔍 Likely Boosted (Targeted Ad): Scale engagement (33,212 likes) indicates paid media support",
820,Tier 3: Toggle OFF + Boosted,Sathya,Tamil Nadu (HQ: Tuticorin / Chennai),@gopinath_chinu,289005,614070,33193,220,5.41%,11.56%,2026-07-27,https://www.instagram.com/p/DbSJqA3o9Pk/,"🔍 Likely Boosted (Targeted Ad): Scale engagement (33,193 likes) indicates paid media support",Amma and Her Moodanambikkai 😜🤣 (watch till end 😅)
821,Tier 3: Toggle OFF + Boosted,Sathya,Tamil Nadu (HQ: Tuticorin / Chennai),@rubi_rubisee,1009496,613996,33189,46,5.41%,3.29%,2025-09-06,https://www.instagram.com/p/DOPrr40EQmB/,"🔍 Likely Boosted (Targeted Ad): Scale engagement (33,189 likes) indicates paid media support","Get ready for the brightest shopping day! @sathya.retail brings you the Full Moon Sale this September 7, from 9 AM to midnight 12 AM. Shop your favori"
822,Tier 3: Toggle OFF + Boosted,Aditya Vision,"Bihar, Jharkhand & UP (HQ: Patna)",@gorakhpur_nagari_up53,279075,612498,33108,348,5.41%,11.99%,2025-12-24,https://www.instagram.com/p/DSohy0lk651/,"🔍 Likely Boosted (Targeted Ad): Scale engagement (33,108 likes) indicates paid media support",अब घर बने स्मार्ट और सर्दी बने मज़ेदार ❄️
823,Tier 3: Toggle OFF + Boosted,Aditya Vision,"Bihar, Jharkhand & UP (HQ: Patna)",@gorakhpur_nagari_up53,279075,612498,33108,348,5.41%,11.99%,2025-10-16,https://www.instagram.com/p/DP3E6puE0hM/,"🔍 Likely Boosted (Targeted Ad): Scale engagement (33,108 likes) indicates paid media support",Iss Diwali ghar roshan karo Aditya Vision ke saath!”* ✨
824,Tier 3: Toggle OFF + Boosted,Aditya Vision,"Bihar, Jharkhand & UP (HQ: Patna)",@gorakhpur_nagari_up53,279075,612498,33108,348,5.41%,11.99%,2025-08-13,https://www.instagram.com/p/DNS7ztZMf0S/,"🔍 Likely Boosted (Targeted Ad): Scale engagement (33,108 likes) indicates paid media support",Bumper offers
825,Tier 3: Toggle OFF + Boosted,Sathya,Tamil Nadu (HQ: Tuticorin / Chennai),@vlogger_shivu_og,37792,612461,33106,73,5.41%,87.80%,2026-04-09,https://www.instagram.com/p/DW6JaHCCMZF/,"🔍 Likely Boosted (Targeted Ad): Scale engagement (33,106 likes) indicates paid media support",Celebrate the Tamil New Year with exciting offers @sathya.retail !
826,Tier 3: Toggle OFF + Boosted,Croma,"Pan-India / Maharashtra (HQ: Mumbai, Tata Group)",@adityagoswami04,370842,611036,33029,57,5.41%,8.92%,2025-08-29,https://www.instagram.com/p/DN8OLuyEe75/,"🔍 Likely Boosted (Targeted Ad): Scale engagement (33,029 likes) indicates paid media support",Ganesh Chaturthi with મારી એક ની એક❤️
827,Tier 3: Toggle OFF + Boosted,Sathya,Tamil Nadu (HQ: Tuticorin / Chennai),@tenkasilive,282359,611036,33029,54,5.41%,11.72%,2025-03-27,https://www.instagram.com/p/DHsEgh2TlU0/,"🔍 Likely Boosted (Targeted Ad): Scale engagement (33,029 likes) indicates paid media support",Sathya Year end Sale
828,Tier 3: Toggle OFF + Boosted,Pai International,Karnataka & Telangana (HQ: Bengaluru),@aradhana__bhat,125524,606541,32786,274,5.41%,26.34%,2026-08-07,https://www.instagram.com/p/DbvdHs3TwUj/,🚀 Boosted (Paid Ad Spend): High view-to-follower reach multiplier (4.83x) on macro creator,"After using the Samsung Galaxy A27 5G, I finally understand why people say the right phone makes everyday life easier."
829,Tier 3: Toggle OFF + Boosted,Vijay Sales,Maharashtra / Pan-India (HQ: Mumbai),@gopihappy2,304093,605431,32726,173,5.41%,10.82%,2025-12-11,https://www.instagram.com/p/DSH_FkOE-W_/,"🔍 Likely Boosted (Targeted Ad): Scale engagement (32,726 likes) indicates paid media support","Confused no more! This Samsung Galaxy A17 is the one. Thanks, @vijaysalesofficial A17 #VijaySales #GoodDecision"
830,Tier 3: Toggle OFF + Boosted,Sathya,Tamil Nadu (HQ: Tuticorin / Chennai),@jerson.vlogs,49689,600232,32445,52,5.41%,65.40%,2026-06-27,https://www.instagram.com/p/DaFo1bbP6RW/,"🔍 Likely Boosted (Targeted Ad): Scale engagement (32,445 likes) indicates paid media support",The Wait Is Over! @sathya.retail  Full Moon Sale Is Here
831,Tier 3: Toggle OFF + Boosted,Sathya,Tamil Nadu (HQ: Tuticorin / Chennai),@theni_paiyan_vlogs,66748,599844,32424,52,5.41%,48.65%,2026-05-12,https://www.instagram.com/p/DYOXk_Qs2ze/,"🔍 Likely Boosted (Targeted Ad): Scale engagement (32,424 likes) indicates paid media support",Beat the heat with the Kulu Kulu AC Offer @sathya.retail
832,Tier 3: Toggle OFF + Boosted,Pai International,Karnataka & Telangana (HQ: Bengaluru),@vj_vikhyath_official,291535,599807,32422,265,5.41%,11.21%,2025-01-13,https://www.instagram.com/p/DEw54MPvbCK/,"🔍 Likely Boosted (Targeted Ad): Scale engagement (32,422 likes) indicates paid media support",ಈ ಸಂಕ್ರಾತಿಗೆ 2000 ರೂ. ಗೆ 60 ಲಕ್ಷ ನೀವೂ ಗೆಲ್ಬೋದು ✅❤
833,Tier 3: Toggle OFF + Boosted,Sathya,Tamil Nadu (HQ: Tuticorin / Chennai),@chinjoos_pkd,906783,598253,32338,37,5.41%,3.57%,2026-07-07,https://www.instagram.com/p/Dafn_dpNWz0/,"🔍 Likely Boosted (Targeted Ad): Scale engagement (32,338 likes) indicates paid media support",The wait is over! The all-new Xiaomi 17T is now available at @sathya.retail !
834,Tier 3: Toggle OFF + Boosted,Sathya,Tamil Nadu (HQ: Tuticorin / Chennai),@chinjoos_pkd,906783,598253,32338,37,5.41%,3.57%,2026-01-03,https://www.instagram.com/p/DTDO89Xk_YU/,"🔍 Likely Boosted (Targeted Ad): Scale engagement (32,338 likes) indicates paid media support",@sathya.retail The next-level smartphone experience begins
835,Tier 3: Toggle OFF + Boosted,Bajaj Electronics,Telangana & Andhra Pradesh (HQ: Hyderabad),@artificial_.mind,34453,594886,32156,120,5.41%,93.68%,2026-05-01,https://www.instagram.com/p/DXzQSZ2J4r2/,"🔍 Likely Boosted (Targeted Ad): Scale engagement (32,156 likes) indicates paid media support",🔥 Apple Days are LIVE at Everyone’s Favorite Bajaj Electronics!!
836,Tier 3: Toggle OFF + Boosted,Pai International,Karnataka & Telangana (HQ: Bengaluru),@megha_sv,135935,594405,32130,171,5.41%,23.76%,2026-07-28,https://www.instagram.com/p/DbU9b0stUjj/,🚀 Boosted (Paid Ad Spend): High view-to-follower reach multiplier (4.37x) on macro creator,"Okay, if you’ve been waiting for the right time to upgrade your home or gadgets, this is it! 👀"
837,Tier 3: Toggle OFF + Boosted,Sathya,Tamil Nadu (HQ: Tuticorin / Chennai),@dharmapuri_kingdom,152801,592573,32031,74,5.41%,21.01%,2025-03-27,https://www.instagram.com/p/DHsvtftSMfx/,"🔍 Likely Boosted (Targeted Ad): Scale engagement (32,031 likes) indicates paid media support",Sathya Year end Sale
838,Tier 3: Toggle OFF + Boosted,Sathya,Tamil Nadu (HQ: Tuticorin / Chennai),@abishekchandamarakshan,562787,591685,31983,159,5.41%,5.71%,2025-09-19,https://www.instagram.com/p/DOyK0eQjCVc/,"🔍 Likely Boosted (Targeted Ad): Scale engagement (31,983 likes) indicates paid media support",Ithuku matrum enkita sirichi pesu ma..
839,Tier 3: Toggle OFF + Boosted,Sathya,Tamil Nadu (HQ: Tuticorin / Chennai),@abishekchandamarakshan,562787,591685,31983,159,5.41%,5.71%,2025-02-27,https://www.instagram.com/p/DGk8S6MSwOk/,"🔍 Likely Boosted (Targeted Ad): Scale engagement (31,983 likes) indicates paid media support",Sathya Nu Sonnen Konjam Porumaya Ketirukalame Ammu..
840,Tier 3: Toggle OFF + Boosted,Reliance Digital,"Pan-India / Maharashtra (HQ: Mumbai, Reliance Retail)",@priya.savadi,791064,591001,31946,49,5.41%,4.04%,2025-08-10,https://www.instagram.com/p/DNKb_v0vMIX/,"🔍 Likely Boosted (Targeted Ad): Scale engagement (31,946 likes) indicates paid media support",Say goodbye to chores and hello to freedom! 👋
841,Tier 3: Toggle OFF + Boosted,Pai International,Karnataka & Telangana (HQ: Bengaluru),@priya.savadi,791064,591001,31946,49,5.41%,4.04%,2025-03-27,https://www.instagram.com/p/DHs8e7nv7mK/,"🔍 Likely Boosted (Targeted Ad): Scale engagement (31,946 likes) indicates paid media support","ಪೈ ಇಂಟರ್ನ್ಯಾಷನಲ್ ಶೋರೂಮಿನಲ್ಲಿ LED TV, ವಾಷಿಂಗ್ ಮೆಷಿನ್, ಫ್ರಿಜ್, ಮತ್ತು ಕಿಚನ್ ಅಪ್ಲೈನ್ಸಸ್‌ ಲ್ಯಾಪ್ಟಾಪ್ ಹಾಗೂ ಮೊಬೈಲ್ ಗಳ ಮೇಲೆ ಶೇಕಡಾ 65ರವರೆಗೆ ರಿಯಾಯಿತಿ ದರದಲ್ಲಿ ವಸ"
842,Tier 3: Toggle OFF + Boosted,Sathya,Tamil Nadu (HQ: Tuticorin / Chennai),@raja_sharma_official_2.2.22,647298,590242,31905,124,5.41%,4.95%,2026-08-16,https://www.instagram.com/p/DcFyZHfB63X/,"🔍 Likely Boosted (Targeted Ad): Scale engagement (31,905 likes) indicates paid media support",Iva kitta mattikittu😖
843,Tier 3: Toggle OFF + Boosted,Sathya,Tamil Nadu (HQ: Tuticorin / Chennai),@raja_sharma_official_2.2.22,647298,590242,31905,124,5.41%,4.95%,2025-08-11,https://www.instagram.com/p/DNN3yAHxdSC/,"🔍 Likely Boosted (Targeted Ad): Scale engagement (31,905 likes) indicates paid media support","Celebrate Independence with Big Savings!  Sathya’s Independence Day super offer From Aug 14–17, @sathya.retail brings you special offers on all home a"
844,Tier 3: Toggle OFF + Boosted,Sathya,Tamil Nadu (HQ: Tuticorin / Chennai),@raja_sharma_official_2.2.22,647298,590242,31905,124,5.41%,4.95%,2025-03-20,https://www.instagram.com/p/DHbK0jyy13N/,"🔍 Likely Boosted (Targeted Ad): Scale engagement (31,905 likes) indicates paid media support",A Cool Summer for Your Family! ❄️👨‍👩‍👧‍👦
845,Tier 3: Toggle OFF + Boosted,Reliance Digital,"Pan-India / Maharashtra (HQ: Mumbai, Reliance Retail)",@aditiprabhudeva,1121871,590168,31901,274,5.41%,2.87%,2026-04-06,https://www.instagram.com/p/DWy5rGMDfNt/,"🔍 Likely Boosted (Targeted Ad): Scale engagement (31,901 likes) indicates paid media support","Hogidhu friend shopping ge help maadakke, but agidde bere. 😄"
846,Tier 3: Toggle OFF + Boosted,Bajaj Electronics,Telangana & Andhra Pradesh (HQ: Hyderabad),@mekumatramey,325107,588300,31800,750,5.41%,10.01%,2026-06-28,https://www.instagram.com/p/DaIEQSqRJcR/,"🔍 Likely Boosted (Targeted Ad): Scale engagement (31,800 likes) indicates paid media support",Mayalu Students దగ్గరా నుంచి office work చేసే వాళ్ళ దగ్గరా వరకు ఎ laptop 💻 కొన్న bumbper offers ఇస్తున్నారు మన bajaj electronics లో ఒక్కసారి మీ దగ్గరా
847,Tier 3: Toggle OFF + Boosted,Sathya,Tamil Nadu (HQ: Tuticorin / Chennai),@samyukthaviswanathan,590029,587005,31730,126,5.41%,5.40%,2026-08-04,https://www.instagram.com/p/DbnxB4cIL88/,"🔍 Likely Boosted (Targeted Ad): Scale engagement (31,730 likes) indicates paid media support","Got to experience the new Samsung Galaxy Z Fold8 Series at Sathya Electronics, and also had a fun little time ✨"
848,Tier 3: Toggle OFF + Boosted,Vijay Sales,Maharashtra / Pan-India (HQ: Mumbai),@gauri.more666,561081,584933,31618,122,5.41%,5.66%,2025-10-18,https://www.instagram.com/p/DP9ZidND1jR/,"🔍 Likely Boosted (Targeted Ad): Scale engagement (31,618 likes) indicates paid media support","Walked into Vijay Sales for ideas, walked out with the perfect gift! The Redmi Pad Pro 5G — just what my dad needed to stay connected and entertained "
849,Tier 3: Toggle OFF + Boosted,Sathya,Tamil Nadu (HQ: Tuticorin / Chennai),@_shreedhar__,205339,584415,31590,110,5.41%,15.44%,2025-07-05,https://www.instagram.com/p/DLuntqTJxjV/,"🔍 Likely Boosted (Targeted Ad): Scale engagement (31,590 likes) indicates paid media support",The Oppo Reno 14 Series is Here!
850,Tier 3: Toggle OFF + Boosted,Bajaj Electronics,Telangana & Andhra Pradesh (HQ: Hyderabad),@sri.lallitha.5,311023,584174,31577,128,5.41%,10.19%,2026-05-14,https://www.instagram.com/p/DYUS4QchsLd/,"🔍 Likely Boosted (Targeted Ad): Scale engagement (31,577 likes) indicates paid media support","""vivo X300FE is here!  Loved this👍👌😎😇"
851,Tier 3: Toggle OFF + Boosted,Sathya,Tamil Nadu (HQ: Tuticorin / Chennai),@vijaytelevision,11091447,582842,31505,322,5.41%,0.29%,2025-07-29,https://www.instagram.com/p/DMr8gfFR8Fj/,"🔍 Likely Boosted (Targeted Ad): Scale engagement (31,505 likes) indicates paid media support",🎤 A Moment of Melody & Pride! 🎶
852,Tier 3: Toggle OFF + Boosted,Sathya,Tamil Nadu (HQ: Tuticorin / Chennai),@vijaytelevision,11091447,582842,31505,322,5.41%,0.29%,2025-07-29,https://www.instagram.com/p/DMr8QhdxEUA/,"🔍 Likely Boosted (Targeted Ad): Scale engagement (31,505 likes) indicates paid media support",🎤 A Moment of Melody & Pride! 🎶
853,Tier 3: Toggle OFF + Boosted,Sathya,Tamil Nadu (HQ: Tuticorin / Chennai),@vijaytelevision,11091447,582842,31505,322,5.41%,0.29%,2025-07-29,https://www.instagram.com/p/DMr8DmXRs7p/,"🔍 Likely Boosted (Targeted Ad): Scale engagement (31,505 likes) indicates paid media support",🎤 A Moment of Melody & Pride! 🎶
854,Tier 3: Toggle OFF + Boosted,Sathya,Tamil Nadu (HQ: Tuticorin / Chennai),@vijaytelevision,11091447,582842,31505,322,5.41%,0.29%,2025-07-29,https://www.instagram.com/p/DMr7tA4xZJ3/,"🔍 Likely Boosted (Targeted Ad): Scale engagement (31,505 likes) indicates paid media support",🎤 A Moment of Melody & Pride! 🎶
855,Tier 3: Toggle OFF + Boosted,Sathya,Tamil Nadu (HQ: Tuticorin / Chennai),@siva_trekks,23047,582657,31495,904,5.41%,140.58%,2026-07-27,https://www.instagram.com/p/DbTCMdnhKGH/,"🔍 Likely Boosted (Targeted Ad): Scale engagement (31,495 likes) indicates paid media support",🌕 FULL MOON SALE AT SATHYA! 🔥
856,Tier 3: Toggle OFF + Boosted,Sathya,Tamil Nadu (HQ: Tuticorin / Chennai),@_akshu_aravinth_official,218255,579364,31317,26,5.41%,14.36%,2026-07-28,https://www.instagram.com/p/DbVjfmBC-QU/,"🔍 Likely Boosted (Targeted Ad): Scale engagement (31,317 likes) indicates paid media support",🤣😕Epa pathalum switch off🤯Wait for end😱👇🏻
857,Tier 3: Toggle OFF + Boosted,Sathya,Tamil Nadu (HQ: Tuticorin / Chennai),@_akshu_aravinth_official,218255,579364,31317,26,5.41%,14.36%,2026-01-23,https://www.instagram.com/p/DT2iKawj70R/,"🔍 Likely Boosted (Targeted Ad): Scale engagement (31,317 likes) indicates paid media support",❤️😻Watch till end🥹😻
858,Tier 3: Toggle OFF + Boosted,Sathya,Tamil Nadu (HQ: Tuticorin / Chennai),@_akshu_aravinth_official,218255,579364,31317,26,5.41%,14.36%,2025-06-26,https://www.instagram.com/p/DLXUkbhv_ng/,"🔍 Likely Boosted (Targeted Ad): Scale engagement (31,317 likes) indicates paid media support",😻😱Watch till end😆😂
859,Tier 3: Toggle OFF + Boosted,Sathya,Tamil Nadu (HQ: Tuticorin / Chennai),@_akshu_aravinth_official,218255,579364,31317,26,5.41%,14.36%,2025-05-26,https://www.instagram.com/p/DKHNuhyP625/,"🔍 Likely Boosted (Targeted Ad): Scale engagement (31,317 likes) indicates paid media support",😂😱Watch till end😻💥
860,Tier 3: Toggle OFF + Boosted,Sathya,Tamil Nadu (HQ: Tuticorin / Chennai),@_akshu_aravinth_official,218255,579364,31317,26,5.41%,14.36%,2025-03-21,https://www.instagram.com/p/DHdqw99vdI8/,"🔍 Likely Boosted (Targeted Ad): Scale engagement (31,317 likes) indicates paid media support",watch till end🖤💥🥺
861,Tier 3: Toggle OFF + Boosted,Aditya Vision,"Bihar, Jharkhand & UP (HQ: Patna)",@ishq_e_motihari,146635,578698,31281,146,5.41%,21.43%,2025-09-20,https://www.instagram.com/p/DOz3LQXD1rC/,"🔍 Likely Boosted (Targeted Ad): Scale engagement (31,281 likes) indicates paid media support",The Future is Here 🚀
862,Tier 3: Toggle OFF + Boosted,Pai International,Karnataka & Telangana (HQ: Bengaluru),@epic.praveen,532193,578624,31277,38,5.41%,5.88%,2025-02-07,https://www.instagram.com/p/DFxMvRpvdOm/,"🔍 Likely Boosted (Targeted Ad): Scale engagement (31,277 likes) indicates paid media support",Upgrade maadi nimma smartphone-na with the all-new Samsung Galaxy S25 Ultra! ✨
863,Tier 3: Toggle OFF + Boosted,Sathya,Tamil Nadu (HQ: Tuticorin / Chennai),@_tuty_couples__,186176,576182,31145,87,5.41%,16.78%,2026-07-07,https://www.instagram.com/p/DafrcpbJYXb/,"🔍 Likely Boosted (Targeted Ad): Scale engagement (31,145 likes) indicates paid media support",The wait is over! The all-new Xiaomi 17T is now available at @sathya.retail !
864,Tier 3: Toggle OFF + Boosted,Pai International,Karnataka & Telangana (HQ: Bengaluru),@neglected_romeo_,72661,571372,30885,208,5.41%,42.79%,2025-03-08,https://www.instagram.com/p/DG8LhW4tHIp/,"🔍 Likely Boosted (Targeted Ad): Scale engagement (30,885 likes) indicates paid media support",The Value of Pi😂🔥
865,Tier 3: Toggle OFF + Boosted,Bajaj Electronics,Telangana & Andhra Pradesh (HQ: Hyderabad),@dr.junnuu,123060,571058,30868,193,5.41%,25.24%,2026-08-12,https://www.instagram.com/p/Db7ClJOJJHJ/,🚀 Boosted (Paid Ad Spend): High view-to-follower reach multiplier (4.64x) on macro creator,🍎 Apple Days are LIVE at Bajaj Electronics! ✨
866,Tier 3: Toggle OFF + Boosted,Bajaj Electronics,Telangana & Andhra Pradesh (HQ: Hyderabad),@kushithakallapu,1105406,570281,30826,0,5.41%,2.79%,2025-09-29,https://www.instagram.com/p/DPLv5S0k3MR/,"🔍 Likely Boosted (Targeted Ad): Scale engagement (30,826 likes) indicates paid media support",Bajaj Electronics- India’s Leading Retailer in Electronics is back with its Famous India’s Biggest Festive Offer of ₹1 Crore Cash Prize and 30 Alto K1
867,Tier 3: Toggle OFF + Boosted,Bajaj Electronics,Telangana & Andhra Pradesh (HQ: Hyderabad),@kushithakallapu,1105406,570281,30826,0,5.41%,2.79%,2025-05-10,https://www.instagram.com/p/DJdnZdHpLVF/,"🔍 Likely Boosted (Targeted Ad): Scale engagement (30,826 likes) indicates paid media support",Beat the summer heat with Bajaj Electronics!
868,Tier 3: Toggle OFF + Boosted,Bajaj Electronics,Telangana & Andhra Pradesh (HQ: Hyderabad),@jeevanpriya_reddy,230479,569319,30774,187,5.41%,13.43%,2025-06-22,https://www.instagram.com/p/DLMHsY4J62S/,"🔍 Likely Boosted (Targeted Ad): Scale engagement (30,774 likes) indicates paid media support",Back to College Offers at Bajaj Electronics! 🎓
869,Tier 3: Toggle OFF + Boosted,Pai International,Karnataka & Telangana (HQ: Bengaluru),@jeevanpriya_reddy,230479,569319,30774,187,5.41%,13.43%,2026-01-31,https://www.instagram.com/p/DULig-nk2hN/,"🔍 Likely Boosted (Targeted Ad): Scale engagement (30,774 likes) indicates paid media support",You can shop any day
870,Tier 3: Toggle OFF + Boosted,Sathya,Tamil Nadu (HQ: Tuticorin / Chennai),@nooriparthi,308790,568320,30720,118,5.41%,9.99%,2026-08-12,https://www.instagram.com/p/Db8LZEAvMN1/,"🔍 Likely Boosted (Targeted Ad): Scale engagement (30,720 likes) indicates paid media support",Independence day sale @sathya.retail!
871,Tier 3: Toggle OFF + Boosted,Sathya,Tamil Nadu (HQ: Tuticorin / Chennai),@paaps_couple,104858,566525,30623,93,5.41%,29.29%,2026-07-17,https://www.instagram.com/p/Da5DZqvpEFL/,🚀 Boosted (Paid Ad Spend): High view-to-follower reach multiplier (5.4x) on macro creator,🥲Phone ahh yen da odachaa 😱😭⁉️
872,Tier 3: Toggle OFF + Boosted,Sathya,Tamil Nadu (HQ: Tuticorin / Chennai),@vinithwithkiruthika,121743,563158,30441,126,5.41%,25.11%,2026-07-26,https://www.instagram.com/p/DbQTKv7R2il/,🚀 Boosted (Paid Ad Spend): High view-to-follower reach multiplier (4.63x) on macro creator,Just for information 🥹
873,Tier 3: Toggle OFF + Boosted,Sathya,Tamil Nadu (HQ: Tuticorin / Chennai),@actress_ramyapandian,2676329,560550,30300,177,5.41%,1.14%,2026-08-12,https://www.instagram.com/p/Db7UhhFP9IH/,"🔍 Likely Boosted (Targeted Ad): Scale engagement (30,300 likes) indicates paid media support",My New Story Begins with Vivo S2!
874,Tier 3: Toggle OFF + Boosted,Vijay Sales,Maharashtra / Pan-India (HQ: Mumbai),@saint_in_baggy,701908,560476,30296,223,5.41%,4.35%,2026-05-29,https://www.instagram.com/p/DY7HSEat0_G/,"🔍 Likely Boosted (Targeted Ad): Scale engagement (30,296 likes) indicates paid media support",Realme 16T alag hi level ka hai … phir monsoon trip ka plan normal kaise hota ? 😎🤩
875,Tier 3: Toggle OFF + Boosted,Vijay Sales,Maharashtra / Pan-India (HQ: Mumbai),@saint_in_baggy,701908,560476,30296,223,5.41%,4.35%,2025-10-17,https://www.instagram.com/p/DP6SCl2DPYq/,"🔍 Likely Boosted (Targeted Ad): Scale engagement (30,296 likes) indicates paid media support","Iss Diwali, apna phone bhi upgrade karo aur happiness double lo! ❤️✨ Xiaomi phones + dhamakedaar offers at Vijay Sales = ultimate festive vibe…"
876,Tier 3: Toggle OFF + Boosted,Sathya,Tamil Nadu (HQ: Tuticorin / Chennai),@shreee_offl,643414,556868,30101,233,5.41%,4.71%,2026-03-01,https://www.instagram.com/p/DVWIucrEwrj/,"🔍 Likely Boosted (Targeted Ad): Scale engagement (30,101 likes) indicates paid media support",Full moon sale is here at @sathya.retail
877,Tier 3: Toggle OFF + Boosted,Sathya,Tamil Nadu (HQ: Tuticorin / Chennai),@shreee_offl,643414,556868,30101,233,5.41%,4.71%,2025-12-05,https://www.instagram.com/p/DR4J4_ek-Un/,"🔍 Likely Boosted (Targeted Ad): Scale engagement (30,101 likes) indicates paid media support","@sathya.retail Experience the all-new Vivo X300 & X300 Pro with 23mm and 50mm ZEISS lenses, including a 200MP ZEISS main camera. Powered by the Pro Im"
878,Tier 3: Toggle OFF + Boosted,Sathya,Tamil Nadu (HQ: Tuticorin / Chennai),@voice_of_mowfi,16078,555296,30016,395,5.41%,189.15%,2026-06-27,https://www.instagram.com/p/DaFmtHlS9I5/,"🔍 Likely Boosted (Targeted Ad): Scale engagement (30,016 likes) indicates paid media support",The Wait Is Over! @sathya.retail  Full Moon Sale Is Here
879,Tier 3: Toggle OFF + Boosted,Sathya,Tamil Nadu (HQ: Tuticorin / Chennai),@voice_of_mowfi,16078,555296,30016,395,5.41%,189.15%,2026-04-09,https://www.instagram.com/p/DW6JnyREiBQ/,"🔍 Likely Boosted (Targeted Ad): Scale engagement (30,016 likes) indicates paid media support",Celebrate the Tamil New Year with exciting offers @sathya.retail !
880,Tier 3: Toggle OFF + Boosted,Pai International,Karnataka & Telangana (HQ: Bengaluru),@rekha__vlogs,89098,554186,29956,247,5.41%,33.90%,2026-08-15,https://www.instagram.com/p/DcDb2XcxVbi/,"🔍 Likely Boosted (Targeted Ad): Scale engagement (29,956 likes) indicates paid media support",😳Double dhamaka offer 😳
881,Tier 3: Toggle OFF + Boosted,Sathya,Tamil Nadu (HQ: Tuticorin / Chennai),@meenava_ponnu_subi,689228,553372,29912,77,5.41%,4.35%,2026-01-11,https://www.instagram.com/p/DTX1XzdD_Qf/,"🔍 Likely Boosted (Targeted Ad): Scale engagement (29,912 likes) indicates paid media support",@sathya.retail proudly launches the all-new Redmi note 15
882,Tier 3: Toggle OFF + Boosted,Reliance Digital,"Pan-India / Maharashtra (HQ: Mumbai, Reliance Retail)",@navneetrandhey,849530,547415,29590,241,5.41%,3.51%,2026-04-06,https://www.instagram.com/p/DWyZCKGkrcI/,"🔍 Likely Boosted (Targeted Ad): Scale engagement (29,590 likes) indicates paid media support",Suits len nikle si… AC leke vi ruk nahi paaye 😭🛍️
883,Tier 3: Toggle OFF + Boosted,Vijay Sales,Maharashtra / Pan-India (HQ: Mumbai),@shwetaapal,854123,546619,29547,275,5.41%,3.49%,2025-08-28,https://www.instagram.com/p/DN5APV_iWoX/,"🔍 Likely Boosted (Targeted Ad): Scale engagement (29,547 likes) indicates paid media support","Experience innovation like never before with the all-new vivo V60 💙 From capturing every detail with the 50MP ZEISS Super Telephoto Camera, to creatin"
884,Tier 3: Toggle OFF + Boosted,Sathya,Tamil Nadu (HQ: Tuticorin / Chennai),@mukilan_sakthi_officel,125441,544862,29452,50,5.41%,23.52%,2026-07-17,https://www.instagram.com/p/Da4oyD7Ba29/,🚀 Boosted (Paid Ad Spend): High view-to-follower reach multiplier (4.34x) on macro creator,🔥 OPPO Days @ Sathya Retail 🔥
885,Tier 3: Toggle OFF + Boosted,Pai International,Karnataka & Telangana (HQ: Bengaluru),@rishi_thaa4,198262,542864,29344,221,5.41%,14.91%,2026-05-14,https://www.instagram.com/p/DYUe9Y-SQ9H/,"🔍 Likely Boosted (Targeted Ad): Scale engagement (29,344 likes) indicates paid media support","Went to Pai International asking for a discount, stayed for the Monthly Draw Event"
886,Tier 3: Toggle OFF + Boosted,Pai International,Karnataka & Telangana (HQ: Bengaluru),@rishi_thaa4,198262,542864,29344,221,5.41%,14.91%,2025-11-14,https://www.instagram.com/p/DRCZQOck4h3/,"🔍 Likely Boosted (Targeted Ad): Scale engagement (29,344 likes) indicates paid media support",What are your middle class kastalu 🤔?
887,Tier 3: Toggle OFF + Boosted,Pai International,Karnataka & Telangana (HQ: Bengaluru),@rishi_thaa4,198262,542864,29344,221,5.41%,14.91%,2025-09-22,https://www.instagram.com/p/DO5_QoKE2jV/,"🔍 Likely Boosted (Targeted Ad): Scale engagement (29,344 likes) indicates paid media support",Tag that famous friend 😈
888,Tier 3: Toggle OFF + Boosted,Croma,"Pan-India / Maharashtra (HQ: Mumbai, Tata Group)",@ijaybhanushali,2115210,541180,29253,354,5.41%,1.40%,2025-12-18,https://www.instagram.com/p/DSaQau7CEKt/,"🔍 Likely Boosted (Targeted Ad): Scale engagement (29,253 likes) indicates paid media support","DMs ka reaction reel tha, TV upgrade real ho gaya"
889,Tier 3: Toggle OFF + Boosted,Sathya,Tamil Nadu (HQ: Tuticorin / Chennai),@_hemas_world_,57996,538405,29103,26,5.41%,50.23%,2025-03-12,https://www.instagram.com/p/DHFsUQiRunC/,"🔍 Likely Boosted (Targeted Ad): Scale engagement (29,103 likes) indicates paid media support",⚠️Don’t miss this sale‼️ @sathya.retail
890,Tier 3: Toggle OFF + Boosted,Pai International,Karnataka & Telangana (HQ: Bengaluru),@yashaswi_shetty98,69622,533873,28858,599,5.41%,42.31%,2026-08-14,https://www.instagram.com/p/DcBV0pbSMJ2/,"🔍 Likely Boosted (Targeted Ad): Scale engagement (28,858 likes) indicates paid media support",ಸಹಕಾರನಗರಕ್ಕೆ Pai International ಹೊಸದಾಗಿ ಬಂದಿದೆ! 🎉
891,Tier 3: Toggle OFF + Boosted,Bajaj Electronics,Telangana & Andhra Pradesh (HQ: Hyderabad),@vishnupriyaaofficial,748303,532023,28758,100,5.41%,3.86%,2025-12-13,https://www.instagram.com/p/DSM-hmxklDp/,"🔍 Likely Boosted (Targeted Ad): Scale engagement (28,758 likes) indicates paid media support",Switch to healthy eating without switching on the guilt!
892,Tier 3: Toggle OFF + Boosted,Sathya,Tamil Nadu (HQ: Tuticorin / Chennai),@_nehah_official_,857167,531856,28749,72,5.41%,3.36%,2026-01-10,https://www.instagram.com/p/DTVh78mjy5W/,"🔍 Likely Boosted (Targeted Ad): Scale engagement (28,749 likes) indicates paid media support",@sathya.retail realme 16 pro series successfully launched
893,Tier 3: Toggle OFF + Boosted,Aditya Vision,"Bihar, Jharkhand & UP (HQ: Patna)",@hajipur.official,54194,531653,28738,125,5.41%,53.26%,2026-08-14,https://www.instagram.com/p/DcApzmYx1Rf/,"🔍 Likely Boosted (Targeted Ad): Scale engagement (28,738 likes) indicates paid media support",💻 **Lenovo Laptop पर धमाकेदार ऑफर!** 🔥
894,Tier 3: Toggle OFF + Boosted,Sathya,Tamil Nadu (HQ: Tuticorin / Chennai),@withlovemonisha,35671,528101,28546,287,5.41%,80.83%,2026-07-27,https://www.instagram.com/p/DbS6lrMh_OT/,"🔍 Likely Boosted (Targeted Ad): Scale engagement (28,546 likes) indicates paid media support",Full Moon Sale is here!
895,Tier 3: Toggle OFF + Boosted,Tata Neu,"Pan-India / Maharashtra (HQ: Mumbai, Tata Digital)",@iammanubajaj,1148533,527194,28497,2163,5.41%,2.67%,2025-07-18,https://www.instagram.com/p/DMP4SX3hYHr/,"🔍 Likely Boosted (Targeted Ad): Scale engagement (28,497 likes) indicates paid media support",Naya phone launch vo bhi ₹500 reward ke saath? 😲
896,Tier 3: Toggle OFF + Boosted,Reliance Digital,"Pan-India / Maharashtra (HQ: Mumbai, Reliance Retail)",@katariaaryann,351232,526232,28445,204,5.41%,8.16%,2026-03-07,https://www.instagram.com/p/DVkwziKiSnd/,"🔍 Likely Boosted (Targeted Ad): Scale engagement (28,445 likes) indicates paid media support",If bargaining an Olympic sport Indian moms would dominate 😭
897,Tier 3: Toggle OFF + Boosted,Sathya,Tamil Nadu (HQ: Tuticorin / Chennai),@onebytwo_couple,65631,525918,28428,214,5.41%,43.64%,2026-06-19,https://www.instagram.com/p/DZw8WtBsGG7/,"🔍 Likely Boosted (Targeted Ad): Scale engagement (28,428 likes) indicates paid media support",Thothukitte irukkiye da 😩😭
898,Tier 3: Toggle OFF + Boosted,Sathya,Tamil Nadu (HQ: Tuticorin / Chennai),@fun_of_vethasri,356272,525474,28404,168,5.41%,8.02%,2026-08-10,https://www.instagram.com/p/Db3dqVGpbEC/,"🔍 Likely Boosted (Targeted Ad): Scale engagement (28,404 likes) indicates paid media support",Share your friends 🤣😂💯
899,Tier 3: Toggle OFF + Boosted,Bajaj Electronics,Telangana & Andhra Pradesh (HQ: Hyderabad),@vegfrieddmomo,211021,521977,28215,247,5.41%,13.49%,2026-08-18,https://www.instagram.com/p/DcLoIYWzQDU/,"🔍 Likely Boosted (Targeted Ad): Scale engagement (28,215 likes) indicates paid media support",Unfold the future with the all-new Samsung Galaxy Z Fold8 Ultra!
900,Tier 3: Toggle OFF + Boosted,Sathya,Tamil Nadu (HQ: Tuticorin / Chennai),@sathya_foodie,461938,521552,28192,132,5.41%,6.13%,2026-07-27,https://www.instagram.com/p/DbSs5iuxbgK/,"🔍 Likely Boosted (Targeted Ad): Scale engagement (28,192 likes) indicates paid media support",😱 50% Discount Only 1 Day ⁉️
901,Tier 3: Toggle OFF + Boosted,Sathya,Tamil Nadu (HQ: Tuticorin / Chennai),@sathya_foodie,461938,521552,28192,132,5.41%,6.13%,2025-03-22,https://www.instagram.com/p/DHfyEXbRgqz/,"🔍 Likely Boosted (Targeted Ad): Scale engagement (28,192 likes) indicates paid media support",😱 Pudhu mobile pochaa ⁉️
902,Tier 3: Toggle OFF + Boosted,Sathya,Tamil Nadu (HQ: Tuticorin / Chennai),@priyabalakumaran_gp,742859,521274,28177,277,5.41%,3.83%,2025-11-26,https://www.instagram.com/p/DRhXLYWkhvE/,"🔍 Likely Boosted (Targeted Ad): Scale engagement (28,177 likes) indicates paid media support",@sathya.retail Black Friday Sale – November 27 to 30!
903,Tier 3: Toggle OFF + Boosted,Croma,"Pan-India / Maharashtra (HQ: Mumbai, Tata Group)",@odysseyoftwo,392193,518333,28018,169,5.41%,7.19%,2025-08-03,https://www.instagram.com/p/DM4Zex0yuhX/,"🔍 Likely Boosted (Targeted Ad): Scale engagement (28,018 likes) indicates paid media support","This city has a rhythm that brings you calm, even on the most mundane days."
904,Tier 3: Toggle OFF + Boosted,Sathya,Tamil Nadu (HQ: Tuticorin / Chennai),@odysseyoftwo,392193,518333,28018,169,5.41%,7.19%,2026-03-12,https://www.instagram.com/p/DVyTKB5DXjs/,"🔍 Likely Boosted (Targeted Ad): Scale engagement (28,018 likes) indicates paid media support",Happy to be part of the exciting unboxing of the all-new Xiaomi 17 with our friend tech specialist Mr. Jackson Samuel. Experience powerful performance
905,Tier 3: Toggle OFF + Boosted,Sathya,Tamil Nadu (HQ: Tuticorin / Chennai),@odysseyoftwo,392193,518333,28018,169,5.41%,7.19%,2025-12-06,https://www.instagram.com/p/DR6OSOJCBWx/,"🔍 Likely Boosted (Targeted Ad): Scale engagement (28,018 likes) indicates paid media support",The new iPhone 17 is a dream for anyone who loves making memories from moments! Get your hands on it at your nearest Sathya Showrooms today!
906,Tier 3: Toggle OFF + Boosted,Reliance Digital,"Pan-India / Maharashtra (HQ: Mumbai, Reliance Retail)",@vinesofmonu,450761,513097,27735,343,5.41%,6.23%,2026-01-18,https://www.instagram.com/p/DTpgcidkuKk/,"🔍 Likely Boosted (Targeted Ad): Scale engagement (27,735 likes) indicates paid media support",പൊന്ന് പോലെ നോക്കിക്കോളാം 😌❤️|Why wait? #TechTheLead and turn your passion into possibilities
907,Tier 3: Toggle OFF + Boosted,Reliance Digital,"Pan-India / Maharashtra (HQ: Mumbai, Reliance Retail)",@vinesofmonu,450761,513097,27735,343,5.41%,6.23%,2025-04-06,https://www.instagram.com/p/DIHJOl_znHg/,"🔍 Likely Boosted (Targeted Ad): Scale engagement (27,735 likes) indicates paid media support",Mention that one frnd who shows off
908,Tier 3: Toggle OFF + Boosted,Sathya,Tamil Nadu (HQ: Tuticorin / Chennai),@_gvtha_kannan_,1298054,512376,27696,5118,5.41%,2.53%,2025-11-26,https://www.instagram.com/p/DRhqx-iEmj1/,"🔍 Likely Boosted (Targeted Ad): Scale engagement (27,696 likes) indicates paid media support",Surprise பண்ணிடலாமா?
909,Tier 3: Toggle OFF + Boosted,Sathya,Tamil Nadu (HQ: Tuticorin / Chennai),@_gvtha_kannan_,1298054,512376,27696,5118,5.41%,2.53%,2025-10-04,https://www.instagram.com/p/DPY7_WDkbdc/,"🔍 Likely Boosted (Targeted Ad): Scale engagement (27,696 likes) indicates paid media support",காலேஜ் விட்டா வீட்டுக்கு வர மாட்டியா
910,Tier 3: Toggle OFF + Boosted,Sathya,Tamil Nadu (HQ: Tuticorin / Chennai),@_gvtha_kannan_,1298054,512376,27696,5118,5.41%,2.53%,2025-08-07,https://www.instagram.com/p/DNDGn0_x119/,"🔍 Likely Boosted (Targeted Ad): Scale engagement (27,696 likes) indicates paid media support","காலேஜ் ல சம்பளம் வாங்கியாச்சு, 🤩🙌"
911,Tier 3: Toggle OFF + Boosted,Sathya,Tamil Nadu (HQ: Tuticorin / Chennai),@this_is_madhuma,940260,509749,27554,299,5.41%,2.96%,2025-07-06,https://www.instagram.com/p/DLwoatlB5IO/,"🔍 Likely Boosted (Targeted Ad): Scale engagement (27,554 likes) indicates paid media support",😅… public la vdo edukkuradhu easy illa  bha😵‍💫..
912,Tier 3: Toggle OFF + Boosted,Sathya,Tamil Nadu (HQ: Tuticorin / Chennai),@this_is_madhuma,940260,509749,27554,299,5.41%,2.96%,2025-04-18,https://www.instagram.com/p/DIlfScMhe75/,"🔍 Likely Boosted (Targeted Ad): Scale engagement (27,554 likes) indicates paid media support",Pre-booking for the all-new realme 14T is now live @sathya.retail ! Designed for those who demand both style & display.
913,Tier 3: Toggle OFF + Boosted,Reliance Digital,"Pan-India / Maharashtra (HQ: Mumbai, Reliance Retail)",@viraajita,784975,508953,27511,173,5.41%,3.53%,2026-08-10,https://www.instagram.com/p/Db3X41rp6OL/,"🔍 Likely Boosted (Targeted Ad): Scale engagement (27,511 likes) indicates paid media support",4 years together… and I finally ghosted my phone. 😭💔
914,Tier 3: Toggle OFF + Boosted,Pai International,Karnataka & Telangana (HQ: Bengaluru),@eshwar.go,137680,507122,27412,113,5.41%,19.99%,2026-07-21,https://www.instagram.com/p/DbDIRQszggV/,"🔍 Likely Boosted (Targeted Ad): Scale engagement (27,412 likes) indicates paid media support","₹2,000 missing and madam thought I was cheating 😭"
915,Tier 3: Toggle OFF + Boosted,Sathya,Tamil Nadu (HQ: Tuticorin / Chennai),@rudran_praveen,428857,506363,27371,172,5.41%,6.42%,2025-10-03,https://www.instagram.com/p/DPWKCSwiQyL/,"🔍 Likely Boosted (Targeted Ad): Scale engagement (27,371 likes) indicates paid media support",The moon is rising and so are the deals!
916,Tier 3: Toggle OFF + Boosted,Pai International,Karnataka & Telangana (HQ: Bengaluru),@younusunofficial,63483,500887,27075,290,5.41%,43.11%,2025-08-13,https://www.instagram.com/p/DNTNGhjTmsj/,"🔍 Likely Boosted (Targeted Ad): Scale engagement (27,075 likes) indicates paid media support","Sanya ka asli maksad samajh nahi aaya, par Pai International ke Double Dhamaka Offer ka faida pakka samajh liya! 💥"
917,Tier 3: Toggle OFF + Boosted,Bajaj Electronics,Telangana & Andhra Pradesh (HQ: Hyderabad),@urspratyushha,377424,500388,27048,63,5.41%,7.18%,2026-07-06,https://www.instagram.com/p/DacxCJOSyEv/,"🔍 Likely Boosted (Targeted Ad): Scale engagement (27,048 likes) indicates paid media support",A new academic year deserves the right start! 💻✨
918,Tier 3: Toggle OFF + Boosted,Sathya,Tamil Nadu (HQ: Tuticorin / Chennai),@jo_bby_2203,146774,498926,26969,51,5.41%,18.41%,2026-07-27,https://www.instagram.com/p/DbTGe4HTJgV/,"🔍 Likely Boosted (Targeted Ad): Scale engagement (26,969 likes) indicates paid media support",🌕 Full Moon Sale is back at Sathya! 🔥
919,Tier 3: Toggle OFF + Boosted,Reliance Digital,"Pan-India / Maharashtra (HQ: Mumbai, Reliance Retail)",@rajsi.underscore,261232,498741,26959,137,5.41%,10.37%,2025-08-23,https://www.instagram.com/p/DNsvUbNWlhA/,"🔍 Likely Boosted (Targeted Ad): Scale engagement (26,959 likes) indicates paid media support",Finally me family sathi Ganesh Chaturthi ajun special banvaila manage kela because of @reliance_digital
920,Tier 3: Toggle OFF + Boosted,Sathya,Tamil Nadu (HQ: Tuticorin / Chennai),@nakshathra_viswanathan,654949,497576,26896,160,5.41%,4.13%,2025-03-27,https://www.instagram.com/p/DHtEgSpSHt0/,"🔍 Likely Boosted (Targeted Ad): Scale engagement (26,896 likes) indicates paid media support",Excited to launch the OPPO F29 Series at @sathya.retail !  Now available at Sathya!
921,Tier 3: Toggle OFF + Boosted,Bajaj Electronics,Telangana & Andhra Pradesh (HQ: Hyderabad),@ananya.nagalla,2029037,496225,26823,171,5.41%,1.33%,2025-06-27,https://www.instagram.com/p/DLaSAcATkcd/,"🔍 Likely Boosted (Targeted Ad): Scale engagement (26,823 likes) indicates paid media support","📱✨Today I visited **Bajaj Electronics, MG Road, Secunderabad** to unbox the amazing **vivo Y400 Pro 5G** – and I was super excited! 😍"
922,Tier 3: Toggle OFF + Boosted,Bajaj Electronics,Telangana & Andhra Pradesh (HQ: Hyderabad),@usha_sweety23,213763,494912,26752,101,5.41%,12.56%,2026-07-06,https://www.instagram.com/p/Dacrij9yLYf/,"🔍 Likely Boosted (Targeted Ad): Scale engagement (26,752 likes) indicates paid media support","🎒✨ Back to School season is here, and so are the biggest laptop offers at Bajaj Electronics!"
923,Tier 3: Toggle OFF + Boosted,Sathya,Tamil Nadu (HQ: Tuticorin / Chennai),@sathyasabarish_,1478968,492951,26646,61,5.41%,1.81%,2025-12-10,https://www.instagram.com/p/DSFml2OkmCZ/,"🔍 Likely Boosted (Targeted Ad): Scale engagement (26,646 likes) indicates paid media support","@sathya.retail happily launched the vivo x300 series, featuring the extraordinary ZEISS APO Telephoto Camera — a masterpiece built for photography per"
924,Tier 3: Toggle OFF + Boosted,Sathya,Tamil Nadu (HQ: Tuticorin / Chennai),@sathyasabarish_,1478968,492951,26646,61,5.41%,1.81%,2025-08-25,https://www.instagram.com/p/DNx3xOzZu7Q/,"🔍 Likely Boosted (Targeted Ad): Scale engagement (26,646 likes) indicates paid media support",Happy family❤️💯
925,Tier 3: Toggle OFF + Boosted,Sathya,Tamil Nadu (HQ: Tuticorin / Chennai),@sathyasabarish_,1478968,492951,26646,61,5.41%,1.81%,2025-07-31,https://www.instagram.com/p/DMxjUbWRWGH/,"🔍 Likely Boosted (Targeted Ad): Scale engagement (26,646 likes) indicates paid media support",Why spend hours editing when your voice can do it in seconds?
926,Tier 3: Toggle OFF + Boosted,Sathya,Tamil Nadu (HQ: Tuticorin / Chennai),@sathyasabarish_,1478968,492951,26646,61,5.41%,1.81%,2025-05-25,https://www.instagram.com/p/DKE6EnAxT9E/,"🔍 Likely Boosted (Targeted Ad): Scale engagement (26,646 likes) indicates paid media support",Happy family❤️🥰
927,Tier 3: Toggle OFF + Boosted,Sathya,Tamil Nadu (HQ: Tuticorin / Chennai),@sathyasabarish_,1478968,492951,26646,61,5.41%,1.81%,2025-03-27,https://www.instagram.com/p/DHs_YNAS5x5/,"🔍 Likely Boosted (Targeted Ad): Scale engagement (26,646 likes) indicates paid media support",Excited to launch the OPPO F29 Series at @sathya.retail !  Now available at Sathya!
928,Tier 3: Toggle OFF + Boosted,Sathya,Tamil Nadu (HQ: Tuticorin / Chennai),@sathyasabarish_,1478968,492951,26646,61,5.41%,1.81%,2025-02-13,https://www.instagram.com/p/DGA3BZyi4XF/,"🔍 Likely Boosted (Targeted Ad): Scale engagement (26,646 likes) indicates paid media support",Wait for the end😂😂
929,Tier 3: Toggle OFF + Boosted,Sathya,Tamil Nadu (HQ: Tuticorin / Chennai),@sathyasabarish_,1478968,492951,26646,61,5.41%,1.81%,2025-01-24,https://www.instagram.com/p/DFNWcUYy8MC/,"🔍 Likely Boosted (Targeted Ad): Scale engagement (26,646 likes) indicates paid media support",Wait for the end😂😂 #Republic day super offer at our @sathya.retail
930,Tier 3: Toggle OFF + Boosted,Sathya,Tamil Nadu (HQ: Tuticorin / Chennai),@villupuram_mapla_jony_003,368537,492914,26644,194,5.41%,7.28%,2026-06-27,https://www.instagram.com/p/DaFrQ_eixOy/,"🔍 Likely Boosted (Targeted Ad): Scale engagement (26,644 likes) indicates paid media support",The Wait Is Over! @sathya.retail  Full Moon Sale Is Here
931,Tier 3: Toggle OFF + Boosted,Sathya,Tamil Nadu (HQ: Tuticorin / Chennai),@vidhya_queen_official,418668,489880,26480,180,5.41%,6.37%,2025-05-25,https://www.instagram.com/p/DKE1URpT_Jk/,"🔍 Likely Boosted (Targeted Ad): Scale engagement (26,480 likes) indicates paid media support",😁🍂💯
932,Tier 3: Toggle OFF + Boosted,Sathya,Tamil Nadu (HQ: Tuticorin / Chennai),@vidhya_queen_official,418668,489880,26480,180,5.41%,6.37%,2025-04-11,https://www.instagram.com/p/DITqJMYzYla/,"🔍 Likely Boosted (Targeted Ad): Scale engagement (26,480 likes) indicates paid media support",Tamil New Year Sale is ON at @sathya.retail ! Celebrate with unbeatable deals! Don’t miss the exciting offers
933,Tier 3: Toggle OFF + Boosted,Vijay Sales,Maharashtra / Pan-India (HQ: Mumbai),@sunny_bhavsar.7,350529,488067,26382,177,5.41%,7.58%,2025-07-09,https://www.instagram.com/p/DL44ye3Nhy5/,"🔍 Likely Boosted (Targeted Ad): Scale engagement (26,382 likes) indicates paid media support",Ab Banao Apna Career Aur Bhi Zyada Wild With Slimmest Phone Samsung Galaxy S25 Edge ke Saath Now Available At Your Nearest Vijay Sales Store and their
934,Tier 3: Toggle OFF + Boosted,Sathya,Tamil Nadu (HQ: Tuticorin / Chennai),@mr_ajaaydcruze_,228233,488011,26379,33,5.41%,11.57%,2026-08-08,https://www.instagram.com/p/DbyN8v_o6q0/,"🔍 Likely Boosted (Targeted Ad): Scale engagement (26,379 likes) indicates paid media support",@sathya.retail vivo s2 pre-booking is now open!
935,Tier 3: Toggle OFF + Boosted,Sathya,Tamil Nadu (HQ: Tuticorin / Chennai),@withlove_sa_na,336409,487493,26351,35,5.41%,7.84%,2025-11-27,https://www.instagram.com/p/DRjhn6RAQ9m/,"🔍 Likely Boosted (Targeted Ad): Scale engagement (26,351 likes) indicates paid media support",Yepdyo pesi vangiyachu 😜🤣
936,Tier 3: Toggle OFF + Boosted,Sathya,Tamil Nadu (HQ: Tuticorin / Chennai),@withlove_sa_na,336409,487493,26351,35,5.41%,7.84%,2025-10-04,https://www.instagram.com/p/DPY1-DjCFba/,"🔍 Likely Boosted (Targeted Ad): Scale engagement (26,351 likes) indicates paid media support",இது தெரியாம போச்சே😜
937,Tier 3: Toggle OFF + Boosted,Sathya,Tamil Nadu (HQ: Tuticorin / Chennai),@withlove_sa_na,336409,487493,26351,35,5.41%,7.84%,2025-09-19,https://www.instagram.com/p/DOyW7bRgRHR/,"🔍 Likely Boosted (Targeted Ad): Scale engagement (26,351 likes) indicates paid media support","Hisense 100 inch U7Q Mini LED TV officially launched @sathya.retail . With VIDAA smart OS updates for 8 years, this TV stands as global’s no.1 in the "
938,Tier 3: Toggle OFF + Boosted,Sathya,Tamil Nadu (HQ: Tuticorin / Chennai),@withlove_sa_na,336409,487493,26351,35,5.41%,7.84%,2025-08-07,https://www.instagram.com/p/DNDMnaexVkW/,"🔍 Likely Boosted (Targeted Ad): Scale engagement (26,351 likes) indicates paid media support",அப்பா சரியாவே தூங்கலப்பா ❤️😜
939,Tier 3: Toggle OFF + Boosted,Sathya,Tamil Nadu (HQ: Tuticorin / Chennai),@durgaslifestylesd9,320622,486753,26311,102,5.41%,8.24%,2026-04-09,https://www.instagram.com/p/DW6M35EDjHP/,"🔍 Likely Boosted (Targeted Ad): Scale engagement (26,311 likes) indicates paid media support",Celebrate the Tamil New Year with exciting offers @sathya.retail !
940,Tier 3: Toggle OFF + Boosted,Sathya,Tamil Nadu (HQ: Tuticorin / Chennai),@durgaslifestylesd9,320622,486753,26311,102,5.41%,8.24%,2026-01-23,https://www.instagram.com/p/DT1jADyDwsU/,"🔍 Likely Boosted (Targeted Ad): Scale engagement (26,311 likes) indicates paid media support",@sathya.retail Sathya Republic Day Sale is Live!
941,Tier 3: Toggle OFF + Boosted,Sathya,Tamil Nadu (HQ: Tuticorin / Chennai),@durgaslifestylesd9,320622,486753,26311,102,5.41%,8.24%,2025-10-03,https://www.instagram.com/p/DPWUSVLDyrv/,"🔍 Likely Boosted (Targeted Ad): Scale engagement (26,311 likes) indicates paid media support",The moon is rising and so are the deals!
942,Tier 3: Toggle OFF + Boosted,Sathya,Tamil Nadu (HQ: Tuticorin / Chennai),@durgaslifestylesd9,320622,486753,26311,102,5.41%,8.24%,2025-05-26,https://www.instagram.com/p/DKG99ihMXIc/,"🔍 Likely Boosted (Targeted Ad): Scale engagement (26,311 likes) indicates paid media support",@sathya.retail Sathya super sale is happening from May 28 - 31
943,Tier 3: Toggle OFF + Boosted,Sathya,Tamil Nadu (HQ: Tuticorin / Chennai),@_.nivi_offl._,332369,485125,26223,91,5.41%,7.92%,2025-05-26,https://www.instagram.com/p/DKG7LhuRUVv/,"🔍 Likely Boosted (Targeted Ad): Scale engagement (26,223 likes) indicates paid media support",@sathya.retail Sathya super sale is happening from May 28 - 31
944,Tier 3: Toggle OFF + Boosted,Sathya,Tamil Nadu (HQ: Tuticorin / Chennai),@_.nivi_offl._,332369,485125,26223,91,5.41%,7.92%,2025-03-12,https://www.instagram.com/p/DHGftgIpQ9Q/,"🔍 Likely Boosted (Targeted Ad): Scale engagement (26,223 likes) indicates paid media support",Sathya FULL MOON LED TV SUPER SALE - Live on 14th March 2025 -Morning 9 AM To Midnight 12 AM- One Day Only -
945,Tier 3: Toggle OFF + Boosted,Croma,"Pan-India / Maharashtra (HQ: Mumbai, Tata Group)",@mohit_hiranandani93,448378,484755,26203,138,5.41%,5.87%,2026-07-06,https://www.instagram.com/p/DadPOQKohPd/,"🔍 Likely Boosted (Targeted Ad): Scale engagement (26,203 likes) indicates paid media support","Surprise date nights, made easy with the Samsung S26 Ultra from Croma."
946,Tier 3: Toggle OFF + Boosted,Pai International,Karnataka & Telangana (HQ: Bengaluru),@alhan_ansari24,183641,484570,26193,222,5.41%,14.38%,2026-05-22,https://www.instagram.com/p/DYpPQxSPCSn/,"🔍 Likely Boosted (Targeted Ad): Scale engagement (26,193 likes) indicates paid media support",THAT ONE JUGAADU FRIEND🙌
947,Tier 3: Toggle OFF + Boosted,Reliance Digital,"Pan-India / Maharashtra (HQ: Mumbai, Reliance Retail)",@mukulkumaarjana,226496,483849,26154,156,5.41%,11.62%,2025-04-06,https://www.instagram.com/p/DIGvUNJNQVI/,"🔍 Likely Boosted (Targeted Ad): Scale engagement (26,154 likes) indicates paid media support",We all have a friend who always brags about things they don’t have.
948,Tier 3: Toggle OFF + Boosted,Vijay Sales,Maharashtra / Pan-India (HQ: Mumbai),@bhanu_ramireddy,152319,482757,26095,69,5.41%,17.18%,2024-12-31,https://www.instagram.com/p/DEPb8udpJdy/,"🔍 Likely Boosted (Targeted Ad): Scale engagement (26,095 likes) indicates paid media support","Big deals on Apple products! Don’t miss the Apple Day Sale on iphone, iPad, airpods and other products at Vijay Sales at jaw dropping prices.."
949,Tier 3: Toggle OFF + Boosted,Sathya,Tamil Nadu (HQ: Tuticorin / Chennai),@itznaga_raj,483491,482572,26085,32,5.41%,5.40%,2026-01-14,https://www.instagram.com/p/DTfdDMAknmx/,"🔍 Likely Boosted (Targeted Ad): Scale engagement (26,085 likes) indicates paid media support",இது செம்ம ஐடியாவா இருக்கே @sathya.retail oppo reno 15 series officially launched
950,Tier 3: Toggle OFF + Boosted,Sathya,Tamil Nadu (HQ: Tuticorin / Chennai),@itznaga_raj,483491,482572,26085,32,5.41%,5.40%,2025-04-17,https://www.instagram.com/p/DIiVQzdR_PW/,"🔍 Likely Boosted (Targeted Ad): Scale engagement (26,085 likes) indicates paid media support",Vivo V50e is now available  @sathya.retail ! Grab yours today and enjoy an amazing  offer on a calling smartwatch or Bluetooth speaker!
951,Tier 3: Toggle OFF + Boosted,Sathya,Tamil Nadu (HQ: Tuticorin / Chennai),@itznaga_raj,483491,482572,26085,32,5.41%,5.40%,2025-02-06,https://www.instagram.com/p/DFu-rdWyU9c/,"🔍 Likely Boosted (Targeted Ad): Scale engagement (26,085 likes) indicates paid media support",🚀 kulu kulu AC Offer is Here! ❄️🔥Get ready to shop till you drop at @sathya.retail with the biggest AC sale of the season! 🏷️ Grab top branded ACs at 
952,Tier 3: Toggle OFF + Boosted,Sathya,Tamil Nadu (HQ: Tuticorin / Chennai),@spicysamayals,933758,481925,26050,316,5.41%,2.82%,2025-11-26,https://www.instagram.com/p/DRhLQOmE7nT/,"🔍 Likely Boosted (Targeted Ad): Scale engagement (26,050 likes) indicates paid media support",சாக்லேட் மக் கேக்😋👌| Chocolate Mug cake 😋👌
953,Tier 3: Toggle OFF + Boosted,Sathya,Tamil Nadu (HQ: Tuticorin / Chennai),@spicysamayals,933758,481925,26050,316,5.41%,2.82%,2025-08-07,https://www.instagram.com/p/DNCtIrkyshy/,"🔍 Likely Boosted (Targeted Ad): Scale engagement (26,050 likes) indicates paid media support",கர்நாடகா முட்டை சாறு😋👌| Karnataka Egg Saaru😋👌
954,Tier 3: Toggle OFF + Boosted,Sathya,Tamil Nadu (HQ: Tuticorin / Chennai),@spicysamayals,933758,481925,26050,316,5.41%,2.82%,2025-05-26,https://www.instagram.com/p/DKHWQ8XT4cE/,"🔍 Likely Boosted (Targeted Ad): Scale engagement (26,050 likes) indicates paid media support",அல் பஹாம் சிக்கன் 😋👌| Al Faham Chicken😋👌
955,Tier 3: Toggle OFF + Boosted,Sathya,Tamil Nadu (HQ: Tuticorin / Chennai),@spicysamayals,933758,481925,26050,316,5.41%,2.82%,2025-03-28,https://www.instagram.com/p/DHuiFkxTaqi/,"🔍 Likely Boosted (Targeted Ad): Scale engagement (26,050 likes) indicates paid media support",தர்பூசணி ஹல்வா 😋👌| WaterMelon Halwa😋👌
956,Tier 3: Toggle OFF + Boosted,Sathya,Tamil Nadu (HQ: Tuticorin / Chennai),@spicysamayals,933758,481925,26050,316,5.41%,2.82%,2025-03-07,https://www.instagram.com/p/DG5QfLOy0vZ/,"🔍 Likely Boosted (Targeted Ad): Scale engagement (26,050 likes) indicates paid media support",Any French Fries Addicts? 😍 Homemade French fries with secret Tips and Tricks😋👌
957,Tier 3: Toggle OFF + Boosted,Sathya,Tamil Nadu (HQ: Tuticorin / Chennai),@spicysamayals,933758,481925,26050,316,5.41%,2.82%,2025-01-24,https://www.instagram.com/p/DFNNEVVyXQ5/,"🔍 Likely Boosted (Targeted Ad): Scale engagement (26,050 likes) indicates paid media support",பாலக் பன்னீர் ரொட்டி😋👌| Palak Paneer Roti😋👌
958,Tier 3: Toggle OFF + Boosted,Sathya,Tamil Nadu (HQ: Tuticorin / Chennai),@palaniappan_jayapal,96018,479168,25901,23,5.41%,27.00%,2026-06-27,https://www.instagram.com/p/DaFnRVuBRVZ/,"🔍 Likely Boosted (Targeted Ad): Scale engagement (25,901 likes) indicates paid media support",The Wait Is Over! @sathya.retail  Full Moon Sale Is Here
959,Tier 3: Toggle OFF + Boosted,Sathya,Tamil Nadu (HQ: Tuticorin / Chennai),@palaniappan_jayapal,96018,479168,25901,23,5.41%,27.00%,2026-01-22,https://www.instagram.com/p/DT0bAV4kw3R/,"🔍 Likely Boosted (Targeted Ad): Scale engagement (25,901 likes) indicates paid media support","Upgrade your home with comfort, convenience and care✨"
960,Tier 3: Toggle OFF + Boosted,Sathya,Tamil Nadu (HQ: Tuticorin / Chennai),@actor_joe_,51974,476763,25771,127,5.41%,49.83%,2026-07-16,https://www.instagram.com/p/Da2sEKDRA9U/,"🔍 Likely Boosted (Targeted Ad): Scale engagement (25,771 likes) indicates paid media support",🔥 OPPO Days @ Sathya Retail 🔥
961,Tier 3: Toggle OFF + Boosted,Pai International,Karnataka & Telangana (HQ: Bengaluru),@thenameis_jhanvi,306985,470566,25436,315,5.41%,8.39%,2025-12-12,https://www.instagram.com/p/DSKaZf9ET3c/,"🔍 Likely Boosted (Targeted Ad): Scale engagement (25,436 likes) indicates paid media support",Pai Monthly Draw - Shop for rupees 2000 and above and get a chance to win upto 5 crore jackpot prize *Every Month*
962,Tier 3: Toggle OFF + Boosted,Electronics Mart,Telangana & Andhra Pradesh (HQ: Hyderabad),@ginnypandey.16,443631,468364,25317,379,5.41%,5.79%,2025-10-12,https://www.instagram.com/p/DPtVpNlE9d6/,"🔍 Likely Boosted (Targeted Ad): Scale engagement (25,317 likes) indicates paid media support","Shopping pe nahi, mission pe gayi thi. 😎"
963,Tier 3: Toggle OFF + Boosted,Bajaj Electronics,Telangana & Andhra Pradesh (HQ: Hyderabad),@ginnypandey.16,443631,468364,25317,379,5.41%,5.79%,2025-10-12,https://www.instagram.com/p/DPtVpNlE9d6/,"🔍 Likely Boosted (Targeted Ad): Scale engagement (25,317 likes) indicates paid media support","Shopping pe nahi, mission pe gayi thi. 😎"
964,Tier 3: Toggle OFF + Boosted,Electronics Mart,Telangana & Andhra Pradesh (HQ: Hyderabad),@supriyaasingh__,70378,468013,25298,133,5.41%,36.14%,2026-08-08,https://www.instagram.com/p/DbyYHzQz00s/,"🔍 Likely Boosted (Targeted Ad): Scale engagement (25,298 likes) indicates paid media support",Thinking about upgrading? This is your sign! 👀🍎
965,Tier 3: Toggle OFF + Boosted,Vijay Sales,Maharashtra / Pan-India (HQ: Mumbai),@garimasgoodlife,594976,466625,25223,1597,5.41%,4.51%,2025-12-25,https://www.instagram.com/p/DSr8bFcjETn/,"🔍 Likely Boosted (Targeted Ad): Scale engagement (25,223 likes) indicates paid media support","Venue: MMRDA Grounds, Avenue 2, Behind Asian Heart Hospital, Bandra Kurla Complex, Bandra-East, Mumbai – 400051"
966,Tier 3: Toggle OFF + Boosted,Sathya,Tamil Nadu (HQ: Tuticorin / Chennai),@alya_manasa,4514862,466477,25215,122,5.41%,0.56%,2025-07-22,https://www.instagram.com/p/DMahWudzr5m/,"🔍 Likely Boosted (Targeted Ad): Scale engagement (25,215 likes) indicates paid media support",Witnessed the future unfold — Galaxy Z Fold7 & Z Flip7 launched in style with Galaxy AI 💫 Proud to be part of this grand moment with @sathya.retail
967,Tier 3: Toggle OFF + Boosted,Sathya,Tamil Nadu (HQ: Tuticorin / Chennai),@alya_manasa,4514862,466477,25215,122,5.41%,0.56%,2025-07-13,https://www.instagram.com/p/DMC0j1iTKuF/,"🔍 Likely Boosted (Targeted Ad): Scale engagement (25,215 likes) indicates paid media support",“A phone. A tablet. A powerhouse. All in your palm. #SamsungGalaxyZFold7”
968,Tier 3: Toggle OFF + Boosted,Sathya,Tamil Nadu (HQ: Tuticorin / Chennai),@alya_manasa,4514862,466477,25215,122,5.41%,0.56%,2025-02-05,https://www.instagram.com/p/DFsNSOvzDgG/,"🔍 Likely Boosted (Targeted Ad): Scale engagement (25,215 likes) indicates paid media support","Something big has arrived! Introducing the Samsung Galaxy S25 Series, now available exclusively at @sathya.retail !"
969,Tier 3: Toggle OFF + Boosted,Sathya,Tamil Nadu (HQ: Tuticorin / Chennai),@alya_manasa,4514862,466477,25215,122,5.41%,0.56%,2025-01-25,https://www.instagram.com/p/DFPL915zcIO/,"🔍 Likely Boosted (Targeted Ad): Scale engagement (25,215 likes) indicates paid media support",The wait is over! Pre-book the new Samsung Galaxy S25 Ultra @sathya.retail now!  Remove unwanted noise from videos effortlessly with the audio Eraser.
970,Tier 3: Toggle OFF + Boosted,Sathya,Tamil Nadu (HQ: Tuticorin / Chennai),@laavanya_prol_,274222,463684,25064,129,5.41%,9.19%,2025-10-10,https://www.instagram.com/p/DPoOU3Pk5n3/,"🔍 Likely Boosted (Targeted Ad): Scale engagement (25,064 likes) indicates paid media support",@sathya.retail gadgets sale started!
971,Tier 4: Toggle OFF + Organic (Noise),Sathya,Tamil Nadu (HQ: Tuticorin / Chennai),@kemy_insta_official,293137,457560,24733,222,5.41%,8.51%,2025-12-10,https://www.instagram.com/p/DSFbg-Jkieu/,📈 Viral Organic Reach: High organic creator ER (8.51%),"@sathya.retail happily launched the vivo x300 series, featuring the extraordinary ZEISS APO Telephoto Camera — a masterpiece built for photography per"
972,Tier 4: Toggle OFF + Organic (Noise),Sathya,Tamil Nadu (HQ: Tuticorin / Chennai),@dhanyaapallath,509270,455544,24624,113,5.41%,4.86%,2025-08-12,https://www.instagram.com/p/DNQbiXuocUQ/,⚪ Standard Organic: Baseline organic collab reach,"Apple Days are here @sathya.retail ! From Aug 14–17, enjoy super discounts on iPhone, Apple Watch, AirPods, iPad, Mac, and more."
973,Tier 4: Toggle OFF + Organic (Noise),Sathya,Tamil Nadu (HQ: Tuticorin / Chennai),@javeed_tricky,549684,455303,24611,311,5.41%,4.53%,2026-07-16,https://www.instagram.com/p/Da21aOxSrAW/,⚪ Standard Organic: Baseline organic collab reach,Old to  New Exchange Phone 😳
974,Tier 4: Toggle OFF + Organic (Noise),Sathya,Tamil Nadu (HQ: Tuticorin / Chennai),@javeed_tricky,549684,455303,24611,311,5.41%,4.53%,2025-12-18,https://www.instagram.com/p/DSZ537LEsN1/,⚪ Standard Organic: Baseline organic collab reach,Great Offer’s 😍
975,Tier 4: Toggle OFF + Organic (Noise),Great Eastern,West Bengal & East India (HQ: Kolkata),@boy_of_bengal_09,33124,453490,24513,102,5.41%,74.31%,2026-07-01,https://www.instagram.com/p/DaPvoLasGCx/,📈 Viral Organic Reach: High organic creator ER (74.31%),📌 Let’s celebrate the Football World Cup with Great Eastern Retail! ⚽📺
976,Tier 4: Toggle OFF + Organic (Noise),Pai International,Karnataka & Telangana (HQ: Bengaluru),@kavyah._.a,247072,453231,24499,140,5.41%,9.97%,2025-02-06,https://www.instagram.com/p/DFuelCaPkww/,📈 Viral Organic Reach: High organic creator ER (9.97%),Ready to experience the next level of smart living? 📲✨
977,Tier 4: Toggle OFF + Organic (Noise),Sathya,Tamil Nadu (HQ: Tuticorin / Chennai),@panimalar_panneerselvam,476963,450937,24375,751,5.41%,5.27%,2025-03-07,https://www.instagram.com/p/DG5b4REPmmw/,📈 Viral Organic Reach: High organic creator ER (5.27%),A Cool Summer for Your Family! ❄️👨‍👩‍👧‍👦
978,Tier 4: Toggle OFF + Organic (Noise),Vijay Sales,Maharashtra / Pan-India (HQ: Mumbai),@konshrutik,407015,449217,24282,139,5.41%,6.00%,2026-01-13,https://www.instagram.com/p/DTcaOSYjMlX/,📈 Viral Organic Reach: High organic creator ER (6.0%),“Bas dekhne aaye the” is the biggest lie ever told.
979,Tier 4: Toggle OFF + Organic (Noise),Bajaj Electronics,Telangana & Andhra Pradesh (HQ: Hyderabad),@jetty_bikergirl,567928,447422,24185,60,5.41%,4.27%,2026-05-02,https://www.instagram.com/p/DX19_jsPVip/,⚪ Standard Organic: Baseline organic collab reach,🔥 Apple Days are LIVE at Everyone’s Favorite Bajaj Electronics!!
980,Tier 4: Toggle OFF + Organic (Noise),Sathya,Tamil Nadu (HQ: Tuticorin / Chennai),@mridhula_korapati,413111,445776,24096,62,5.41%,5.85%,2025-09-04,https://www.instagram.com/p/DOLu-aiDyN5/,📈 Viral Organic Reach: High organic creator ER (5.85%),@sathya.retail Big Full Moon Sale big full deal - Midnight Shopping Frenzy!
981,Tier 4: Toggle OFF + Organic (Noise),Sathya,Tamil Nadu (HQ: Tuticorin / Chennai),@samyuktha_shan,1249134,444999,24054,58,5.41%,1.93%,2025-01-24,https://www.instagram.com/p/DFNQp3Yyjs9/,⚪ Standard Organic: Baseline organic collab reach,Your wait is over! The Realme 14 Pro Series is now available at @sathya.retail !  Step into the future of smartphones with the world’s first cold-sens
982,Tier 4: Toggle OFF + Organic (Noise),Sathya,Tamil Nadu (HQ: Tuticorin / Chennai),@pranikadhakshu,1139297,436970,23620,127,5.41%,2.08%,2025-12-10,https://www.instagram.com/p/DSFbegdEpfH/,⚪ Standard Organic: Baseline organic collab reach,"@sathya.retail happily launched the vivo x300 series, featuring the extraordinary ZEISS APO Telephoto Camera — a masterpiece built for photography per"
983,Tier 4: Toggle OFF + Organic (Noise),Sathya,Tamil Nadu (HQ: Tuticorin / Chennai),@pranikadhakshu,1139297,436970,23620,127,5.41%,2.08%,2025-04-26,https://www.instagram.com/p/DI6MUOGSvQh/,⚪ Standard Organic: Baseline organic collab reach,"“See Clearly, Even Under Bright Sun”"
984,Tier 4: Toggle OFF + Organic (Noise),Sathya,Tamil Nadu (HQ: Tuticorin / Chennai),@vaishusundarofficial,984919,435841,23559,79,5.41%,2.40%,2026-01-10,https://www.instagram.com/p/DTVjy8pEgTQ/,⚪ Standard Organic: Baseline organic collab reach,@sathya.retail  realme 16 pro series successfully launched
985,Tier 4: Toggle OFF + Organic (Noise),Sathya,Tamil Nadu (HQ: Tuticorin / Chennai),@vaishusundarofficial,984919,435841,23559,79,5.41%,2.40%,2025-12-18,https://www.instagram.com/p/DSaVN8ukmye/,⚪ Standard Organic: Baseline organic collab reach,"From December 14, @sathya.retail opens its new store in Padi, located on Padi Pothys 7th Floor"
986,Tier 4: Toggle OFF + Organic (Noise),Sathya,Tamil Nadu (HQ: Tuticorin / Chennai),@vaishusundarofficial,984919,435841,23559,79,5.41%,2.40%,2025-12-13,https://www.instagram.com/p/DSNBNNfEj-a/,⚪ Standard Organic: Baseline organic collab reach,"From December 14, @sathya.retail opens its new store in Padi, located on Padi Pothys 7th Floor"
987,Tier 4: Toggle OFF + Organic (Noise),Sathya,Tamil Nadu (HQ: Tuticorin / Chennai),@vaishusundarofficial,984919,435841,23559,79,5.41%,2.40%,2025-07-31,https://www.instagram.com/p/DMx3zgOym0Z/,⚪ Standard Organic: Baseline organic collab reach,Why spend hours editing when your voice can do it in seconds?
988,Tier 4: Toggle OFF + Organic (Noise),Sathya,Tamil Nadu (HQ: Tuticorin / Chennai),@vaishusundarofficial,984919,435841,23559,79,5.41%,2.40%,2025-03-27,https://www.instagram.com/p/DHtAM6gS6ga/,⚪ Standard Organic: Baseline organic collab reach,Excited to launch the OPPO F29 Series at @sathya.retail !  Now available at Sathya!
989,Tier 4: Toggle OFF + Organic (Noise),Sathya,Tamil Nadu (HQ: Tuticorin / Chennai),@vaishusundarofficial,984919,435841,23559,79,5.41%,2.40%,2025-03-06,https://www.instagram.com/p/DG3HcukSsaB/,⚪ Standard Organic: Baseline organic collab reach,A Cool Summer for Your Family! ❄️👨‍👩‍👧‍👦
990,Tier 4: Toggle OFF + Organic (Noise),Sathya,Tamil Nadu (HQ: Tuticorin / Chennai),@harijaofficial,1528160,435804,23557,374,5.41%,1.57%,2025-02-27,https://www.instagram.com/p/DGlKpf-TEAN/,⚪ Standard Organic: Baseline organic collab reach,❄️ AC வாங்க நல்ல நேரம்… இப்போ தாங்க! ❄️
991,Tier 4: Toggle OFF + Organic (Noise),Sathya,Tamil Nadu (HQ: Tuticorin / Chennai),@_pepsea_uma_pondicherry,184245,433288,23421,382,5.41%,12.92%,2025-05-25,https://www.instagram.com/p/DKEzTGOSNBD/,📈 Viral Organic Reach: High organic creator ER (12.92%),70% Offer ahh😳
992,Tier 4: Toggle OFF + Organic (Noise),Pai International,Karnataka & Telangana (HQ: Bengaluru),@vaishnavaaa_,90070,433048,23408,195,5.41%,26.21%,2025-10-18,https://www.instagram.com/p/DP86OcREcWr/,📈 Viral Organic Reach: High organic creator ER (26.21%),Nanna manassina maathannu helokke bidlilla 😡
993,Tier 4: Toggle OFF + Organic (Noise),Pai International,Karnataka & Telangana (HQ: Bengaluru),@vaishnavaaa_,90070,433048,23408,195,5.41%,26.21%,2025-09-18,https://www.instagram.com/p/DOvtkV5jD8D/,📈 Viral Organic Reach: High organic creator ER (26.21%),ಅನುಮಾನವೇ ಆಕರ್ಷಕ್ಕೆ ಕಾರಣ!!!
994,Tier 4: Toggle OFF + Organic (Noise),Sathya,Tamil Nadu (HQ: Tuticorin / Chennai),@sachanaofficial,257926,432049,23354,161,5.41%,9.12%,2026-08-11,https://www.instagram.com/p/Db5w0ugPfOi/,📈 Viral Organic Reach: High organic creator ER (9.12%),My New Story Begins with Vivo S2!
995,Tier 4: Toggle OFF + Organic (Noise),Sathya,Tamil Nadu (HQ: Tuticorin / Chennai),@rockywithdivi,79930,425518,23001,121,5.41%,28.93%,2026-07-16,https://www.instagram.com/p/Da27j0TPl2N/,📈 Viral Organic Reach: High organic creator ER (28.93%),"✨️4 free gifts - Power Bank, Ear buds, Bluetooth neckband & Smart watch"
996,Tier 4: Toggle OFF + Organic (Noise),Sathya,Tamil Nadu (HQ: Tuticorin / Chennai),@zayaans.world,152301,425352,22992,131,5.41%,15.18%,2025-06-26,https://www.instagram.com/p/DLW5IJmh5rC/,📈 Viral Organic Reach: High organic creator ER (15.18%),🪙 என்னது Sathya-ல வாங்குனா Free Gold ah 🤯
997,Tier 4: Toggle OFF + Organic (Noise),Sathya,Tamil Nadu (HQ: Tuticorin / Chennai),@dhivya__duraisamy,1110208,425056,22976,156,5.41%,2.08%,2025-07-24,https://www.instagram.com/p/DMecUUjSSvR/,⚪ Standard Organic: Baseline organic collab reach,Introducing the all-new VIVO X200 FE!
998,Tier 4: Toggle OFF + Organic (Noise),Reliance Digital,"Pan-India / Maharashtra (HQ: Mumbai, Reliance Retail)",@sainithintech,1030547,424778,22961,6481,5.41%,2.86%,2025-04-07,https://www.instagram.com/p/DIIwQpvz1pN/,⚪ Standard Organic: Baseline organic collab reach,I have always been giving tips to my followers but today I am going to give you the mantra to save big by investing in the right deals.
999,Tier 4: Toggle OFF + Organic (Noise),Bajaj Electronics,Telangana & Andhra Pradesh (HQ: Hyderabad),@sainithintech,1030547,424778,22961,6481,5.41%,2.86%,2026-04-17,https://www.instagram.com/p/DXOyyb6k9Ec/,⚪ Standard Organic: Baseline organic collab reach,Light as air. Built to impress.
1000,Tier 4: Toggle OFF + Organic (Noise),Sathya,Tamil Nadu (HQ: Tuticorin / Chennai),@wikkeysjunction87,126678,424741,22959,48,5.41%,18.16%,2025-05-25,https://www.instagram.com/p/DKFCaN5yGOp/,📈 Viral Organic Reach: High organic creator ER (18.16%),@sathya.retail Sathya super sale is happening from May 28 - 31
1001,Tier 4: Toggle OFF + Organic (Noise),Tata Neu,"Pan-India / Maharashtra (HQ: Mumbai, Tata Digital)",@karansehgal__,269435,424556,22949,77,5.41%,8.55%,2025-01-28,https://www.instagram.com/p/DFX_FyIyIhL/,📈 Viral Organic Reach: High organic creator ER (8.55%),"Dhriti gave me the best surprise ever—a concert plan! 🎶 So, I decided to turn it into an epic road trip. And guess what made it even better? The Tata "
1002,Tier 4: Toggle OFF + Organic (Noise),Tata Neu,"Pan-India / Maharashtra (HQ: Mumbai, Tata Digital)",@karansehgal__,269435,424556,22949,77,5.41%,8.55%,2025-01-25,https://www.instagram.com/p/DFP3pdSStNS/,📈 Viral Organic Reach: High organic creator ER (8.55%),When you surprise him with Arijit Singh concert tickets and he’s still trying to figure out how you pulled it off! Thanks to exclusive early access wi
1003,Tier 4: Toggle OFF + Organic (Noise),Sathya,Tamil Nadu (HQ: Tuticorin / Chennai),@chennaifoodiefactory,281625,424445,22943,368,5.41%,8.28%,2025-05-26,https://www.instagram.com/p/DKHepdpvvcf/,📈 Viral Organic Reach: High organic creator ER (8.28%),70% Offer in All Products ‼️💥🤯 @sathya.retail
1004,Tier 4: Toggle OFF + Organic (Noise),Sathya,Tamil Nadu (HQ: Tuticorin / Chennai),@actorsathya_official,84493,423391,22886,388,5.41%,27.55%,2025-05-26,https://www.instagram.com/p/DKG5GOgSWLv/,📈 Viral Organic Reach: High organic creator ER (27.55%),@sathya.retail Sathya super sale is happening from May 28 - 31
1005,Tier 4: Toggle OFF + Organic (Noise),Sathya,Tamil Nadu (HQ: Tuticorin / Chennai),@vinusha_devi,518787,422965,22863,157,5.41%,4.44%,2025-07-24,https://www.instagram.com/p/DMfnuFaJ4s3/,⚪ Standard Organic: Baseline organic collab reach,Introducing the all-new VIVO X200 FE!
1006,Tier 4: Toggle OFF + Organic (Noise),Sathya,Tamil Nadu (HQ: Tuticorin / Chennai),@vinusha_devi,518787,422965,22863,157,5.41%,4.44%,2025-02-25,https://www.instagram.com/p/DGf5eVLpswu/,⚪ Standard Organic: Baseline organic collab reach,The all-new Vivo V50 is here! Now available @sathya.retail . Experience next-level performance with the Snapdragon 7 Gen 3 processor and a powerful 60
1007,Tier 4: Toggle OFF + Organic (Noise),Sathya,Tamil Nadu (HQ: Tuticorin / Chennai),@kanchi_360,87875,422743,22851,107,5.41%,26.13%,2025-03-28,https://www.instagram.com/p/DHvypbzyEVC/,📈 Viral Organic Reach: High organic creator ER (26.13%),Sathya Year end Sale
1008,Tier 4: Toggle OFF + Organic (Noise),Pai International,Karnataka & Telangana (HQ: Bengaluru),@swethaa_naidu,790259,422262,22825,94,5.41%,2.90%,2026-02-24,https://www.instagram.com/p/DVI5sYwkjiM/,⚪ Standard Organic: Baseline organic collab reach,Sneak peek at the NEXT Galaxy at Pai! Smarter. Faster. More powerful.
1009,Tier 4: Toggle OFF + Organic (Noise),Pai International,Karnataka & Telangana (HQ: Bengaluru),@swethaa_naidu,790259,422262,22825,94,5.41%,2.90%,2026-02-23,https://www.instagram.com/p/DVFtkjoEsQe/,⚪ Standard Organic: Baseline organic collab reach,A brand-new smartphone at your daily coffee price? ☕📱
1010,Tier 4: Toggle OFF + Organic (Noise),Tata Neu,"Pan-India / Maharashtra (HQ: Mumbai, Tata Digital)",@thenidhityagi,136282,421485,22783,440,5.41%,17.04%,2025-06-27,https://www.instagram.com/p/DLZ0WDESZfX/,📈 Viral Organic Reach: High organic creator ER (17.04%),"Nazar battu won’t save your bank balance, Insurance just might!"
1011,Tier 4: Toggle OFF + Organic (Noise),Pai International,Karnataka & Telangana (HQ: Bengaluru),@prasanna.naik18,84622,420005,22703,117,5.41%,26.97%,2026-04-30,https://www.instagram.com/p/DXvy6BPRZx5/,📈 Viral Organic Reach: High organic creator ER (26.97%),ನಾನೇನು ಮಾಡಲಿ ಬಡವನಯ್ಯ 🙏
1012,Tier 4: Toggle OFF + Organic (Noise),Pai International,Karnataka & Telangana (HQ: Bengaluru),@prasanna.naik18,84622,420005,22703,117,5.41%,26.97%,2026-01-31,https://www.instagram.com/p/DULii-ckr0f/,📈 Viral Organic Reach: High organic creator ER (26.97%),"🌕 This 1st February, Pai turns ONE DAY into THREE BIG REASONS TO SHOP"
1013,Tier 4: Toggle OFF + Organic (Noise),Pai International,Karnataka & Telangana (HQ: Bengaluru),@prasanna.naik18,84622,420005,22703,117,5.41%,26.97%,2025-03-03,https://www.instagram.com/p/DGvBHxJoTYN/,📈 Viral Organic Reach: High organic creator ER (26.97%),That guy who shows off on Social Media📱🤳
1014,Tier 4: Toggle OFF + Organic (Noise),Pai International,Karnataka & Telangana (HQ: Bengaluru),@pinkeypreet,515125,418988,22648,330,5.41%,4.46%,2026-02-11,https://www.instagram.com/p/DUnXOeKElNW/,⚪ Standard Organic: Baseline organic collab reach,₹30 a day can actually get you this much! 🔥📱
1015,Tier 4: Toggle OFF + Organic (Noise),Pai International,Karnataka & Telangana (HQ: Bengaluru),@pinkeypreet,515125,418988,22648,330,5.41%,4.46%,2026-01-06,https://www.instagram.com/p/DTK8bDUkpae/,⚪ Standard Organic: Baseline organic collab reach,"When it comes to lucky draws, trust matters more than excitement."
1016,Tier 4: Toggle OFF + Organic (Noise),Pai International,Karnataka & Telangana (HQ: Bengaluru),@pinkeypreet,515125,418988,22648,330,5.41%,4.46%,2025-12-14,https://www.instagram.com/p/DSO4zicEkuv/,⚪ Standard Organic: Baseline organic collab reach,"Came out for one microwave,"
1017,Tier 4: Toggle OFF + Organic (Noise),Sathya,Tamil Nadu (HQ: Tuticorin / Chennai),@ashavenkatesh.official,604752,415029,22434,104,5.41%,3.73%,2025-12-10,https://www.instagram.com/p/DSFg3HQAboV/,⚪ Standard Organic: Baseline organic collab reach,"@sathya.retail happily launched the vivo x300 series, featuring the extraordinary ZEISS APO Telephoto Camera — a masterpiece built for photography per"
1018,Tier 4: Toggle OFF + Organic (Noise),Sathya,Tamil Nadu (HQ: Tuticorin / Chennai),@subha_maastha,166935,414862,22425,149,5.41%,13.52%,2026-07-26,https://www.instagram.com/p/DbPk9mBvz9V/,📈 Viral Organic Reach: High organic creator ER (13.52%),🌕🔥 FULL MOON SALE @ SATHYA! 🔥🌕
1019,Tier 4: Toggle OFF + Organic (Noise),Electronics Mart,Telangana & Andhra Pradesh (HQ: Hyderabad),@techdragonn,342468,414659,22414,667,5.41%,6.74%,2026-05-02,https://www.instagram.com/p/DX0_0oSP2gW/,📈 Viral Organic Reach: High organic creator ER (6.74%),"iPhone 16 at ₹29,000 📱"
1020,Tier 4: Toggle OFF + Organic (Noise),Pai International,Karnataka & Telangana (HQ: Bengaluru),@official_neetabagh,337517,413734,22364,208,5.41%,6.69%,2026-08-13,https://www.instagram.com/p/Db-iyxGziwS/,📈 Viral Organic Reach: High organic creator ER (6.69%),I’ve always wanted one device that could keep up with me and the Samsung Galaxy Z Fold8 Series does exactly that.
1021,Tier 4: Toggle OFF + Organic (Noise),Pai International,Karnataka & Telangana (HQ: Bengaluru),@aishu_iyer9036,216503,410718,22201,40,5.41%,10.27%,2026-04-01,https://www.instagram.com/p/DWlf7_1JZci/,📈 Viral Organic Reach: High organic creator ER (10.27%),"I wasn’t planning to spend a single rupee this week,"
1022,Tier 4: Toggle OFF + Organic (Noise),Sathya,Tamil Nadu (HQ: Tuticorin / Chennai),@kalaiselvan_sadhana,196994,410496,22189,236,5.41%,11.38%,2026-06-28,https://www.instagram.com/p/DaH-ETCIKD5/,📈 Viral Organic Reach: High organic creator ER (11.38%),World Cup Match vs Full Moon … 🌕 Sathya Full Moon Sale is Here! 🔥
1023,Tier 4: Toggle OFF + Organic (Noise),Sathya,Tamil Nadu (HQ: Tuticorin / Chennai),@nakshatra.murthy,366733,410126,22169,47,5.41%,6.06%,2025-12-03,https://www.instagram.com/p/DRydjeYkdAq/,📈 Viral Organic Reach: High organic creator ER (6.06%),"Get ready for the brightest deals of the month! @sathya.retail  Full Moon Sale is lighting up December 4, from 9 AM to 12 Midnight!"
1024,Tier 4: Toggle OFF + Organic (Noise),Pai International,Karnataka & Telangana (HQ: Bengaluru),@viditha__,168133,407962,22052,226,5.41%,13.25%,2026-01-26,https://www.instagram.com/p/DT-mTPgDUZG/,📈 Viral Organic Reach: High organic creator ER (13.25%),Easiest way to make someone happy 🥰
1025,Tier 4: Toggle OFF + Organic (Noise),Sathya,Tamil Nadu (HQ: Tuticorin / Chennai),@hashini_offl,171075,403318,21801,54,5.41%,12.78%,2025-05-26,https://www.instagram.com/p/DKGMNSzzyvX/,📈 Viral Organic Reach: High organic creator ER (12.78%),@sathya.retail Sathya super sale is happening from May 28 - 31
1026,Tier 4: Toggle OFF + Organic (Noise),Bajaj Electronics,Telangana & Andhra Pradesh (HQ: Hyderabad),@lasyamanjunath,1775578,403189,21794,32,5.41%,1.23%,2026-06-13,https://www.instagram.com/p/DZg1brqJ2oL/,⚪ Standard Organic: Baseline organic collab reach,"""Hello Havells, switch on the breeze!"" 🎙️✨"
1027,Tier 4: Toggle OFF + Organic (Noise),Pai International,Karnataka & Telangana (HQ: Bengaluru),@one_type_rakshi,888902,403189,21794,588,5.41%,2.52%,2026-02-18,https://www.instagram.com/p/DU4YE74Abcy/,⚪ Standard Organic: Baseline organic collab reach,ಬೆಂಕಿ Phone ಗುರು 🤩
1028,Tier 4: Toggle OFF + Organic (Noise),Sathya,Tamil Nadu (HQ: Tuticorin / Chennai),@vandhana_honey_,487604,402153,21738,123,5.41%,4.48%,2025-03-27,https://www.instagram.com/p/DHs4oi-ymn7/,⚪ Standard Organic: Baseline organic collab reach,📢 Ugadi Super Sale at Sathya! 🎉✨
1029,Tier 4: Toggle OFF + Organic (Noise),Vijay Sales,Maharashtra / Pan-India (HQ: Mumbai),@crazy_busy_mom,819335,401838,21721,389,5.41%,2.70%,2025-12-25,https://www.instagram.com/p/DSsNNSCiavL/,⚪ Standard Organic: Baseline organic collab reach,🔥 Get Ready for the BIGGEST Electronics Consumer Expo of the Year! 🔥
1030,Tier 4: Toggle OFF + Organic (Noise),Sathya,Tamil Nadu (HQ: Tuticorin / Chennai),@lakshmipriyaoffl,515373,401616,21709,447,5.41%,4.30%,2026-08-03,https://www.instagram.com/p/DblNDOhy_N8/,⚪ Standard Organic: Baseline organic collab reach,"Experience a whole new way to create, work, and capture every moment with the all-new Samsung Galaxy Z Fold8, Z Fold8 Ultra & Z Flip8, now available a"
1031,Tier 4: Toggle OFF + Organic (Noise),Sathya,Tamil Nadu (HQ: Tuticorin / Chennai),@lakshmipriyaoffl,515373,401616,21709,447,5.41%,4.30%,2025-11-22,https://www.instagram.com/p/DRW6d9FEjiw/,⚪ Standard Organic: Baseline organic collab reach,The all-new OPPO Find X9 Series is here @sathya.retail ! Powered by the MediaTek Dimensity 9500 chipset and Massive 7025mAh ultra-large battery for un
1032,Tier 4: Toggle OFF + Organic (Noise),Sathya,Tamil Nadu (HQ: Tuticorin / Chennai),@lakshmipriyaoffl,515373,401616,21709,447,5.41%,4.30%,2025-10-18,https://www.instagram.com/p/DP9AGQxkhXr/,⚪ Standard Organic: Baseline organic collab reach,@sathya.retail  Purchashing has started for the vivo V60e! Get ready to experience the power of a 200MP ultra-clear main camera and a massive 6500mAh 
1033,Tier 4: Toggle OFF + Organic (Noise),Sathya,Tamil Nadu (HQ: Tuticorin / Chennai),@lakshmipriyaoffl,515373,401616,21709,447,5.41%,4.30%,2025-08-19,https://www.instagram.com/p/DNiam1qRThA/,⚪ Standard Organic: Baseline organic collab reach,Power that lasts all day! @sathya.retail proudly launched the stunning vivo v60 with a massive 6500 mAh battery .
1034,Tier 4: Toggle OFF + Organic (Noise),Sathya,Tamil Nadu (HQ: Tuticorin / Chennai),@lakshmipriyaoffl,515373,401616,21709,447,5.41%,4.30%,2025-02-25,https://www.instagram.com/p/DGf4Wzby9NN/,⚪ Standard Organic: Baseline organic collab reach,The all-new Vivo V50 is here! Now available @sathya.retail . Experience next-level performance with the Snapdragon 7 Gen 3 processor and a powerful 60
1035,Tier 4: Toggle OFF + Organic (Noise),Sathya,Tamil Nadu (HQ: Tuticorin / Chennai),@mani___madhu,854526,401598,21708,28,5.41%,2.54%,2025-02-13,https://www.instagram.com/p/DGA83U0S-gW/,⚪ Standard Organic: Baseline organic collab reach,Kulukulu AC offer for Hot Summer  @sathya.retail !
1036,Tier 4: Toggle OFF + Organic (Noise),Sathya,Tamil Nadu (HQ: Tuticorin / Chennai),@village_guyz,151837,397676,21496,37,5.41%,14.18%,2026-06-27,https://www.instagram.com/p/DaFnDNovstb/,📈 Viral Organic Reach: High organic creator ER (14.18%),💸 நீங்க திடீர்னு பணக்காரன் ஆனா… முதல்ல என்ன வாங்குவீங்க? 🤔
1037,Tier 4: Toggle OFF + Organic (Noise),Sathya,Tamil Nadu (HQ: Tuticorin / Chennai),@priyaagrs30,289939,397158,21468,205,5.41%,7.48%,2026-08-14,https://www.instagram.com/p/DcAtGwGoubJ/,📈 Viral Organic Reach: High organic creator ER (7.48%),Independence day sale @sathya.retail!
1038,Tier 4: Toggle OFF + Organic (Noise),Sathya,Tamil Nadu (HQ: Tuticorin / Chennai),@priyaagrs30,289939,397158,21468,205,5.41%,7.48%,2025-05-26,https://www.instagram.com/p/DKHcPOWzVFm/,📈 Viral Organic Reach: High organic creator ER (7.48%),@sathya.retail Sathya super sale is happening from May 28 - 31
1039,Tier 4: Toggle OFF + Organic (Noise),Sathya,Tamil Nadu (HQ: Tuticorin / Chennai),@priyaagrs30,289939,397158,21468,205,5.41%,7.48%,2025-04-11,https://www.instagram.com/p/DITvomMTBhR/,📈 Viral Organic Reach: High organic creator ER (7.48%),இனிய தமிழ் புத்தாண்டு நல்வாழ்த்துக்கள்
1040,Tier 4: Toggle OFF + Organic (Noise),Sathya,Tamil Nadu (HQ: Tuticorin / Chennai),@priyaagrs30,289939,397158,21468,205,5.41%,7.48%,2025-03-27,https://www.instagram.com/p/DHs8iWnTTGY/,📈 Viral Organic Reach: High organic creator ER (7.48%),Sathya Year end Sale
1041,Tier 4: Toggle OFF + Organic (Noise),Sathya,Tamil Nadu (HQ: Tuticorin / Chennai),@priyaagrs30,289939,397158,21468,205,5.41%,7.48%,2025-03-12,https://www.instagram.com/p/DHGC9pVTEQY/,📈 Viral Organic Reach: High organic creator ER (7.48%),Sathya FULL MOON LED TV SUPER SALE - Live on 14th March 2025 -Morning 9 AM To Midnight 12 AM- One Day Only -
1042,Tier 4: Toggle OFF + Organic (Noise),Sathya,Tamil Nadu (HQ: Tuticorin / Chennai),@akshitha_ashok__,864068,393032,21245,36,5.41%,2.46%,2025-02-28,https://www.instagram.com/p/DGnwguIS7Un/,⚪ Standard Organic: Baseline organic collab reach,❄️ AC வாங்க நல்ல நேரம்… இப்போ தாங்க! ❄️
1043,Tier 4: Toggle OFF + Organic (Noise),Sathya,Tamil Nadu (HQ: Tuticorin / Chennai),@maddy_and_candy_,430470,390794,21124,22,5.41%,4.91%,2026-01-10,https://www.instagram.com/p/DTVeFZOk7Ua/,⚪ Standard Organic: Baseline organic collab reach,@sathya.retail  realme 16 pro series successfully launched
1044,Tier 4: Toggle OFF + Organic (Noise),Sathya,Tamil Nadu (HQ: Tuticorin / Chennai),@maddy_and_candy_,430470,390794,21124,22,5.41%,4.91%,2025-11-02,https://www.instagram.com/p/DQjqHdSk1LM/,⚪ Standard Organic: Baseline organic collab reach,Don’t miss the biggest shopping day of the month!
1045,Tier 4: Toggle OFF + Organic (Noise),Sathya,Tamil Nadu (HQ: Tuticorin / Chennai),@maddy_and_candy_,430470,390794,21124,22,5.41%,4.91%,2025-09-19,https://www.instagram.com/p/DOyM52yjGgz/,⚪ Standard Organic: Baseline organic collab reach,"GST 2.0 Super Discount Sale is here at @sathya.retail . Govt cut GST from 28% to 18% for ACs, LED TVs, and Dishwashers, means massive price drops star"
1046,Tier 4: Toggle OFF + Organic (Noise),Sathya,Tamil Nadu (HQ: Tuticorin / Chennai),@maddy_and_candy_,430470,390794,21124,22,5.41%,4.91%,2025-08-25,https://www.instagram.com/p/DNxqzmy5o3J/,⚪ Standard Organic: Baseline organic collab reach,Aarambikalama😎⚡️
1047,Tier 4: Toggle OFF + Organic (Noise),Sathya,Tamil Nadu (HQ: Tuticorin / Chennai),@maddy_and_candy_,430470,390794,21124,22,5.41%,4.91%,2025-07-16,https://www.instagram.com/p/DMKFquIRYz8/,⚪ Standard Organic: Baseline organic collab reach,@Sathya.retail  brings you the future in your hands – pre-booking is now open for the all-new Samsung Z Fold 7 & Z Flip 7!  Prebook today and unlock e
1048,Tier 4: Toggle OFF + Organic (Noise),Sathya,Tamil Nadu (HQ: Tuticorin / Chennai),@maddy_and_candy_,430470,390794,21124,22,5.41%,4.91%,2025-02-05,https://www.instagram.com/p/DFsYeSLyw40/,⚪ Standard Organic: Baseline organic collab reach,🚀 kulu kulu AC Offer is Here! ❄️🔥Get ready to shop till you drop at @sathya.retail with the biggest AC sale of the season! 🏷️ Grab top branded ACs at 
1049,Tier 4: Toggle OFF + Organic (Noise),Aditya Vision,"Bihar, Jharkhand & UP (HQ: Patna)",@bihar_blossom,111157,390553,21111,58,5.41%,19.05%,2025-10-17,https://www.instagram.com/p/DP5ptO8iLlS/,📈 Viral Organic Reach: High organic creator ER (19.05%),"Explore advanced appliances from Godrej at your nearest Aditya Vision store this week, and wow!"
1050,Tier 4: Toggle OFF + Organic (Noise),Aditya Vision,"Bihar, Jharkhand & UP (HQ: Patna)",@bihar_blossom,111157,390553,21111,58,5.41%,19.05%,2025-09-16,https://www.instagram.com/p/DOqemDSCEpp/,📈 Viral Organic Reach: High organic creator ER (19.05%),BREAKING NEWS : Lloyd mega sale is here ! Free gifts + cashback + lowest emi or v bohoot kuch
1051,Tier 4: Toggle OFF + Organic (Noise),Pai International,Karnataka & Telangana (HQ: Bengaluru),@bhavanamodi135,400720,388907,21022,48,5.41%,5.26%,2025-03-29,https://www.instagram.com/p/DHx3J0NvMIL/,📈 Viral Organic Reach: High organic creator ER (5.26%),"ಪೈ ಇಂಟರ್ನ್ಯಾಷನಲ್ ಶೋರೂಮಿನಲ್ಲಿ LED TV, ವಾಷಿಂಗ್ ಮೆಷಿನ್, ಫ್ರಿಜ್, ಮತ್ತು ಕಿಚನ್ ಅಪ್ಲೈನ್ಸಸ್‌ ಲ್ಯಾಪ್ಟಾಪ್ ಹಾಗೂ ಮೊಬೈಲ್ ಗಳ ಮೇಲೆ ಶೇಕಡಾ 65ರವರೆಗೆ ರಿಯಾಯಿತಿ ದರದಲ್ಲಿ ವಸ"
1052,Tier 4: Toggle OFF + Organic (Noise),Reliance Digital,"Pan-India / Maharashtra (HQ: Mumbai, Reliance Retail)",@_srishittt,337393,388444,20997,167,5.41%,6.27%,2026-07-01,https://www.instagram.com/p/DaPItfduobA/,📈 Viral Organic Reach: High organic creator ER (6.27%),Smart choices run in the squad. Upgrade your tech @reliance_digital with exciting offers!
1053,Tier 4: Toggle OFF + Organic (Noise),Pai International,Karnataka & Telangana (HQ: Bengaluru),@bangaloreverified,26524,388019,20974,113,5.41%,79.50%,2025-04-06,https://www.instagram.com/p/DIGb2zNSNow/,📈 Viral Organic Reach: High organic creator ER (79.5%),🚨CHILL IN SUMMER WITH POWERFUL COOLERS🥶
1054,Tier 4: Toggle OFF + Organic (Noise),Sathya,Tamil Nadu (HQ: Tuticorin / Chennai),@samayalwithsharon,2880934,386798,20908,136,5.41%,0.73%,2025-08-12,https://www.instagram.com/p/DNQPhFtyMrE/,⚪ Standard Organic: Baseline organic collab reach,"Celebrate Independence with Big Savings! 😍Sathya’s Independence Day super offer From Aug 14–17, @sathya.retail brings you special offers on all home a"
1055,Tier 4: Toggle OFF + Organic (Noise),Pai International,Karnataka & Telangana (HQ: Bengaluru),@bubbly_snowflake_0,39619,382561,20679,22,5.41%,52.25%,2026-05-23,https://www.instagram.com/p/DYqpnAtzwzc/,📈 Viral Organic Reach: High organic creator ER (52.25%),"I thought I was just coming to Pai International to check out a new phone, but the Oppo Find X9s genuinely surprised me 👀"
1056,Tier 4: Toggle OFF + Organic (Noise),Sathya,Tamil Nadu (HQ: Tuticorin / Chennai),@joshua_josh.off,310978,381932,20645,113,5.41%,6.68%,2025-11-19,https://www.instagram.com/p/DRPewwJEoSB/,📈 Viral Organic Reach: High organic creator ER (6.68%),"Gadgets Day Sale is live @sathya.retail for 3 days — November 21, 22, and 23!"
1057,Tier 4: Toggle OFF + Organic (Noise),Sathya,Tamil Nadu (HQ: Tuticorin / Chennai),@itz_.moni,60292,380230,20553,68,5.41%,34.20%,2025-03-27,https://www.instagram.com/p/DHr7FAqx9wz/,📈 Viral Organic Reach: High organic creator ER (34.2%),Sathya Year end Sale
1058,Tier 4: Toggle OFF + Organic (Noise),Pai International,Karnataka & Telangana (HQ: Bengaluru),@chandu_charms___,219377,380138,20548,47,5.41%,9.39%,2025-02-05,https://www.instagram.com/p/DFsIsrYy_tR/,📈 Viral Organic Reach: High organic creator ER (9.39%),Ready to experience the next level of smart living? 📲✨
1059,Tier 4: Toggle OFF + Organic (Noise),Reliance Digital,"Pan-India / Maharashtra (HQ: Mumbai, Reliance Retail)",@ganeshkaranth,212957,379287,20502,251,5.41%,9.75%,2026-08-09,https://www.instagram.com/p/Db0Qo7_Jlmh/,📈 Viral Organic Reach: High organic creator ER (9.75%),When your husband suddenly agrees to EVERYTHING… you know there’s a catch 👀
1060,Tier 4: Toggle OFF + Organic (Noise),Sathya,Tamil Nadu (HQ: Tuticorin / Chennai),@srushtidangeoffl,768599,377955,20430,66,5.41%,2.67%,2025-07-23,https://www.instagram.com/p/DMbph1QSQeL/,⚪ Standard Organic: Baseline organic collab reach,Witnessed the future unfold — Galaxy Z Fold7 & Z Flip7 launched in style with Galaxy AI 💫 Proud to be part of this grand moment with @sathya.retail
1061,Tier 4: Toggle OFF + Organic (Noise),Sathya,Tamil Nadu (HQ: Tuticorin / Chennai),@srushtidangeoffl,768599,377955,20430,66,5.41%,2.67%,2025-02-25,https://www.instagram.com/p/DGgCqyqImaE/,⚪ Standard Organic: Baseline organic collab reach,The all-new Vivo V50 is here! Now available @sathya.retail . Experience next-level performance with the Snapdragon 7 Gen 3 processor and a powerful 60
1062,Tier 4: Toggle OFF + Organic (Noise),Pai International,Karnataka & Telangana (HQ: Bengaluru),@deepak_brooo,115292,377326,20396,155,5.41%,17.83%,2025-10-17,https://www.instagram.com/p/DP6R6EDEmwA/,📈 Viral Organic Reach: High organic creator ER (17.83%),That moment when someone starts a story… but never finishes it! 😂
1063,Tier 4: Toggle OFF + Organic (Noise),Pai International,Karnataka & Telangana (HQ: Bengaluru),@deepak_brooo,115292,377326,20396,155,5.41%,17.83%,2025-09-24,https://www.instagram.com/p/DO_Ik0dCZPU/,📈 Viral Organic Reach: High organic creator ER (17.83%),What is the value of PAI?
1064,Tier 4: Toggle OFF + Organic (Noise),Reliance Digital,"Pan-India / Maharashtra (HQ: Mumbai, Reliance Retail)",@harrish_krishh,363449,377104,20384,74,5.41%,5.63%,2025-08-08,https://www.instagram.com/p/DNGB_hmP47H/,📈 Viral Organic Reach: High organic creator ER (5.63%),Why waste your energy on chores? Let smart tech do the heavy lifting.
1065,Tier 4: Toggle OFF + Organic (Noise),Sathya,Tamil Nadu (HQ: Tuticorin / Chennai),@harrish_krishh,363449,377104,20384,74,5.41%,5.63%,2026-07-28,https://www.instagram.com/p/DbVn0eWxtl5/,📈 Viral Organic Reach: High organic creator ER (5.63%),Samsung galaxy z fold8 & z fold8 ultra prebooking started @sathya.retail
1066,Tier 4: Toggle OFF + Organic (Noise),Sathya,Tamil Nadu (HQ: Tuticorin / Chennai),@harrish_krishh,363449,377104,20384,74,5.41%,5.63%,2025-12-02,https://www.instagram.com/p/DRxEqSCkijo/,📈 Viral Organic Reach: High organic creator ER (5.63%),"Get ready for the brightest deals of the month! @sathya.retail  Full Moon Sale is lighting up December 4, from 9 AM to 12 Midnight!"
1067,Tier 4: Toggle OFF + Organic (Noise),Sathya,Tamil Nadu (HQ: Tuticorin / Chennai),@harrish_krishh,363449,377104,20384,74,5.41%,5.63%,2025-11-03,https://www.instagram.com/p/DQmJLErjVfG/,📈 Viral Organic Reach: High organic creator ER (5.63%),Don’t miss the biggest shopping day of the month!
1068,Tier 4: Toggle OFF + Organic (Noise),Sathya,Tamil Nadu (HQ: Tuticorin / Chennai),@harrish_krishh,363449,377104,20384,74,5.41%,5.63%,2025-09-20,https://www.instagram.com/p/DO1HyFaCYRo/,📈 Viral Organic Reach: High organic creator ER (5.63%),"GST 2.0 Super Discount Sale is here at @sathya.retail . Govt cut GST from 28% to 18% for ACs, LED TVs, and Dishwashers, means massive price drops star"
1069,Tier 4: Toggle OFF + Organic (Noise),Sathya,Tamil Nadu (HQ: Tuticorin / Chennai),@insta_sanjay_27,280452,376271,20339,91,5.41%,7.29%,2026-07-27,https://www.instagram.com/p/DbS7vnETJkl/,📈 Viral Organic Reach: High organic creator ER (7.29%),🌕 Full Moon Sale is back at Sathya! 🔥
1070,Tier 4: Toggle OFF + Organic (Noise),Sathya,Tamil Nadu (HQ: Tuticorin / Chennai),@chennai_tuty_couple,286019,376012,20325,178,5.41%,7.17%,2026-02-22,https://www.instagram.com/p/DVEDlBPkTk2/,📈 Viral Organic Reach: High organic creator ER (7.17%),@sathya.retail vivo v70 elite prebook started
1071,Tier 4: Toggle OFF + Organic (Noise),Sathya,Tamil Nadu (HQ: Tuticorin / Chennai),@chennai_tuty_couple,286019,376012,20325,178,5.41%,7.17%,2026-01-23,https://www.instagram.com/p/DT2VHtskXxC/,📈 Viral Organic Reach: High organic creator ER (7.17%),Ex Sathyava pakka poniyaa🤣@sathya.retail Sathya Republic Day Sale is Live!
1072,Tier 4: Toggle OFF + Organic (Noise),Sathya,Tamil Nadu (HQ: Tuticorin / Chennai),@chennai_tuty_couple,286019,376012,20325,178,5.41%,7.17%,2025-10-04,https://www.instagram.com/p/DPY889vEQnu/,📈 Viral Organic Reach: High organic creator ER (7.17%),The moon is rising and so are the deals!
1073,Tier 4: Toggle OFF + Organic (Noise),Sathya,Tamil Nadu (HQ: Tuticorin / Chennai),@chennai_tuty_couple,286019,376012,20325,178,5.41%,7.17%,2025-09-20,https://www.instagram.com/p/DO0gVirEc6l/,📈 Viral Organic Reach: High organic creator ER (7.17%),"Fight😂  GST 2.0 Super Discount Sale is here at @sathya.retail . Govt cut GST from 28% to 18% for ACs, LED TVs, and Dishwashers, means massive price dr"
1074,Tier 4: Toggle OFF + Organic (Noise),Sathya,Tamil Nadu (HQ: Tuticorin / Chennai),@chennai_tuty_couple,286019,376012,20325,178,5.41%,7.17%,2025-08-07,https://www.instagram.com/p/DNCy3l3xF3c/,📈 Viral Organic Reach: High organic creator ER (7.17%),Get ready for the Full Moon Sale at @sathya.retail  happening this August 8 from morning 9 AM to midnight 12! Don’t miss special offers on ACs and was
1075,Tier 4: Toggle OFF + Organic (Noise),Sathya,Tamil Nadu (HQ: Tuticorin / Chennai),@chennai_tuty_couple,286019,376012,20325,178,5.41%,7.17%,2025-07-05,https://www.instagram.com/p/DLuqF8FRudx/,📈 Viral Organic Reach: High organic creator ER (7.17%),The Oppo Reno 14 Series is Here!
1076,Tier 4: Toggle OFF + Organic (Noise),Sathya,Tamil Nadu (HQ: Tuticorin / Chennai),@chennai_tuty_couple,286019,376012,20325,178,5.41%,7.17%,2025-03-27,https://www.instagram.com/p/DHsbafNxkzA/,📈 Viral Organic Reach: High organic creator ER (7.17%),ipl vs Nadagam🤣New TV vanga poren😄🙏💃
1077,Tier 4: Toggle OFF + Organic (Noise),Sathya,Tamil Nadu (HQ: Tuticorin / Chennai),@marshalmaak,232151,375864,20317,230,5.41%,8.85%,2025-12-04,https://www.instagram.com/p/DR1_ypwD7ae/,📈 Viral Organic Reach: High organic creator ER (8.85%),Vibe 🎶🤩 starting with party speaker 🔈 in namma Nagercoil 🥳
1078,Tier 4: Toggle OFF + Organic (Noise),Sathya,Tamil Nadu (HQ: Tuticorin / Chennai),@durga_anandhan_,67930,373940,20213,127,5.41%,29.94%,2026-07-27,https://www.instagram.com/p/DbTGZDwOxGU/,📈 Viral Organic Reach: High organic creator ER (29.94%),🌕 Full Moon Sale is back at Sathya! 🔥
1079,Tier 4: Toggle OFF + Organic (Noise),Sathya,Tamil Nadu (HQ: Tuticorin / Chennai),@thiya_reddy,371527,372664,20144,11,5.41%,5.42%,2025-10-04,https://www.instagram.com/p/DPYSwxwAcg_/,📈 Viral Organic Reach: High organic creator ER (5.42%),Pagal’la moon theriyudhaa 😧
1080,Tier 4: Toggle OFF + Organic (Noise),Sathya,Tamil Nadu (HQ: Tuticorin / Chennai),@thiya_reddy,371527,372664,20144,11,5.41%,5.42%,2025-05-25,https://www.instagram.com/p/DKErDIlx5d7/,📈 Viral Organic Reach: High organic creator ER (5.42%),coming 28th leave podrom 😁
1081,Tier 4: Toggle OFF + Organic (Noise),Sathya,Tamil Nadu (HQ: Tuticorin / Chennai),@thiya_reddy,371527,372664,20144,11,5.41%,5.42%,2025-04-11,https://www.instagram.com/p/DITmkrqyi2R/,📈 Viral Organic Reach: High organic creator ER (5.42%),Idhu namma list’laye illaye🫣
1082,Tier 4: Toggle OFF + Organic (Noise),Sathya,Tamil Nadu (HQ: Tuticorin / Chennai),@harini_azhagesan,454604,372016,20109,1033,5.41%,4.65%,2025-05-26,https://www.instagram.com/p/DKGxgFLRLu8/,⚪ Standard Organic: Baseline organic collab reach,@sathya.retail Sathya super sale is happening from May 28 - 31
1083,Tier 4: Toggle OFF + Organic (Noise),Sathya,Tamil Nadu (HQ: Tuticorin / Chennai),@valapalasomberi,13650,371054,20057,18,5.41%,147.08%,2025-03-28,https://www.instagram.com/p/DHvm7OPzx7J/,📈 Viral Organic Reach: High organic creator ER (147.08%),Sathya Year end Sale🥳♥️
1084,Tier 4: Toggle OFF + Organic (Noise),Sathya,Tamil Nadu (HQ: Tuticorin / Chennai),@mrs_vennamava,385371,370259,20014,33,5.41%,5.20%,2025-11-02,https://www.instagram.com/p/DQjYn65khNd/,📈 Viral Organic Reach: High organic creator ER (5.2%),Don’t miss the biggest shopping day of the month!
1085,Tier 4: Toggle OFF + Organic (Noise),Reliance Digital,"Pan-India / Maharashtra (HQ: Mumbai, Reliance Retail)",@sejalkumar1195,780179,369537,19975,102,5.41%,2.57%,2026-05-25,https://www.instagram.com/p/DYw5VosyG09/,⚪ Standard Organic: Baseline organic collab reach,1 day trip to Mumbai for a Sundowner + white themed party was an amazing experience!
1086,Tier 4: Toggle OFF + Organic (Noise),Aditya Vision,"Bihar, Jharkhand & UP (HQ: Patna)",@memes_of_dhanbad,156606,369463,19971,102,5.41%,12.82%,2026-08-11,https://www.instagram.com/p/Db5o-UKvZ3v/,📈 Viral Organic Reach: High organic creator ER (12.82%),Independence Day Offers in Aditya Vision ✅
1087,Tier 4: Toggle OFF + Organic (Noise),Pai International,Karnataka & Telangana (HQ: Bengaluru),@justeatssss,74496,367576,19869,7,5.41%,26.68%,2026-04-30,https://www.instagram.com/p/DXvt6Mmpz5-/,📈 Viral Organic Reach: High organic creator ER (26.68%),POV: You went to Pai “just to see” and now you’re planning EMI 😭
1088,Tier 4: Toggle OFF + Organic (Noise),Pai International,Karnataka & Telangana (HQ: Bengaluru),@mallya_bagalkot,552648,365412,19752,67,5.41%,3.59%,2025-03-26,https://www.instagram.com/p/DHqmoYfzSZD/,⚪ Standard Organic: Baseline organic collab reach,"ಪೈ ಇಂಟರ್ನ್ಯಾಷನಲ್ ಶೋರೂಮಿನಲ್ಲಿ LED TV, ವಾಷಿಂಗ್ ಮೆಷಿನ್, ಫ್ರಿಜ್, ಮತ್ತು ಕಿಚನ್ ಅಪ್ಲೈನ್ಸಸ್‌ ಲ್ಯಾಪ್ಟಾಪ್ ಹಾಗೂ ಮೊಬೈಲ್ ಗಳ ಮೇಲೆ ಶೇಕಡಾ 65ರವರೆಗೆ ರಿಯಾಯಿತಿ ದರದಲ್ಲಿ ವಸ"
1089,Tier 4: Toggle OFF + Organic (Noise),Sathya,Tamil Nadu (HQ: Tuticorin / Chennai),@vinu_anu_52,428543,365097,19735,23,5.41%,4.61%,2026-06-27,https://www.instagram.com/p/DaFq6eNJs9n/,⚪ Standard Organic: Baseline organic collab reach,My Psycho Wife 😈
1090,Tier 4: Toggle OFF + Organic (Noise),Sathya,Tamil Nadu (HQ: Tuticorin / Chennai),@puvipandi_official,160827,364746,19716,98,5.41%,12.32%,2026-07-16,https://www.instagram.com/p/Da2nlBKzH16/,📈 Viral Organic Reach: High organic creator ER (12.32%),Eppaaa paaathalummm phone uhh phone thaaaa 😡😡
1091,Tier 4: Toggle OFF + Organic (Noise),Croma,"Pan-India / Maharashtra (HQ: Mumbai, Tata Group)",@chirayu_m,290261,364468,19701,130,5.41%,6.83%,2026-05-23,https://www.instagram.com/p/DYrg1C1S02N/,📈 Viral Organic Reach: High organic creator ER (6.83%),Unada ni garmi ma Gujarati parents ne cool rakhvano ekaj rasto... Bumper Bachat!
1092,Tier 4: Toggle OFF + Organic (Noise),Sathya,Tamil Nadu (HQ: Tuticorin / Chennai),@thushal_20_official_,171353,363728,19661,279,5.41%,11.64%,2026-06-27,https://www.instagram.com/p/DaFRLw2T1tg/,📈 Viral Organic Reach: High organic creator ER (11.64%),The Wait Is Over! @sathya.retail  Full Moon Sale Is Here
1093,Tier 4: Toggle OFF + Organic (Noise),Sathya,Tamil Nadu (HQ: Tuticorin / Chennai),@thushal_20_official_,171353,363728,19661,279,5.41%,11.64%,2026-04-09,https://www.instagram.com/p/DW6jYD9kzqB/,📈 Viral Organic Reach: High organic creator ER (11.64%),Celebrate the Tamil New Year with exciting offers @sathya.retail !
1094,Tier 4: Toggle OFF + Organic (Noise),Sathya,Tamil Nadu (HQ: Tuticorin / Chennai),@_surya._003,120892,358826,19396,1051,5.41%,16.91%,2026-07-17,https://www.instagram.com/p/Da4ns-hTNb-/,📈 Viral Organic Reach: High organic creator ER (16.91%),🔥OPPO Days @sathya.retail
1095,Tier 4: Toggle OFF + Organic (Noise),Sathya,Tamil Nadu (HQ: Tuticorin / Chennai),@dharmapuri_memes_official,94280,358363,19371,190,5.41%,20.75%,2025-03-28,https://www.instagram.com/p/DHvh6ksSpD3/,📈 Viral Organic Reach: High organic creator ER (20.75%),Sathya Year end Sale
1096,Tier 4: Toggle OFF + Organic (Noise),Sathya,Tamil Nadu (HQ: Tuticorin / Chennai),@dimple_udayakumar,122469,358289,19367,74,5.41%,15.87%,2026-06-27,https://www.instagram.com/p/DaGDOtKvA-3/,📈 Viral Organic Reach: High organic creator ER (15.87%),🌕 Sathya Full Moon Sale is Here! 🔥
1097,Tier 4: Toggle OFF + Organic (Noise),Reliance Digital,"Pan-India / Maharashtra (HQ: Mumbai, Reliance Retail)",@manasvivashist,1035569,358178,19361,236,5.41%,1.89%,2026-05-04,https://www.instagram.com/p/DX672VyzhSP/,⚪ Standard Organic: Baseline organic collab reach,Some people really don’t need access… they just peek 👀
1098,Tier 4: Toggle OFF + Organic (Noise),Sathya,Tamil Nadu (HQ: Tuticorin / Chennai),@rj.dheena,102496,356791,19286,78,5.41%,18.89%,2026-07-20,https://www.instagram.com/p/DbA2CxYTgAO/,📈 Viral Organic Reach: High organic creator ER (18.89%),18 YEARS OF EMOTIONAL GOODBYE – The Story of Our Washing Machine ❤️
1099,Tier 4: Toggle OFF + Organic (Noise),Pai International,Karnataka & Telangana (HQ: Bengaluru),@_shruthii____,178014,356717,19282,265,5.41%,10.98%,2025-04-06,https://www.instagram.com/p/DIGkOS6ynJl/,📈 Viral Organic Reach: High organic creator ER (10.98%),𝐎𝐧𝐥𝐲 𝟗 𝐃𝐚𝐲𝐬 𝐋𝐞𝐟𝐭! 🎉
1100,Tier 4: Toggle OFF + Organic (Noise),Pai International,Karnataka & Telangana (HQ: Bengaluru),@renu_gopi_,246952,355015,19190,94,5.41%,7.81%,2025-03-28,https://www.instagram.com/p/DHvbhexPLXN/,📈 Viral Organic Reach: High organic creator ER (7.81%),@renu_gopi_ @pai.international
1101,Tier 4: Toggle OFF + Organic (Noise),Sathya,Tamil Nadu (HQ: Tuticorin / Chennai),@shammu_vlogz,52179,353868,19128,24,5.41%,36.71%,2025-05-25,https://www.instagram.com/p/DKExKx8TZI_/,📈 Viral Organic Reach: High organic creator ER (36.71%),@sathya.retail Sathya super sale is happening from May 28 - 31
1102,Tier 4: Toggle OFF + Organic (Noise),Sathya,Tamil Nadu (HQ: Tuticorin / Chennai),@eniyan_s,299597,353683,19118,43,5.41%,6.40%,2026-08-08,https://www.instagram.com/p/DbyUq_qSjbH/,📈 Viral Organic Reach: High organic creator ER (6.4%),@sathya.retail vivo s2 pre-booking is now open!
1103,Tier 4: Toggle OFF + Organic (Noise),Vijay Sales,Maharashtra / Pan-India (HQ: Mumbai),@bandedinacandid,600857,353350,19100,138,5.41%,3.20%,2026-02-13,https://www.instagram.com/p/DUtJPneAocL/,⚪ Standard Organic: Baseline organic collab reach,"He’s always known exactly what would make me smile. This time, I wanted to get it just right for him."
1104,Tier 4: Toggle OFF + Organic (Noise),Sathya,Tamil Nadu (HQ: Tuticorin / Chennai),@swasikavj,1709701,352943,19078,127,5.41%,1.12%,2025-07-24,https://www.instagram.com/p/DMenrkoPmYT/,⚪ Standard Organic: Baseline organic collab reach,Introducing the all-new VIVO X200 FE!
1105,Tier 4: Toggle OFF + Organic (Noise),Sathya,Tamil Nadu (HQ: Tuticorin / Chennai),@sri__official__10,327479,348244,18824,144,5.41%,5.79%,2026-06-27,https://www.instagram.com/p/DaF3DsJBQSf/,📈 Viral Organic Reach: High organic creator ER (5.79%),❤️🥰😘
1106,Tier 4: Toggle OFF + Organic (Noise),Aditya Vision,"Bihar, Jharkhand & UP (HQ: Patna)",@mithilamanners,153904,345857,18695,271,5.41%,12.32%,2026-07-08,https://www.instagram.com/p/DahtSQMJied/,📈 Viral Organic Reach: High organic creator ER (12.32%),Some upgrades are bigger than others. Meet the all-new Xiaomi 17T.
1107,Tier 4: Toggle OFF + Organic (Noise),Sathya,Tamil Nadu (HQ: Tuticorin / Chennai),@robert_meena,679840,344026,18596,176,5.41%,2.76%,2026-07-05,https://www.instagram.com/p/DaaPhB2Sl8h/,⚪ Standard Organic: Baseline organic collab reach,எப்பிடி திங்கிறா பாருங்க😁 @robert_meena
1108,Tier 4: Toggle OFF + Organic (Noise),Sathya,Tamil Nadu (HQ: Tuticorin / Chennai),@robert_meena,679840,344026,18596,176,5.41%,2.76%,2025-08-07,https://www.instagram.com/p/DNCqMCeSQR8/,⚪ Standard Organic: Baseline organic collab reach,மறந்துராதீங்க 👍❤️Get ready for the Full Moon Sale at @sathya.retail  happening this August 8 from morning 9 AM to midnight 12! Don’t miss special offe
1109,Tier 4: Toggle OFF + Organic (Noise),Sathya,Tamil Nadu (HQ: Tuticorin / Chennai),@robert_meena,679840,344026,18596,176,5.41%,2.76%,2025-02-13,https://www.instagram.com/p/DGA2NaUyOzU/,⚪ Standard Organic: Baseline organic collab reach,அடிக்கிற வெயிலுக்கு வேற வலி தெரியலடி 😁 Kulukulu AC offer for Hot Summer  @sathya.retail !
1110,Tier 4: Toggle OFF + Organic (Noise),Sathya,Tamil Nadu (HQ: Tuticorin / Chennai),@rose_sk18_official,185002,343896,18589,170,5.41%,10.14%,2026-07-17,https://www.instagram.com/p/Da4mEsZxOfN/,📈 Viral Organic Reach: High organic creator ER (10.14%),Vadaaa😝😝
1111,Tier 4: Toggle OFF + Organic (Noise),Sathya,Tamil Nadu (HQ: Tuticorin / Chennai),@rose_sk18_official,185002,343896,18589,170,5.41%,10.14%,2025-03-12,https://www.instagram.com/p/DHF7sLOxFSK/,📈 Viral Organic Reach: High organic creator ER (10.14%),Sathya FULL MOON LED TV SUPER SALE - Live on 14th March 2025 -Morning 9 AM To Midnight 12 AM- One Day Only -
1112,Tier 4: Toggle OFF + Organic (Noise),Sathya,Tamil Nadu (HQ: Tuticorin / Chennai),@trichy_modernmachi,47058,342361,18506,16,5.41%,39.36%,2025-05-26,https://www.instagram.com/p/DKGu8-STx_1/,📈 Viral Organic Reach: High organic creator ER (39.36%),@sathya.retail Sathya super sale is happening from May 28 - 31
1113,Tier 4: Toggle OFF + Organic (Noise),Sathya,Tamil Nadu (HQ: Tuticorin / Chennai),@tamil_rithika,1830277,341528,18461,46,5.41%,1.01%,2025-08-12,https://www.instagram.com/p/DNQje1Xxq4f/,⚪ Standard Organic: Baseline organic collab reach,"Celebrate Independence with Big Savings!  Sathya’s Independence Day super offer From Aug 14–17, @sathya.retail brings you special offers on all home a"
1114,Tier 4: Toggle OFF + Organic (Noise),Croma,"Pan-India / Maharashtra (HQ: Mumbai, Tata Group)",@that_tintin,27706,340252,18392,105,5.41%,66.77%,2025-08-14,https://www.instagram.com/p/DNVeIGvS9tb/,📈 Viral Organic Reach: High organic creator ER (66.77%),50 Years of Thalaivar swag… 365 days of Croma deals!
1115,Tier 4: Toggle OFF + Organic (Noise),Bajaj Electronics,Telangana & Andhra Pradesh (HQ: Hyderabad),@srinutechfacts,669496,338494,18297,2119,5.41%,3.05%,2026-08-13,https://www.instagram.com/p/Db-39NqzaGU/,⚪ Standard Organic: Baseline organic collab reach,College ki best laptop choice — HP OmniBook 5! 💻
1116,Tier 4: Toggle OFF + Organic (Noise),Sathya,Tamil Nadu (HQ: Tuticorin / Chennai),@vaiiiishh,194462,336404,18184,80,5.41%,9.39%,2026-06-19,https://www.instagram.com/p/DZxCmxDJr4W/,📈 Viral Organic Reach: High organic creator ER (9.39%),YEN NANBA CHARGE VECHUKAMA ENGALA SAVADIKRA?
1117,Tier 4: Toggle OFF + Organic (Noise),Sathya,Tamil Nadu (HQ: Tuticorin / Chennai),@sangavi_official_,336821,335719,18147,4,5.41%,5.39%,2025-09-19,https://www.instagram.com/p/DOyJ3aGj6rf/,📈 Viral Organic Reach: High organic creator ER (5.39%),"Hisense 100 inch U7Q Mini LED TV officially launched @sathya.retail . With VIDAA smart OS updates for 8 years, this TV stands as global’s no.1 in the "
1118,Tier 4: Toggle OFF + Organic (Noise),Bajaj Electronics,Telangana & Andhra Pradesh (HQ: Hyderabad),@hardycreates,75766,335682,18145,435,5.41%,24.52%,2026-06-11,https://www.instagram.com/p/DZb_mtzRKsU/,📈 Viral Organic Reach: High organic creator ER (24.52%),Apple Days malli vachesai mana Bajaj Electronics lo!
1119,Tier 4: Toggle OFF + Organic (Noise),Bajaj Electronics,Telangana & Andhra Pradesh (HQ: Hyderabad),@kanchan_bamne,236302,335479,18134,160,5.41%,7.74%,2026-01-14,https://www.instagram.com/p/DTeV7uIEv_J/,📈 Viral Organic Reach: High organic creator ER (7.74%),"Visited Bajaj Electronics to experience the all new REDMI Note 15 5G - faster, stronger, simply better."
1120,Tier 4: Toggle OFF + Organic (Noise),Bajaj Electronics,Telangana & Andhra Pradesh (HQ: Hyderabad),@kanchan_bamne,236302,335479,18134,160,5.41%,7.74%,2025-08-03,https://www.instagram.com/p/DM5FwU1JWBl/,📈 Viral Organic Reach: High organic creator ER (7.74%),Unfold a new standard in foldable phones. The #vivoXFold5 is here!
1121,Tier 4: Toggle OFF + Organic (Noise),Sathya,Tamil Nadu (HQ: Tuticorin / Chennai),@shilpamanjunathofficial,812520,334350,18073,80,5.41%,2.23%,2025-07-22,https://www.instagram.com/p/DMZwugwxX26/,⚪ Standard Organic: Baseline organic collab reach,Witnessed the future unfold — Galaxy Z Fold7 & Z Flip7 launched in style with Galaxy AI 💫 Proud to be part of this grand moment with @sathya.retail
1122,Tier 4: Toggle OFF + Organic (Noise),Sathya,Tamil Nadu (HQ: Tuticorin / Chennai),@uthra_vaishnavi,538840,333240,18013,0,5.41%,3.34%,2025-12-02,https://www.instagram.com/p/DRwt1vlEthx/,⚪ Standard Organic: Baseline organic collab reach,Eendra pozhudhin peridhuvakkum thanmagalai😝
1123,Tier 4: Toggle OFF + Organic (Noise),Sathya,Tamil Nadu (HQ: Tuticorin / Chennai),@ravi_vj_actor,431025,332704,17984,137,5.41%,4.20%,2026-06-27,https://www.instagram.com/p/DaFuMPcJNi4/,⚪ Standard Organic: Baseline organic collab reach,The Wait Is Over! @sathya.retail Full Moon Sale Is Here
1124,Tier 4: Toggle OFF + Organic (Noise),Sathya,Tamil Nadu (HQ: Tuticorin / Chennai),@vennila_ulagam,126557,332704,17984,140,5.41%,14.32%,2026-01-23,https://www.instagram.com/p/DT17kulkyaX/,📈 Viral Organic Reach: High organic creator ER (14.32%),அத்தையும் துவைக்க முடியாதுன்னு சொல்லிட்டாங்க 🥲🏡🪴
1125,Tier 4: Toggle OFF + Organic (Noise),Sathya,Tamil Nadu (HQ: Tuticorin / Chennai),@billu_show,421945,332371,17966,53,5.41%,4.27%,2026-06-27,https://www.instagram.com/p/DaFx2r8BJH6/,⚪ Standard Organic: Baseline organic collab reach,உளுந்தவடை-ல Degree ah😍
1126,Tier 4: Toggle OFF + Organic (Noise),Electronics Mart,Telangana & Andhra Pradesh (HQ: Hyderabad),@talksassy,192517,331853,17938,47,5.41%,9.34%,2025-01-25,https://www.instagram.com/p/DFPnjoavkwA/,📈 Viral Organic Reach: High organic creator ER (9.34%),Electronics Mart’s grand new mega store is now open at Kalkaji!
1127,Tier 4: Toggle OFF + Organic (Noise),Bajaj Electronics,Telangana & Andhra Pradesh (HQ: Hyderabad),@talksassy,192517,331853,17938,47,5.41%,9.34%,2025-01-25,https://www.instagram.com/p/DFPnjoavkwA/,📈 Viral Organic Reach: High organic creator ER (9.34%),Electronics Mart’s grand new mega store is now open at Kalkaji!
1128,Tier 4: Toggle OFF + Organic (Noise),Vijay Sales,Maharashtra / Pan-India (HQ: Mumbai),@aarzoo_dahiya26,767215,329725,17823,239,5.41%,2.35%,2025-11-28,https://www.instagram.com/p/DRmsx4liMnM/,⚪ Standard Organic: Baseline organic collab reach,"Speed that never stutters, power that never slows, and clarity that never misses a moment."
1129,Tier 4: Toggle OFF + Organic (Noise),Croma,"Pan-India / Maharashtra (HQ: Mumbai, Tata Group)",@maroofculmen,1287459,328874,17777,183,5.41%,1.40%,2025-10-15,https://www.instagram.com/p/DP1A8Jbkk52/,⚪ Standard Organic: Baseline organic collab reach,"Wherever you walk in Lucknow — from the old gates to the bustling bazaars, even in the fine stitches of chikankari — you’ll find one symbol everywhere"
1130,Tier 4: Toggle OFF + Organic (Noise),Sathya,Tamil Nadu (HQ: Tuticorin / Chennai),@na_ready_machi,59233,328005,17730,126,5.41%,30.15%,2026-06-27,https://www.instagram.com/p/DaFqTHGPFjj/,📈 Viral Organic Reach: High organic creator ER (30.15%),‼️29ஆம் தேதி 💥என்னப்பா இருக்கு😱#trending #viral #offer #women #gift
1131,Tier 4: Toggle OFF + Organic (Noise),Sathya,Tamil Nadu (HQ: Tuticorin / Chennai),@vahitha_masthan,42865,327302,17692,44,5.41%,41.38%,2025-03-27,https://www.instagram.com/p/DHs1-l_ynns/,📈 Viral Organic Reach: High organic creator ER (41.38%),Sathya Year end Sale
1132,Tier 4: Toggle OFF + Organic (Noise),Sathya,Tamil Nadu (HQ: Tuticorin / Chennai),@jenifer._.murugesh._.official,28841,326340,17640,284,5.41%,62.15%,2026-07-27,https://www.instagram.com/p/DbS5CIYxlNz/,📈 Viral Organic Reach: High organic creator ER (62.15%),@sathya.retail  Full Moon Sale is here!
1133,Tier 4: Toggle OFF + Organic (Noise),Bajaj Electronics,Telangana & Andhra Pradesh (HQ: Hyderabad),@happy_d_queen_,472664,325951,17619,74,5.41%,3.74%,2026-05-06,https://www.instagram.com/p/DX_X8LDJAyZ/,⚪ Standard Organic: Baseline organic collab reach,🔥 Apple Days are LIVE at Everyone’s Favorite Bajaj Electronics!!
1134,Tier 4: Toggle OFF + Organic (Noise),Sathya,Tamil Nadu (HQ: Tuticorin / Chennai),@bharathicooks,778779,325877,17615,588,5.41%,2.34%,2025-01-24,https://www.instagram.com/p/DFNUP6ryoMS/,⚪ Standard Organic: Baseline organic collab reach,Beach Style Fish Bajji Recipe‼️
1135,Tier 4: Toggle OFF + Organic (Noise),Sathya,Tamil Nadu (HQ: Tuticorin / Chennai),@naan_muthukumaran,1501923,325285,17583,126,5.41%,1.18%,2025-12-10,https://www.instagram.com/p/DSFU4a0jy5d/,⚪ Standard Organic: Baseline organic collab reach,"@sathya.retail happily launched the vivo x300 series, featuring the extraordinary ZEISS APO Telephoto Camera — a masterpiece built for photography per"
1136,Tier 4: Toggle OFF + Organic (Noise),Sathya,Tamil Nadu (HQ: Tuticorin / Chennai),@naan_muthukumaran,1501923,325285,17583,126,5.41%,1.18%,2025-08-19,https://www.instagram.com/p/DNiXKiUpPo6/,⚪ Standard Organic: Baseline organic collab reach,Power that lasts all day! @sathya.retail proudly launched the stunning vivo v60 with a massive 6500 mAh battery .
1137,Tier 4: Toggle OFF + Organic (Noise),Sathya,Tamil Nadu (HQ: Tuticorin / Chennai),@naan_muthukumaran,1501923,325285,17583,126,5.41%,1.18%,2025-03-12,https://www.instagram.com/p/DHGlJo_Sw5Q/,⚪ Standard Organic: Baseline organic collab reach,"Full Moon LED TV Sale at @sathya.retail  on March 14 from morning 9 to midnight 12! Get up to 70% OFF on LED TVs! 32-inch Smart TV for just ₹6,990, 43"
1138,Tier 4: Toggle OFF + Organic (Noise),Reliance Digital,"Pan-India / Maharashtra (HQ: Mumbai, Reliance Retail)",@mistertikku,300746,323565,17490,256,5.41%,5.90%,2026-06-02,https://www.instagram.com/p/DZFSJskpsY-/,📈 Viral Organic Reach: High organic creator ER (5.9%),Paharganj Food Trail!🥳
1139,Tier 4: Toggle OFF + Organic (Noise),Bajaj Electronics,Telangana & Andhra Pradesh (HQ: Hyderabad),@raisr.sanchi,2342022,322640,17440,341,5.41%,0.76%,2026-01-09,https://www.instagram.com/p/DTSk30lCGGi/,⚪ Standard Organic: Baseline organic collab reach,Thrilled to be part of a grand celebrations by Bajaj Electronics! ✨🎉 (@bajajelectronicsindia)
1140,Tier 4: Toggle OFF + Organic (Noise),Bajaj Electronics,Telangana & Andhra Pradesh (HQ: Hyderabad),@raisr.sanchi,2342022,322640,17440,341,5.41%,0.76%,2025-10-30,https://www.instagram.com/p/DQcEu3tiDj6/,⚪ Standard Organic: Baseline organic collab reach,"Had the joy of being part of the Bajaj Electronics Diwali Lucky Draw on 29th October at Nexus Hyderabad Mall, Kukatpally and picking the grand prize w"
1141,Tier 4: Toggle OFF + Organic (Noise),Bajaj Electronics,Telangana & Andhra Pradesh (HQ: Hyderabad),@raisr.sanchi,2342022,322640,17440,341,5.41%,0.76%,2025-10-23,https://www.instagram.com/p/DQKCfndEgex/,⚪ Standard Organic: Baseline organic collab reach,Catch me live at Nexus Hyderabad Mall📍Kukatpally at 7 PM
1142,Tier 4: Toggle OFF + Organic (Noise),Bajaj Electronics,Telangana & Andhra Pradesh (HQ: Hyderabad),@raisr.sanchi,2342022,322640,17440,341,5.41%,0.76%,2025-08-15,https://www.instagram.com/p/DNYCqR1KBj3/,⚪ Standard Organic: Baseline organic collab reach,"Galaxy Z Flip 7 – the thinnest and most advanced Galaxy Z Flip ever, delivering unparalleled performance that fits seamlessly into your lifestyle and "
1143,Tier 4: Toggle OFF + Organic (Noise),Sathya,Tamil Nadu (HQ: Tuticorin / Chennai),@kannanbhagavathy1,468054,319495,17270,556,5.41%,3.81%,2026-07-17,https://www.instagram.com/p/Da4X5fDKslM/,⚪ Standard Organic: Baseline organic collab reach,Unexpected surprise❤️❤️❤️ 🔥 OPPO Days @ Sathya Retail 🔥
1144,Tier 4: Toggle OFF + Organic (Noise),Sathya,Tamil Nadu (HQ: Tuticorin / Chennai),@kannanbhagavathy1,468054,319495,17270,556,5.41%,3.81%,2025-02-06,https://www.instagram.com/p/DFvCV_Dy7Au/,⚪ Standard Organic: Baseline organic collab reach,"Who’s ready to shop till you drop at the @sathya.retail kulu kulu AC offer, grab all branded AC ! Don’t miss out the special Offer ! 🎁 Let’s treat our"
1145,Tier 4: Toggle OFF + Organic (Noise),Sathya,Tamil Nadu (HQ: Tuticorin / Chennai),@kannanbhagavathy1,468054,319495,17270,556,5.41%,3.81%,2025-01-24,https://www.instagram.com/p/DFNcqquSmDY/,⚪ Standard Organic: Baseline organic collab reach,Your wait is over! The Realme 14 Pro Series is now available at @sathya.retail !  Step into the future of smartphones with the world’s first cold-sens
1146,Tier 4: Toggle OFF + Organic (Noise),Bajaj Electronics,Telangana & Andhra Pradesh (HQ: Hyderabad),@soundaryareddy_official,512533,318625,17223,100,5.41%,3.38%,2025-06-03,https://www.instagram.com/p/DKceW3opcPY/,⚪ Standard Organic: Baseline organic collab reach,WATER PURIFIER MELA at BAJAJ ELECTRONICS!
1147,Tier 4: Toggle OFF + Organic (Noise),Electronics Mart,Telangana & Andhra Pradesh (HQ: Hyderabad),@ambiguous_colors,504866,316627,17115,397,5.41%,3.47%,2026-08-15,https://www.instagram.com/p/DcDJb8PSfWU/,⚪ Standard Organic: Baseline organic collab reach,"Travel-ready, content-ready & now officially Fold-ready 📱✨"
1148,Tier 4: Toggle OFF + Organic (Noise),Sathya,Tamil Nadu (HQ: Tuticorin / Chennai),@vibewithvarshuu,77528,316331,17099,352,5.41%,22.51%,2026-06-19,https://www.instagram.com/p/DZxJEhdzapk/,📈 Viral Organic Reach: High organic creator ER (22.51%),@sathya.retail Samsung Days is here at Sathya from June 19th to 21st!
1149,Tier 4: Toggle OFF + Organic (Noise),Sathya,Tamil Nadu (HQ: Tuticorin / Chennai),@vibewithvarshuu,77528,316331,17099,352,5.41%,22.51%,2025-05-25,https://www.instagram.com/p/DKE8tUvzS8S/,📈 Viral Organic Reach: High organic creator ER (22.51%),Remote ah kudraa😡 @life.of.jayyy
1150,Tier 4: Toggle OFF + Organic (Noise),Tata Neu,"Pan-India / Maharashtra (HQ: Mumbai, Tata Digital)",@nithyaneelampath,451864,315351,17046,749,5.41%,3.94%,2025-05-31,https://www.instagram.com/p/DKUZXDZT_hk/,⚪ Standard Organic: Baseline organic collab reach,"The 5 supplements I use strength, recovery & staying on track daily:"
1151,Tier 4: Toggle OFF + Organic (Noise),Sathya,Tamil Nadu (HQ: Tuticorin / Chennai),@havoc__sudhan,1101612,314241,16986,104,5.41%,1.55%,2025-07-24,https://www.instagram.com/p/DMfKen9Pqq5/,⚪ Standard Organic: Baseline organic collab reach,@sathya.retail Apple Day Sale ALERT!
1152,Tier 4: Toggle OFF + Organic (Noise),Aditya Vision,"Bihar, Jharkhand & UP (HQ: Patna)",@kannauj_nagri,125388,312890,16913,61,5.41%,13.54%,2026-05-02,https://www.instagram.com/p/DX1Bn_cywlt/,📈 Viral Organic Reach: High organic creator ER (13.54%),अब Aditya Vision आ गया है आपके शहर में 🎉
1153,Tier 4: Toggle OFF + Organic (Noise),Sathya,Tamil Nadu (HQ: Tuticorin / Chennai),@aarthisubash_official,540302,312446,16889,80,5.41%,3.14%,2025-12-10,https://www.instagram.com/p/DSFligCAS6o/,⚪ Standard Organic: Baseline organic collab reach,"@sathya.retail happily launched the vivo x300 series, featuring the extraordinary ZEISS APO Telephoto Camera — a masterpiece built for photography per"
1154,Tier 4: Toggle OFF + Organic (Noise),Sathya,Tamil Nadu (HQ: Tuticorin / Chennai),@aarthisubash_official,540302,312446,16889,80,5.41%,3.14%,2025-07-09,https://www.instagram.com/p/DL4HLTsRYKk/,⚪ Standard Organic: Baseline organic collab reach,Namba Trichy sathyala oppo Reno 14 series launch 😍📱
1155,Tier 4: Toggle OFF + Organic (Noise),Electronics Mart,Telangana & Andhra Pradesh (HQ: Hyderabad),@saivaid,232069,310726,16796,882,5.41%,7.62%,2026-05-01,https://www.instagram.com/p/DXyx6XSRMrr/,📈 Viral Organic Reach: High organic creator ER (7.62%),Some upgrades aren’t impulsive… they just feel right.
1156,Tier 4: Toggle OFF + Organic (Noise),Sathya,Tamil Nadu (HQ: Tuticorin / Chennai),@palanivibesofficial,55369,308894,16697,39,5.41%,30.23%,2025-05-26,https://www.instagram.com/p/DKHx7LsBaZp/,📈 Viral Organic Reach: High organic creator ER (30.23%),@sathya.retail Sathya super sale is happening from May 28 - 31
1157,Tier 4: Toggle OFF + Organic (Noise),Sathya,Tamil Nadu (HQ: Tuticorin / Chennai),@anshithaanji_official,649071,308746,16689,103,5.41%,2.59%,2025-11-22,https://www.instagram.com/p/DRWy3xAkuLn/,⚪ Standard Organic: Baseline organic collab reach,The all-new OPPO Find X9 Series is here @sathya.retail ! Powered by the MediaTek Dimensity 9500 chipset and Massive 7025mAh ultra-large battery for un
1158,Tier 4: Toggle OFF + Organic (Noise),Sathya,Tamil Nadu (HQ: Tuticorin / Chennai),@anshithaanji_official,649071,308746,16689,103,5.41%,2.59%,2025-04-14,https://www.instagram.com/p/DIbiygPv-Pk/,⚪ Standard Organic: Baseline organic collab reach,Pre-bookings are now LIVE for the Vivo V50e at @sathya.retail ! Grab yours today and enjoy an amazing  offer on a calling smartwatch or Bluetooth spea
1159,Tier 4: Toggle OFF + Organic (Noise),Sathya,Tamil Nadu (HQ: Tuticorin / Chennai),@vanakkamkannu_vlogs,582764,308524,16677,125,5.41%,2.88%,2026-07-17,https://www.instagram.com/p/Da5Cj1pBoJi/,⚪ Standard Organic: Baseline organic collab reach,🤙🏻😉Oppo day Sale @ sathya …!! July 17th to 19th…!!
1160,Tier 4: Toggle OFF + Organic (Noise),Croma,"Pan-India / Maharashtra (HQ: Mumbai, Tata Group)",@justaiming,456255,308173,16658,138,5.41%,3.68%,2026-07-20,https://www.instagram.com/p/DbA5Ox9Jzqc/,⚪ Standard Organic: Baseline organic collab reach,"Adulting looks a lot like getting excited over a kitchen appliance… and honestly, I get it now. 🥹✨"
1161,Tier 4: Toggle OFF + Organic (Noise),Sathya,Tamil Nadu (HQ: Tuticorin / Chennai),@athmika_sumithran,873564,306804,16584,1218,5.41%,2.04%,2026-01-23,https://www.instagram.com/p/DT2csAPE7C1/,⚪ Standard Organic: Baseline organic collab reach,@sathya.retail Sathya Republic Day Sale is Live!
1162,Tier 4: Toggle OFF + Organic (Noise),Sathya,Tamil Nadu (HQ: Tuticorin / Chennai),@athmika_sumithran,873564,306804,16584,1218,5.41%,2.04%,2025-10-10,https://www.instagram.com/p/DPoLx7XE2am/,⚪ Standard Organic: Baseline organic collab reach,@sathya.retail gadgets sale started!
1163,Tier 4: Toggle OFF + Organic (Noise),Sathya,Tamil Nadu (HQ: Tuticorin / Chennai),@athmika_sumithran,873564,306804,16584,1218,5.41%,2.04%,2025-08-11,https://www.instagram.com/p/DNOANEnzk5-/,⚪ Standard Organic: Baseline organic collab reach,"Apple Days are here @sathya.retail ! From Aug 14–17, enjoy super discounts on iPhone, Apple Watch, AirPods, iPad, Mac, and more."
1164,Tier 4: Toggle OFF + Organic (Noise),Sathya,Tamil Nadu (HQ: Tuticorin / Chennai),@athmika_sumithran,873564,306804,16584,1218,5.41%,2.04%,2025-07-16,https://www.instagram.com/p/DMLB3c4T0zm/,⚪ Standard Organic: Baseline organic collab reach,@Sathya.retail  brings you the future in your hands – pre-booking is now open for the all-new Samsung Z Fold 7 & Z Flip 7!  Prebook today and unlock e
1165,Tier 4: Toggle OFF + Organic (Noise),Sathya,Tamil Nadu (HQ: Tuticorin / Chennai),@athmika_sumithran,873564,306804,16584,1218,5.41%,2.04%,2025-05-27,https://www.instagram.com/p/DKKQUshzCee/,⚪ Standard Organic: Baseline organic collab reach,@sathya.retail Sathya super sale is happening from May 28 - 31
1166,Tier 4: Toggle OFF + Organic (Noise),Sathya,Tamil Nadu (HQ: Tuticorin / Chennai),@pavi__shan,510481,306711,16579,80,5.41%,3.26%,2025-10-03,https://www.instagram.com/p/DPWl3QxDXZr/,⚪ Standard Organic: Baseline organic collab reach,Shan shocked!!🤯
1167,Tier 4: Toggle OFF + Organic (Noise),Sathya,Tamil Nadu (HQ: Tuticorin / Chennai),@pavi__shan,510481,306711,16579,80,5.41%,3.26%,2025-08-07,https://www.instagram.com/p/DNCiHWLyJ9_/,⚪ Standard Organic: Baseline organic collab reach,🤩✨
1168,Tier 4: Toggle OFF + Organic (Noise),Sathya,Tamil Nadu (HQ: Tuticorin / Chennai),@pavi__shan,510481,306711,16579,80,5.41%,3.26%,2025-07-05,https://www.instagram.com/p/DLukbysynCl/,⚪ Standard Organic: Baseline organic collab reach,The Oppo Reno 14 Series is Here!
1169,Tier 4: Toggle OFF + Organic (Noise),Sathya,Tamil Nadu (HQ: Tuticorin / Chennai),@pavi__shan,510481,306711,16579,80,5.41%,3.26%,2025-04-11,https://www.instagram.com/p/DITZIsiyFrC/,⚪ Standard Organic: Baseline organic collab reach,Tamil New Year Sale is ON at @sathya.retail ! Celebrate with unbeatable deals! Don’t miss the exciting offers
1170,Tier 4: Toggle OFF + Organic (Noise),Sathya,Tamil Nadu (HQ: Tuticorin / Chennai),@ramwithjini_tamilchuttihoney,294387,306471,16566,118,5.41%,5.67%,2026-08-12,https://www.instagram.com/p/Db8RQ9PB4yv/,📈 Viral Organic Reach: High organic creator ER (5.67%),இந்த வீட்டு வேலைகாரியா நான்🤣😂 #viral @jinisnmahi Independence day sale @sathya.retail
1171,Tier 4: Toggle OFF + Organic (Noise),Sathya,Tamil Nadu (HQ: Tuticorin / Chennai),@ramwithjini_tamilchuttihoney,294387,306471,16566,118,5.41%,5.67%,2026-06-27,https://www.instagram.com/p/DaFvUNCB23i/,📈 Viral Organic Reach: High organic creator ER (5.67%),Friends வீட்டுக்கு வாராங்க🤣 Twist இருக்கு😂🤣 The Wait Is Over! @sathya.retail Full Moon Sale Is Here
1172,Tier 4: Toggle OFF + Organic (Noise),Sathya,Tamil Nadu (HQ: Tuticorin / Chennai),@jananii_venkat,699257,305953,16538,381,5.41%,2.42%,2026-01-14,https://www.instagram.com/p/DTffX3EkS9c/,⚪ Standard Organic: Baseline organic collab reach,@sathya.retail oppo reno 15 series officially launched
1173,Tier 4: Toggle OFF + Organic (Noise),Croma,"Pan-India / Maharashtra (HQ: Mumbai, Tata Group)",@cookwithajay,93117,305453,16511,72,5.41%,17.81%,2025-10-30,https://www.instagram.com/p/DQbtyXjEsQa/,📈 Viral Organic Reach: High organic creator ER (17.81%),Coffee lovers and ice cream lovers assemble!
1174,Tier 4: Toggle OFF + Organic (Noise),Pai International,Karnataka & Telangana (HQ: Bengaluru),@deesha.umesh,330691,304547,16462,90,5.41%,5.01%,2026-04-08,https://www.instagram.com/p/DW3nighoFUt/,📈 Viral Organic Reach: High organic creator ER (5.01%),What my bestie expects when she attends an event…💅✨
1175,Tier 4: Toggle OFF + Organic (Noise),Tata Neu,"Pan-India / Maharashtra (HQ: Mumbai, Tata Digital)",@digidoty,1201360,304491,16459,221,5.41%,1.39%,2025-06-19,https://www.instagram.com/p/DLFMOLfT-ND/,⚪ Standard Organic: Baseline organic collab reach,Shopping karne ka best time 🔥
1176,Tier 4: Toggle OFF + Organic (Noise),Tata Neu,"Pan-India / Maharashtra (HQ: Mumbai, Tata Digital)",@digidoty,1201360,304491,16459,221,5.41%,1.39%,2025-05-02,https://www.instagram.com/p/DJJxeEuIwVz/,⚪ Standard Organic: Baseline organic collab reach,Crazyy Tech and Crazy Rewards 🤯
1177,Tier 4: Toggle OFF + Organic (Noise),Tata Neu,"Pan-India / Maharashtra (HQ: Mumbai, Tata Digital)",@digidoty,1201360,304491,16459,221,5.41%,1.39%,2025-04-12,https://www.instagram.com/p/DIWTPenTU3I/,⚪ Standard Organic: Baseline organic collab reach,"Check out this cool AirDrop hack - it will blow your mind, iPhone users!"
1178,Tier 4: Toggle OFF + Organic (Noise),Tata Neu,"Pan-India / Maharashtra (HQ: Mumbai, Tata Digital)",@digidoty,1201360,304491,16459,221,5.41%,1.39%,2025-03-15,https://www.instagram.com/p/DHOPbCcI-cP/,⚪ Standard Organic: Baseline organic collab reach,Shopping Pe Savings🤩
1179,Tier 4: Toggle OFF + Organic (Noise),Sathya,Tamil Nadu (HQ: Tuticorin / Chennai),@jasmine_official_14,490220,304195,16443,119,5.41%,3.38%,2025-11-22,https://www.instagram.com/p/DRWovxfEtT7/,⚪ Standard Organic: Baseline organic collab reach,"Gadgets Day Sale is live @sathya.retail for 3 days — November 21, 22, and 23!"
1180,Tier 4: Toggle OFF + Organic (Noise),Reliance Digital,"Pan-India / Maharashtra (HQ: Mumbai, Reliance Retail)",@dr_debasish78,134444,304029,16434,162,5.41%,12.34%,2025-08-09,https://www.instagram.com/p/DNIk4PbhbyB/,📈 Viral Organic Reach: High organic creator ER (12.34%),"Because of smart tech, I have the freedom to shoot comfortably everyday."
1181,Tier 4: Toggle OFF + Organic (Noise),Sathya,Tamil Nadu (HQ: Tuticorin / Chennai),@virudhunagar_veyilnagaram,60402,302012,16325,103,5.41%,27.20%,2026-07-26,https://www.instagram.com/p/DbQVw1Jhfth/,📈 Viral Organic Reach: High organic creator ER (27.2%),"விருதுநகர், சிவகாசி மக்கள்  கவனத்திற்கு 📣"
1182,Tier 4: Toggle OFF + Organic (Noise),Sathya,Tamil Nadu (HQ: Tuticorin / Chennai),@virudhunagar_veyilnagaram,60402,302012,16325,103,5.41%,27.20%,2026-06-28,https://www.instagram.com/p/DaIbc9nvHKP/,📈 Viral Organic Reach: High organic creator ER (27.2%),The Wait Is Over! @sathya.retail  Full Moon Sale Is Here
1183,Tier 4: Toggle OFF + Organic (Noise),Croma,"Pan-India / Maharashtra (HQ: Mumbai, Tata Group)",@voxhub.rehan,118293,300736,16256,3991,5.41%,17.12%,2026-01-16,https://www.instagram.com/p/DTkbdphgjuC/,📈 Viral Organic Reach: High organic creator ER (17.12%),Gen Zs are quick with trends...but Math? thoda weak hai 😌
1184,Tier 4: Toggle OFF + Organic (Noise),Pai International,Karnataka & Telangana (HQ: Bengaluru),@chandna_gowda_official,229117,300736,16256,8,5.41%,7.10%,2025-01-05,https://www.instagram.com/p/DEbq6dpPcoO/,📈 Viral Organic Reach: High organic creator ER (7.1%),Can’t wait to unbox Redmi Note 14 pro plus
1185,Tier 4: Toggle OFF + Organic (Noise),Sathya,Tamil Nadu (HQ: Tuticorin / Chennai),@jomas_journey,579389,297276,16069,284,5.41%,2.82%,2025-09-19,https://www.instagram.com/p/DOyRiVzEgjT/,⚪ Standard Organic: Baseline organic collab reach,"Hisense 100 inch U7Q Mini LED TV officially launched @sathya.retail . With VIDAA smart OS updates for 8 years, this TV stands as global’s no.1 in the "
1186,Tier 4: Toggle OFF + Organic (Noise),Sathya,Tamil Nadu (HQ: Tuticorin / Chennai),@jo_joshitha1,147972,295852,15992,29,5.41%,10.83%,2026-02-20,https://www.instagram.com/p/DU97N0akRuZ/,📈 Viral Organic Reach: High organic creator ER (10.83%),@sathya.retail GADGETS DAY SALE
1187,Tier 4: Toggle OFF + Organic (Noise),Sathya,Tamil Nadu (HQ: Tuticorin / Chennai),@dimplekanna_,103579,295611,15979,106,5.41%,15.53%,2025-11-20,https://www.instagram.com/p/DRRtm6qkh7x/,📈 Viral Organic Reach: High organic creator ER (15.53%),Blame game 🔪👊🏼
1188,Tier 4: Toggle OFF + Organic (Noise),Sathya,Tamil Nadu (HQ: Tuticorin / Chennai),@dimplekanna_,103579,295611,15979,106,5.41%,15.53%,2025-10-10,https://www.instagram.com/p/DPogLeIEgkQ/,📈 Viral Organic Reach: High organic creator ER (15.53%),Inevitable process nanba 🫠
1189,Tier 4: Toggle OFF + Organic (Noise),Sathya,Tamil Nadu (HQ: Tuticorin / Chennai),@dimplekanna_,103579,295611,15979,106,5.41%,15.53%,2025-09-19,https://www.instagram.com/p/DOyRid0EhNf/,📈 Viral Organic Reach: High organic creator ER (15.53%),Tag that tea kadai friend 🫶😂
1190,Tier 4: Toggle OFF + Organic (Noise),Sathya,Tamil Nadu (HQ: Tuticorin / Chennai),@dimplekanna_,103579,295611,15979,106,5.41%,15.53%,2025-09-06,https://www.instagram.com/p/DOQFPOUkjnZ/,📈 Viral Organic Reach: High organic creator ER (15.53%),Comment for more tips 😂
1191,Tier 4: Toggle OFF + Organic (Noise),Sathya,Tamil Nadu (HQ: Tuticorin / Chennai),@dimplekanna_,103579,295611,15979,106,5.41%,15.53%,2025-08-12,https://www.instagram.com/p/DNQUx6lxTxa/,📈 Viral Organic Reach: High organic creator ER (15.53%),Tag that annoying friend 😂😂
1192,Tier 4: Toggle OFF + Organic (Noise),Pai International,Karnataka & Telangana (HQ: Bengaluru),@gombe____22,661358,293595,15870,50,5.41%,2.41%,2026-04-21,https://www.instagram.com/p/DXZUQqWD85j/,⚪ Standard Organic: Baseline organic collab reach,Why is no one talking about this phone??
1193,Tier 4: Toggle OFF + Organic (Noise),Bajaj Electronics,Telangana & Andhra Pradesh (HQ: Hyderabad),@vineelaambati,105496,290838,15721,791,5.41%,15.65%,2026-07-08,https://www.instagram.com/p/DaiDCcpBNLG/,📈 Viral Organic Reach: High organic creator ER (15.65%),Looking for a new laptop? 💻✨
1194,Tier 4: Toggle OFF + Organic (Noise),Sathya,Tamil Nadu (HQ: Tuticorin / Chennai),@hemarajkumar_official,1402141,290061,15679,48,5.41%,1.12%,2026-08-11,https://www.instagram.com/p/Db6DcVBJAga/,⚪ Standard Organic: Baseline organic collab reach,My New Story Begins with Vivo S2!
1195,Tier 4: Toggle OFF + Organic (Noise),Sathya,Tamil Nadu (HQ: Tuticorin / Chennai),@hemarajkumar_official,1402141,290061,15679,48,5.41%,1.12%,2025-07-22,https://www.instagram.com/p/DMZgtS-RVoT/,⚪ Standard Organic: Baseline organic collab reach,Witnessed the future unfold — Galaxy Z Fold7 & Z Flip7 launched in style with Galaxy AI 💫 Proud to be part of this grand moment with @sathya.retail
1196,Tier 4: Toggle OFF + Organic (Noise),Sathya,Tamil Nadu (HQ: Tuticorin / Chennai),@hemarajkumar_official,1402141,290061,15679,48,5.41%,1.12%,2025-02-25,https://www.instagram.com/p/DGfvrhIyJNX/,⚪ Standard Organic: Baseline organic collab reach,The all-new Vivo V50 is here! Now available @sathya.retail . Experience next-level performance with the Snapdragon 7 Gen 3 processor and a powerful 60
1197,Tier 4: Toggle OFF + Organic (Noise),Sathya,Tamil Nadu (HQ: Tuticorin / Chennai),@hemarajkumar_official,1402141,290061,15679,48,5.41%,1.12%,2025-01-24,https://www.instagram.com/p/DFNDOK3yT5z/,⚪ Standard Organic: Baseline organic collab reach,Republic Day Super offer  at @sathya.retail ! Get ready for unbeatable deals from Jan 25th to Jan 27th!
1198,Tier 4: Toggle OFF + Organic (Noise),Great Eastern,West Bengal & East India (HQ: Kolkata),@calcuttacanvasofficial,257011,289451,15646,103,5.41%,6.13%,2026-06-24,https://www.instagram.com/p/DZ-bgJjstaI/,📈 Viral Organic Reach: High organic creator ER (6.13%),Another Street Art of Kolkata during FIFA World Cup 2026❤️
1199,Tier 4: Toggle OFF + Organic (Noise),Sathya,Tamil Nadu (HQ: Tuticorin / Chennai),@nonfictionstreaming,428566,288951,15619,409,5.41%,3.74%,2025-03-10,https://www.instagram.com/p/DHAewFaRxTj/,⚪ Standard Organic: Baseline organic collab reach,Homemade chocolate icecream with no artificial sweetener🍨♥️
1200,Tier 4: Toggle OFF + Organic (Noise),Tata Neu,"Pan-India / Maharashtra (HQ: Mumbai, Tata Digital)",@anahitakaranjia,496434,286972,15512,76,5.41%,3.14%,2025-06-19,https://www.instagram.com/p/DLFZqENt2TI/,⚪ Standard Organic: Baseline organic collab reach,help my indecisive self decide which speakers I should get before the Tata Neu Monsoon shopping days sale ends!!
1201,Tier 4: Toggle OFF + Organic (Noise),Electronics Mart,Telangana & Andhra Pradesh (HQ: Hyderabad),@techie__anshu,308130,286879,15507,15900,5.41%,10.19%,2026-05-01,https://www.instagram.com/p/DXx_bj0RHWr/,📈 Viral Organic Reach: High organic creator ER (10.19%),Apple Days are LIVE!🔥😍
1202,Tier 4: Toggle OFF + Organic (Noise),Tata Neu,"Pan-India / Maharashtra (HQ: Mumbai, Tata Digital)",@nerd_in_you,398202,286213,15471,359,5.41%,3.98%,2025-06-01,https://www.instagram.com/p/DKW7Uxyz9nK/,⚪ Standard Organic: Baseline organic collab reach,"While your favourite team is winning, don’t just cheer but also earn rewards while doing so!"
1203,Tier 4: Toggle OFF + Organic (Noise),Croma,"Pan-India / Maharashtra (HQ: Mumbai, Tata Group)",@naisuonly,239225,286010,15460,142,5.41%,6.52%,2026-04-12,https://www.instagram.com/p/DXCdETnDHF0/,📈 Viral Organic Reach: High organic creator ER (6.52%),Garmi ma keri Ane AC banne vagar na rahevaay haaan! Etle j fatafat Croma jaine AC lai aavo ! Baaki keri no bandobast jaate karvo padshe 😅😅
1204,Tier 4: Toggle OFF + Organic (Noise),Vijay Sales,Maharashtra / Pan-India (HQ: Mumbai),@naisuonly,239225,286010,15460,142,5.41%,6.52%,2025-12-17,https://www.instagram.com/p/DSXIVoTCJmF/,📈 Viral Organic Reach: High organic creator ER (6.52%),Tamara bhulakkad friend ne pan Samsung Galaxy A17 5G phone na features yaad Rahi jaay Eva che!
1205,Tier 4: Toggle OFF + Organic (Noise),Reliance Digital,"Pan-India / Maharashtra (HQ: Mumbai, Reliance Retail)",@naisuonly,239225,286010,15460,142,5.41%,6.52%,2026-01-18,https://www.instagram.com/p/DTpow_PEmB5/,📈 Viral Organic Reach: High organic creator ER (6.52%),"Mummy ne maand maand manavi che, tame pan maani jao ane pahochi jao Reliance digital to make your life easier."
1206,Tier 4: Toggle OFF + Organic (Noise),Reliance Digital,"Pan-India / Maharashtra (HQ: Mumbai, Reliance Retail)",@naisuonly,239225,286010,15460,142,5.41%,6.52%,2025-01-18,https://www.instagram.com/p/DE-HNNrtIM-/,📈 Viral Organic Reach: High organic creator ER (6.52%),"Jyare tamari Bahen Tamara thi ekdam opposite hoy tyare she can be soooo annoying!!! Two different people, two different passions!! Pan bahen to bahen "
1207,Tier 4: Toggle OFF + Organic (Noise),Sathya,Tamil Nadu (HQ: Tuticorin / Chennai),@gracy.thangavel,218245,284585,15383,108,5.41%,7.10%,2025-04-13,https://www.instagram.com/p/DIY5CCPzyca/,📈 Viral Organic Reach: High organic creator ER (7.1%),#LG AC
1208,Tier 4: Toggle OFF + Organic (Noise),Sathya,Tamil Nadu (HQ: Tuticorin / Chennai),@gracy.thangavel,218245,284585,15383,108,5.41%,7.10%,2025-01-24,https://www.instagram.com/p/DFNayWZyJFV/,📈 Viral Organic Reach: High organic creator ER (7.1%),"Exciting news!  The Realme 14 Pro Series has officially launched, and it’s now available at @sathya.retail ! Experience the world’s first cold-sensiti"
1209,Tier 4: Toggle OFF + Organic (Noise),Sathya,Tamil Nadu (HQ: Tuticorin / Chennai),@jeevithamurugesh_,236899,284474,15377,135,5.41%,6.55%,2026-08-12,https://www.instagram.com/p/Db7EAvtzFHJ/,📈 Viral Organic Reach: High organic creator ER (6.55%),My New Story Begins with Vivo S2!
1210,Tier 4: Toggle OFF + Organic (Noise),Pai International,Karnataka & Telangana (HQ: Bengaluru),@taffu_tafheem,346296,283290,15313,130,5.41%,4.46%,2026-01-23,https://www.instagram.com/p/DT2wbF2ki17/,⚪ Standard Organic: Baseline organic collab reach,"Hau re miyaan, Republic Day ka dhamaka full on hai Pai International mai 🇮🇳🔥"
1211,Tier 4: Toggle OFF + Organic (Noise),Sathya,Tamil Nadu (HQ: Tuticorin / Chennai),@ammuarasan189,374503,283235,15310,142,5.41%,4.13%,2026-06-27,https://www.instagram.com/p/DaFrVFfPdRs/,⚪ Standard Organic: Baseline organic collab reach,சட்டசபை சினிமா அளவுக்கு போகுது 😂 டிவி தான் ஓடல
1212,Tier 4: Toggle OFF + Organic (Noise),Sathya,Tamil Nadu (HQ: Tuticorin / Chennai),@ajith_unique,349248,282328,15261,183,5.41%,4.42%,2025-08-06,https://www.instagram.com/p/DNBH9WdznCM/,⚪ Standard Organic: Baseline organic collab reach,Get ready for the Full Moon Sale at @sathya.retail  happening this August 8 from morning 9 AM to midnight 12! Don’t miss special offers on ACs and was
1213,Tier 4: Toggle OFF + Organic (Noise),Sathya,Tamil Nadu (HQ: Tuticorin / Chennai),@know_as_bby123,550475,281422,15212,35,5.41%,2.77%,2026-06-27,https://www.instagram.com/p/DaFJwtnpXsI/,⚪ Standard Organic: Baseline organic collab reach,The Wait Is Over! @sathya.retail  Full Moon Sale Is Here
1214,Tier 4: Toggle OFF + Organic (Noise),Sathya,Tamil Nadu (HQ: Tuticorin / Chennai),@know_as_bby123,550475,281422,15212,35,5.41%,2.77%,2025-12-03,https://www.instagram.com/p/DRzWx2zidIh/,⚪ Standard Organic: Baseline organic collab reach,"@sathya.retail Experience the all-new Vivo X300 & X300 Pro with 23mm and 50mm ZEISS lenses, including a 200MP ZEISS main camera. Powered by the Pro Im"
1215,Tier 4: Toggle OFF + Organic (Noise),Sathya,Tamil Nadu (HQ: Tuticorin / Chennai),@know_as_bby123,550475,281422,15212,35,5.41%,2.77%,2025-11-03,https://www.instagram.com/p/DQmAmMHiT0t/,⚪ Standard Organic: Baseline organic collab reach,😂Don’t miss the biggest shopping day of the month!
1216,Tier 4: Toggle OFF + Organic (Noise),Sathya,Tamil Nadu (HQ: Tuticorin / Chennai),@know_as_bby123,550475,281422,15212,35,5.41%,2.77%,2025-03-22,https://www.instagram.com/p/DHgS4mPy1b-/,⚪ Standard Organic: Baseline organic collab reach,"OPPO F29 Series is now available at @sathya.retail ! Powered by Snapdragon 6 Gen 1, 6500mAh battery with 45W SuperVOOC™️ charging, and IP66, IP68, IP6"
1217,Tier 4: Toggle OFF + Organic (Noise),Pai International,Karnataka & Telangana (HQ: Bengaluru),@saismart002,244000,281403,15211,89,5.41%,6.27%,2025-03-27,https://www.instagram.com/p/DHtKdhiTnHe/,📈 Viral Organic Reach: High organic creator ER (6.27%),"Hey, everyone! I’m so excited to be here today because I’m a part of something BIG!"
1218,Tier 4: Toggle OFF + Organic (Noise),Vijay Sales,Maharashtra / Pan-India (HQ: Mumbai),@staywowdiaries,110344,280774,15177,94,5.41%,13.84%,2025-07-18,https://www.instagram.com/p/DMQBTW3ooYm/,📈 Viral Organic Reach: High organic creator ER (13.84%),"Introducing the new vivo X200 FE – designed for real moments, real streets, and real style."
1219,Tier 4: Toggle OFF + Organic (Noise),Pai International,Karnataka & Telangana (HQ: Bengaluru),@janani_reddy_,305823,280423,15158,46,5.41%,4.97%,2026-04-30,https://www.instagram.com/p/DXwJZvlvhlh/,⚪ Standard Organic: Baseline organic collab reach,This is your sign to upgrade EVERYTHING 😮🔥
1220,Tier 4: Toggle OFF + Organic (Noise),Bajaj Electronics,Telangana & Andhra Pradesh (HQ: Hyderabad),@nani_vijayawada_abbayi,240211,278813,15071,71,5.41%,6.30%,2025-10-17,https://www.instagram.com/p/DP5Zr96E99a/,📈 Viral Organic Reach: High organic creator ER (6.3%),Post your Diwali decor setup🪔
1221,Tier 4: Toggle OFF + Organic (Noise),Electronics Mart,Telangana & Andhra Pradesh (HQ: Hyderabad),@divyanshiraturi,139919,278240,15040,104,5.41%,10.82%,2026-08-08,https://www.instagram.com/p/DbyR-mNSzVi/,📈 Viral Organic Reach: High organic creator ER (10.82%),"Upgrade to your favourite Apple devices and enjoy amazing offers, exciting deals, easy EMI options & exchange benefits! 📱💻⌚️🎧"
1222,Tier 4: Toggle OFF + Organic (Noise),Vijay Sales,Maharashtra / Pan-India (HQ: Mumbai),@rj_yuvraaj,384432,277389,14994,242,5.41%,3.96%,2025-06-30,https://www.instagram.com/p/DLh6iFEszd8/,⚪ Standard Organic: Baseline organic collab reach,હવે તો Goa જવું જ પડશે 😅
1223,Tier 4: Toggle OFF + Organic (Noise),Sathya,Tamil Nadu (HQ: Tuticorin / Chennai),@allulovespriya,161240,276630,14953,34,5.41%,9.30%,2026-07-16,https://www.instagram.com/p/Da3DLPzppxd/,📈 Viral Organic Reach: High organic creator ER (9.3%),Lucky Inimel ithan punishment 😡
1224,Tier 4: Toggle OFF + Organic (Noise),Sathya,Tamil Nadu (HQ: Tuticorin / Chennai),@allulovespriya,161240,276630,14953,34,5.41%,9.30%,2025-11-03,https://www.instagram.com/p/DQmCD3Pkoeb/,📈 Viral Organic Reach: High organic creator ER (9.3%),Don’t miss the biggest shopping day of the month!
1225,Tier 4: Toggle OFF + Organic (Noise),Pai International,Karnataka & Telangana (HQ: Bengaluru),@rajini__lakshmish,244860,275761,14906,34,5.41%,6.10%,2026-02-12,https://www.instagram.com/p/DUpCH5_E-tX/,📈 Viral Organic Reach: High organic creator ER (6.1%),“Let me go and check how this lucky draw actually works…” 👀🎥
1226,Tier 4: Toggle OFF + Organic (Noise),Sathya,Tamil Nadu (HQ: Tuticorin / Chennai),@yashguptagram,183302,275002,14865,51,5.41%,8.14%,2025-03-12,https://www.instagram.com/p/DHGZ7_gTJHO/,📈 Viral Organic Reach: High organic creator ER (8.14%),Sathya FULL MOON LED TV SUPER SALE - Live on 14th March 2025 -Morning 9 AM To Midnight 12 AM- One Day Only -
1227,Tier 4: Toggle OFF + Organic (Noise),Reliance Digital,"Pan-India / Maharashtra (HQ: Mumbai, Reliance Retail)",@hyderabad.food.diaries,591258,273393,14778,117,5.41%,2.52%,2026-06-01,https://www.instagram.com/p/DZC9UOutkxF/,⚪ Standard Organic: Baseline organic collab reach,"Capturing Hyderabad’s flavours, colours, and stories feels effortless with the vivo X300 FE ✨"
1228,Tier 4: Toggle OFF + Organic (Noise),Bajaj Electronics,Telangana & Andhra Pradesh (HQ: Hyderabad),@adnansajidkhan,410923,273374,14777,35,5.41%,3.60%,2025-09-27,https://www.instagram.com/p/DPGul4TklZ_/,⚪ Standard Organic: Baseline organic collab reach,Bajaj Electronics- India’s Leading Retailer in Electronics is back with its Famous India’s Biggest Festive Offer of ₹1 Crore Cash Prize and 30 Alto K1
1229,Tier 4: Toggle OFF + Organic (Noise),Bajaj Electronics,Telangana & Andhra Pradesh (HQ: Hyderabad),@adnansajidkhan,410923,273374,14777,35,5.41%,3.60%,2025-04-03,https://www.instagram.com/p/DH-nMm1yLC2/,⚪ Standard Organic: Baseline organic collab reach,Beat the summer heat with Bajaj Electronics!
1230,Tier 4: Toggle OFF + Organic (Noise),Reliance Digital,"Pan-India / Maharashtra (HQ: Mumbai, Reliance Retail)",@mangesh_0981,407706,272468,14728,71,5.41%,3.63%,2025-07-08,https://www.instagram.com/p/DL2NmUAyT4A/,⚪ Standard Organic: Baseline organic collab reach,Laptop લેવું હોય તો Tension કેમ લે છે !
1231,Tier 4: Toggle OFF + Organic (Noise),Sathya,Tamil Nadu (HQ: Tuticorin / Chennai),@craving_destination,61764,272024,14704,29,5.41%,23.85%,2025-03-10,https://www.instagram.com/p/DHBGUH6vCfY/,📈 Viral Organic Reach: High organic creator ER (23.85%),❄️ AC வாங்க நல்ல நேரம்… இப்போ தாங்க! ❄️
1232,Tier 4: Toggle OFF + Organic (Noise),Bajaj Electronics,Telangana & Andhra Pradesh (HQ: Hyderabad),@_bhavishya.__,95106,271154,14657,134,5.41%,15.55%,2025-09-26,https://www.instagram.com/p/DPD69fCk-w-/,📈 Viral Organic Reach: High organic creator ER (15.55%),Bajaj Electronics- India’s Leading Retailer in Electronics is back with its Famous India’s Biggest Festive Offer of ₹1 Crore Cash Prize and 30 Alto K1
1233,Tier 4: Toggle OFF + Organic (Noise),Pai International,Karnataka & Telangana (HQ: Bengaluru),@jyospassions,563190,270377,14615,99,5.41%,2.61%,2025-04-02,https://www.instagram.com/p/DH7uW8xx0Cj/,⚪ Standard Organic: Baseline organic collab reach,"Hey guyzzz,"
1234,Tier 4: Toggle OFF + Organic (Noise),Sathya,Tamil Nadu (HQ: Tuticorin / Chennai),@mona_vlogz,445439,269822,14585,63,5.41%,3.29%,2026-01-14,https://www.instagram.com/p/DTfenRXCfA5/,⚪ Standard Organic: Baseline organic collab reach,இது செம Matterஆ இருக்கே..!!😍
1235,Tier 4: Toggle OFF + Organic (Noise),Sathya,Tamil Nadu (HQ: Tuticorin / Chennai),@mona_vlogz,445439,269822,14585,63,5.41%,3.29%,2025-11-02,https://www.instagram.com/p/DQjPF9TCRRT/,⚪ Standard Organic: Baseline organic collab reach,நிலா-க்கு போலாமா..!!💥😳
1236,Tier 4: Toggle OFF + Organic (Noise),Sathya,Tamil Nadu (HQ: Tuticorin / Chennai),@mona_vlogz,445439,269822,14585,63,5.41%,3.29%,2025-09-06,https://www.instagram.com/p/DOQQ1OciT2t/,⚪ Standard Organic: Baseline organic collab reach,Dont Miss it💥🧿
1237,Tier 4: Toggle OFF + Organic (Noise),Sathya,Tamil Nadu (HQ: Tuticorin / Chennai),@mona_vlogz,445439,269822,14585,63,5.41%,3.29%,2025-07-24,https://www.instagram.com/p/DMfGiqjx7NJ/,⚪ Standard Organic: Baseline organic collab reach,✨🍎Apple-ல icecream Cake சாப்ட்ருக்கிங்களா..!!😍
1238,Tier 4: Toggle OFF + Organic (Noise),Sathya,Tamil Nadu (HQ: Tuticorin / Chennai),@mona_vlogz,445439,269822,14585,63,5.41%,3.29%,2025-04-10,https://www.instagram.com/p/DIRJeZ3zWzR/,⚪ Standard Organic: Baseline organic collab reach,💥🤯அட டேய் நீயா..!!😱
1239,Tier 4: Toggle OFF + Organic (Noise),Sathya,Tamil Nadu (HQ: Tuticorin / Chennai),@mona_vlogz,445439,269822,14585,63,5.41%,3.29%,2025-02-28,https://www.instagram.com/p/DGnY3aHyHed/,⚪ Standard Organic: Baseline organic collab reach,💥😍Mona-வா Foreigner ஆhh..!!😱
1240,Tier 4: Toggle OFF + Organic (Noise),Sathya,Tamil Nadu (HQ: Tuticorin / Chennai),@sainus_diary,699505,266696,14416,219,5.41%,2.09%,2025-12-02,https://www.instagram.com/p/DRwyOxcEfTo/,⚪ Standard Organic: Baseline organic collab reach,"Get ready for the brightest deals of the month! @sathya.retail  Full Moon Sale is lighting up December 4, from 9 AM to 12 Midnight!"
1241,Tier 4: Toggle OFF + Organic (Noise),Sathya,Tamil Nadu (HQ: Tuticorin / Chennai),@mrandmrsmoorthyy,475691,266326,14396,89,5.41%,3.05%,2025-10-04,https://www.instagram.com/p/DPY6jPjkZ4E/,⚪ Standard Organic: Baseline organic collab reach,What is on Full Moon Day?
1242,Tier 4: Toggle OFF + Organic (Noise),Sathya,Tamil Nadu (HQ: Tuticorin / Chennai),@durable_doctor,225695,266104,14384,125,5.41%,6.43%,2026-06-27,https://www.instagram.com/p/DaFmz5dTcVI/,📈 Viral Organic Reach: High organic creator ER (6.43%),🤍
1243,Tier 4: Toggle OFF + Organic (Noise),Pai International,Karnataka & Telangana (HQ: Bengaluru),@prithwibhat,164304,263699,14254,69,5.41%,8.72%,2026-01-13,https://www.instagram.com/p/DTdFiSUgfOx/,📈 Viral Organic Reach: High organic creator ER (8.72%),Redefining the Flagship Standard in The leadership in has officially endorsed the
1244,Tier 4: Toggle OFF + Organic (Noise),Tata Neu,"Pan-India / Maharashtra (HQ: Mumbai, Tata Digital)",@swankyabhii,272773,263181,14226,127,5.41%,5.26%,2025-07-18,https://www.instagram.com/p/DMQD1QDTXDg/,📈 Viral Organic Reach: High organic creator ER (5.26%),Looking for the perfect upgrade? This is more than just a deal — it’s the one you’ve been waiting for. You receive min. Rs.500 worth of NeuCoins with 
1245,Tier 4: Toggle OFF + Organic (Noise),Sathya,Tamil Nadu (HQ: Tuticorin / Chennai),@maddy_off_2k,26260,262626,14196,33,5.41%,54.19%,2025-03-27,https://www.instagram.com/p/DHsYcwdpveX/,📈 Viral Organic Reach: High organic creator ER (54.19%),Sathya Year end Sale
1246,Tier 4: Toggle OFF + Organic (Noise),Aditya Vision,"Bihar, Jharkhand & UP (HQ: Patna)",@patna_with_puja,84156,262274,14177,138,5.41%,17.01%,2025-08-22,https://www.instagram.com/p/DNphu7OM6IP/,📈 Viral Organic Reach: High organic creator ER (17.01%),"“Aditya Vision – यहाँ मिलता है हर electronic सामान सबसे कम दाम पर, और साथ में घर, कार, बाइक जैसे धांसू इनाम जीतने का मौका भी! 🏠🚗🏍️"
1247,Tier 4: Toggle OFF + Organic (Noise),Pai International,Karnataka & Telangana (HQ: Bengaluru),@sanjuu03,257866,260998,14108,108,5.41%,5.51%,2026-06-26,https://www.instagram.com/p/DaDJ1n6zIAZ/,📈 Viral Organic Reach: High organic creator ER (5.51%),"If you’ve been waiting for the right time to shop, this is it!"
1248,Tier 4: Toggle OFF + Organic (Noise),Sathya,Tamil Nadu (HQ: Tuticorin / Chennai),@stunning_sallu,316269,260054,14057,67,5.41%,4.47%,2025-12-18,https://www.instagram.com/p/DSZy5cxknKT/,⚪ Standard Organic: Baseline organic collab reach,@sathya.retail  Gadget Day Sale is here!
1249,Tier 4: Toggle OFF + Organic (Noise),Sathya,Tamil Nadu (HQ: Tuticorin / Chennai),@nanthu_6624_,1452329,258944,13997,268,5.41%,0.98%,2025-01-24,https://www.instagram.com/p/DFNUrJoSyai/,⚪ Standard Organic: Baseline organic collab reach,Republic day super offer at our @sathya.retail
1250,Tier 4: Toggle OFF + Organic (Noise),Sathya,Tamil Nadu (HQ: Tuticorin / Chennai),@dheenaexplorer,51328,256817,13882,8,5.41%,27.06%,2025-05-25,https://www.instagram.com/p/DKFaZZjTEdm/,📈 Viral Organic Reach: High organic creator ER (27.06%),📌@sathya.retail Sathya super sale is happening from May 28 - 31
1251,Tier 4: Toggle OFF + Organic (Noise),Bajaj Electronics,Telangana & Andhra Pradesh (HQ: Hyderabad),@nekkantidivyasri,36262,253875,13723,38,5.41%,37.95%,2026-08-14,https://www.instagram.com/p/DcAXrenBXlA/,📈 Viral Organic Reach: High organic creator ER (37.95%),🍎 Apple Days are LIVE at Bajaj Electronics! ✨
1252,Tier 4: Toggle OFF + Organic (Noise),Electronics Mart,Telangana & Andhra Pradesh (HQ: Hyderabad),@jsfilmsindia,851306,253561,13706,138,5.41%,1.63%,2025-12-26,https://www.instagram.com/p/DSugN3VE-LX/,⚪ Standard Organic: Baseline organic collab reach,📱 iPhone lo… AirPods pao almost FREE! 😱🎧
1253,Tier 4: Toggle OFF + Organic (Noise),Electronics Mart,Telangana & Andhra Pradesh (HQ: Hyderabad),@jsfilmsindia,851306,253561,13706,138,5.41%,1.63%,2025-05-17,https://www.instagram.com/p/DJv9o84zDDB/,⚪ Standard Organic: Baseline organic collab reach,GRAND LAUNCH ALERT!
1254,Tier 4: Toggle OFF + Organic (Noise),Bajaj Electronics,Telangana & Andhra Pradesh (HQ: Hyderabad),@jsfilmsindia,851306,253561,13706,138,5.41%,1.63%,2025-12-26,https://www.instagram.com/p/DSugN3VE-LX/,⚪ Standard Organic: Baseline organic collab reach,📱 iPhone lo… AirPods pao almost FREE! 😱🎧
1255,Tier 4: Toggle OFF + Organic (Noise),Bajaj Electronics,Telangana & Andhra Pradesh (HQ: Hyderabad),@jsfilmsindia,851306,253561,13706,138,5.41%,1.63%,2025-05-17,https://www.instagram.com/p/DJv9o84zDDB/,⚪ Standard Organic: Baseline organic collab reach,GRAND LAUNCH ALERT!
1256,Tier 4: Toggle OFF + Organic (Noise),Reliance Digital,"Pan-India / Maharashtra (HQ: Mumbai, Reliance Retail)",@nehadhupia,6888679,253487,13702,90,5.41%,0.20%,2025-10-18,https://www.instagram.com/p/DP79nmQktFW/,⚪ Standard Organic: Baseline organic collab reach,Celebrate the #MuhuratForCelebrations with Reliance Digital’s #FestivalOfElectronics — powered by AMD Ryzen™️ AI 300!
1257,Tier 4: Toggle OFF + Organic (Noise),Reliance Digital,"Pan-India / Maharashtra (HQ: Mumbai, Reliance Retail)",@flavorsoflucknow,131391,251026,13569,106,5.41%,10.41%,2026-06-05,https://www.instagram.com/p/DZMaKrJv4AS/,📈 Viral Organic Reach: High organic creator ER (10.41%),Capturing all the flavors of Lucknow with the latest vivo X300 FE 💫 now available at Reliance Digital!
1258,Tier 4: Toggle OFF + Organic (Noise),Electronics Mart,Telangana & Andhra Pradesh (HQ: Hyderabad),@thatunscriptedduo,25373,250656,13549,34,5.41%,53.54%,2026-08-04,https://www.instagram.com/p/DbnhTITuc6t/,📈 Viral Organic Reach: High organic creator ER (53.54%),Am I the best wife? 🙂‍↔️🙈
1259,Tier 4: Toggle OFF + Organic (Noise),Pai International,Karnataka & Telangana (HQ: Bengaluru),@devatha_manushya,106088,250564,13544,75,5.41%,12.84%,2025-09-16,https://www.instagram.com/p/DOqZ4FvD2QH/,📈 Viral Organic Reach: High organic creator ER (12.84%),Every group has that one friend… the one who knows ALL the deals
1260,Tier 4: Toggle OFF + Organic (Noise),Pai International,Karnataka & Telangana (HQ: Bengaluru),@periperipriyankaa,457286,249916,13509,246,5.41%,3.01%,2025-01-13,https://www.instagram.com/p/DExCrrIogUj/,⚪ Standard Organic: Baseline organic collab reach,✨ Dive into the future with the all-new OPPO Reno 13 Series 5G! ✨
1261,Tier 4: Toggle OFF + Organic (Noise),Sathya,Tamil Nadu (HQ: Tuticorin / Chennai),@ramii.me,171297,249731,13499,79,5.41%,7.93%,2025-03-27,https://www.instagram.com/p/DHszwH0y35r/,📈 Viral Organic Reach: High organic creator ER (7.93%),Sathya Year end Sale
1262,Tier 4: Toggle OFF + Organic (Noise),Sathya,Tamil Nadu (HQ: Tuticorin / Chennai),@rjricky__,124477,246272,13312,159,5.41%,10.82%,2026-06-19,https://www.instagram.com/p/DZwMSXwJfGG/,📈 Viral Organic Reach: High organic creator ER (10.82%),@sathya.retail Samsung Days is here at Sathya from June 19th to 21st!
1263,Tier 4: Toggle OFF + Organic (Noise),Sathya,Tamil Nadu (HQ: Tuticorin / Chennai),@rjricky__,124477,246272,13312,159,5.41%,10.82%,2025-05-27,https://www.instagram.com/p/DKKKMq8xnJ4/,📈 Viral Organic Reach: High organic creator ER (10.82%),Tag that pudhu mapla 😂
1264,Tier 4: Toggle OFF + Organic (Noise),Sathya,Tamil Nadu (HQ: Tuticorin / Chennai),@dividharsha,135465,246253,13311,189,5.41%,9.97%,2025-07-15,https://www.instagram.com/p/DMIXA4NvcEp/,📈 Viral Organic Reach: High organic creator ER (9.97%),Finally 🙈
1265,Tier 4: Toggle OFF + Organic (Noise),Sathya,Tamil Nadu (HQ: Tuticorin / Chennai),@arunkarthick4444,259769,245125,13250,45,5.41%,5.12%,2026-07-26,https://www.instagram.com/p/DbQa4HJTkrJ/,📈 Viral Organic Reach: High organic creator ER (5.12%),Moon magic ✨
1266,Tier 4: Toggle OFF + Organic (Noise),Aditya Vision,"Bihar, Jharkhand & UP (HQ: Patna)",@ayodhyadhamm,1061710,243848,13181,552,5.41%,1.29%,2026-01-24,https://www.instagram.com/p/DT5LlNwCRsc/,⚪ Standard Organic: Baseline organic collab reach,"26 साल का भरोसा, 26 जनवरी का महोत्सव! 🇮🇳"
1267,Tier 4: Toggle OFF + Organic (Noise),Aditya Vision,"Bihar, Jharkhand & UP (HQ: Patna)",@ayodhyadhamm,1061710,243848,13181,552,5.41%,1.29%,2025-10-16,https://www.instagram.com/p/DP3xkbmCabZ/,⚪ Standard Organic: Baseline organic collab reach,रामजी घर आ गए हैं अयोध्या भी रौशन हो गई है❤️🪔
1268,Tier 4: Toggle OFF + Organic (Noise),Sathya,Tamil Nadu (HQ: Tuticorin / Chennai),@harirajan_lungiboys,296505,241906,13076,192,5.41%,4.48%,2026-06-28,https://www.instagram.com/p/DaIT7PATHFw/,⚪ Standard Organic: Baseline organic collab reach,🌕 Sathya Full Moon Sale is Here! 🔥
1269,Tier 4: Toggle OFF + Organic (Noise),Sathya,Tamil Nadu (HQ: Tuticorin / Chennai),@sk__creation______,502078,241055,13030,262,5.41%,2.65%,2026-01-22,https://www.instagram.com/p/DT0PLJAkyRF/,⚪ Standard Organic: Baseline organic collab reach,End Paarunga ☝️🤩 @sathya.retail Sathya Republic Day Sale is Live!
1270,Tier 4: Toggle OFF + Organic (Noise),Sathya,Tamil Nadu (HQ: Tuticorin / Chennai),@ennakarthi,573590,240685,13010,117,5.41%,2.29%,2025-12-31,https://www.instagram.com/p/DS7Zv4HCbbk/,⚪ Standard Organic: Baseline organic collab reach,Apple Days Sale is LIVE at @sathya.retail from
1271,Tier 4: Toggle OFF + Organic (Noise),Sathya,Tamil Nadu (HQ: Tuticorin / Chennai),@ennakarthi,573590,240685,13010,117,5.41%,2.29%,2025-08-10,https://www.instagram.com/p/DNLI1BYxp7_/,⚪ Standard Organic: Baseline organic collab reach,"The wait is over!  @sathya.retail  proudly presents the official launch of the Haier M80F Series Mini LED TV, now available for you to experience.  En"
1272,Tier 4: Toggle OFF + Organic (Noise),Sathya,Tamil Nadu (HQ: Tuticorin / Chennai),@ennakarthi,573590,240685,13010,117,5.41%,2.29%,2025-02-13,https://www.instagram.com/p/DGA3mVwytez/,⚪ Standard Organic: Baseline organic collab reach,At Singanallur @sathya.retail
1273,Tier 4: Toggle OFF + Organic (Noise),Great Eastern,West Bengal & East India (HQ: Kolkata),@footballbyomkesh,42566,238779,12907,114,5.41%,30.59%,2026-06-23,https://www.instagram.com/p/DZ7OeFUzYo1/,📈 Viral Organic Reach: High organic creator ER (30.59%),"If you want the real stadium feeling at home this World Cup season, a massive screen is non-negotiable. 📺⚽️"
1274,Tier 4: Toggle OFF + Organic (Noise),Great Eastern,West Bengal & East India (HQ: Kolkata),@footballbyomkesh,42566,238779,12907,114,5.41%,30.59%,2026-06-14,https://www.instagram.com/p/DZkf6Wkz7YW/,📈 Viral Organic Reach: High organic creator ER (30.59%),⚽ Football Frenzy is landing in Bagnan! 🎉
1275,Tier 4: Toggle OFF + Organic (Noise),Pai International,Karnataka & Telangana (HQ: Bengaluru),@vizag_entrepreneur,248970,238761,12906,91,5.41%,5.22%,2026-04-01,https://www.instagram.com/p/DWlbj8NE_ur/,📈 Viral Organic Reach: High organic creator ER (5.22%),🚨 BIGGEST SALE ALERT 🚨 Pai Full Moon Saving Mahotsav is going LIVE on April 2nd 🌕
1276,Tier 4: Toggle OFF + Organic (Noise),Pai International,Karnataka & Telangana (HQ: Bengaluru),@lucky_patil_vlog,167700,238261,12879,22,5.41%,7.69%,2025-10-09,https://www.instagram.com/p/DPlggUgD69O/,📈 Viral Organic Reach: High organic creator ER (7.69%),25 ಕಾರ್ ಫ್ರೀ 😳 ದಾಗ ವಿನ್ ಅಗರಿ ಗುರು ❤️
1277,Tier 4: Toggle OFF + Organic (Noise),Sathya,Tamil Nadu (HQ: Tuticorin / Chennai),@selvaa__official,269825,238021,12866,34,5.41%,4.78%,2026-06-28,https://www.instagram.com/p/DaIk_v9ScSc/,⚪ Standard Organic: Baseline organic collab reach,Very brilliant pa😖
1278,Tier 4: Toggle OFF + Organic (Noise),Sathya,Tamil Nadu (HQ: Tuticorin / Chennai),@itss_me_raji,226108,237244,12824,298,5.41%,5.80%,2025-03-22,https://www.instagram.com/p/DHgXEb5yc2G/,📈 Viral Organic Reach: High organic creator ER (5.8%),"OPPO F29 Series is now available at @sathya.retail ! Powered by Snapdragon 6 Gen 1, 6500mAh battery with 45W SuperVOOC™️ charging, and IP66, IP68, IP6"
1279,Tier 4: Toggle OFF + Organic (Noise),Sathya,Tamil Nadu (HQ: Tuticorin / Chennai),@coimbatore_mapla_,3776137,237188,12821,384,5.41%,0.35%,2025-04-12,https://www.instagram.com/p/DIWWK8aTLdi/,⚪ Standard Organic: Baseline organic collab reach,Upto 60% offers at @sathya.retail 😍
1280,Tier 4: Toggle OFF + Organic (Noise),Sathya,Tamil Nadu (HQ: Tuticorin / Chennai),@coimbatore_mapla_,3776137,237188,12821,384,5.41%,0.35%,2025-03-06,https://www.instagram.com/p/DG3JUoIT8YE/,⚪ Standard Organic: Baseline organic collab reach,Buy AC get Led TV Free 😍
1281,Tier 4: Toggle OFF + Organic (Noise),Sathya,Tamil Nadu (HQ: Tuticorin / Chennai),@selva_troller,272089,236855,12803,105,5.41%,4.74%,2026-06-27,https://www.instagram.com/p/DaFmeJJTGys/,⚪ Standard Organic: Baseline organic collab reach,The Wait Is Over! @sathya.retail  Full Moon Sale Is Here
1282,Tier 4: Toggle OFF + Organic (Noise),Bajaj Electronics,Telangana & Andhra Pradesh (HQ: Hyderabad),@chetnakashyap_,400396,235912,12752,167,5.41%,3.23%,2025-03-03,https://www.instagram.com/p/DGu3hiavVkI/,⚪ Standard Organic: Baseline organic collab reach,"iPhone 16 at just ₹25,900*!"
1283,Tier 4: Toggle OFF + Organic (Noise),Sathya,Tamil Nadu (HQ: Tuticorin / Chennai),@namma_melur2.0,62512,234876,12696,55,5.41%,20.40%,2026-07-26,https://www.instagram.com/p/DbQkPZbTtAl/,📈 Viral Organic Reach: High organic creator ER (20.4%),@sathya.retail  Full Moon Sale is here!
1284,Tier 4: Toggle OFF + Organic (Noise),Sathya,Tamil Nadu (HQ: Tuticorin / Chennai),@ungalal__uruvanavan__,85908,233729,12634,100,5.41%,14.82%,2026-07-26,https://www.instagram.com/p/DbQY6-XvqYH/,📈 Viral Organic Reach: High organic creator ER (14.82%),Marakamma  namma @sathya.retail shop  visit panni ungalukku thevaiyana porutkala vankikanga🤩🤩🥳🥳🥳
1285,Tier 4: Toggle OFF + Organic (Noise),Sathya,Tamil Nadu (HQ: Tuticorin / Chennai),@ajinjerry007,29939,233155,12603,649,5.41%,44.27%,2025-03-27,https://www.instagram.com/p/DHtEH_xTiqj/,📈 Viral Organic Reach: High organic creator ER (44.27%),Sathya Year end Sale
1286,Tier 4: Toggle OFF + Organic (Noise),Sathya,Tamil Nadu (HQ: Tuticorin / Chennai),@ze4techindia,290649,233118,12601,1598,5.41%,4.89%,2026-07-30,https://www.instagram.com/p/DbamiFOAIPa/,⚪ Standard Organic: Baseline organic collab reach,Samsung galaxy z fold8 & z fold8 ultra prebooking started @sathya.retail
1287,Tier 4: Toggle OFF + Organic (Noise),Vijay Sales,Maharashtra / Pan-India (HQ: Mumbai),@ananya.kaul,71206,232711,12579,73,5.41%,17.77%,2025-04-02,https://www.instagram.com/p/DH8k7Hlqv-3/,📈 Viral Organic Reach: High organic creator ER (17.77%),"New phone, New flex!! Oppo F29 5G just dropped and its looking 🔥🔥"
1288,Tier 4: Toggle OFF + Organic (Noise),Sathya,Tamil Nadu (HQ: Tuticorin / Chennai),@yuva_tech_3,505804,232508,12568,109,5.41%,2.51%,2025-12-31,https://www.instagram.com/p/DS7st77kgeJ/,⚪ Standard Organic: Baseline organic collab reach,Apple Days Sale is LIVE at @sathya.retail from
1289,Tier 4: Toggle OFF + Organic (Noise),Pai International,Karnataka & Telangana (HQ: Bengaluru),@asiyabegum__,213908,231860,12533,53,5.41%,5.88%,2026-05-30,https://www.instagram.com/p/DY86i3SzbsT/,📈 Viral Organic Reach: High organic creator ER (5.88%),THE WAIT IS OVER
1290,Tier 4: Toggle OFF + Organic (Noise),Croma,"Pan-India / Maharashtra (HQ: Mumbai, Tata Group)",@becausewhynotofficial,568143,231620,12520,112,5.41%,2.22%,2025-12-22,https://www.instagram.com/p/DSkTLYBjOd0/,⚪ Standard Organic: Baseline organic collab reach,"2025 mein neend toh poori ho gayi hogi, ab time hai to fulfill your wishlist with 2025’s best deals on Croma’s Cromtastic Sale!"
1291,Tier 4: Toggle OFF + Organic (Noise),Croma,"Pan-India / Maharashtra (HQ: Mumbai, Tata Group)",@divyagupta7811,585105,230898,12481,112,5.41%,2.15%,2025-11-21,https://www.instagram.com/p/DRUlZdciNTl/,⚪ Standard Organic: Baseline organic collab reach,"Comment “Shaadi” for a surprise, and tag that friend jisko ab shaadi kar leni chahiye! 😆"
1292,Tier 4: Toggle OFF + Organic (Noise),Bajaj Electronics,Telangana & Andhra Pradesh (HQ: Hyderabad),@chandnibhagwanani,554114,230732,12472,192,5.41%,2.29%,2026-01-15,https://www.instagram.com/p/DTiRja7AZ86/,⚪ Standard Organic: Baseline organic collab reach,Apple Days at Bajaj Electronics!!!
1293,Tier 4: Toggle OFF + Organic (Noise),Sathya,Tamil Nadu (HQ: Tuticorin / Chennai),@kutti_gobi,77913,230362,12452,183,5.41%,16.22%,2026-07-26,https://www.instagram.com/p/DbQMzJ_TBVh/,📈 Viral Organic Reach: High organic creator ER (16.22%),@sathya.retail  Full Moon Sale is here!
1294,Tier 4: Toggle OFF + Organic (Noise),Pai International,Karnataka & Telangana (HQ: Bengaluru),@raghu_tumkur_,160924,230325,12450,53,5.41%,7.77%,2026-01-02,https://www.instagram.com/p/DTAfOlDkiRM/,📈 Viral Organic Reach: High organic creator ER (7.77%),"Every sale gives discounts,"
1295,Tier 4: Toggle OFF + Organic (Noise),Croma,"Pan-India / Maharashtra (HQ: Mumbai, Tata Group)",@shortsbreak,1311321,229825,12423,53,5.41%,0.95%,2024-12-28,https://www.instagram.com/p/DEHosrkN6Li/,⚪ Standard Organic: Baseline organic collab reach,Sheela didi ka birthday gift 🎁
1296,Tier 4: Toggle OFF + Organic (Noise),Sathya,Tamil Nadu (HQ: Tuticorin / Chennai),@akashgowra,342039,227938,12321,87,5.41%,3.63%,2026-07-29,https://www.instagram.com/p/DbYovVnJ9vp/,⚪ Standard Organic: Baseline organic collab reach,Samsung galaxy z fold8 & z fold8 ultra prebooking started @sathya.retail
1297,Tier 4: Toggle OFF + Organic (Noise),Sathya,Tamil Nadu (HQ: Tuticorin / Chennai),@rekhascucina,1549759,227735,12310,106,5.41%,0.80%,2025-08-25,https://www.instagram.com/p/DNxsx3pWMId/,⚪ Standard Organic: Baseline organic collab reach,"Vinayagar Chaturthi vibes start with happiness and savings at @sathya.retail  From August 26 to 31, enjoy super offers on all products and make your f"
1298,Tier 4: Toggle OFF + Organic (Noise),Sathya,Tamil Nadu (HQ: Tuticorin / Chennai),@rekhascucina,1549759,227735,12310,106,5.41%,0.80%,2025-01-24,https://www.instagram.com/p/DFMmIFLSK2E/,⚪ Standard Organic: Baseline organic collab reach,Paneer stuffed paniyaram 😋
1299,Tier 4: Toggle OFF + Organic (Noise),Sathya,Tamil Nadu (HQ: Tuticorin / Chennai),@leka_offl,172856,227476,12296,67,5.41%,7.15%,2025-05-25,https://www.instagram.com/p/DKE9LZ1T7FD/,📈 Viral Organic Reach: High organic creator ER (7.15%),@sathya.retail Sathya super sale is happening from May 28 - 31
1300,Tier 4: Toggle OFF + Organic (Noise),Bajaj Electronics,Telangana & Andhra Pradesh (HQ: Hyderabad),@ajayreddykasala_,51816,226958,12268,80,5.41%,23.83%,2026-08-18,https://www.instagram.com/p/DcL_LYuJDcJ/,📈 Viral Organic Reach: High organic creator ER (23.83%),"Upgrading my setup for the new college term with the HP OmniBook 5! With a 360° flip hinge, 14” 2K OLED touch display, and Intel®️ Core™️ 5 performanc"
1301,Tier 4: Toggle OFF + Organic (Noise),Reliance Digital,"Pan-India / Maharashtra (HQ: Mumbai, Reliance Retail)",@parvathy_ayyappadas,242233,226255,12230,25,5.41%,5.06%,2026-04-06,https://www.instagram.com/p/DWy5SHaEpuh/,📈 Viral Organic Reach: High organic creator ER (5.06%),Kalyanam kazhinju… “basic items mathram vangam” enn paranju poyi 😌🛍️
1302,Tier 4: Toggle OFF + Organic (Noise),Vijay Sales,Maharashtra / Pan-India (HQ: Mumbai),@whattechno,959512,225533,12191,6819,5.41%,1.98%,2025-11-27,https://www.instagram.com/p/DRkRRUqj3Cu/,⚪ Standard Organic: Baseline organic collab reach,Samsung galaxy notebooks 5 Series with Ai Built in 🔥
1303,Tier 4: Toggle OFF + Organic (Noise),Sathya,Tamil Nadu (HQ: Tuticorin / Chennai),@sai_rithu19,442322,225533,12191,119,5.41%,2.78%,2025-07-09,https://www.instagram.com/p/DL3_r-DR11U/,⚪ Standard Organic: Baseline organic collab reach,Namba Salem Sathyala Oppo Reno 14series Launch 🔥✨
1304,Tier 4: Toggle OFF + Organic (Noise),Aditya Vision,"Bihar, Jharkhand & UP (HQ: Patna)",@aurangabad_district,194861,225200,12173,46,5.41%,6.27%,2026-01-22,https://www.instagram.com/p/DTzcV2uk8MF/,📈 Viral Organic Reach: High organic creator ER (6.27%),Aditya Vision Republic Day Sale ✨
1305,Tier 4: Toggle OFF + Organic (Noise),Aditya Vision,"Bihar, Jharkhand & UP (HQ: Patna)",@aurangabad_district,194861,225200,12173,46,5.41%,6.27%,2025-10-16,https://www.instagram.com/p/DP3p5NxE4xj/,📈 Viral Organic Reach: High organic creator ER (6.27%),"Iss Diwali, roshan karo apna ghar Aditya Vision ke saath!"
1306,Tier 4: Toggle OFF + Organic (Noise),Aditya Vision,"Bihar, Jharkhand & UP (HQ: Patna)",@aurangabad_district,194861,225200,12173,46,5.41%,6.27%,2025-09-20,https://www.instagram.com/p/DOz13oikwI6/,📈 Viral Organic Reach: High organic creator ER (6.27%),The all-new iPhone 17 Series has arrived at Aditya Vision Aurangabad 📱
1307,Tier 4: Toggle OFF + Organic (Noise),Aditya Vision,"Bihar, Jharkhand & UP (HQ: Patna)",@biharimskvlog,225830,224978,12161,58,5.41%,5.41%,2026-08-10,https://www.instagram.com/p/Db2rl3hS8Tn/,📈 Viral Organic Reach: High organic creator ER (5.41%),"गया जी वालो 🇮🇳 आज़ादी का जश्न, इस बार बंपर बचत के संग! 🎉"
1308,Tier 4: Toggle OFF + Organic (Noise),Aditya Vision,"Bihar, Jharkhand & UP (HQ: Patna)",@biharimskvlog,225830,224978,12161,58,5.41%,5.41%,2026-04-13,https://www.instagram.com/p/DXDf4SVktMJ/,📈 Viral Organic Reach: High organic creator ER (5.41%),Bosch Washing Machine और
1309,Tier 4: Toggle OFF + Organic (Noise),Aditya Vision,"Bihar, Jharkhand & UP (HQ: Patna)",@biharimskvlog,225830,224978,12161,58,5.41%,5.41%,2026-03-08,https://www.instagram.com/p/DVnU-Aikr-d/,📈 Viral Organic Reach: High organic creator ER (5.41%),"“The Beast is here! 🐉 Samsung S26 Ultra ka grand launch sirf Aditya Vision par. Sabse pehle, sabse behtar! 📱✨”"
1310,Tier 4: Toggle OFF + Organic (Noise),Aditya Vision,"Bihar, Jharkhand & UP (HQ: Patna)",@biharimskvlog,225830,224978,12161,58,5.41%,5.41%,2026-01-22,https://www.instagram.com/p/DTzgrK8kh90/,📈 Viral Organic Reach: High organic creator ER (5.41%),Aditya Vision लेकर आया है इस Republic Day ‘ग्रैंड रिपब्लिक डे सेल’ – जहां मिलेंगे हर घर के लिए शानदार डील्स और सेविंग्स!
1311,Tier 4: Toggle OFF + Organic (Noise),Aditya Vision,"Bihar, Jharkhand & UP (HQ: Patna)",@biharimskvlog,225830,224978,12161,58,5.41%,5.41%,2025-12-19,https://www.instagram.com/p/DScRJz-jB1k/,📈 Viral Organic Reach: High organic creator ER (5.41%),अपने घर को बनाइए स्मार्ट और स्टाइलिश
1312,Tier 4: Toggle OFF + Organic (Noise),Aditya Vision,"Bihar, Jharkhand & UP (HQ: Patna)",@biharimskvlog,225830,224978,12161,58,5.41%,5.41%,2025-10-15,https://www.instagram.com/p/DP00piakv7D/,📈 Viral Organic Reach: High organic creator ER (5.41%),"Doston! Is Diwali, Aditya Vision ke saath ghar ko roshan karo! ✨"
1313,Tier 4: Toggle OFF + Organic (Noise),Aditya Vision,"Bihar, Jharkhand & UP (HQ: Patna)",@biharimskvlog,225830,224978,12161,58,5.41%,5.41%,2025-08-12,https://www.instagram.com/p/DNPxKLcSxZj/,📈 Viral Organic Reach: High organic creator ER (5.41%),"🎉15 का दम, बंपर बचत हर कदम !🇮🇳"
1314,Tier 4: Toggle OFF + Organic (Noise),Aditya Vision,"Bihar, Jharkhand & UP (HQ: Patna)",@biharimskvlog,225830,224978,12161,58,5.41%,5.41%,2025-07-22,https://www.instagram.com/p/DMamvmySgyg/,📈 Viral Organic Reach: High organic creator ER (5.41%),"You’re at Aditya Vision, and two awesome Vivo phones have just launched: Vivo X200 FE and Vivo X Fold 5. Here’s a detailed description of both based o"
1315,Tier 4: Toggle OFF + Organic (Noise),Pai International,Karnataka & Telangana (HQ: Bengaluru),@neelima_officiall,239239,224941,12159,80,5.41%,5.12%,2025-04-10,https://www.instagram.com/p/DIRGtWnzqSX/,📈 Viral Organic Reach: High organic creator ER (5.12%),𝐎𝐧𝐥𝐲 𝟓 𝐃𝐚𝐲𝐬 𝐋𝐞𝐟𝐭! 🎉
1316,Tier 4: Toggle OFF + Organic (Noise),Tata Neu,"Pan-India / Maharashtra (HQ: Mumbai, Tata Digital)",@ca.shubhammaloo,272989,224627,12142,2704,5.41%,5.44%,2025-08-01,https://www.instagram.com/p/DM0L045p5ZB/,📈 Viral Organic Reach: High organic creator ER (5.44%),"Roz naye sapne, par sawaal wahi — paisa kahaan se laayein? 💸"
1317,Tier 4: Toggle OFF + Organic (Noise),Bajaj Electronics,Telangana & Andhra Pradesh (HQ: Hyderabad),@aashritahotri,17911,224238,12121,161,5.41%,68.58%,2026-08-10,https://www.instagram.com/p/Db3A6BNAcsG/,📈 Viral Organic Reach: High organic creator ER (68.58%),🍎 Apple Days are LIVE at Bajaj Electronics! ✨
1318,Tier 4: Toggle OFF + Organic (Noise),Pai International,Karnataka & Telangana (HQ: Bengaluru),@kavyashettyofficial,431863,223702,12092,150,5.41%,2.84%,2025-07-24,https://www.instagram.com/p/DMfI_6ovb9B/,⚪ Standard Organic: Baseline organic collab reach,🔋 Always running out of battery? Not anymore.
1319,Tier 4: Toggle OFF + Organic (Noise),Sathya,Tamil Nadu (HQ: Tuticorin / Chennai),@shashu_67_official,300705,223110,12060,69,5.41%,4.03%,2026-07-26,https://www.instagram.com/p/DbQUxOFvsI5/,⚪ Standard Organic: Baseline organic collab reach,@sathya.retail  Full Moon Sale is here! 🔥
1320,Tier 4: Toggle OFF + Organic (Noise),Pai International,Karnataka & Telangana (HQ: Bengaluru),@mysuru.updates,147396,222555,12030,30,5.41%,8.18%,2025-10-13,https://www.instagram.com/p/DPv8nQWEmm5/,📈 Viral Organic Reach: High organic creator ER (8.18%),𝐇𝐞𝐥𝐥𝐨 𝐌𝐲𝐬𝐮𝐫𝐮! ✨
1321,Tier 4: Toggle OFF + Organic (Noise),Croma,"Pan-India / Maharashtra (HQ: Mumbai, Tata Group)",@rjdevang,690079,221685,11983,59,5.41%,1.75%,2025-01-25,https://www.instagram.com/p/DFQaMfwTLlS/,⚪ Standard Organic: Baseline organic collab reach,Concert mein battery down nahi hone di (mobiles ki) 😜
1322,Tier 4: Toggle OFF + Organic (Noise),Sathya,Tamil Nadu (HQ: Tuticorin / Chennai),@vj_bharane,46710,221278,11961,125,5.41%,25.88%,2025-03-27,https://www.instagram.com/p/DHssIAQyLsx/,📈 Viral Organic Reach: High organic creator ER (25.88%),Sathya Year end Sale
1323,Tier 4: Toggle OFF + Organic (Noise),Sathya,Tamil Nadu (HQ: Tuticorin / Chennai),@javi_show_,223968,220002,11892,43,5.41%,5.33%,2026-01-24,https://www.instagram.com/p/DT4h4GtAaFv/,📈 Viral Organic Reach: High organic creator ER (5.33%),எல்லாமே Upto 90%Offer🤩
1324,Tier 4: Toggle OFF + Organic (Noise),Sathya,Tamil Nadu (HQ: Tuticorin / Chennai),@mr__love____boy,178233,217874,11777,30,5.41%,6.63%,2026-06-27,https://www.instagram.com/p/DaFxVWZx3tB/,📈 Viral Organic Reach: High organic creator ER (6.63%),The Wait Is Over! @sathya.retail  Full Moon Sale Is Here
1325,Tier 4: Toggle OFF + Organic (Noise),Aditya Vision,"Bihar, Jharkhand & UP (HQ: Patna)",@ara_wale,99133,217060,11733,100,5.41%,11.94%,2026-07-26,https://www.instagram.com/p/DbQg_cJJpeP/,📈 Viral Organic Reach: High organic creator ER (11.94%),"🌧️ इस मानसून, सिर्फ़ बारिश से नहीं... स्मार्ट टेक्नोलॉजी से भी रहिए तैयार! 😍"
1326,Tier 4: Toggle OFF + Organic (Noise),Electronics Mart,Telangana & Andhra Pradesh (HQ: Hyderabad),@gurugram.official,321106,216117,11682,94,5.41%,3.67%,2025-01-25,https://www.instagram.com/p/DFPvCnMvqSo/,⚪ Standard Organic: Baseline organic collab reach,Struggling with hair fall caused by hard water in Delhi? 💦 Switch to @symphonylimited geysers and experience the magic of PUROPOD and SmartBath techno
1327,Tier 4: Toggle OFF + Organic (Noise),Sathya,Tamil Nadu (HQ: Tuticorin / Chennai),@dream__couples__official,953323,215377,11642,42,5.41%,1.23%,2026-08-11,https://www.instagram.com/p/Db5kmIwpBQo/,⚪ Standard Organic: Baseline organic collab reach,Lag? Poor battery? Not anymore!
1328,Tier 4: Toggle OFF + Organic (Noise),Sathya,Tamil Nadu (HQ: Tuticorin / Chennai),@dream__couples__official,953323,215377,11642,42,5.41%,1.23%,2025-12-03,https://www.instagram.com/p/DRzji_jgSxF/,⚪ Standard Organic: Baseline organic collab reach,"@sathya.retail Experience the all-new Vivo X300 & X300 Pro with 23mm and 50mm ZEISS lenses, including a 200MP ZEISS main camera. Powered by the Pro Im"
1329,Tier 4: Toggle OFF + Organic (Noise),Sathya,Tamil Nadu (HQ: Tuticorin / Chennai),@dream__couples__official,953323,215377,11642,42,5.41%,1.23%,2025-02-27,https://www.instagram.com/p/DGk8JeoyHZg/,⚪ Standard Organic: Baseline organic collab reach,A Cool Summer for Your Family! ❄️👨‍👩‍👧‍👦
1330,Tier 4: Toggle OFF + Organic (Noise),Croma,"Pan-India / Maharashtra (HQ: Mumbai, Tata Group)",@vivekjadoo,774618,215081,11626,41,5.41%,1.51%,2026-04-16,https://www.instagram.com/p/DXMfuQ0D5jh/,⚪ Standard Organic: Baseline organic collab reach,April la vaangala na… winter la vaangaporaaya?😏
1331,Tier 4: Toggle OFF + Organic (Noise),Reliance Digital,"Pan-India / Maharashtra (HQ: Mumbai, Reliance Retail)",@vivekjadoo,774618,215081,11626,41,5.41%,1.51%,2026-08-10,https://www.instagram.com/p/Db3H4VkPaHi/,⚪ Standard Organic: Baseline organic collab reach,When everything at home suddenly starts looking like it needs an upgrade… 👀😂
1332,Tier 4: Toggle OFF + Organic (Noise),Sathya,Tamil Nadu (HQ: Tuticorin / Chennai),@bonie_stone_23,662580,215062,11625,220,5.41%,1.79%,2026-07-05,https://www.instagram.com/p/DaaXM6zTmsf/,⚪ Standard Organic: Baseline organic collab reach,Pre-book the all-new OPPO Reno 16 Series now at @sathya.retail !
1333,Tier 4: Toggle OFF + Organic (Noise),Sathya,Tamil Nadu (HQ: Tuticorin / Chennai),@meimedia333,956167,213952,11565,98,5.41%,1.22%,2026-08-13,https://www.instagram.com/p/Db-sEDfhpXC/,⚪ Standard Organic: Baseline organic collab reach,"Sathya’s Independence Day Sale! 🇮🇳 For 4 days only (August 14th to August 17th), grab massive discounts of up to 80% OFF"
1334,Tier 4: Toggle OFF + Organic (Noise),Sathya,Tamil Nadu (HQ: Tuticorin / Chennai),@meimedia333,956167,213952,11565,98,5.41%,1.22%,2025-12-02,https://www.instagram.com/p/DRwtP_pjzr7/,⚪ Standard Organic: Baseline organic collab reach,"Indha season ku yetha maari, oru cool aana offer pathi thaan, ipo paaka porom! 🥶😅👏"
1335,Tier 4: Toggle OFF + Organic (Noise),Sathya,Tamil Nadu (HQ: Tuticorin / Chennai),@praveendheiveegan,1038891,213379,11534,3379,5.41%,1.44%,2025-12-04,https://www.instagram.com/p/DR1HTKAjt6U/,⚪ Standard Organic: Baseline organic collab reach,"@sathya.retail Experience the all-new Vivo X300 & X300 Pro with 23mm and 50mm ZEISS lenses, including a 200MP ZEISS main camera. Powered by the Pro Im"
1336,Tier 4: Toggle OFF + Organic (Noise),Sathya,Tamil Nadu (HQ: Tuticorin / Chennai),@praveendheiveegan,1038891,213379,11534,3379,5.41%,1.44%,2025-02-26,https://www.instagram.com/p/DGiiKtPJEEj/,⚪ Standard Organic: Baseline organic collab reach,Pre-booking alert!  The all-new Apple iPhone 16e is here!
1337,Tier 4: Toggle OFF + Organic (Noise),Croma,"Pan-India / Maharashtra (HQ: Mumbai, Tata Group)",@techlawn.aman,1042883,212491,11486,281,5.41%,1.13%,2025-07-10,https://www.instagram.com/p/DL7PbOLx1Wm/,⚪ Standard Organic: Baseline organic collab reach,Croma brought the OPPO Reno 14 Series to life like never before!
1338,Tier 4: Toggle OFF + Organic (Noise),Sathya,Tamil Nadu (HQ: Tuticorin / Chennai),@salem_nanbi,342648,212065,11463,58,5.41%,3.36%,2026-07-26,https://www.instagram.com/p/DbQbatBzd8i/,⚪ Standard Organic: Baseline organic collab reach,🌕 தமிழ்நாட்டின் Biggest Full Moon Sale வந்தாச்சு! 🔥
1339,Tier 4: Toggle OFF + Organic (Noise),Aditya Vision,"Bihar, Jharkhand & UP (HQ: Patna)",@muzaffarpur_beats,93899,210696,11389,89,5.41%,12.22%,2026-08-10,https://www.instagram.com/p/Db2bTM7zw65/,📈 Viral Organic Reach: High organic creator ER (12.22%),"🇮🇳 Azaadi ka jashn, bumper bachat ke sang! 🛍️🔥"
1340,Tier 4: Toggle OFF + Organic (Noise),Aditya Vision,"Bihar, Jharkhand & UP (HQ: Patna)",@muzaffarpur_beats,93899,210696,11389,89,5.41%,12.22%,2026-06-10,https://www.instagram.com/p/DZZXxReT-9e/,📈 Viral Organic Reach: High organic creator ER (12.22%),🎮 Gamer banna ho... 🎥 Content Creator banna ho... 💻 Coding ki journey start karni ho... Ya phir apna pehla powerful laptop lena ho...
1341,Tier 4: Toggle OFF + Organic (Noise),Aditya Vision,"Bihar, Jharkhand & UP (HQ: Patna)",@muzaffarpur_beats,93899,210696,11389,89,5.41%,12.22%,2026-05-26,https://www.instagram.com/p/DYzLrQKzeSu/,📈 Viral Organic Reach: High organic creator ER (12.22%),📺 Upgrade your entertainment with TCL P6K Premium 4K HDR TV ✨
1342,Tier 4: Toggle OFF + Organic (Noise),Aditya Vision,"Bihar, Jharkhand & UP (HQ: Patna)",@muzaffarpur_beats,93899,210696,11389,89,5.41%,12.22%,2026-03-08,https://www.instagram.com/p/DVnyZfMk03S/,📈 Viral Organic Reach: High organic creator ER (12.22%),"Muzaffarpur, the wait is over! 🔥"
1343,Tier 4: Toggle OFF + Organic (Noise),Aditya Vision,"Bihar, Jharkhand & UP (HQ: Patna)",@muzaffarpur_beats,93899,210696,11389,89,5.41%,12.22%,2026-01-23,https://www.instagram.com/p/DT2a7hzk7JC/,📈 Viral Organic Reach: High organic creator ER (12.22%),🇮🇳 26 साल के भरोसे के साथ Republic Day महाउत्सव!
1344,Tier 4: Toggle OFF + Organic (Noise),Aditya Vision,"Bihar, Jharkhand & UP (HQ: Patna)",@muzaffarpur_beats,93899,210696,11389,89,5.41%,12.22%,2025-12-19,https://www.instagram.com/p/DScXQRgkwQZ/,📈 Viral Organic Reach: High organic creator ER (12.22%),"अब अपने घर को बनाइए Smart, Stylish & Budget-Friendly ✨"
1345,Tier 4: Toggle OFF + Organic (Noise),Aditya Vision,"Bihar, Jharkhand & UP (HQ: Patna)",@muzaffarpur_beats,93899,210696,11389,89,5.41%,12.22%,2025-10-15,https://www.instagram.com/p/DP04Vm_Ej5v/,📈 Viral Organic Reach: High organic creator ER (12.22%),"Doston, iss Diwali ghar ko roshan karo Aditya Vision ke sath! 💥"
1346,Tier 4: Toggle OFF + Organic (Noise),Aditya Vision,"Bihar, Jharkhand & UP (HQ: Patna)",@muzaffarpur_beats,93899,210696,11389,89,5.41%,12.22%,2025-09-20,https://www.instagram.com/p/DO0uTLlEpol/,📈 Viral Organic Reach: High organic creator ER (12.22%),“Sleeker. Smarter. The iPhone 17 is here to redefine perfection.”
1347,Tier 4: Toggle OFF + Organic (Noise),Aditya Vision,"Bihar, Jharkhand & UP (HQ: Patna)",@muzaffarpur_beats,93899,210696,11389,89,5.41%,12.22%,2025-08-13,https://www.instagram.com/p/DNSH3x7vIYO/,📈 Viral Organic Reach: High organic creator ER (12.22%),"15 का दम, बंपर बचत हर कदम! 🇮🇳*"
1348,Tier 4: Toggle OFF + Organic (Noise),Aditya Vision,"Bihar, Jharkhand & UP (HQ: Patna)",@muzaffarpur_beats,93899,210696,11389,89,5.41%,12.22%,2025-07-24,https://www.instagram.com/p/DMfeC33Td6n/,📈 Viral Organic Reach: High organic creator ER (12.22%),"""Fold ki duniya mein future ka swag! 🚀📱"
1349,Tier 4: Toggle OFF + Organic (Noise),Sathya,Tamil Nadu (HQ: Tuticorin / Chennai),@its_maniofficial_,94724,210659,11387,74,5.41%,12.10%,2026-07-16,https://www.instagram.com/p/Da239Oxx5j2/,📈 Viral Organic Reach: High organic creator ER (12.1%),🔥 OPPO Days @sathya.retail 🔥
1350,Tier 4: Toggle OFF + Organic (Noise),Pai International,Karnataka & Telangana (HQ: Bengaluru),@sravyareddyy,155272,208976,11296,53,5.41%,7.31%,2025-09-20,https://www.instagram.com/p/DO0vzVoAZm1/,📈 Viral Organic Reach: High organic creator ER (7.31%),"You can grab the latest Apple products from 220+ Pai International & Pai Mobiles stores across Karnataka, Andhra Pradesh, and Telangana."
1351,Tier 4: Toggle OFF + Organic (Noise),Sathya,Tamil Nadu (HQ: Tuticorin / Chennai),@araff__vlogzz,2514,208106,11249,73,5.41%,450.36%,2026-07-27,https://www.instagram.com/p/DbTDDHEsdA6/,📈 Viral Organic Reach: High organic creator ER (450.36%),🔥 ஒரே நாளில் மாபெரும் OFFER! 🔥
1352,Tier 4: Toggle OFF + Organic (Noise),Reliance Digital,"Pan-India / Maharashtra (HQ: Mumbai, Reliance Retail)",@radhikaa.khannaa,257966,207903,11238,311,5.41%,4.48%,2025-09-19,https://www.instagram.com/p/DOxGHKJDy-X/,⚪ Standard Organic: Baseline organic collab reach,"The wait is finally over! The all-new iPhone 17, iPhone 17 Pro along with iPhone Air are now available at Reliance Digital."
1353,Tier 4: Toggle OFF + Organic (Noise),Sathya,Tamil Nadu (HQ: Tuticorin / Chennai),@gabrellasellus_official,1155704,204943,11078,81,5.41%,0.97%,2025-12-10,https://www.instagram.com/p/DSFfYQlklzZ/,⚪ Standard Organic: Baseline organic collab reach,"@sathya.retail happily launched the vivo x300 series, featuring the extraordinary ZEISS APO Telephoto Camera — a masterpiece built for photography per"
1354,Tier 4: Toggle OFF + Organic (Noise),Aditya Vision,"Bihar, Jharkhand & UP (HQ: Patna)",@begusarai_shorts,37478,204906,11076,34,5.41%,29.65%,2025-10-17,https://www.instagram.com/p/DP6RdzFDF4Z/,📈 Viral Organic Reach: High organic creator ER (29.65%),"Is Diwali, shopping ka sabse bada celebration 🔥"
1355,Tier 4: Toggle OFF + Organic (Noise),Sathya,Tamil Nadu (HQ: Tuticorin / Chennai),@satheeshshanmu,265509,204665,11063,76,5.41%,4.20%,2025-12-02,https://www.instagram.com/p/DRxD47KkmR2/,⚪ Standard Organic: Baseline organic collab reach,Surprise for Shanmu ?! ☺️✨🎁
1356,Tier 4: Toggle OFF + Organic (Noise),Sathya,Tamil Nadu (HQ: Tuticorin / Chennai),@satheeshshanmu,265509,204665,11063,76,5.41%,4.20%,2025-04-16,https://www.instagram.com/p/DIgq04jJdvN/,⚪ Standard Organic: Baseline organic collab reach,Vivo V50e is now available  @sathya.retail ! Grab yours today and enjoy an amazing  offer on a calling smartwatch or Bluetooth speaker!
1357,Tier 4: Toggle OFF + Organic (Noise),Sathya,Tamil Nadu (HQ: Tuticorin / Chennai),@sharanyaturadi_official,1147676,204166,11036,74,5.41%,0.97%,2026-08-11,https://www.instagram.com/p/Db6LqrCSR3w/,⚪ Standard Organic: Baseline organic collab reach,My New Story Begins with Vivo S2!
1358,Tier 4: Toggle OFF + Organic (Noise),Sathya,Tamil Nadu (HQ: Tuticorin / Chennai),@sharanyaturadi_official,1147676,204166,11036,74,5.41%,0.97%,2025-09-05,https://www.instagram.com/p/DONwbwbCQVI/,⚪ Standard Organic: Baseline organic collab reach,Get ready for the brightest shopping day! 🛍️
1359,Tier 4: Toggle OFF + Organic (Noise),Pai International,Karnataka & Telangana (HQ: Bengaluru),@samrat_shetty56,528451,203722,11012,26,5.41%,2.09%,2026-02-06,https://www.instagram.com/p/DUZpRlMk4SK/,⚪ Standard Organic: Baseline organic collab reach,"Imagine shopping for just ₹2,000 and walking away with a chance to win up to ₹5 CRORE worth of FREE shopping 💸🔥"
1360,Tier 4: Toggle OFF + Organic (Noise),Electronics Mart,Telangana & Andhra Pradesh (HQ: Hyderabad),@mayankmishrafilms,411038,203666,11009,120,5.41%,2.71%,2025-02-09,https://www.instagram.com/p/DF28Hy4vZ6I/,⚪ Standard Organic: Baseline organic collab reach,"Love is in the air, and so are the best deals!"
1361,Tier 4: Toggle OFF + Organic (Noise),Bajaj Electronics,Telangana & Andhra Pradesh (HQ: Hyderabad),@mayankmishrafilms,411038,203666,11009,120,5.41%,2.71%,2025-02-09,https://www.instagram.com/p/DF28Hy4vZ6I/,⚪ Standard Organic: Baseline organic collab reach,"Love is in the air, and so are the best deals!"
1362,Tier 4: Toggle OFF + Organic (Noise),Sathya,Tamil Nadu (HQ: Tuticorin / Chennai),@midknight__foodie,485389,203296,10989,197,5.41%,2.30%,2025-11-02,https://www.instagram.com/p/DQid20yCTmV/,⚪ Standard Organic: Baseline organic collab reach,Don’t miss the biggest shopping day of the month!
1363,Tier 4: Toggle OFF + Organic (Noise),Sathya,Tamil Nadu (HQ: Tuticorin / Chennai),@vignesh._.deva,142533,202908,10968,34,5.41%,7.72%,2025-12-02,https://www.instagram.com/p/DRwmYQdEly4/,📈 Viral Organic Reach: High organic creator ER (7.72%),"Avala um miss panna maaten, offer-a um miss panna maaten! 🤪💖🛍️"
1364,Tier 4: Toggle OFF + Organic (Noise),Pai International,Karnataka & Telangana (HQ: Bengaluru),@jd_techh,501240,202445,10943,2980,5.41%,2.78%,2025-05-29,https://www.instagram.com/p/DKPoYKuyQx3/,⚪ Standard Organic: Baseline organic collab reach,Cooling redefined.
1365,Tier 4: Toggle OFF + Organic (Noise),Sathya,Tamil Nadu (HQ: Tuticorin / Chennai),@noiseandgrains,364451,201761,10906,573,5.41%,3.15%,2026-01-25,https://www.instagram.com/p/DT7nEsrD7uO/,⚪ Standard Organic: Baseline organic collab reach,𝐉𝐮𝐬𝐭 𝟐𝟎 𝐃𝐚𝐲𝐬 𝐓𝐨 𝐆𝐨🤩❤️‍🔥
1366,Tier 4: Toggle OFF + Organic (Noise),Pai International,Karnataka & Telangana (HQ: Bengaluru),@madhubyrappa_official,286243,198468,10728,50,5.41%,3.77%,2025-04-12,https://www.instagram.com/p/DIVh9aeSXMZ/,⚪ Standard Organic: Baseline organic collab reach,𝐎𝐧𝐥𝐲 𝟑 𝐃𝐚𝐲𝐬 𝐋𝐞𝐟𝐭! 🎉
1367,Tier 4: Toggle OFF + Organic (Noise),Sathya,Tamil Nadu (HQ: Tuticorin / Chennai),@mz_milky_,55753,198357,10722,2,5.41%,19.24%,2025-03-28,https://www.instagram.com/p/DHv8fssyOoc/,📈 Viral Organic Reach: High organic creator ER (19.24%),Sathya Year end Sale
1368,Tier 4: Toggle OFF + Organic (Noise),Sathya,Tamil Nadu (HQ: Tuticorin / Chennai),@home_seasoned_with_love,456617,197506,10676,324,5.41%,2.41%,2025-12-02,https://www.instagram.com/p/DRwpop1EVZy/,⚪ Standard Organic: Baseline organic collab reach,"Get ready for the brightest deals of the month! @sathya.retail  Full Moon Sale is lighting up December 4, from 9 AM to 12 Midnight!"
1369,Tier 4: Toggle OFF + Organic (Noise),Sathya,Tamil Nadu (HQ: Tuticorin / Chennai),@home_seasoned_with_love,456617,197506,10676,324,5.41%,2.41%,2025-09-05,https://www.instagram.com/p/DOOUrBriGzf/,⚪ Standard Organic: Baseline organic collab reach,"Get ready for the brightest shopping day! @sathya.retail brings you the Full Moon Sale this September 7, from 9 AM to midnight 12 AM. Shop your favori"
1370,Tier 4: Toggle OFF + Organic (Noise),Sathya,Tamil Nadu (HQ: Tuticorin / Chennai),@home_seasoned_with_love,456617,197506,10676,324,5.41%,2.41%,2025-05-25,https://www.instagram.com/p/DKE__xNvSfJ/,⚪ Standard Organic: Baseline organic collab reach,It’s Sunday Afternoon
1371,Tier 4: Toggle OFF + Organic (Noise),Sathya,Tamil Nadu (HQ: Tuticorin / Chennai),@home_seasoned_with_love,456617,197506,10676,324,5.41%,2.41%,2025-03-23,https://www.instagram.com/p/DHh93QyxKAE/,⚪ Standard Organic: Baseline organic collab reach,23.3.2025 🌿 Reached Chennai
1372,Tier 4: Toggle OFF + Organic (Noise),Pai International,Karnataka & Telangana (HQ: Bengaluru),@spoorthi___ramitha,98594,197450,10673,56,5.41%,10.88%,2026-08-13,https://www.instagram.com/p/Db-dANesXDX/,📈 Viral Organic Reach: High organic creator ER (10.88%),It’s amazing how something this slim can do so much.
1373,Tier 4: Toggle OFF + Organic (Noise),Pai International,Karnataka & Telangana (HQ: Bengaluru),@sanju_kandregula,190613,196877,10642,325,5.41%,5.75%,2026-04-01,https://www.instagram.com/p/DWlaZq6AW62/,📈 Viral Organic Reach: High organic creator ER (5.75%),🚨 People suddenly becoming smarter shoppers on April 2 🌕
1374,Tier 4: Toggle OFF + Organic (Noise),Electronics Mart,Telangana & Andhra Pradesh (HQ: Hyderabad),@arbind_agnihotri,123755,196470,10620,18,5.41%,8.60%,2026-06-06,https://www.instagram.com/p/DZPtb8vJ6Fc/,📈 Viral Organic Reach: High organic creator ER (8.6%),Apple Days are back at Electronics Mart!
1375,Tier 4: Toggle OFF + Organic (Noise),Bajaj Electronics,Telangana & Andhra Pradesh (HQ: Hyderabad),@mintu_sayz,278128,195915,10590,1150,5.41%,4.22%,2026-07-06,https://www.instagram.com/p/DacdnTGKAKF/,⚪ Standard Organic: Baseline organic collab reach,🎒💻 Buying a laptop for school or college? This is your sign to wait!
1376,Tier 4: Toggle OFF + Organic (Noise),Sathya,Tamil Nadu (HQ: Tuticorin / Chennai),@lovewith_rubi_style,281673,195748,10581,235,5.41%,3.84%,2026-08-12,https://www.instagram.com/p/Db8LyoTK-ne/,⚪ Standard Organic: Baseline organic collab reach,அம்மில அரைக்க வைச்சிட்டாங்க….😱
1377,Tier 4: Toggle OFF + Organic (Noise),Sathya,Tamil Nadu (HQ: Tuticorin / Chennai),@lovewith_rubi_style,281673,195748,10581,235,5.41%,3.84%,2025-11-03,https://www.instagram.com/p/DQmDOpYkwSX/,⚪ Standard Organic: Baseline organic collab reach,எடுத்தேன் பாரு ஓட்டம் 😳Don’t miss the biggest shopping day of the month!
1378,Tier 4: Toggle OFF + Organic (Noise),Aditya Vision,"Bihar, Jharkhand & UP (HQ: Patna)",@dil_se_darbhanga,90813,195526,10569,49,5.41%,11.69%,2026-08-06,https://www.instagram.com/p/Dbr9t9yyIK6/,📈 Viral Organic Reach: High organic creator ER (11.69%),🚀 More than a smartphone. It’s a whole new experience.
1379,Tier 4: Toggle OFF + Organic (Noise),Sathya,Tamil Nadu (HQ: Tuticorin / Chennai),@anjana_rangan,1421742,195045,10543,138,5.41%,0.75%,2026-01-09,https://www.instagram.com/p/DTSp0WsEyRE/,⚪ Standard Organic: Baseline organic collab reach,Happy to be part of the OPPO Reno 15 Series Prebooking Launch at @sathya.retail
1380,Tier 4: Toggle OFF + Organic (Noise),Aditya Vision,"Bihar, Jharkhand & UP (HQ: Patna)",@bhilai.sahar,125957,195045,10543,99,5.41%,8.45%,2026-08-10,https://www.instagram.com/p/Db21EdgMWnz/,📈 Viral Organic Reach: High organic creator ER (8.45%),"🇮🇳 आज़ादी का जश्न, बंपर बचत के संग! 🔥"
1381,Tier 4: Toggle OFF + Organic (Noise),Aditya Vision,"Bihar, Jharkhand & UP (HQ: Patna)",@bhilai.sahar,125957,195045,10543,99,5.41%,8.45%,2026-04-25,https://www.instagram.com/p/DXi8ct6AgVU/,📈 Viral Organic Reach: High organic creator ER (8.45%),Aditya Vision ab Chhattisgarh me! 🔥
1382,Tier 4: Toggle OFF + Organic (Noise),Bajaj Electronics,Telangana & Andhra Pradesh (HQ: Hyderabad),@mann_u2006,37035,194731,10526,335,5.41%,29.33%,2026-08-09,https://www.instagram.com/p/Dbz7TXrTUc8/,📈 Viral Organic Reach: High organic creator ER (29.33%),Apple Days are LIVE at Bajaj Electronics! ✨
1383,Tier 4: Toggle OFF + Organic (Noise),Sathya,Tamil Nadu (HQ: Tuticorin / Chennai),@behind_visions,519803,194490,10513,77,5.41%,2.04%,2026-07-16,https://www.instagram.com/p/Da2nFv3x5-r/,⚪ Standard Organic: Baseline organic collab reach,Oppo Days are here @sathya.retail
1384,Tier 4: Toggle OFF + Organic (Noise),Sathya,Tamil Nadu (HQ: Tuticorin / Chennai),@adhislifestyle_official,221301,194157,10495,5246,5.41%,7.11%,2025-05-25,https://www.instagram.com/p/DKE1Q0hRhHa/,📈 Viral Organic Reach: High organic creator ER (7.11%),Enna emathitangapa.. na vaangumbodhu 13000 ipo matum 7000 ah🤨
1385,Tier 4: Toggle OFF + Organic (Noise),Pai International,Karnataka & Telangana (HQ: Bengaluru),@bangaloreblogger,346236,194009,10487,39,5.41%,3.04%,2025-04-15,https://www.instagram.com/p/DIeA30WpT-C/,⚪ Standard Organic: Baseline organic collab reach,Bangalore heat got you melting? Chill out at only ₹1 downpayment!
1386,Tier 4: Toggle OFF + Organic (Noise),Sathya,Tamil Nadu (HQ: Tuticorin / Chennai),@_man_mar_,11047,193602,10465,34,5.41%,95.05%,2025-03-27,https://www.instagram.com/p/DHsYlYMxSjy/,📈 Viral Organic Reach: High organic creator ER (95.05%),Sathya Year end Sale
1387,Tier 4: Toggle OFF + Organic (Noise),Pai International,Karnataka & Telangana (HQ: Bengaluru),@yashy_yashu,291622,191493,10351,57,5.41%,3.57%,2026-04-11,https://www.instagram.com/p/DW-N_h4zyD6/,⚪ Standard Organic: Baseline organic collab reach,"If you’re in Bangalore and NOT at Pai International right now, what are you doing?? 😭"
1388,Tier 4: Toggle OFF + Organic (Noise),Pai International,Karnataka & Telangana (HQ: Bengaluru),@iamramola_official,280960,190864,10317,90,5.41%,3.70%,2025-07-11,https://www.instagram.com/p/DL-FxKzyFb8/,⚪ Standard Organic: Baseline organic collab reach,The all-new Oppo Reno 14 series is now available at Pai International & Pai Mobiles
1389,Tier 4: Toggle OFF + Organic (Noise),Aditya Vision,"Bihar, Jharkhand & UP (HQ: Patna)",@the.unseen.kanpur,231009,190272,10285,64,5.41%,4.48%,2026-05-20,https://www.instagram.com/p/DYjt0xwtue-/,⚪ Standard Organic: Baseline organic collab reach,"✨मिलीए Manoj Kumar से, जो Lucknow के निवासी हैं…"
1390,Tier 4: Toggle OFF + Organic (Noise),Sathya,Tamil Nadu (HQ: Tuticorin / Chennai),@kanchi__shoots,91264,189902,10265,42,5.41%,11.30%,2025-03-28,https://www.instagram.com/p/DHuiQDhTZbv/,📈 Viral Organic Reach: High organic creator ER (11.3%),Sathya Year end Sale
1391,Tier 4: Toggle OFF + Organic (Noise),Croma,"Pan-India / Maharashtra (HQ: Mumbai, Tata Group)",@rajgotgadget,1031660,189329,10234,76,5.41%,1.00%,2025-07-11,https://www.instagram.com/p/DL97JAczq6L/,⚪ Standard Organic: Baseline organic collab reach,Croma unveils the OPPO Reno 14 Series – the perfect partner for every explorer at heart.
1392,Tier 4: Toggle OFF + Organic (Noise),Bajaj Electronics,Telangana & Andhra Pradesh (HQ: Hyderabad),@natasha_gaming_yt,108781,188718,10201,106,5.41%,9.48%,2026-08-03,https://www.instagram.com/p/DbkwMgNxs8Y/,📈 Viral Organic Reach: High organic creator ER (9.48%),"Trying to find the best laptop for college? Here’s my top choice – the HP OmniBook 5, your perfect college ally."
1393,Tier 4: Toggle OFF + Organic (Noise),Croma,"Pan-India / Maharashtra (HQ: Mumbai, Tata Group)",@vikshitha_v,126228,188385,10183,85,5.41%,8.13%,2025-12-21,https://www.instagram.com/p/DShoR0vDXIA/,📈 Viral Organic Reach: High organic creator ER (8.13%),Practising my flirting skills where it actually pays off.😉
1394,Tier 4: Toggle OFF + Organic (Noise),Bajaj Electronics,Telangana & Andhra Pradesh (HQ: Hyderabad),@aadyareddyyy,122952,187904,10157,82,5.41%,8.33%,2026-07-31,https://www.instagram.com/p/Dbcr9GfxRsw/,📈 Viral Organic Reach: High organic creator ER (8.33%),Trying to find the best laptop for college?
1395,Tier 4: Toggle OFF + Organic (Noise),Bajaj Electronics,Telangana & Andhra Pradesh (HQ: Hyderabad),@aadyareddyyy,122952,187904,10157,82,5.41%,8.33%,2026-06-28,https://www.instagram.com/p/DaITAjmJvt2/,📈 Viral Organic Reach: High organic creator ER (8.33%),New home = new appliances ✨🏡
1396,Tier 4: Toggle OFF + Organic (Noise),Bajaj Electronics,Telangana & Andhra Pradesh (HQ: Hyderabad),@aadyareddyyy,122952,187904,10157,82,5.41%,8.33%,2026-06-07,https://www.instagram.com/p/DZRRTyiRsQG/,📈 Viral Organic Reach: High organic creator ER (8.33%),Still Thinking About the Apple Days by Bajaj Electronics You Missed!!
1397,Tier 4: Toggle OFF + Organic (Noise),Bajaj Electronics,Telangana & Andhra Pradesh (HQ: Hyderabad),@aadyareddyyy,122952,187904,10157,82,5.41%,8.33%,2026-05-02,https://www.instagram.com/p/DX00zBax5MO/,📈 Viral Organic Reach: High organic creator ER (8.33%),🔥 Apple Days are LIVE at Everyone’s Favorite Bajaj Electronics!!
1398,Tier 4: Toggle OFF + Organic (Noise),Bajaj Electronics,Telangana & Andhra Pradesh (HQ: Hyderabad),@aadyareddyyy,122952,187904,10157,82,5.41%,8.33%,2025-06-27,https://www.instagram.com/p/DLaIrD-pJvu/,📈 Viral Organic Reach: High organic creator ER (8.33%),📱✨ **Hai Andi! I am here!**
1399,Tier 4: Toggle OFF + Organic (Noise),Sathya,Tamil Nadu (HQ: Tuticorin / Chennai),@gayathri_rishaan,226526,187146,10116,84,5.41%,4.50%,2025-04-11,https://www.instagram.com/p/DITrspnyV52/,⚪ Standard Organic: Baseline organic collab reach,Tamil New Year Sale is ON at @sathya.retail ! Celebrate with unbeatable deals! Don’t miss the exciting offers
1400,Tier 4: Toggle OFF + Organic (Noise),Sathya,Tamil Nadu (HQ: Tuticorin / Chennai),@preetha_janarthanan,480265,186998,10108,103,5.41%,2.13%,2025-03-01,https://www.instagram.com/p/DGqQesjBwGN/,⚪ Standard Organic: Baseline organic collab reach,"The all-new iPhone 16e is launched and now available at @sathya.retail! 🚀 Experience innovation with a 6.1-inch Super Retina XDR display, a powerful 4"
1401,Tier 4: Toggle OFF + Organic (Noise),Bajaj Electronics,Telangana & Andhra Pradesh (HQ: Hyderabad),@nihar.ikkaa,181150,186609,10087,146,5.41%,5.65%,2026-05-14,https://www.instagram.com/p/DYUX_bdRN46/,📈 Viral Organic Reach: High organic creator ER (5.65%),Premium compact feel meets ZEISS camera power!
1402,Tier 4: Toggle OFF + Organic (Noise),Sathya,Tamil Nadu (HQ: Tuticorin / Chennai),@sriramkarthikeyan_sk_off,12970,184833,9991,61,5.41%,77.52%,2025-05-26,https://www.instagram.com/p/DKGnWcwvPsI/,📈 Viral Organic Reach: High organic creator ER (77.52%),@sathya.retail Sathya super sale is happening from May 28 - 31
1403,Tier 4: Toggle OFF + Organic (Noise),Sathya,Tamil Nadu (HQ: Tuticorin / Chennai),@brikiya_shines,592795,184574,9977,436,5.41%,1.76%,2025-08-13,https://www.instagram.com/p/DNSyxpixXpj/,⚪ Standard Organic: Baseline organic collab reach,"Celebrate Independence with Big Savings!  Sathya’s Independence Day super offer From Aug 14–17, @sathya.retail brings you special offers on all home a"
1404,Tier 4: Toggle OFF + Organic (Noise),Sathya,Tamil Nadu (HQ: Tuticorin / Chennai),@shambhavy_gurumoorthy_official,170766,183927,9942,61,5.41%,5.86%,2025-01-25,https://www.instagram.com/p/DFPlo-4SQdR/,📈 Viral Organic Reach: High organic creator ER (5.86%),All AC Brands Under One Roof – Only at Sathya! 🌟❄️
1405,Tier 4: Toggle OFF + Organic (Noise),Bajaj Electronics,Telangana & Andhra Pradesh (HQ: Hyderabad),@techgirltelugu,262323,183242,9905,156,5.41%,3.84%,2026-06-11,https://www.instagram.com/p/DZb-bEbxREH/,⚪ Standard Organic: Baseline organic collab reach,Apple Days are back at Bajaj Electronics!
1406,Tier 4: Toggle OFF + Organic (Noise),Bajaj Electronics,Telangana & Andhra Pradesh (HQ: Hyderabad),@bindhu___krishna,224533,182447,9862,54,5.41%,4.42%,2026-06-07,https://www.instagram.com/p/DZRakXzIses/,⚪ Standard Organic: Baseline organic collab reach,Caption Check!!
1407,Tier 4: Toggle OFF + Organic (Noise),Bajaj Electronics,Telangana & Andhra Pradesh (HQ: Hyderabad),@bindhu___krishna,224533,182447,9862,54,5.41%,4.42%,2026-05-02,https://www.instagram.com/p/DX0kYDJzV5v/,⚪ Standard Organic: Baseline organic collab reach,🔥 Apple Days are LIVE at Everyone’s Favorite Bajaj Electronics!!
1408,Tier 4: Toggle OFF + Organic (Noise),Bajaj Electronics,Telangana & Andhra Pradesh (HQ: Hyderabad),@bindhu___krishna,224533,182447,9862,54,5.41%,4.42%,2025-05-13,https://www.instagram.com/p/DJlEl9IJ0xq/,⚪ Standard Organic: Baseline organic collab reach,Beat the summer heat with Bajaj Electronics!
1409,Tier 4: Toggle OFF + Organic (Noise),Sathya,Tamil Nadu (HQ: Tuticorin / Chennai),@lyra_vlogs,150062,182373,9858,126,5.41%,6.65%,2026-07-26,https://www.instagram.com/p/DbQbRhiTF94/,📈 Viral Organic Reach: High organic creator ER (6.65%),✨ 🌕 Full Moon Sale is Here at Sathya! 🔥
1410,Tier 4: Toggle OFF + Organic (Noise),Sathya,Tamil Nadu (HQ: Tuticorin / Chennai),@kd_papa_manju,171380,182206,9849,59,5.41%,5.78%,2026-07-16,https://www.instagram.com/p/Da3EEQdAsIx/,📈 Viral Organic Reach: High organic creator ER (5.78%),🔥 OPPO Days @ Sathya Retail 🔥
1411,Tier 4: Toggle OFF + Organic (Noise),Sathya,Tamil Nadu (HQ: Tuticorin / Chennai),@kd_papa_manju,171380,182206,9849,59,5.41%,5.78%,2026-06-27,https://www.instagram.com/p/DaF-fO4NRQx/,📈 Viral Organic Reach: High organic creator ER (5.78%),FThe Wait Is Over! @sathya.retail  Full Moon Sale Is Here
1412,Tier 4: Toggle OFF + Organic (Noise),Sathya,Tamil Nadu (HQ: Tuticorin / Chennai),@being_barani_,32602,180930,9780,107,5.41%,30.33%,2026-07-26,https://www.instagram.com/p/DbQP3voTV4C/,📈 Viral Organic Reach: High organic creator ER (30.33%),@sathya.retail  Full Moon Sale is here!
1413,Tier 4: Toggle OFF + Organic (Noise),Aditya Vision,"Bihar, Jharkhand & UP (HQ: Patna)",@explore_bihar,136557,180856,9776,38,5.41%,7.19%,2026-05-18,https://www.instagram.com/p/DYeNemdydZa/,📈 Viral Organic Reach: High organic creator ER (7.19%),"Patna me Vivo X300 Ultra & X300 FE ka hands-on experience liya… aur bhai, camera ne to literally surprise kar diya! 🔥📷"
1414,Tier 4: Toggle OFF + Organic (Noise),Aditya Vision,"Bihar, Jharkhand & UP (HQ: Patna)",@explore_bihar,136557,180856,9776,38,5.41%,7.19%,2025-08-11,https://www.instagram.com/p/DNN-WSWowGs/,📈 Viral Organic Reach: High organic creator ER (7.19%),"🎉 15 का दम, बंपर बचत हर कदम! 🇮🇳"
1415,Tier 4: Toggle OFF + Organic (Noise),Aditya Vision,"Bihar, Jharkhand & UP (HQ: Patna)",@explore_bihar,136557,180856,9776,38,5.41%,7.19%,2025-01-04,https://www.instagram.com/p/DEZxN8az_O_/,📈 Viral Organic Reach: High organic creator ER (7.19%),Congratulations to Our Lucky Draw Winner!
1416,Tier 4: Toggle OFF + Organic (Noise),Reliance Digital,"Pan-India / Maharashtra (HQ: Mumbai, Reliance Retail)",@sneha_shenoy,167634,180449,9754,45,5.41%,5.85%,2025-01-19,https://www.instagram.com/p/DFATDHKT9pz/,📈 Viral Organic Reach: High organic creator ER (5.85%),No one annoys me more than my brother…
1417,Tier 4: Toggle OFF + Organic (Noise),Sathya,Tamil Nadu (HQ: Tuticorin / Chennai),@iamsruthiraj,1345182,179228,9688,114,5.41%,0.73%,2025-09-20,https://www.instagram.com/p/DO09zH_iX33/,⚪ Standard Organic: Baseline organic collab reach,"The all-new OPPO F31 Series has officially launched at @sathya.retail ! With a massive 7000mAh battery and IP68, IP69, IP66 dust & water resistance, t"
1418,Tier 4: Toggle OFF + Organic (Noise),Sathya,Tamil Nadu (HQ: Tuticorin / Chennai),@iamsruthiraj,1345182,179228,9688,114,5.41%,0.73%,2025-03-06,https://www.instagram.com/p/DG3HVgVSw8H/,⚪ Standard Organic: Baseline organic collab reach,A Cool Summer for Your Family! ❄️👨‍👩‍👧‍👦
1419,Tier 4: Toggle OFF + Organic (Noise),Aditya Vision,"Bihar, Jharkhand & UP (HQ: Patna)",@bilaspur_beats,118204,178525,9650,69,5.41%,8.22%,2026-04-25,https://www.instagram.com/p/DXi42GMjP3l/,📈 Viral Organic Reach: High organic creator ER (8.22%),"Aditya Vision inaugurated its 201st store in Bilaspur on April 23, 2026, located at Kamtai Chowk, near Bharat Petroleum."
1420,Tier 4: Toggle OFF + Organic (Noise),Sathya,Tamil Nadu (HQ: Tuticorin / Chennai),@kuraishi_the_entertainer,1070087,178284,9637,66,5.41%,0.91%,2026-07-09,https://www.instagram.com/p/Dak0FcavQY6/,⚪ Standard Organic: Baseline organic collab reach,The moment has arrived! The brand-new Oppo Reno 16 Series has been officially launched  and is now available @sathya.retail !
1421,Tier 4: Toggle OFF + Organic (Noise),Sathya,Tamil Nadu (HQ: Tuticorin / Chennai),@shanvita_sri_143,358135,177655,9603,19,5.41%,2.69%,2025-05-25,https://www.instagram.com/p/DKE1h-2yajY/,⚪ Standard Organic: Baseline organic collab reach,@sathya.retail Sathya super sale is happening from May 28 - 31
1422,Tier 4: Toggle OFF + Organic (Noise),Sathya,Tamil Nadu (HQ: Tuticorin / Chennai),@shanvita_sri_143,358135,177655,9603,19,5.41%,2.69%,2025-04-12,https://www.instagram.com/p/DIV4lbnSdPv/,⚪ Standard Organic: Baseline organic collab reach,Tamil New Year Sale is ON at @sathya.retail ! Celebrate with unbeatable deals! Don’t miss the exciting offers
1423,Tier 4: Toggle OFF + Organic (Noise),Bajaj Electronics,Telangana & Andhra Pradesh (HQ: Hyderabad),@amulya_kethavath,87503,176767,9555,33,5.41%,10.96%,2026-08-16,https://www.instagram.com/p/DcGtP6vA2gh/,📈 Viral Organic Reach: High organic creator ER (10.96%),Fold it. Flip it. Get more done. 📱✨
1424,Tier 4: Toggle OFF + Organic (Noise),Sathya,Tamil Nadu (HQ: Tuticorin / Chennai),@voice.of.madurai,312475,176379,9534,52,5.41%,3.07%,2026-06-27,https://www.instagram.com/p/DaFt41RTsmD/,⚪ Standard Organic: Baseline organic collab reach,🌕 Sathya Full Moon Sale is Here! 🔥
1425,Tier 4: Toggle OFF + Organic (Noise),Sathya,Tamil Nadu (HQ: Tuticorin / Chennai),@iam_archanaravichandran,1398907,175935,9510,33,5.41%,0.68%,2026-03-01,https://www.instagram.com/p/DVWXKoRElwC/,⚪ Standard Organic: Baseline organic collab reach,Full moon sale is here at @sathya.retail
1426,Tier 4: Toggle OFF + Organic (Noise),Pai International,Karnataka & Telangana (HQ: Bengaluru),@varsha_k_putugnal,103763,175195,9470,120,5.41%,9.24%,2026-04-29,https://www.instagram.com/p/DXs-1x6DBZH/,📈 Viral Organic Reach: High organic creator ER (9.24%),"Came to Pai just to check phones, walked out obsessed! 👀"
1427,Tier 4: Toggle OFF + Organic (Noise),Sathya,Tamil Nadu (HQ: Tuticorin / Chennai),@i_manjari,159379,175084,9464,116,5.41%,6.01%,2026-01-11,https://www.instagram.com/p/DTX1jhNE1B-/,📈 Viral Organic Reach: High organic creator ER (6.01%),@sathya.retail  Realme 16 pro series successfully launched.
1428,Tier 4: Toggle OFF + Organic (Noise),Sathya,Tamil Nadu (HQ: Tuticorin / Chennai),@vickey_gn,126421,174936,9456,64,5.41%,7.53%,2025-12-31,https://www.instagram.com/p/DS7eoRBE7G4/,📈 Viral Organic Reach: High organic creator ER (7.53%),Eva Ava?😡🤬😡
1429,Tier 4: Toggle OFF + Organic (Noise),Bajaj Electronics,Telangana & Andhra Pradesh (HQ: Hyderabad),@pooja.pareek5,56614,174658,9441,20,5.41%,16.71%,2026-08-15,https://www.instagram.com/p/DcDJhfIBl2_/,📈 Viral Organic Reach: High organic creator ER (16.71%),Found my perfect Galaxy! ✨📱
1430,Tier 4: Toggle OFF + Organic (Noise),Bajaj Electronics,Telangana & Andhra Pradesh (HQ: Hyderabad),@pooja.pareek5,56614,174658,9441,20,5.41%,16.71%,2026-06-23,https://www.instagram.com/p/DZ7nHDsJrg5/,📈 Viral Organic Reach: High organic creator ER (16.71%),Some upgrades are long overdue... and this one was definitely worth it! 😄✨
1431,Tier 4: Toggle OFF + Organic (Noise),Pai International,Karnataka & Telangana (HQ: Bengaluru),@_fun_with_tech,433341,174492,9432,265,5.41%,2.24%,2026-08-15,https://www.instagram.com/p/DcDvKObq2PE/,⚪ Standard Organic: Baseline organic collab reach,Phone shopping usually goes like this:
1432,Tier 4: Toggle OFF + Organic (Noise),Pai International,Karnataka & Telangana (HQ: Bengaluru),@_.racchu._,246457,173844,9397,62,5.41%,3.84%,2026-04-10,https://www.instagram.com/p/DW9IxKEpLm0/,⚪ Standard Organic: Baseline organic collab reach,Did NOT expect this today 😳
1433,Tier 4: Toggle OFF + Organic (Noise),Sathya,Tamil Nadu (HQ: Tuticorin / Chennai),@mohideen__mohana__,229321,173234,9364,157,5.41%,4.15%,2025-03-26,https://www.instagram.com/p/DHqi5pYyiZ5/,⚪ Standard Organic: Baseline organic collab reach,Mega Year end Sale at @sathya.retail !
1434,Tier 4: Toggle OFF + Organic (Noise),Sathya,Tamil Nadu (HQ: Tuticorin / Chennai),@mohideen__mohana__,229321,173234,9364,157,5.41%,4.15%,2025-03-12,https://www.instagram.com/p/DHF61hKxoFs/,⚪ Standard Organic: Baseline organic collab reach,Sathya FULL MOON LED TV SUPER SALE - Live on 14th March 2025 -Morning 9 AM To Midnight 12 AM- One Day Only -
1435,Tier 4: Toggle OFF + Organic (Noise),Sathya,Tamil Nadu (HQ: Tuticorin / Chennai),@kamalas_kitchen_and_vlogs,53914,172919,9347,59,5.41%,17.45%,2026-07-26,https://www.instagram.com/p/DbQPDbex6-v/,📈 Viral Organic Reach: High organic creator ER (17.45%),@sathya.retail  Full Moon Sale is here!
1436,Tier 4: Toggle OFF + Organic (Noise),Sathya,Tamil Nadu (HQ: Tuticorin / Chennai),@nellai_abi_3,446416,172901,9346,154,5.41%,2.13%,2025-08-09,https://www.instagram.com/p/DNI3qi5vgpl/,⚪ Standard Organic: Baseline organic collab reach,Ini Veettaye Theatre ah Aakidalam 🥳
1437,Tier 4: Toggle OFF + Organic (Noise),Sathya,Tamil Nadu (HQ: Tuticorin / Chennai),@nellai_abi_3,446416,172901,9346,154,5.41%,2.13%,2025-05-26,https://www.instagram.com/p/DKG1J1AvrX3/,⚪ Standard Organic: Baseline organic collab reach,Up to 70 % vara Offer ah 🥳
1438,Tier 4: Toggle OFF + Organic (Noise),Sathya,Tamil Nadu (HQ: Tuticorin / Chennai),@nellai_abi_3,446416,172901,9346,154,5.41%,2.13%,2025-04-12,https://www.instagram.com/p/DIWCI9sPg2z/,⚪ Standard Organic: Baseline organic collab reach,Tamil New Year Sale is ON at @sathya.retail ! Celebrate with unbeatable deals! Don’t miss the exciting offers
1439,Tier 4: Toggle OFF + Organic (Noise),Sathya,Tamil Nadu (HQ: Tuticorin / Chennai),@mohana_priya_t,83905,172457,9322,201,5.41%,11.35%,2025-03-26,https://www.instagram.com/p/DHq4XEnSVSR/,📈 Viral Organic Reach: High organic creator ER (11.35%),Sathya Year end Sale
1440,Tier 4: Toggle OFF + Organic (Noise),Bajaj Electronics,Telangana & Andhra Pradesh (HQ: Hyderabad),@nanditaswethaa,1476899,171772,9285,75,5.41%,0.63%,2026-08-02,https://www.instagram.com/p/DbimFsnsLSv/,⚪ Standard Organic: Baseline organic collab reach,🍎 Apple Days are LIVE at Bajaj Electronics! ✨
1441,Tier 4: Toggle OFF + Organic (Noise),Bajaj Electronics,Telangana & Andhra Pradesh (HQ: Hyderabad),@nanditaswethaa,1476899,171772,9285,75,5.41%,0.63%,2025-12-13,https://www.instagram.com/p/DSMOwuTk5nM/,⚪ Standard Organic: Baseline organic collab reach,"Walked into Bajaj Electronics, Warangal Store to check out the new Vivo X300 & X300 Pro."
1442,Tier 4: Toggle OFF + Organic (Noise),Sathya,Tamil Nadu (HQ: Tuticorin / Chennai),@samyutha.official,533139,171458,9268,160,5.41%,1.77%,2025-07-09,https://www.instagram.com/p/DL4-I7nxgHb/,⚪ Standard Organic: Baseline organic collab reach,Newly launched Oppo Reno 14 Series @sathya.retail madurai✨
1443,Tier 4: Toggle OFF + Organic (Noise),Sathya,Tamil Nadu (HQ: Tuticorin / Chennai),@iam_ineya,681806,171439,9267,211,5.41%,1.39%,2025-07-25,https://www.instagram.com/p/DMhxBiuRhLi/,⚪ Standard Organic: Baseline organic collab reach,Introducing the all-new VIVO X200 FE!
1444,Tier 4: Toggle OFF + Organic (Noise),Bajaj Electronics,Telangana & Andhra Pradesh (HQ: Hyderabad),@tech24naveen,186626,170755,9230,371,5.41%,5.15%,2026-07-06,https://www.instagram.com/p/Dacu66Qv8xs/,📈 Viral Organic Reach: High organic creator ER (5.15%),"🎓 Win a ₹9,999 Scholarship! 50 Students Will Be Selected! 🤩"
1445,Tier 4: Toggle OFF + Organic (Noise),Bajaj Electronics,Telangana & Andhra Pradesh (HQ: Hyderabad),@tech24naveen,186626,170755,9230,371,5.41%,5.15%,2026-06-10,https://www.instagram.com/p/DZZ8QTkPuPS/,📈 Viral Organic Reach: High organic creator ER (5.15%),Apple Days are back at Bajaj Electronics!
1446,Tier 4: Toggle OFF + Organic (Noise),Sathya,Tamil Nadu (HQ: Tuticorin / Chennai),@food_island_vlogs,47528,170588,9221,33,5.41%,19.47%,2025-05-26,https://www.instagram.com/p/DKHdEUIzmPW/,📈 Viral Organic Reach: High organic creator ER (19.47%),@sathya.retail Sathya super sale is happening from May 28 - 31
1447,Tier 4: Toggle OFF + Organic (Noise),Pai International,Karnataka & Telangana (HQ: Bengaluru),@dolly.sadnani,81412,170329,9207,90,5.41%,11.42%,2025-08-05,https://www.instagram.com/p/DM-ma4JKQ4U/,📈 Viral Organic Reach: High organic creator ER (11.42%),Had a blast at the Red. Gaming tournament at @pai.international kukatpally!
1448,Tier 4: Toggle OFF + Organic (Noise),Pai International,Karnataka & Telangana (HQ: Bengaluru),@shwe.manjunath,63636,168942,9132,459,5.41%,15.07%,2026-04-29,https://www.instagram.com/p/DXtxm6WAKLH/,📈 Viral Organic Reach: High organic creator ER (15.07%),"As a content creator, this phone surprised me 😍👇"
1449,Tier 4: Toggle OFF + Organic (Noise),Sathya,Tamil Nadu (HQ: Tuticorin / Chennai),@_thirisha_rangarajan,239477,168683,9118,116,5.41%,3.86%,2025-08-10,https://www.instagram.com/p/DNKym4VxoT6/,⚪ Standard Organic: Baseline organic collab reach,"The wait is over!  @sathya.retail  proudly presents the official launch of the Haier M80F Series Mini LED TV, now available for you to experience.  En"
1450,Tier 4: Toggle OFF + Organic (Noise),Sathya,Tamil Nadu (HQ: Tuticorin / Chennai),@_thirisha_rangarajan,239477,168683,9118,116,5.41%,3.86%,2025-04-11,https://www.instagram.com/p/DIToHtiS41r/,⚪ Standard Organic: Baseline organic collab reach,Tamil New Year Sale is ON at @sathya.retail ! Celebrate with unbeatable deals! Don’t miss the exciting offers
1451,Tier 4: Toggle OFF + Organic (Noise),Sathya,Tamil Nadu (HQ: Tuticorin / Chennai),@_thirisha_rangarajan,239477,168683,9118,116,5.41%,3.86%,2025-01-24,https://www.instagram.com/p/DFNbZrJSr9v/,⚪ Standard Organic: Baseline organic collab reach,Your wait is over! The Realme 14 Pro Series is now available at @sathya.retail !  Step into the future of smartphones with the world’s first cold-sens
1452,Tier 4: Toggle OFF + Organic (Noise),Tata Neu,"Pan-India / Maharashtra (HQ: Mumbai, Tata Digital)",@harshandhetvi,107294,168683,9118,62,5.41%,8.56%,2025-08-25,https://www.instagram.com/p/DNxu6LU3lzX/,📈 Viral Organic Reach: High organic creator ER (8.56%),Save this reel for when you’re planning your money buckets!
1453,Tier 4: Toggle OFF + Organic (Noise),Reliance Digital,"Pan-India / Maharashtra (HQ: Mumbai, Reliance Retail)",@allumariafelix03,282945,168646,9116,42,5.41%,3.24%,2025-01-20,https://www.instagram.com/p/DFCUGTtSR_h/,⚪ Standard Organic: Baseline organic collab reach,"My Forever Late Buddy and I may disagree on time, but we’re always United by Tech, all thanks to @reliance_digital Digital India Sale!"
1454,Tier 4: Toggle OFF + Organic (Noise),Aditya Vision,"Bihar, Jharkhand & UP (HQ: Patna)",@bihari_maai,79079,168183,9091,50,5.41%,11.56%,2026-08-04,https://www.instagram.com/p/DbniMZLixrW/,📈 Viral Organic Reach: High organic creator ER (11.56%),"Upgrade your kitchen with the perfect combination of style, convenience, and smart technology! ✨"
1455,Tier 4: Toggle OFF + Organic (Noise),Bajaj Electronics,Telangana & Andhra Pradesh (HQ: Hyderabad),@khajuhoneysk,94101,167073,9031,112,5.41%,9.72%,2025-06-27,https://www.instagram.com/p/DLaFNgVpSrV/,📈 Viral Organic Reach: High organic creator ER (9.72%),📱✨ **Hai Andi! I am here!**
1456,Tier 4: Toggle OFF + Organic (Noise),Sathya,Tamil Nadu (HQ: Tuticorin / Chennai),@sathya_devarajan_official,405987,166574,9004,168,5.41%,2.26%,2026-01-11,https://www.instagram.com/p/DTX2AyvEq6h/,⚪ Standard Organic: Baseline organic collab reach,@sathya.retail  realme 16 pro series successfully launched
1457,Tier 4: Toggle OFF + Organic (Noise),Sathya,Tamil Nadu (HQ: Tuticorin / Chennai),@laya_sunder_vs,411982,165482,8945,170,5.41%,2.21%,2025-12-02,https://www.instagram.com/p/DRw8W_0kqTG/,⚪ Standard Organic: Baseline organic collab reach,"@sathya.retail Experience the all-new Vivo X300 & X300 Pro with 23mm and 50mm ZEISS lenses, including a 200MP ZEISS main camera. Powered by the Pro Im"
1458,Tier 4: Toggle OFF + Organic (Noise),Sathya,Tamil Nadu (HQ: Tuticorin / Chennai),@laya_sunder_vs,411982,165482,8945,170,5.41%,2.21%,2025-05-25,https://www.instagram.com/p/DKEsP2_S5rs/,⚪ Standard Organic: Baseline organic collab reach,@sathya.retail Sathya super sale is happening from May 28 - 31
1459,Tier 4: Toggle OFF + Organic (Noise),Bajaj Electronics,Telangana & Andhra Pradesh (HQ: Hyderabad),@shivani.rauv,367566,165112,8925,27,5.41%,2.44%,2026-05-14,https://www.instagram.com/p/DYUVckCNLDv/,⚪ Standard Organic: Baseline organic collab reach,Vivo X300FE is here!
1460,Tier 4: Toggle OFF + Organic (Noise),Aditya Vision,"Bihar, Jharkhand & UP (HQ: Patna)",@rjpurab,73827,165001,8919,210,5.41%,12.37%,2026-03-19,https://www.instagram.com/p/DWDqLRsiZXt/,📈 Viral Organic Reach: High organic creator ER (12.37%),"Kanpur Ka Naya Cooling Adda - Aditya Vision at Lajpat Nagar, where you get India’s first Designer Stunnair AC by Lloyd. Also a complete range of all e"
1461,Tier 4: Toggle OFF + Organic (Noise),Sathya,Tamil Nadu (HQ: Tuticorin / Chennai),@mukeshbeiber,653420,163984,8864,29,5.41%,1.36%,2025-07-05,https://www.instagram.com/p/DLuxLIsz8vo/,⚪ Standard Organic: Baseline organic collab reach,The Oppo Reno 14 Series is Here!
1462,Tier 4: Toggle OFF + Organic (Noise),Sathya,Tamil Nadu (HQ: Tuticorin / Chennai),@rohith___mitta,61539,163762,8852,69,5.41%,14.50%,2026-06-27,https://www.instagram.com/p/DaFKqS7p-89/,📈 Viral Organic Reach: High organic creator ER (14.5%),😂New summer trick💯
1463,Tier 4: Toggle OFF + Organic (Noise),Sathya,Tamil Nadu (HQ: Tuticorin / Chennai),@buharijunction,53736,163151,8819,74,5.41%,16.55%,2025-09-12,https://www.instagram.com/p/DOfvPlxknSb/,📈 Viral Organic Reach: High organic creator ER (16.55%),சமூக ஊடக நட்சத்திரங்களுக்கான பிரமாண்ட மேடை ரெடி! 🧨
1464,Tier 4: Toggle OFF + Organic (Noise),Tata Neu,"Pan-India / Maharashtra (HQ: Mumbai, Tata Digital)",@searats,407837,161338,8721,113,5.41%,2.17%,2025-05-23,https://www.instagram.com/p/DJ_47pVIEa8/,⚪ Standard Organic: Baseline organic collab reach,Share this with someone who always gets lucky as the contest ends on 27th May!
1465,Tier 4: Toggle OFF + Organic (Noise),Tata Neu,"Pan-India / Maharashtra (HQ: Mumbai, Tata Digital)",@searats,407837,161338,8721,113,5.41%,2.17%,2025-04-17,https://www.instagram.com/p/DIiS8qNtC0L/,⚪ Standard Organic: Baseline organic collab reach,Share this with your partner!
1466,Tier 4: Toggle OFF + Organic (Noise),Tata Neu,"Pan-India / Maharashtra (HQ: Mumbai, Tata Digital)",@searats,407837,161338,8721,113,5.41%,2.17%,2025-03-24,https://www.instagram.com/p/DHlKJYDTU5H/,⚪ Standard Organic: Baseline organic collab reach,Girl math is mathing when you’re  basically getting rewarded to shop!
1467,Tier 4: Toggle OFF + Organic (Noise),Sathya,Tamil Nadu (HQ: Tuticorin / Chennai),@_shamaritha,46634,160524,8677,45,5.41%,18.70%,2025-05-25,https://www.instagram.com/p/DKE3WghyXUt/,📈 Viral Organic Reach: High organic creator ER (18.7%),@sathya.retail Sathya super sale is happening from May 28 - 31
1468,Tier 4: Toggle OFF + Organic (Noise),Sathya,Tamil Nadu (HQ: Tuticorin / Chennai),@momfluencer._,208522,160136,8656,27,5.41%,4.16%,2025-03-21,https://www.instagram.com/p/DHdpZNlTNqe/,⚪ Standard Organic: Baseline organic collab reach,A Cool Summer for Your Family! ❄️👨‍👩‍👧‍👦
1469,Tier 4: Toggle OFF + Organic (Noise),Tata Neu,"Pan-India / Maharashtra (HQ: Mumbai, Tata Digital)",@jhanvilakra,257108,158156,8549,4197,5.41%,4.96%,2025-08-03,https://www.instagram.com/p/DM5iS6EBOMA/,⚪ Standard Organic: Baseline organic collab reach,"Your 20s are full of firsts, some thrilling, others a little overwhelming."
1470,Tier 4: Toggle OFF + Organic (Noise),Croma,"Pan-India / Maharashtra (HQ: Mumbai, Tata Group)",@shabin.shamsudeen,338128,158082,8545,215,5.41%,2.59%,2025-08-02,https://www.instagram.com/p/DM2jJWDSIs9/,⚪ Standard Organic: Baseline organic collab reach,"A Day in Kochi with @vivo_india X200 FE - Street, Sea & Soul!"
1471,Tier 4: Toggle OFF + Organic (Noise),Aditya Vision,"Bihar, Jharkhand & UP (HQ: Patna)",@lucknow_inframe,205108,158027,8542,93,5.41%,4.21%,2026-08-14,https://www.instagram.com/p/DcBO7pPz5E_/,⚪ Standard Organic: Baseline organic collab reach,"🇮🇳 आज़ादी का जश्न मनाइए, बंपर बचत के साथ! 🎉🔥"
1472,Tier 4: Toggle OFF + Organic (Noise),Aditya Vision,"Bihar, Jharkhand & UP (HQ: Patna)",@lucknow_inframe,205108,158027,8542,93,5.41%,4.21%,2026-08-06,https://www.instagram.com/p/DbsmIP2Td6e/,⚪ Standard Organic: Baseline organic collab reach,फोन नहीं… Pocket में छुपा एक पूरा Powerhouse! 📱✨
1473,Tier 4: Toggle OFF + Organic (Noise),Aditya Vision,"Bihar, Jharkhand & UP (HQ: Patna)",@lucknow_inframe,205108,158027,8542,93,5.41%,4.21%,2026-05-25,https://www.instagram.com/p/DYwwQ0VzcVZ/,⚪ Standard Organic: Baseline organic collab reach,✨ 4K entertainment ka asli maza ab hua shuru! 📺🔥
1474,Tier 4: Toggle OFF + Organic (Noise),Aditya Vision,"Bihar, Jharkhand & UP (HQ: Patna)",@lucknow_inframe,205108,158027,8542,93,5.41%,4.21%,2026-02-08,https://www.instagram.com/p/DUf9aA4k01o/,⚪ Standard Organic: Baseline organic collab reach,"🏏🔥 Dosto, Sixer Offer ho gaya SHURU!🔥🏏"
1475,Tier 4: Toggle OFF + Organic (Noise),Aditya Vision,"Bihar, Jharkhand & UP (HQ: Patna)",@lucknow_inframe,205108,158027,8542,93,5.41%,4.21%,2026-01-21,https://www.instagram.com/p/DTxcoS_k7O5/,⚪ Standard Organic: Baseline organic collab reach,"🇮🇳Lucknow walo, tayyar ho jao MEGA DHAMAKA ke liye!🇮🇳"
1476,Tier 4: Toggle OFF + Organic (Noise),Aditya Vision,"Bihar, Jharkhand & UP (HQ: Patna)",@lucknow_inframe,205108,158027,8542,93,5.41%,4.21%,2025-10-15,https://www.instagram.com/p/DP1Vv5Xk-cF/,⚪ Standard Organic: Baseline organic collab reach,लखनऊ के Aditya Vision में शुरू हो गई है सबसे बड़ी दिवाली धमाका सेल 🤩
1477,Tier 4: Toggle OFF + Organic (Noise),Aditya Vision,"Bihar, Jharkhand & UP (HQ: Patna)",@lucknow_inframe,205108,158027,8542,93,5.41%,4.21%,2025-08-12,https://www.instagram.com/p/DNQWWf7zWqT/,⚪ Standard Organic: Baseline organic collab reach,अदित्य विज़न में लग चुकी है सबसे बड़ी सेल 🤩
1478,Tier 4: Toggle OFF + Organic (Noise),Aditya Vision,"Bihar, Jharkhand & UP (HQ: Patna)",@dil_me_deoghar,117485,157971,8539,37,5.41%,7.30%,2026-08-11,https://www.instagram.com/p/Db4hiQONOu-/,📈 Viral Organic Reach: High organic creator ER (7.3%),"🇮🇳 इस 15 अगस्त, आज़ादी के साथ मनाइए बंपर बचत का जश्न! 🎉"
1479,Tier 4: Toggle OFF + Organic (Noise),Croma,"Pan-India / Maharashtra (HQ: Mumbai, Tata Group)",@aditinng,254213,155696,8416,126,5.41%,3.36%,2025-10-13,https://www.instagram.com/p/DPvUZlGksQd/,⚪ Standard Organic: Baseline organic collab reach,Meet the all-new Google Pixel 10. Smarter. Sleeker. Sharper.
1480,Tier 4: Toggle OFF + Organic (Noise),Bajaj Electronics,Telangana & Andhra Pradesh (HQ: Hyderabad),@ariyanaglory,1123232,155696,8416,84,5.41%,0.76%,2025-06-27,https://www.instagram.com/p/DLZ4AUSP2ml/,⚪ Standard Organic: Baseline organic collab reach,📱✨ **Hai Andi! Ariyana here!
1481,Tier 4: Toggle OFF + Organic (Noise),Vijay Sales,Maharashtra / Pan-India (HQ: Mumbai),@nidhi_shetty13,109907,155585,8410,126,5.41%,7.77%,2025-07-09,https://www.instagram.com/p/DL48xIaJ938/,📈 Viral Organic Reach: High organic creator ER (7.77%),Zoom. Shoot. Edit. Post.
1482,Tier 4: Toggle OFF + Organic (Noise),Reliance Digital,"Pan-India / Maharashtra (HQ: Mumbai, Reliance Retail)",@juhigodambe,522948,155566,8409,117,5.41%,1.63%,2026-05-26,https://www.instagram.com/p/DYy8h52ixUF/,⚪ Standard Organic: Baseline organic collab reach,An evening that deserved to be captured beautifully ✨
1483,Tier 4: Toggle OFF + Organic (Noise),Croma,"Pan-India / Maharashtra (HQ: Mumbai, Tata Group)",@salonikukreja,1145256,154734,8364,170,5.41%,0.75%,2025-08-08,https://www.instagram.com/p/DNGHb8AIxb5/,⚪ Standard Organic: Baseline organic collab reach,"From brewing perfect espressos to whipping up iced coffees, we took “café-style” coffee making into our own hands ☕✨Loved hosting this workshop with @"
1484,Tier 4: Toggle OFF + Organic (Noise),Tata Neu,"Pan-India / Maharashtra (HQ: Mumbai, Tata Digital)",@salonikukreja,1145256,154734,8364,170,5.41%,0.75%,2025-05-04,https://www.instagram.com/p/DJOI7AWTUc1/,⚪ Standard Organic: Baseline organic collab reach,Cricket season and snacking go hand in hand always ✨
1485,Tier 4: Toggle OFF + Organic (Noise),Tata Neu,"Pan-India / Maharashtra (HQ: Mumbai, Tata Digital)",@salonikukreja,1145256,154734,8364,170,5.41%,0.75%,2025-04-20,https://www.instagram.com/p/DIqTbTHo_72/,⚪ Standard Organic: Baseline organic collab reach,"This cricket season, I’m repping all our fav teams with 4 popsicles inspired by them - Blue Shikanji for Mumbai, Coconut Strawberry for Punjab, Sunny "
1486,Tier 4: Toggle OFF + Organic (Noise),Tata Neu,"Pan-India / Maharashtra (HQ: Mumbai, Tata Digital)",@salonikukreja,1145256,154734,8364,170,5.41%,0.75%,2025-03-25,https://www.instagram.com/p/DHoILTlzvqO/,⚪ Standard Organic: Baseline organic collab reach,I can never say no to a good Homemade Khow Suey🥰
1487,Tier 4: Toggle OFF + Organic (Noise),Electronics Mart,Telangana & Andhra Pradesh (HQ: Hyderabad),@thezeniasharma,304255,154623,8358,196,5.41%,2.81%,2026-06-29,https://www.instagram.com/p/DaK5Z1_z7jw/,⚪ Standard Organic: Baseline organic collab reach,Back-to-school shopping just got more exciting at Electronics Mart! 💻
1488,Tier 4: Toggle OFF + Organic (Noise),Sathya,Tamil Nadu (HQ: Tuticorin / Chennai),@thagadurofficial,176868,154530,8353,34,5.41%,4.74%,2025-03-28,https://www.instagram.com/p/DHvxjluTSdX/,⚪ Standard Organic: Baseline organic collab reach,Dharmapuri Sathya la Year end Sale poitruku 🙌🏻
1489,Tier 4: Toggle OFF + Organic (Noise),Sathya,Tamil Nadu (HQ: Tuticorin / Chennai),@shri.kirthi,241713,154308,8341,24,5.41%,3.46%,2025-05-25,https://www.instagram.com/p/DKE2b25RQuD/,⚪ Standard Organic: Baseline organic collab reach,@sathya.retail Sathya super sale is happening from May 28 - 31
1490,Tier 4: Toggle OFF + Organic (Noise),Pai International,Karnataka & Telangana (HQ: Bengaluru),@usha.kannadathii,158135,154123,8331,110,5.41%,5.34%,2026-04-22,https://www.instagram.com/p/DXbTnzdjnLN/,📈 Viral Organic Reach: High organic creator ER (5.34%),"As a content creator, this phone surprised me 👇"
1491,Tier 4: Toggle OFF + Organic (Noise),Electronics Mart,Telangana & Andhra Pradesh (HQ: Hyderabad),@akhil_kapoorrr,112637,153291,8286,303,5.41%,7.63%,2026-06-11,https://www.instagram.com/p/DZceCoKP0rU/,📈 Viral Organic Reach: High organic creator ER (7.63%),Apple Days are back at @electronicsmart_india 📱
1492,Tier 4: Toggle OFF + Organic (Noise),Sathya,Tamil Nadu (HQ: Tuticorin / Chennai),@nehaaoffl,40145,152995,8270,73,5.41%,20.78%,2025-05-26,https://www.instagram.com/p/DKGnO1nx5UD/,📈 Viral Organic Reach: High organic creator ER (20.78%),@sathya.retail Sathya super sale is happening from May 28 - 31
1493,Tier 4: Toggle OFF + Organic (Noise),Sathya,Tamil Nadu (HQ: Tuticorin / Chennai),@tin.__.beer,46056,152218,8228,81,5.41%,18.04%,2025-05-25,https://www.instagram.com/p/DKE8NEAzhex/,📈 Viral Organic Reach: High organic creator ER (18.04%),😍❤️@sathya.retail Sathya super sale is happening from May 28 - 31
1494,Tier 4: Toggle OFF + Organic (Noise),Pai International,Karnataka & Telangana (HQ: Bengaluru),@sai_thefoodie,131510,151829,8207,41,5.41%,6.27%,2025-03-29,https://www.instagram.com/p/DHyG1vcyQCR/,📈 Viral Organic Reach: High organic creator ER (6.27%),"Hey, everyone! I’m so excited to be here today because I’m a part of something BIG!"
1495,Tier 4: Toggle OFF + Organic (Noise),Sathya,Tamil Nadu (HQ: Tuticorin / Chennai),@laxmima_official,699497,151589,8194,42,5.41%,1.18%,2025-12-14,https://www.instagram.com/p/DSPuKWkDwrr/,⚪ Standard Organic: Baseline organic collab reach,Hi dears A big announcement 🔊🔊
1496,Tier 4: Toggle OFF + Organic (Noise),Tata Neu,"Pan-India / Maharashtra (HQ: Mumbai, Tata Digital)",@myeverydayinvestor,94174,151404,8184,40,5.41%,8.73%,2025-08-30,https://www.instagram.com/p/DN-5BpJk3Np/,📈 Viral Organic Reach: High organic creator ER (8.73%),Fixed Deposits out of style? Think again!
1497,Tier 4: Toggle OFF + Organic (Noise),Sathya,Tamil Nadu (HQ: Tuticorin / Chennai),@its_haripriya_____,30108,150867,8155,20,5.41%,27.16%,2025-05-26,https://www.instagram.com/p/DKHduiuRLth/,📈 Viral Organic Reach: High organic creator ER (27.16%),@sathya.retail Sathya super sale is happening from May 28 - 31
1498,Tier 4: Toggle OFF + Organic (Noise),Bajaj Electronics,Telangana & Andhra Pradesh (HQ: Hyderabad),@puppy_cute_999,264776,150368,8128,21,5.41%,3.08%,2026-08-08,https://www.instagram.com/p/DbxhHxCzgwe/,⚪ Standard Organic: Baseline organic collab reach,🍎 Apple Days are LIVE at Bajaj Electronics! ✨
1499,Tier 4: Toggle OFF + Organic (Noise),Pai International,Karnataka & Telangana (HQ: Bengaluru),@smitha_plays,75785,150294,8124,39,5.41%,10.77%,2025-07-14,https://www.instagram.com/p/DMFirgHpN_R/,📈 Viral Organic Reach: High organic creator ER (10.77%),Had a blast at Red Gaming tournament @pai.international hsr layout bangalore!
1500,Tier 4: Toggle OFF + Organic (Noise),Pai International,Karnataka & Telangana (HQ: Bengaluru),@nr_tech_world,179063,150072,8112,52,5.41%,4.56%,2026-02-28,https://www.instagram.com/p/DVTQvzukrA8/,⚪ Standard Organic: Baseline organic collab reach,"If you’re looking for a phone that does everything right, then get our hands on the Vivo V70 Series!"
1501,Tier 4: Toggle OFF + Organic (Noise),Sathya,Tamil Nadu (HQ: Tuticorin / Chennai),@sooda_enna_irukku,195972,149961,8106,21,5.41%,4.15%,2025-03-11,https://www.instagram.com/p/DHDVkHKSSAw/,⚪ Standard Organic: Baseline organic collab reach,For More details👇
1502,Tier 4: Toggle OFF + Organic (Noise),Bajaj Electronics,Telangana & Andhra Pradesh (HQ: Hyderabad),@actor_nareshlolla,337311,149850,8100,132,5.41%,2.44%,2026-05-17,https://www.instagram.com/p/DYbLwvRTQ51/,⚪ Standard Organic: Baseline organic collab reach,“vivo X300FE is here!
1503,Tier 4: Toggle OFF + Organic (Noise),Sathya,Tamil Nadu (HQ: Tuticorin / Chennai),@vishali_offi,165069,149147,8062,27,5.41%,4.90%,2026-07-28,https://www.instagram.com/p/DbVaSw4hH-K/,⚪ Standard Organic: Baseline organic collab reach,Samsung galaxy z fold8 & z fold8 ultra prebooking started @sathya.retail
1504,Tier 4: Toggle OFF + Organic (Noise),Sathya,Tamil Nadu (HQ: Tuticorin / Chennai),@vishali_offi,165069,149147,8062,27,5.41%,4.90%,2026-01-23,https://www.instagram.com/p/DT2msf8gasC/,⚪ Standard Organic: Baseline organic collab reach,@sathya.retail Sathya Republic Day Sale is Live!
1505,Tier 4: Toggle OFF + Organic (Noise),Sathya,Tamil Nadu (HQ: Tuticorin / Chennai),@sumi__boutique26,158093,148980,8053,39,5.41%,5.12%,2025-09-19,https://www.instagram.com/p/DOyMCuzk2sj/,📈 Viral Organic Reach: High organic creator ER (5.12%),Enga vittulatha ipadilam pothu😳🫨
1506,Tier 4: Toggle OFF + Organic (Noise),Sathya,Tamil Nadu (HQ: Tuticorin / Chennai),@_im_ananth_,47857,148610,8033,216,5.41%,17.24%,2025-05-26,https://www.instagram.com/p/DKGOOz-zZgs/,📈 Viral Organic Reach: High organic creator ER (17.24%),@sathya.retail Sathya super sale is happening from May 28 - 31
1507,Tier 4: Toggle OFF + Organic (Noise),Sathya,Tamil Nadu (HQ: Tuticorin / Chennai),@_im_ananth_,47857,148610,8033,216,5.41%,17.24%,2025-03-27,https://www.instagram.com/p/DHsHSsVI7gw/,📈 Viral Organic Reach: High organic creator ER (17.24%),Sathya Year end Sale
1508,Tier 4: Toggle OFF + Organic (Noise),Sathya,Tamil Nadu (HQ: Tuticorin / Chennai),@pachonthi_official,178156,148185,8010,32,5.41%,4.51%,2026-07-05,https://www.instagram.com/p/DaaN__TTb24/,⚪ Standard Organic: Baseline organic collab reach,Neegalum oru selfie ya poduga
1509,Tier 4: Toggle OFF + Organic (Noise),Bajaj Electronics,Telangana & Andhra Pradesh (HQ: Hyderabad),@bramarambika_tutika,498034,148000,8000,67,5.41%,1.62%,2026-01-10,https://www.instagram.com/p/DTUXC5Rk2s2/,⚪ Standard Organic: Baseline organic collab reach,Went to Bajaj Electronics to try the new vivo X300 Series… and I’m seriously impressed.
1510,Tier 4: Toggle OFF + Organic (Noise),Bajaj Electronics,Telangana & Andhra Pradesh (HQ: Hyderabad),@srividya_telugammai,326402,147204,7957,170,5.41%,2.49%,2026-08-05,https://www.instagram.com/p/DbpV6ikjvD-/,⚪ Standard Organic: Baseline organic collab reach,🍎 Apple Days are LIVE at Bajaj Electronics! ✨
1511,Tier 4: Toggle OFF + Organic (Noise),Bajaj Electronics,Telangana & Andhra Pradesh (HQ: Hyderabad),@srividya_telugammai,326402,147204,7957,170,5.41%,2.49%,2026-05-14,https://www.instagram.com/p/DYURhuJExTM/,⚪ Standard Organic: Baseline organic collab reach,"""vivo X300FE is here!"
1512,Tier 4: Toggle OFF + Organic (Noise),Pai International,Karnataka & Telangana (HQ: Bengaluru),@manasi_sudhir,131717,147167,7955,173,5.41%,6.17%,2026-03-04,https://www.instagram.com/p/DVdUzi_D5Hn/,📈 Viral Organic Reach: High organic creator ER (6.17%),Still can’t believe this! 🤯
1513,Tier 4: Toggle OFF + Organic (Noise),Sathya,Tamil Nadu (HQ: Tuticorin / Chennai),@us_appu_ammu,164880,146538,7921,48,5.41%,4.83%,2025-11-03,https://www.instagram.com/p/DQlXP8Tj0zK/,⚪ Standard Organic: Baseline organic collab reach,Women
1514,Tier 4: Toggle OFF + Organic (Noise),Sathya,Tamil Nadu (HQ: Tuticorin / Chennai),@us_appu_ammu,164880,146538,7921,48,5.41%,4.83%,2025-09-19,https://www.instagram.com/p/DOyL9SKj8-i/,⚪ Standard Organic: Baseline organic collab reach,Dream wife parithabangal 🤣🤣AMMU 2.0
1515,Tier 4: Toggle OFF + Organic (Noise),Sathya,Tamil Nadu (HQ: Tuticorin / Chennai),@us_appu_ammu,164880,146538,7921,48,5.41%,4.83%,2025-04-12,https://www.instagram.com/p/DIV3EwLB9zC/,⚪ Standard Organic: Baseline organic collab reach,Tamil New Year Sale is ON at @sathya.retail ! Celebrate with unbeatable deals! Don’t miss the exciting offers
1516,Tier 4: Toggle OFF + Organic (Noise),Sathya,Tamil Nadu (HQ: Tuticorin / Chennai),@muthulakki1,160123,145576,7869,46,5.41%,4.94%,2026-06-28,https://www.instagram.com/p/DaIhynxTl52/,⚪ Standard Organic: Baseline organic collab reach,The Wait Is Over! @sathya.retail  Full Moon Sale Is Here
1517,Tier 4: Toggle OFF + Organic (Noise),Croma,"Pan-India / Maharashtra (HQ: Mumbai, Tata Group)",@chandnimimic,524212,145095,7843,112,5.41%,1.52%,2026-01-18,https://www.instagram.com/p/DTo-7-piF4k/,⚪ Standard Organic: Baseline organic collab reach,"Double door vala fridge chahe khaali ho ya bhara, gujjuben ka wallet hamesha hoga loaded kyuki  @croma.retail Republic day sale is live"
1518,Tier 4: Toggle OFF + Organic (Noise),Croma,"Pan-India / Maharashtra (HQ: Mumbai, Tata Group)",@sushant_ghadge_,246604,143338,7748,124,5.41%,3.19%,2026-05-20,https://www.instagram.com/p/DYjOiwAouIQ/,⚪ Standard Organic: Baseline organic collab reach,My friend lost one bet and became my personal AC during peak Pune summers 🥵😂
1519,Tier 4: Toggle OFF + Organic (Noise),Aditya Vision,"Bihar, Jharkhand & UP (HQ: Patna)",@whats_up_ranchi,176988,143245,7743,41,5.41%,4.40%,2026-08-10,https://www.instagram.com/p/Db2wzIxNCf8/,⚪ Standard Organic: Baseline organic collab reach,Freedom Sale is here.
1520,Tier 4: Toggle OFF + Organic (Noise),Sathya,Tamil Nadu (HQ: Tuticorin / Chennai),@sudharsanallrounder_,36050,141654,7657,36,5.41%,21.34%,2025-03-27,https://www.instagram.com/p/DHs3yy1znWK/,📈 Viral Organic Reach: High organic creator ER (21.34%),Sathya Year end Sale
1521,Tier 4: Toggle OFF + Organic (Noise),Vijay Sales,Maharashtra / Pan-India (HQ: Mumbai),@rakheevaswani,156680,140896,7616,38,5.41%,4.89%,2026-07-06,https://www.instagram.com/p/DadDtEYK2VL/,⚪ Standard Organic: Baseline organic collab reach,🔥 Live Cooking Demo Alert! 🍽️
1522,Tier 4: Toggle OFF + Organic (Noise),Bajaj Electronics,Telangana & Andhra Pradesh (HQ: Hyderabad),@_siri.papa_,220064,140100,7573,23,5.41%,3.45%,2026-05-04,https://www.instagram.com/p/DX55jorTBEV/,⚪ Standard Organic: Baseline organic collab reach,🔥 Apple Days are LIVE at Everyone's Favorite Bajaj Electronics!!
1523,Tier 4: Toggle OFF + Organic (Noise),Sathya,Tamil Nadu (HQ: Tuticorin / Chennai),@sherin_thara_offcl,266907,140082,7572,23,5.41%,2.85%,2026-06-27,https://www.instagram.com/p/DaFrpeHRsQP/,⚪ Standard Organic: Baseline organic collab reach,Full Moon Sale Is Here
1524,Tier 4: Toggle OFF + Organic (Noise),Sathya,Tamil Nadu (HQ: Tuticorin / Chennai),@thiru.tharu,202092,139804,7557,159,5.41%,3.82%,2025-11-26,https://www.instagram.com/p/DRha0iUCWNk/,⚪ Standard Organic: Baseline organic collab reach,Crazy Marumagal terror mamiyaar.  @sathya.retail Black Friday Sale – November 27 to 30!
1525,Tier 4: Toggle OFF + Organic (Noise),Pai International,Karnataka & Telangana (HQ: Bengaluru),@kaavya.shastry,637517,139638,7548,216,5.41%,1.22%,2025-01-12,https://www.instagram.com/p/DEucGL9PiBC/,⚪ Standard Organic: Baseline organic collab reach,Reno13 Series 5G
1526,Tier 4: Toggle OFF + Organic (Noise),Sathya,Tamil Nadu (HQ: Tuticorin / Chennai),@pv__talks,33656,139582,7545,136,5.41%,22.82%,2026-07-27,https://www.instagram.com/p/DbTSjobon4o/,📈 Viral Organic Reach: High organic creator ER (22.82%),Full moon sale
1527,Tier 4: Toggle OFF + Organic (Noise),Bajaj Electronics,Telangana & Andhra Pradesh (HQ: Hyderabad),@saritha__naidu,62511,139323,7531,78,5.41%,12.17%,2026-05-01,https://www.instagram.com/p/DXzJ8ZBzGxy/,📈 Viral Organic Reach: High organic creator ER (12.17%),🔥 Apple Days are LIVE at Everyone’s Favorite Bajaj Electronics!!
1528,Tier 4: Toggle OFF + Organic (Noise),Pai International,Karnataka & Telangana (HQ: Bengaluru),@sushmitha_saligrama,105743,138565,7490,80,5.41%,7.16%,2026-08-11,https://www.instagram.com/p/Db5mDSZAkTR/,📈 Viral Organic Reach: High organic creator ER (7.16%),The Samsung Galaxy Z Fold8 Series feels like it was made for creators.
1529,Tier 4: Toggle OFF + Organic (Noise),Pai International,Karnataka & Telangana (HQ: Bengaluru),@sushmitha_saligrama,105743,138565,7490,80,5.41%,7.16%,2026-01-21,https://www.instagram.com/p/DTxqFc0Eq4a/,📈 Viral Organic Reach: High organic creator ER (7.16%),Shopping just got more exciting at Pai International 🤩
1530,Tier 4: Toggle OFF + Organic (Noise),Pai International,Karnataka & Telangana (HQ: Bengaluru),@sushmitha_saligrama,105743,138565,7490,80,5.41%,7.16%,2025-01-13,https://www.instagram.com/p/DEw95B6N4x6/,📈 Viral Organic Reach: High organic creator ER (7.16%),🚨 HUGE SANKRANTHI SALE at Pai International & Pai Mobiles! 🚨
1531,Tier 4: Toggle OFF + Organic (Noise),Sathya,Tamil Nadu (HQ: Tuticorin / Chennai),@abhirami.venkatachalam,1006703,138454,7484,82,5.41%,0.75%,2025-02-25,https://www.instagram.com/p/DGfx_LoSS5N/,⚪ Standard Organic: Baseline organic collab reach,The all-new Vivo V50 is here! Now available @sathya.retail . Experience next-level performance with the Snapdragon 7 Gen 3 processor and a powerful 60
1532,Tier 4: Toggle OFF + Organic (Noise),Bajaj Electronics,Telangana & Andhra Pradesh (HQ: Hyderabad),@fara_khan_official,74001,138139,7467,22,5.41%,10.12%,2025-09-27,https://www.instagram.com/p/DPGLk9EkSUi/,📈 Viral Organic Reach: High organic creator ER (10.12%),Bajaj Electronics- India’s Leading Retailer in Electronics is back with its Famous India’s Biggest Festive Offer of ₹1 Crore Cash Prize and 30 Alto K1
1533,Tier 4: Toggle OFF + Organic (Noise),Sathya,Tamil Nadu (HQ: Tuticorin / Chennai),@ramyashok_4_6,76273,137732,7445,46,5.41%,9.82%,2025-03-28,https://www.instagram.com/p/DHvc14ASFT-/,📈 Viral Organic Reach: High organic creator ER (9.82%),Sathya Year end Sale
1534,Tier 4: Toggle OFF + Organic (Noise),Pai International,Karnataka & Telangana (HQ: Bengaluru),@rahulpawarr,106907,137529,7434,42,5.41%,6.99%,2026-07-28,https://www.instagram.com/p/DbVRVpoJt_H/,📈 Viral Organic Reach: High organic creator ER (6.99%),The Pai International Full Moon Saving Mahotsav is happeninig on 29th July!
1535,Tier 4: Toggle OFF + Organic (Noise),Aditya Vision,"Bihar, Jharkhand & UP (HQ: Patna)",@prayagraj.vibes,967682,137270,7420,84,5.41%,0.78%,2026-08-10,https://www.instagram.com/p/Db21PrrvQsk/,⚪ Standard Organic: Baseline organic collab reach,दोस्तों मौका हाथ से मत जाने देना! ⏰
1536,Tier 4: Toggle OFF + Organic (Noise),Aditya Vision,"Bihar, Jharkhand & UP (HQ: Patna)",@prayagraj.vibes,967682,137270,7420,84,5.41%,0.78%,2026-05-20,https://www.instagram.com/p/DYjuFm_vqZu/,⚪ Standard Organic: Baseline organic collab reach,”Dreams to Address: From a simple purchase to a luxury home 🏠✨
1537,Tier 4: Toggle OFF + Organic (Noise),Aditya Vision,"Bihar, Jharkhand & UP (HQ: Patna)",@prayagraj.vibes,967682,137270,7420,84,5.41%,0.78%,2026-01-23,https://www.instagram.com/p/DT3Dj8vAQPB/,⚪ Standard Organic: Baseline organic collab reach,"Guys, 26 जनवरी को सेलिब्रेट करें ‘26 सालों का अटूट भरोसा’ Aditya Vision की Grand Republic Day Sale के साथ! 🇮🇳"
1538,Tier 4: Toggle OFF + Organic (Noise),Pai International,Karnataka & Telangana (HQ: Bengaluru),@mekillllll,36893,136363,7371,884,5.41%,22.38%,2026-08-14,https://www.instagram.com/p/DcBYIrdz_81/,📈 Viral Organic Reach: High organic creator ER (22.38%),"I was at the grand opening of the brand-new Pai International store in Sahakarnagar, and this place is HUGE! 🙌"
1539,Tier 4: Toggle OFF + Organic (Noise),Sathya,Tamil Nadu (HQ: Tuticorin / Chennai),@sri_vlog_lifestyles,37334,136252,7365,826,5.41%,21.94%,2025-05-25,https://www.instagram.com/p/DKE872Mz-MB/,📈 Viral Organic Reach: High organic creator ER (21.94%),@sathya.retail Sathya super sale is happening from May 28 - 31
1540,Tier 4: Toggle OFF + Organic (Noise),Bajaj Electronics,Telangana & Andhra Pradesh (HQ: Hyderabad),@pavani_raji,418170,136030,7353,76,5.41%,1.78%,2025-03-31,https://www.instagram.com/p/DH3W_d5Tled/,⚪ Standard Organic: Baseline organic collab reach,😍😍
1541,Tier 4: Toggle OFF + Organic (Noise),Sathya,Tamil Nadu (HQ: Tuticorin / Chennai),@kanmaninewsreader,442275,136030,7353,54,5.41%,1.68%,2025-07-09,https://www.instagram.com/p/DL4l3R7TkYh/,⚪ Standard Organic: Baseline organic collab reach,Real life experience with Sathya |oppo Reno 14 series mobile @sathya.retail @jackson_samuel_j @thetamilnadunow
1542,Tier 4: Toggle OFF + Organic (Noise),Sathya,Tamil Nadu (HQ: Tuticorin / Chennai),@di.vyasaravanan,344425,135660,7333,69,5.41%,2.15%,2025-10-10,https://www.instagram.com/p/DPoQf1SEnwl/,⚪ Standard Organic: Baseline organic collab reach,@sathya.retail gadgets sale started!
1543,Tier 4: Toggle OFF + Organic (Noise),Sathya,Tamil Nadu (HQ: Tuticorin / Chennai),@__varshini_murugesan___,69074,134902,7292,23,5.41%,10.59%,2026-06-27,https://www.instagram.com/p/DaF7qEHJGzf/,📈 Viral Organic Reach: High organic creator ER (10.59%),Full moon sale 🌑🥰
1544,Tier 4: Toggle OFF + Organic (Noise),Sathya,Tamil Nadu (HQ: Tuticorin / Chennai),@vinothkpy,327535,132663,7171,39,5.41%,2.20%,2025-08-19,https://www.instagram.com/p/DNijXCqJzeE/,⚪ Standard Organic: Baseline organic collab reach,Selfieee paithyam😜😍
1545,Tier 4: Toggle OFF + Organic (Noise),Sathya,Tamil Nadu (HQ: Tuticorin / Chennai),@vinothkpy,327535,132663,7171,39,5.41%,2.20%,2025-04-11,https://www.instagram.com/p/DITnJnJJoNR/,⚪ Standard Organic: Baseline organic collab reach,Amma na Summa va🤗😍
1546,Tier 4: Toggle OFF + Organic (Noise),Sathya,Tamil Nadu (HQ: Tuticorin / Chennai),@vinothkpy,327535,132663,7171,39,5.41%,2.20%,2025-03-05,https://www.instagram.com/p/DG0dn8ApZSb/,⚪ Standard Organic: Baseline organic collab reach,எடுத்தம்பாரு ஓட்டோ😜😂
1547,Tier 4: Toggle OFF + Organic (Noise),Sathya,Tamil Nadu (HQ: Tuticorin / Chennai),@ithanda_madurai,104263,132552,7165,33,5.41%,6.90%,2026-04-07,https://www.instagram.com/p/DW0cTKlj5-b/,📈 Viral Organic Reach: High organic creator ER (6.9%),Offer ah miss pannirathinga..🙌
1548,Tier 4: Toggle OFF + Organic (Noise),Sathya,Tamil Nadu (HQ: Tuticorin / Chennai),@namma_maduraila,76860,131368,7101,21,5.41%,9.27%,2025-03-26,https://www.instagram.com/p/DHqlgsOSg-f/,📈 Viral Organic Reach: High organic creator ER (9.27%),Mega Year end Sale at @sathya.retail!
1549,Tier 4: Toggle OFF + Organic (Noise),Sathya,Tamil Nadu (HQ: Tuticorin / Chennai),@how.hema,318261,130980,7080,53,5.41%,2.24%,2025-02-27,https://www.instagram.com/p/DGlCdr8zXWz/,⚪ Standard Organic: Baseline organic collab reach,🤯semaiya iruke‼️ #reels
1550,Tier 4: Toggle OFF + Organic (Noise),Sathya,Tamil Nadu (HQ: Tuticorin / Chennai),@thesassy_divs,140451,130425,7050,108,5.41%,5.10%,2026-04-10,https://www.instagram.com/p/DW8XUhqD3ai/,📈 Viral Organic Reach: High organic creator ER (5.1%),What’s happening in chennai - Episode 3
1551,Tier 4: Toggle OFF + Organic (Noise),Sathya,Tamil Nadu (HQ: Tuticorin / Chennai),@suvi_suvit,188136,130240,7040,108,5.41%,3.80%,2025-05-26,https://www.instagram.com/p/DKGlDtgzbx-/,⚪ Standard Organic: Baseline organic collab reach,@sathya.retail Sathya super sale is happening from May 28 - 31
1552,Tier 4: Toggle OFF + Organic (Noise),Pai International,Karnataka & Telangana (HQ: Bengaluru),@divyasuresh.official,240137,129981,7026,45,5.41%,2.94%,2025-07-14,https://www.instagram.com/p/DMFrljdyRB9/,⚪ Standard Organic: Baseline organic collab reach,The all-new Oppo Reno 14 series is now available at Pai International & Pai Mobiles
1553,Tier 4: Toggle OFF + Organic (Noise),Pai International,Karnataka & Telangana (HQ: Bengaluru),@divyasuresh.official,240137,129981,7026,45,5.41%,2.94%,2025-01-18,https://www.instagram.com/p/DE93XSRyFBu/,⚪ Standard Organic: Baseline organic collab reach,✨ Dive into the future with the all-new OPPO Reno 13 Series 5G! ✨
1554,Tier 4: Toggle OFF + Organic (Noise),Aditya Vision,"Bihar, Jharkhand & UP (HQ: Patna)",@uniquepatna,143084,129759,7014,36,5.41%,4.93%,2026-08-10,https://www.instagram.com/p/Db2SdEvT4Js/,⚪ Standard Organic: Baseline organic collab reach,"This Independence Day, celebrate freedom with BIGGER SAVINGS! 🇮🇳"
1555,Tier 4: Toggle OFF + Organic (Noise),Aditya Vision,"Bihar, Jharkhand & UP (HQ: Patna)",@uniquepatna,143084,129759,7014,36,5.41%,4.93%,2026-06-08,https://www.instagram.com/p/DZUqqhlzqGV/,⚪ Standard Organic: Baseline organic collab reach,Every dream needs the right start 💻✨
1556,Tier 4: Toggle OFF + Organic (Noise),Aditya Vision,"Bihar, Jharkhand & UP (HQ: Patna)",@uniquepatna,143084,129759,7014,36,5.41%,4.93%,2026-03-08,https://www.instagram.com/p/DVnQgm2k6S7/,⚪ Standard Organic: Baseline organic collab reach,"The wait is finally over ! Experience the power, style, and innovation of the all-new Samsung Galaxy S26 Ultra. With its sleek and premium design, pow"
1557,Tier 4: Toggle OFF + Organic (Noise),Aditya Vision,"Bihar, Jharkhand & UP (HQ: Patna)",@uniquepatna,143084,129759,7014,36,5.41%,4.93%,2026-01-25,https://www.instagram.com/p/DT6_-UWE90s/,⚪ Standard Organic: Baseline organic collab reach,Patna witnesses a spectacular LIVE Projection Show this 24th January ! 🇮🇳✨
1558,Tier 4: Toggle OFF + Organic (Noise),Bajaj Electronics,Telangana & Andhra Pradesh (HQ: Hyderabad),@ravitej_777,79812,129555,7003,47,5.41%,8.83%,2026-08-18,https://www.instagram.com/p/DcLs1m8BvPI/,📈 Viral Organic Reach: High organic creator ER (8.83%),Students…❤️
1559,Tier 4: Toggle OFF + Organic (Noise),Sathya,Tamil Nadu (HQ: Tuticorin / Chennai),@aathin_official,23335,129407,6995,37,5.41%,30.14%,2025-05-26,https://www.instagram.com/p/DKGuVvzTxx-/,📈 Viral Organic Reach: High organic creator ER (30.14%),@sathya.retail Sathya super sale is happening from May 28 - 31
1560,Tier 4: Toggle OFF + Organic (Noise),Sathya,Tamil Nadu (HQ: Tuticorin / Chennai),@aathin_official,23335,129407,6995,37,5.41%,30.14%,2025-03-27,https://www.instagram.com/p/DHr6kVGTIw4/,📈 Viral Organic Reach: High organic creator ER (30.14%),Mega Year end Sale at @sathya.retail!
1561,Tier 4: Toggle OFF + Organic (Noise),Bajaj Electronics,Telangana & Andhra Pradesh (HQ: Hyderabad),@manu_malleshwari_official,23604,128630,6953,124,5.41%,29.99%,2025-01-13,https://www.instagram.com/p/DExH8vcyEm8/,📈 Viral Organic Reach: High organic creator ER (29.99%),Celebrate Sankranti with big savings at Bajaj Electronics!
1562,Tier 4: Toggle OFF + Organic (Noise),Sathya,Tamil Nadu (HQ: Tuticorin / Chennai),@_sruthiprakash_,18894,128334,6937,72,5.41%,37.10%,2025-03-26,https://www.instagram.com/p/DHql46OzMRB/,📈 Viral Organic Reach: High organic creator ER (37.1%),Mega Year end Sale at @sathya.retail!
1563,Tier 4: Toggle OFF + Organic (Noise),Pai International,Karnataka & Telangana (HQ: Bengaluru),@drtech.kannada,286723,128131,6926,203,5.41%,2.49%,2026-03-02,https://www.instagram.com/p/DVYcZF0Eg-f/,⚪ Standard Organic: Baseline organic collab reach,"Not all phones are built the same, some are made to stand out just like the Vivo V70!"
1564,Tier 4: Toggle OFF + Organic (Noise),Aditya Vision,"Bihar, Jharkhand & UP (HQ: Patna)",@balliawale_rahulbhaiya,83390,127613,6898,35,5.41%,8.31%,2025-10-15,https://www.instagram.com/p/DP1hBZekh9q/,📈 Viral Organic Reach: High organic creator ER (8.31%),Ballia! 🔥
1565,Tier 4: Toggle OFF + Organic (Noise),Sathya,Tamil Nadu (HQ: Tuticorin / Chennai),@krishz_vlogs,31943,126262,6825,40,5.41%,21.50%,2025-03-27,https://www.instagram.com/p/DHtXkxKPVE0/,📈 Viral Organic Reach: High organic creator ER (21.5%),Sathya Year end Sale is here 💥
1566,Tier 4: Toggle OFF + Organic (Noise),Pai International,Karnataka & Telangana (HQ: Bengaluru),@cl_me_shettre_,60304,124819,6747,55,5.41%,11.28%,2025-03-04,https://www.instagram.com/p/DGxAjL1yJXN/,📈 Viral Organic Reach: High organic creator ER (11.28%),Pai International is celebrating 𝟐𝟓 𝐘𝐞𝐚𝐫𝐬 𝐨𝐟 𝐇𝐚𝐩𝐩𝐲 𝐇𝐨𝐦𝐞𝐬 with a 𝐒𝐩𝐞𝐜𝐢𝐚𝐥 𝐀𝐧𝐧𝐢𝐯𝐞𝐫𝐬𝐚𝐫𝐲 𝐒𝐚𝐥𝐞
1567,Tier 4: Toggle OFF + Organic (Noise),Electronics Mart,Telangana & Andhra Pradesh (HQ: Hyderabad),@ansh.nakwal,37396,123931,6699,36,5.41%,18.01%,2026-06-12,https://www.instagram.com/p/DZfHo-KT3IN/,📈 Viral Organic Reach: High organic creator ER (18.01%),Apple Days are back at Electronics Mart!
1568,Tier 4: Toggle OFF + Organic (Noise),Aditya Vision,"Bihar, Jharkhand & UP (HQ: Patna)",@patna_se,92428,123469,6674,25,5.41%,7.25%,2026-06-27,https://www.instagram.com/p/DaFX33rRFLf/,📈 Viral Organic Reach: High organic creator ER (7.25%),🔥 EMI Festival is LIVE at Aditya Vision! 🔥
1569,Tier 4: Toggle OFF + Organic (Noise),Aditya Vision,"Bihar, Jharkhand & UP (HQ: Patna)",@kanpur_love_hai_hamara__,163427,122377,6615,125,5.41%,4.12%,2026-02-04,https://www.instagram.com/p/DUUuoDFjxI9/,⚪ Standard Organic: Baseline organic collab reach,Grand Inauguration of | @aditya_vision 💐 Stores In Kanpur ||
1570,Tier 4: Toggle OFF + Organic (Noise),Croma,"Pan-India / Maharashtra (HQ: Mumbai, Tata Group)",@tanejamainhoon,129525,121526,6569,175,5.41%,5.21%,2025-10-17,https://www.instagram.com/p/DP6MMlpjPcI/,📈 Viral Organic Reach: High organic creator ER (5.21%),Who doesn’t like a perfect fit? ✌🏻
1571,Tier 4: Toggle OFF + Organic (Noise),Pai International,Karnataka & Telangana (HQ: Bengaluru),@md_nowffu_appu,80959,119861,6479,96,5.41%,8.12%,2026-01-31,https://www.instagram.com/p/DULmju3CekT/,📈 Viral Organic Reach: High organic creator ER (8.12%),"Imagine shopping for just ₹2,000 and walking away with a chance to win up to ₹5 CRORE worth of FREE shopping 💸🔥"
1572,Tier 4: Toggle OFF + Organic (Noise),Bajaj Electronics,Telangana & Andhra Pradesh (HQ: Hyderabad),@srujana_reddy_18_,314866,119491,6459,41,5.41%,2.06%,2026-08-13,https://www.instagram.com/p/Db98YMxzgS_/,⚪ Standard Organic: Baseline organic collab reach,🍎 Apple Days are LIVE at Bajaj Electronics! ✨
1573,Tier 4: Toggle OFF + Organic (Noise),Bajaj Electronics,Telangana & Andhra Pradesh (HQ: Hyderabad),@srujana_reddy_18_,314866,119491,6459,41,5.41%,2.06%,2025-10-18,https://www.instagram.com/p/DP9KHJIEr2b/,⚪ Standard Organic: Baseline organic collab reach,Bajaj Electronics- India’s Leading Retailer in Electronics is here with its Famous India’s Biggest Festive Offer of ₹1 Crore Cash Prize and 30 Alto K1
1574,Tier 4: Toggle OFF + Organic (Noise),Sathya,Tamil Nadu (HQ: Tuticorin / Chennai),@adiyehhhhh_raasathi,121393,119121,6439,31,5.41%,5.33%,2025-03-12,https://www.instagram.com/p/DHGY2mkz1WW/,📈 Viral Organic Reach: High organic creator ER (5.33%),Sathya FULL MOON LED TV SUPER SALE - Live on 14th March 2025 -Morning 9 AM To Midnight 12 AM- One Day Only -
1575,Tier 4: Toggle OFF + Organic (Noise),Great Eastern,West Bengal & East India (HQ: Kolkata),@engela.saha,80159,118529,6407,62,5.41%,8.07%,2026-08-14,https://www.instagram.com/p/DcAzkDPTgnL/,📈 Viral Organic Reach: High organic creator ER (8.07%),"Experienced the all-new Sony BRAVIA True RGB today and trust me, it’s not just a TV, it’s a complete cinema experience! 🎬✨"
1576,Tier 4: Toggle OFF + Organic (Noise),Aditya Vision,"Bihar, Jharkhand & UP (HQ: Patna)",@riyayadav8911,30707,117993,6378,96,5.41%,21.09%,2026-08-14,https://www.instagram.com/p/DcAkbw7zoW-/,📈 Viral Organic Reach: High organic creator ER (21.09%),"🇮🇳 Freedom to Choose, Freedom to Save! 🇮🇳"
1577,Tier 4: Toggle OFF + Organic (Noise),Sathya,Tamil Nadu (HQ: Tuticorin / Chennai),@wikkified,278510,117604,6357,108,5.41%,2.32%,2025-06-26,https://www.instagram.com/p/DLXNQDwokUC/,⚪ Standard Organic: Baseline organic collab reach,🎉 @sathya.retail is now at Rajakilpakkam! 🎉📍 Velachery Main Road
1578,Tier 4: Toggle OFF + Organic (Noise),Pai International,Karnataka & Telangana (HQ: Bengaluru),@vizaglifestylee,136473,117086,6329,61,5.41%,4.68%,2026-08-10,https://www.instagram.com/p/Db3JHqVJ60U/,⚪ Standard Organic: Baseline organic collab reach,I can’t stop thinking about the Samsung Galaxy Z Fold8 series. 😫
1579,Tier 4: Toggle OFF + Organic (Noise),Sathya,Tamil Nadu (HQ: Tuticorin / Chennai),@priyanka_actress,235385,116920,6320,58,5.41%,2.71%,2025-12-02,https://www.instagram.com/p/DRxDIijjA_T/,⚪ Standard Organic: Baseline organic collab reach,😂🥶எதுக்கு இப்போ இப்படி பண்ணிட்டு இருக்கீங்க... 🤣💯... 🤣🙏🏻
1580,Tier 4: Toggle OFF + Organic (Noise),Sathya,Tamil Nadu (HQ: Tuticorin / Chennai),@dnvlogs_official,59172,116420,6293,168,5.41%,10.92%,2026-07-27,https://www.instagram.com/p/DbRvjg5z8e6/,📈 Viral Organic Reach: High organic creator ER (10.92%),@sathya.retail  Full Moon Sale is here!
1581,Tier 4: Toggle OFF + Organic (Noise),Aditya Vision,"Bihar, Jharkhand & UP (HQ: Patna)",@gardapatna,240921,115218,6228,64,5.41%,2.61%,2025-01-25,https://www.instagram.com/p/DFPnMeKO-LJ/,⚪ Standard Organic: Baseline organic collab reach,*🇮🇳 आदित्य विजन के साथ मनाइये ‘ग्रैंड रिपब्लिक डे सेल’ 🇮🇳*
1582,Tier 4: Toggle OFF + Organic (Noise),Bajaj Electronics,Telangana & Andhra Pradesh (HQ: Hyderabad),@lahari_actress,359549,115033,6218,34,5.41%,1.74%,2025-12-24,https://www.instagram.com/p/DSpZ06ME1r9/,⚪ Standard Organic: Baseline organic collab reach,Planning to buy a water heater or water purifier? Look no further!
1583,Tier 4: Toggle OFF + Organic (Noise),Sathya,Tamil Nadu (HQ: Tuticorin / Chennai),@rollthescript,30096,114755,6203,56,5.41%,20.80%,2026-07-26,https://www.instagram.com/p/DbQVxdsJdY0/,📈 Viral Organic Reach: High organic creator ER (20.8%),Dubakur electricians 😂
1584,Tier 4: Toggle OFF + Organic (Noise),Vijay Sales,Maharashtra / Pan-India (HQ: Mumbai),@bbuzzz08,499590,114478,6188,2100,5.41%,1.66%,2025-12-25,https://www.instagram.com/p/DSsMnEciF-X/,⚪ Standard Organic: Baseline organic collab reach,Don’t miss out on this !!!
1585,Tier 4: Toggle OFF + Organic (Noise),Croma,"Pan-India / Maharashtra (HQ: Mumbai, Tata Group)",@nehatea_,110817,113701,6146,192,5.41%,5.72%,2025-06-26,https://www.instagram.com/p/DLXljJspNKB/,📈 Viral Organic Reach: High organic creator ER (5.72%),"Rain or shine, great hair days are here to stay."
1586,Tier 4: Toggle OFF + Organic (Noise),Sathya,Tamil Nadu (HQ: Tuticorin / Chennai),@shan___pavi,163598,113220,6120,15,5.41%,3.75%,2026-06-27,https://www.instagram.com/p/DaFrQvLBRfg/,⚪ Standard Organic: Baseline organic collab reach,The Wait Is Over! @sathya.retail  Full Moon Sale Is Here
1587,Tier 4: Toggle OFF + Organic (Noise),Sathya,Tamil Nadu (HQ: Tuticorin / Chennai),@shan___pavi,163598,113220,6120,15,5.41%,3.75%,2025-05-26,https://www.instagram.com/p/DKHMA9Oh-5v/,⚪ Standard Organic: Baseline organic collab reach,@sathya.retail Sathya super sale is happening from May 28 - 31
1588,Tier 4: Toggle OFF + Organic (Noise),Pai International,Karnataka & Telangana (HQ: Bengaluru),@hyderabadcityvlogs,73407,113127,6115,27,5.41%,8.37%,2025-02-25,https://www.instagram.com/p/DGfifq7ymqD/,📈 Viral Organic Reach: High organic creator ER (8.37%),“Unboxing the Future: Vivo V50😎
1589,Tier 4: Toggle OFF + Organic (Noise),Sathya,Tamil Nadu (HQ: Tuticorin / Chennai),@mrs_filmy,68041,113109,6114,126,5.41%,9.17%,2026-06-27,https://www.instagram.com/p/DaFvUOYPf-W/,📈 Viral Organic Reach: High organic creator ER (9.17%),Unala en Maaname pochu🤣🤣🤣🤣
1590,Tier 4: Toggle OFF + Organic (Noise),Aditya Vision,"Bihar, Jharkhand & UP (HQ: Patna)",@deoria_official,101512,113016,6109,51,5.41%,6.07%,2025-10-16,https://www.instagram.com/p/DP3N2OSDzbM/,📈 Viral Organic Reach: High organic creator ER (6.07%),Aditya Vision पे खरीदारी करो और मौक़ा पाइए 18 करोड़ तक के Gifts जितने का मौक़ा
1591,Tier 4: Toggle OFF + Organic (Noise),Aditya Vision,"Bihar, Jharkhand & UP (HQ: Patna)",@banaras_zone65,115892,112887,6102,102,5.41%,5.35%,2026-08-06,https://www.instagram.com/p/Dbr8_TZpa1q/,📈 Viral Organic Reach: High organic creator ER (5.35%),Experience the future in the palm of your hand. 📱✨
1592,Tier 4: Toggle OFF + Organic (Noise),Aditya Vision,"Bihar, Jharkhand & UP (HQ: Patna)",@tulika_ivaan,756367,112535,6083,42,5.41%,0.81%,2026-08-10,https://www.instagram.com/p/Db2uRgQtKqo/,⚪ Standard Organic: Baseline organic collab reach,Freedom Sale is here.
1593,Tier 4: Toggle OFF + Organic (Noise),Bajaj Electronics,Telangana & Andhra Pradesh (HQ: Hyderabad),@shravanthi_aanand,154459,112424,6077,95,5.41%,4.00%,2025-01-12,https://www.instagram.com/p/DEuo-RvMWTG/,⚪ Standard Organic: Baseline organic collab reach,"Celebrate the vibrant spirit of Sankranti with pro-level captures on the all-new #VivoX200Series, now available at Bajaj Electronics!"
1594,Tier 4: Toggle OFF + Organic (Noise),Sathya,Tamil Nadu (HQ: Tuticorin / Chennai),@anu__mythily,587123,112369,6074,235,5.41%,1.07%,2025-02-14,https://www.instagram.com/p/DGDc9hty5Jj/,⚪ Standard Organic: Baseline organic collab reach,Kulukulu AC offer for Hot Summer  @sathya.retail
1595,Tier 4: Toggle OFF + Organic (Noise),Sathya,Tamil Nadu (HQ: Tuticorin / Chennai),@shiva_tenkasi,59306,112295,6070,126,5.41%,10.45%,2026-04-10,https://www.instagram.com/p/DW8WdleD1e2/,📈 Viral Organic Reach: High organic creator ER (10.45%),Celebrate the Tamil New Year with exciting offers @sathya.retail !
1596,Tier 4: Toggle OFF + Organic (Noise),Sathya,Tamil Nadu (HQ: Tuticorin / Chennai),@anu.official23,134691,112184,6064,58,5.41%,4.55%,2026-06-27,https://www.instagram.com/p/DaFnlFEPym6/,⚪ Standard Organic: Baseline organic collab reach,The Wait Is Over! @sathya.retail  Full Moon Sale Is Here
1597,Tier 4: Toggle OFF + Organic (Noise),Pai International,Karnataka & Telangana (HQ: Bengaluru),@anusha_acharya_official_,120121,111980,6053,72,5.41%,5.10%,2026-08-08,https://www.instagram.com/p/DbxzxP4xys9/,📈 Viral Organic Reach: High organic creator ER (5.1%),Planning to shop for electronics? 👀✨
1598,Tier 4: Toggle OFF + Organic (Noise),Sathya,Tamil Nadu (HQ: Tuticorin / Chennai),@aruppukottaians,37326,111647,6035,17,5.41%,16.22%,2026-06-27,https://www.instagram.com/p/DaFnUwMBAT2/,📈 Viral Organic Reach: High organic creator ER (16.22%),The Wait Is Over! @sathya.retail  Full Moon Sale Is Here
1599,Tier 4: Toggle OFF + Organic (Noise),Pai International,Karnataka & Telangana (HQ: Bengaluru),@diksh.diaries,350035,111499,6027,68,5.41%,1.74%,2026-02-28,https://www.instagram.com/p/DVSs5CQDCWG/,⚪ Standard Organic: Baseline organic collab reach,There’s something about a phone that just feels right the moment you pick it up.
1600,Tier 4: Toggle OFF + Organic (Noise),Bajaj Electronics,Telangana & Andhra Pradesh (HQ: Hyderabad),@srinavyakala,194950,110556,5976,56,5.41%,3.09%,2026-07-07,https://www.instagram.com/p/DafdOpLPPSe/,⚪ Standard Organic: Baseline organic collab reach,New laptop on your checklist? 💻✨
1601,Tier 4: Toggle OFF + Organic (Noise),Sathya,Tamil Nadu (HQ: Tuticorin / Chennai),@payasam_official,1256509,110315,5963,36,5.41%,0.48%,2025-03-21,https://www.instagram.com/p/DHdlg1jSV-s/,⚪ Standard Organic: Baseline organic collab reach,A Cool Summer for Your Family! ❄️👨‍👩‍👧‍👦
1602,Tier 4: Toggle OFF + Organic (Noise),Sathya,Tamil Nadu (HQ: Tuticorin / Chennai),@payasam_official,1256509,110315,5963,36,5.41%,0.48%,2025-01-23,https://www.instagram.com/p/DFLFDygy28D/,⚪ Standard Organic: Baseline organic collab reach,Republic day super offer at our @sathya.retail
1603,Tier 4: Toggle OFF + Organic (Noise),Aditya Vision,"Bihar, Jharkhand & UP (HQ: Patna)",@waah_bikramganj2024,16830,109964,5944,41,5.41%,35.56%,2026-07-01,https://www.instagram.com/p/DaP82tzP7lr/,📈 Viral Organic Reach: High organic creator ER (35.56%),"₹ 51 में घर लाए AC, आरा रोड आदित्या विजन बिक्रमगंज बिहार 📍@waah_bikramganj2024"
1604,Tier 4: Toggle OFF + Organic (Noise),Tata Neu,"Pan-India / Maharashtra (HQ: Mumbai, Tata Digital)",@anushkahazraa,531225,109853,5938,295,5.41%,1.17%,2025-05-31,https://www.instagram.com/p/DKUnHapIsd8/,⚪ Standard Organic: Baseline organic collab reach,"BRB, adding everything to cart 👀🛒🩷"
1605,Tier 4: Toggle OFF + Organic (Noise),Sathya,Tamil Nadu (HQ: Tuticorin / Chennai),@the_nabisha,160158,109446,5916,60,5.41%,3.73%,2026-04-09,https://www.instagram.com/p/DW6kB4mjz6h/,⚪ Standard Organic: Baseline organic collab reach,Celebrate the Tamil New Year with exciting offers @sathya.retail !
1606,Tier 4: Toggle OFF + Organic (Noise),Sathya,Tamil Nadu (HQ: Tuticorin / Chennai),@tk_tamilan_,319218,109224,5904,1170,5.41%,2.22%,2026-07-27,https://www.instagram.com/p/DbS44G6h52L/,⚪ Standard Organic: Baseline organic collab reach,Samsung galaxy z fold8 & z fold8 ultra prebooking started @sathya.retail
1607,Tier 4: Toggle OFF + Organic (Noise),Sathya,Tamil Nadu (HQ: Tuticorin / Chennai),@haripriyaa_official,1276716,109205,5903,82,5.41%,0.47%,2025-01-23,https://www.instagram.com/p/DFLECZPTmg9/,⚪ Standard Organic: Baseline organic collab reach,Republic day super offer at our @sathya.retail
1608,Tier 4: Toggle OFF + Organic (Noise),Aditya Vision,"Bihar, Jharkhand & UP (HQ: Patna)",@aligarh_ke_bande,124453,109187,5902,67,5.41%,4.80%,2026-05-18,https://www.instagram.com/p/DYeUIUGyggZ/,⚪ Standard Organic: Baseline organic collab reach,Big news for Aligarh! Biggest electronics destination is now live 🛍️✨
1609,Tier 4: Toggle OFF + Organic (Noise),Sathya,Tamil Nadu (HQ: Tuticorin / Chennai),@times_of_madurai_,183977,108706,5876,80,5.41%,3.24%,2025-03-26,https://www.instagram.com/p/DHql_3HhxC7/,⚪ Standard Organic: Baseline organic collab reach,Mega Year end Sale at @sathya.retail!
1610,Tier 4: Toggle OFF + Organic (Noise),Croma,"Pan-India / Maharashtra (HQ: Mumbai, Tata Group)",@ipsashahh,222748,108243,5851,68,5.41%,2.66%,2025-08-28,https://www.instagram.com/p/DN5WqqeEo90/,⚪ Standard Organic: Baseline organic collab reach,Ganesh Chaturthi is the perfect festival for new beginnings✨
1611,Tier 4: Toggle OFF + Organic (Noise),Vijay Sales,Maharashtra / Pan-India (HQ: Mumbai),@nikkiiiipawar,160006,107651,5819,38,5.41%,3.66%,2025-10-11,https://www.instagram.com/p/DPq8JDVEmbH/,⚪ Standard Organic: Baseline organic collab reach,Can we just take a moment for how smooth this phone is? 🤯 The new OPPO F31 Series is literally like butter – even in India’s crazy heat! 🔥
1612,Tier 4: Toggle OFF + Organic (Noise),Bajaj Electronics,Telangana & Andhra Pradesh (HQ: Hyderabad),@supriyarathnam,263777,107466,5809,128,5.41%,2.25%,2025-06-20,https://www.instagram.com/p/DLIKO3ptOSs/,⚪ Standard Organic: Baseline organic collab reach,Back to College Offers at Bajaj Electronics! 🎓
1613,Tier 4: Toggle OFF + Organic (Noise),Sathya,Tamil Nadu (HQ: Tuticorin / Chennai),@priyankha_masthani,788372,106634,5764,111,5.41%,0.75%,2025-07-31,https://www.instagram.com/p/DMxUYkbRgQZ/,⚪ Standard Organic: Baseline organic collab reach,Why spend hours editing when your voice can do it in seconds?
1614,Tier 4: Toggle OFF + Organic (Noise),Sathya,Tamil Nadu (HQ: Tuticorin / Chennai),@priyankha_masthani,788372,106634,5764,111,5.41%,0.75%,2025-04-26,https://www.instagram.com/p/DI5_6iCRpbz/,⚪ Standard Organic: Baseline organic collab reach,"""See Clearly, Even Under Bright Sun"""
1615,Tier 4: Toggle OFF + Organic (Noise),Electronics Mart,Telangana & Andhra Pradesh (HQ: Hyderabad),@heyitsdikshaa,243314,106134,5737,89,5.41%,2.39%,2026-08-03,https://www.instagram.com/p/DblMrFoPxYV/,⚪ Standard Organic: Baseline organic collab reach,Who says you need a reason to gift yourself? 🍎✨
1616,Tier 4: Toggle OFF + Organic (Noise),Sathya,Tamil Nadu (HQ: Tuticorin / Chennai),@itsmdtech,53528,106042,5732,6874,5.41%,23.55%,2026-07-16,https://www.instagram.com/p/Da28i4OTxnu/,📈 Viral Organic Reach: High organic creator ER (23.55%),Ipdi oru offer ah miss panidadheengaa!! 🤞🏻🤩🤌🏻💸💸
1617,Tier 4: Toggle OFF + Organic (Noise),Vijay Sales,Maharashtra / Pan-India (HQ: Mumbai),@stufflistings,333143,105561,5706,252,5.41%,1.79%,2025-10-17,https://www.instagram.com/p/DP6ax5WEq7u/,⚪ Standard Organic: Baseline organic collab reach,"Can’t escape pollution? Now you don’t have to, just purify it!"
1618,Tier 4: Toggle OFF + Organic (Noise),Bajaj Electronics,Telangana & Andhra Pradesh (HQ: Hyderabad),@sahithi_sharma,60872,103359,5587,67,5.41%,9.29%,2026-08-15,https://www.instagram.com/p/DcD4zlrRl5S/,📈 Viral Organic Reach: High organic creator ER (9.29%),Some upgrades just feel so worth it 😄✨
1619,Tier 4: Toggle OFF + Organic (Noise),Aditya Vision,"Bihar, Jharkhand & UP (HQ: Patna)",@behind.prayagraj,426782,103267,5582,44,5.41%,1.32%,2026-08-14,https://www.instagram.com/p/DcBdD4jJHNn/,⚪ Standard Organic: Baseline organic collab reach,💻 **Lenovo Laptop पर धमाकेदार ऑफर!** 🔥
1620,Tier 4: Toggle OFF + Organic (Noise),Tata Neu,"Pan-India / Maharashtra (HQ: Mumbai, Tata Digital)",@udayanonmoney,663829,102804,5557,6781,5.41%,1.86%,2025-05-30,https://www.instagram.com/p/DKRy0SYzE9m/,⚪ Standard Organic: Baseline organic collab reach,Comment ‘SAVE’ to unlock your free trip!
1621,Tier 4: Toggle OFF + Organic (Noise),Tata Neu,"Pan-India / Maharashtra (HQ: Mumbai, Tata Digital)",@udayanonmoney,663829,102804,5557,6781,5.41%,1.86%,2025-04-23,https://www.instagram.com/p/DIyfHtUskpH/,⚪ Standard Organic: Baseline organic collab reach,"Just cracked a solid hack—scoring up to 13% off at Westside (and loads of other brands) on the Tata Neu app, while locking a sweet 9.1% return on extr"
1622,Tier 4: Toggle OFF + Organic (Noise),Tata Neu,"Pan-India / Maharashtra (HQ: Mumbai, Tata Digital)",@udayanonmoney,663829,102804,5557,6781,5.41%,1.86%,2025-03-17,https://www.instagram.com/p/DHTQb99zjDn/,⚪ Standard Organic: Baseline organic collab reach,"💡 How I Get ₹60,000 Extra Every Year—Without Any Effort!"
1623,Tier 4: Toggle OFF + Organic (Noise),Aditya Vision,"Bihar, Jharkhand & UP (HQ: Patna)",@kr_pankajvlogs,233599,102545,5543,17,5.41%,2.38%,2025-07-25,https://www.instagram.com/p/DMh4HhdIzAW/,⚪ Standard Organic: Baseline organic collab reach,"“Meet the Gravity Series — India’s only AI‑Climate Control AC with fabric finish. Smart, stylish, supreme comfort.”"
1624,Tier 4: Toggle OFF + Organic (Noise),Sathya,Tamil Nadu (HQ: Tuticorin / Chennai),@vinitha_parthiban,698589,102249,5527,0,5.41%,0.79%,2026-01-23,https://www.instagram.com/p/DT2ZOnlkoxQ/,⚪ Standard Organic: Baseline organic collab reach,😂😂😂
1625,Tier 4: Toggle OFF + Organic (Noise),Sathya,Tamil Nadu (HQ: Tuticorin / Chennai),@vinitha_parthiban,698589,102249,5527,0,5.41%,0.79%,2025-12-03,https://www.instagram.com/p/DRy93e7kixw/,⚪ Standard Organic: Baseline organic collab reach,One day Sale
1626,Tier 4: Toggle OFF + Organic (Noise),Sathya,Tamil Nadu (HQ: Tuticorin / Chennai),@vinitha_parthiban,698589,102249,5527,0,5.41%,0.79%,2025-08-10,https://www.instagram.com/p/DNK2s_JxNKa/,⚪ Standard Organic: Baseline organic collab reach,Neenga Book Paniyacha
1627,Tier 4: Toggle OFF + Organic (Noise),Sathya,Tamil Nadu (HQ: Tuticorin / Chennai),@vinitha_parthiban,698589,102249,5527,0,5.41%,0.79%,2025-07-06,https://www.instagram.com/p/DLwjkjJRuP9/,⚪ Standard Organic: Baseline organic collab reach,Water La Potta Onum Aagatha 😳
1628,Tier 4: Toggle OFF + Organic (Noise),Sathya,Tamil Nadu (HQ: Tuticorin / Chennai),@vinitha_parthiban,698589,102249,5527,0,5.41%,0.79%,2025-02-05,https://www.instagram.com/p/DFrycV5x2_3/,⚪ Standard Organic: Baseline organic collab reach,Vitta Ac Odaichitu Irrupa
1629,Tier 4: Toggle OFF + Organic (Noise),Sathya,Tamil Nadu (HQ: Tuticorin / Chennai),@subhavaradharajofficial,218692,101750,5500,585,5.41%,2.78%,2025-11-03,https://www.instagram.com/p/DQmBOaYjy6J/,⚪ Standard Organic: Baseline organic collab reach,Don’t miss the biggest shopping day of the month!
1630,Tier 4: Toggle OFF + Organic (Noise),Sathya,Tamil Nadu (HQ: Tuticorin / Chennai),@subhavaradharajofficial,218692,101750,5500,585,5.41%,2.78%,2025-07-05,https://www.instagram.com/p/DLunlD_xYiU/,⚪ Standard Organic: Baseline organic collab reach,The Oppo Reno 14 Series is Here!
1631,Tier 4: Toggle OFF + Organic (Noise),Electronics Mart,Telangana & Andhra Pradesh (HQ: Hyderabad),@apnatech_,711688,100640,5440,70,5.41%,0.77%,2026-02-26,https://www.instagram.com/p/DVOe7NmErsn/,⚪ Standard Organic: Baseline organic collab reach,Galaxy S26 series is official.
1632,Tier 4: Toggle OFF + Organic (Noise),Bajaj Electronics,Telangana & Andhra Pradesh (HQ: Hyderabad),@apnatech_,711688,100640,5440,70,5.41%,0.77%,2026-02-26,https://www.instagram.com/p/DVOe7NmErsn/,⚪ Standard Organic: Baseline organic collab reach,Galaxy S26 series is official.
1633,Tier 4: Toggle OFF + Organic (Noise),Great Eastern,West Bengal & East India (HQ: Kolkata),@jyotidaiya117,30928,100177,5415,20,5.41%,17.57%,2026-01-23,https://www.instagram.com/p/DT2NvOvD8iZ/,📈 Viral Organic Reach: High organic creator ER (17.57%),"✨ Bikaner walon, taiyaar ho jao! ✨"
1634,Tier 4: Toggle OFF + Organic (Noise),Aditya Vision,"Bihar, Jharkhand & UP (HQ: Patna)",@saurav_100rv,244955,99715,5390,101,5.41%,2.24%,2026-08-10,https://www.instagram.com/p/Db2zpwQzLep/,⚪ Standard Organic: Baseline organic collab reach,"🇮🇳 आज़ादी का जश्न, बंपर बचत के संग! 🇮🇳"
1635,Tier 4: Toggle OFF + Organic (Noise),Aditya Vision,"Bihar, Jharkhand & UP (HQ: Patna)",@saurav_100rv,244955,99715,5390,101,5.41%,2.24%,2026-08-06,https://www.instagram.com/p/Dbsj4pDT_fH/,⚪ Standard Organic: Baseline organic collab reach,📱✨ अगर फोन से बढ़कर कुछ चाहिए… तो मिलिए नए Samsung Galaxy Z Fold8 / Galaxy Z Fold8 Ultra से!
1636,Tier 4: Toggle OFF + Organic (Noise),Aditya Vision,"Bihar, Jharkhand & UP (HQ: Patna)",@saurav_100rv,244955,99715,5390,101,5.41%,2.24%,2026-06-09,https://www.instagram.com/p/DZXmR17zIwg/,⚪ Standard Organic: Baseline organic collab reach,Kisi ka dream gamer banna hai… 🎮
1637,Tier 4: Toggle OFF + Organic (Noise),Aditya Vision,"Bihar, Jharkhand & UP (HQ: Patna)",@saurav_100rv,244955,99715,5390,101,5.41%,2.24%,2026-05-24,https://www.instagram.com/p/DYuWM-zz-em/,⚪ Standard Organic: Baseline organic collab reach,Bhai ab sirf TV dekhne ka nahi…
1638,Tier 4: Toggle OFF + Organic (Noise),Aditya Vision,"Bihar, Jharkhand & UP (HQ: Patna)",@saurav_100rv,244955,99715,5390,101,5.41%,2.24%,2026-03-08,https://www.instagram.com/p/DVm_XSdk_KW/,⚪ Standard Organic: Baseline organic collab reach,📱 Samsung Galaxy S26 Ultra😍
1639,Tier 4: Toggle OFF + Organic (Noise),Aditya Vision,"Bihar, Jharkhand & UP (HQ: Patna)",@saurav_100rv,244955,99715,5390,101,5.41%,2.24%,2026-02-08,https://www.instagram.com/p/DUf02xEElZq/,⚪ Standard Organic: Baseline organic collab reach,इस विश्व कप का हर रोमांच अब घर बैठे स्टेडियम जैसा! 🏏✨
1640,Tier 4: Toggle OFF + Organic (Noise),Aditya Vision,"Bihar, Jharkhand & UP (HQ: Patna)",@saurav_100rv,244955,99715,5390,101,5.41%,2.24%,2026-01-21,https://www.instagram.com/p/DTxRLLRkrQB/,⚪ Standard Organic: Baseline organic collab reach,🇮🇳 26 साल का भरोसा 26 जनवरी का जश्न! 🇮🇳
1641,Tier 4: Toggle OFF + Organic (Noise),Aditya Vision,"Bihar, Jharkhand & UP (HQ: Patna)",@saurav_100rv,244955,99715,5390,101,5.41%,2.24%,2025-12-19,https://www.instagram.com/p/DSccu9Kko6I/,⚪ Standard Organic: Baseline organic collab reach,"Lucknow walo, badi khushkhabri! 🎉"
1642,Tier 4: Toggle OFF + Organic (Noise),Aditya Vision,"Bihar, Jharkhand & UP (HQ: Patna)",@saurav_100rv,244955,99715,5390,101,5.41%,2.24%,2025-10-15,https://www.instagram.com/p/DP1cYmtErXg/,⚪ Standard Organic: Baseline organic collab reach,Aa gaya hai Saal ka sabse bada Diwali Sale Dhamaka! 🎉
1643,Tier 4: Toggle OFF + Organic (Noise),Aditya Vision,"Bihar, Jharkhand & UP (HQ: Patna)",@saurav_100rv,244955,99715,5390,101,5.41%,2.24%,2025-09-21,https://www.instagram.com/p/DO2coM4Eu3d/,⚪ Standard Organic: Baseline organic collab reach,"🚨 iPhone Lovers, Gear Up! 🤩"
1644,Tier 4: Toggle OFF + Organic (Noise),Aditya Vision,"Bihar, Jharkhand & UP (HQ: Patna)",@saurav_100rv,244955,99715,5390,101,5.41%,2.24%,2025-08-12,https://www.instagram.com/p/DNPf8W0Kay1/,⚪ Standard Organic: Baseline organic collab reach,🎉 आदित्य विज़न 15 अगस्त सेल शुरू!
1645,Tier 4: Toggle OFF + Organic (Noise),Aditya Vision,"Bihar, Jharkhand & UP (HQ: Patna)",@saurav_100rv,244955,99715,5390,101,5.41%,2.24%,2025-03-06,https://www.instagram.com/p/DG2Ij2uSbVs/,⚪ Standard Organic: Baseline organic collab reach,लखनऊ में खुल गए हैं एक साथ 6 नए स्टोर ✨
1646,Tier 4: Toggle OFF + Organic (Noise),Bajaj Electronics,Telangana & Andhra Pradesh (HQ: Hyderabad),@riyasoniofficial,720479,98827,5342,85,5.41%,0.75%,2026-08-05,https://www.instagram.com/p/Dbp0F-rzX6r/,⚪ Standard Organic: Baseline organic collab reach,🍎 Apple Days are LIVE at Bajaj Electronics! ✨
1647,Tier 4: Toggle OFF + Organic (Noise),Pai International,Karnataka & Telangana (HQ: Bengaluru),@panchami.krishna,229682,98438,5321,148,5.41%,2.38%,2025-03-08,https://www.instagram.com/p/DG8RQe3NUpE/,⚪ Standard Organic: Baseline organic collab reach,Pai International is celebrating 𝟐𝟓 𝐘𝐞𝐚𝐫𝐬 𝐨𝐟 𝐇𝐚𝐩𝐩𝐲 𝐇𝐨𝐦𝐞𝐬 with a 𝐒𝐩𝐞𝐜𝐢𝐚𝐥 𝐀𝐧𝐧𝐢𝐯𝐞𝐫𝐬𝐚𝐫𝐲 𝐒𝐚𝐥𝐞
1648,Tier 4: Toggle OFF + Organic (Noise),Sathya,Tamil Nadu (HQ: Tuticorin / Chennai),@vj_deepika_,515454,98327,5315,57,5.41%,1.04%,2025-08-01,https://www.instagram.com/p/DMzV2hcz-Qu/,⚪ Standard Organic: Baseline organic collab reach,Why spend hours editing when your voice can do it in seconds?
1649,Tier 4: Toggle OFF + Organic (Noise),Sathya,Tamil Nadu (HQ: Tuticorin / Chennai),@rajisriv,409759,97217,5255,40,5.41%,1.29%,2025-10-16,https://www.instagram.com/p/DP3-dpKk2kZ/,⚪ Standard Organic: Baseline organic collab reach,Diwali Super Sale at @sathya.retail
1650,Tier 4: Toggle OFF + Organic (Noise),Sathya,Tamil Nadu (HQ: Tuticorin / Chennai),@rajisriv,409759,97217,5255,40,5.41%,1.29%,2025-10-04,https://www.instagram.com/p/DPY0_G7kyZg/,⚪ Standard Organic: Baseline organic collab reach,@sathya_retail BIG FULL MOON SALE ALERT! 🌕✨
1651,Tier 4: Toggle OFF + Organic (Noise),Sathya,Tamil Nadu (HQ: Tuticorin / Chennai),@rajisriv,409759,97217,5255,40,5.41%,1.29%,2025-10-02,https://www.instagram.com/p/DPToL2FkwbW/,⚪ Standard Organic: Baseline organic collab reach,@sathya_retail BIG FULL MOON SALE ALERT! 🌕✨
1652,Tier 4: Toggle OFF + Organic (Noise),Sathya,Tamil Nadu (HQ: Tuticorin / Chennai),@rajisriv,409759,97217,5255,40,5.41%,1.29%,2025-07-15,https://www.instagram.com/p/DMIWs3SR7R4/,⚪ Standard Organic: Baseline organic collab reach,@Sathya.retail  brings you the future in your hands – pre-booking is now open for the all-new Samsung Z Fold 7 & Z Flip 7!  Prebook today and unlock e
1653,Tier 4: Toggle OFF + Organic (Noise),Sathya,Tamil Nadu (HQ: Tuticorin / Chennai),@rajisriv,409759,97217,5255,40,5.41%,1.29%,2025-04-11,https://www.instagram.com/p/DITnRdgSLZ2/,⚪ Standard Organic: Baseline organic collab reach,Tamil New Year Sale is ON at @sathya.retail ! Celebrate with unbeatable deals! Don’t miss the exciting offers
1654,Tier 4: Toggle OFF + Organic (Noise),Aditya Vision,"Bihar, Jharkhand & UP (HQ: Patna)",@jar_pictures,42890,96847,5235,54,5.41%,12.34%,2026-04-19,https://www.instagram.com/p/DXTOG4EkryU/,📈 Viral Organic Reach: High organic creator ER (12.34%),गर्मी से राहत चाहिए और बचत भी?
1655,Tier 4: Toggle OFF + Organic (Noise),Sathya,Tamil Nadu (HQ: Tuticorin / Chennai),@black_cupid.00,115746,96329,5207,88,5.41%,4.58%,2025-05-26,https://www.instagram.com/p/DKG0CJGx648/,⚪ Standard Organic: Baseline organic collab reach,@sathya.retail Sathya super sale is happening from May 28 - 31
1656,Tier 4: Toggle OFF + Organic (Noise),Sathya,Tamil Nadu (HQ: Tuticorin / Chennai),@black_cupid.00,115746,96329,5207,88,5.41%,4.58%,2025-03-27,https://www.instagram.com/p/DHtTF8tzKwC/,⚪ Standard Organic: Baseline organic collab reach,Sathya Year end Sale
1657,Tier 4: Toggle OFF + Organic (Noise),Sathya,Tamil Nadu (HQ: Tuticorin / Chennai),@mr.harishragav,7405,96237,5202,72,5.41%,71.23%,2025-03-28,https://www.instagram.com/p/DHv4oWqSeXl/,📈 Viral Organic Reach: High organic creator ER (71.23%),Sathya Year end Sale
1658,Tier 4: Toggle OFF + Organic (Noise),Sathya,Tamil Nadu (HQ: Tuticorin / Chennai),@juujee_official,117736,95608,5168,59,5.41%,4.44%,2025-05-26,https://www.instagram.com/p/DKGvu9SxfrX/,⚪ Standard Organic: Baseline organic collab reach,@sathya.retail Sathya super sale is happening from May 28 - 31
1659,Tier 4: Toggle OFF + Organic (Noise),Sathya,Tamil Nadu (HQ: Tuticorin / Chennai),@fitsio_max,602694,94609,5114,90,5.41%,0.86%,2025-04-11,https://www.instagram.com/p/DITZYSjyojl/,⚪ Standard Organic: Baseline organic collab reach,Tamil New Year Sale is ON at @sathya.retail ! Celebrate with unbeatable deals! Don’t miss the exciting offers
1660,Tier 4: Toggle OFF + Organic (Noise),Sathya,Tamil Nadu (HQ: Tuticorin / Chennai),@nellaiboysofficial,384521,94072,5085,60,5.41%,1.34%,2025-07-06,https://www.instagram.com/p/DLxAbV5vZwt/,⚪ Standard Organic: Baseline organic collab reach,"@sathya.retail  proudly opens its 326th showroom at Thisayanvilai on July 7! Enjoy exciting launch offers, special discounts, and assured gifts on pur"
1661,Tier 4: Toggle OFF + Organic (Noise),Electronics Mart,Telangana & Andhra Pradesh (HQ: Hyderabad),@styleby_akankshasingh,115209,93980,5080,72,5.41%,4.47%,2026-08-01,https://www.instagram.com/p/DbfKymgPpsK/,⚪ Standard Organic: Baseline organic collab reach,Apple Days are LIVE!
1662,Tier 4: Toggle OFF + Organic (Noise),Sathya,Tamil Nadu (HQ: Tuticorin / Chennai),@swethadorathy,111361,93924,5077,53,5.41%,4.61%,2025-12-11,https://www.instagram.com/p/DSHpyWlkf6K/,⚪ Standard Organic: Baseline organic collab reach,"@sathya.retail happily launched the vivo x300 series, featuring the extraordinary ZEISS APO Telephoto Camera — a masterpiece built for photography per"
1663,Tier 4: Toggle OFF + Organic (Noise),Bajaj Electronics,Telangana & Andhra Pradesh (HQ: Hyderabad),@yashaswii_shetty,133902,93166,5036,31,5.41%,3.79%,2026-05-01,https://www.instagram.com/p/DXyFDV9pi13/,⚪ Standard Organic: Baseline organic collab reach,Saving while Spending what an offer 🤌🏻
1664,Tier 4: Toggle OFF + Organic (Noise),Sathya,Tamil Nadu (HQ: Tuticorin / Chennai),@sharuu_02_,56206,93166,5036,24,5.41%,9.01%,2026-07-26,https://www.instagram.com/p/DbQmYw5AD-V/,📈 Viral Organic Reach: High organic creator ER (9.01%),Coming July 29 🌕 Full Moon Sale @ Sathya 🔥
1665,Tier 4: Toggle OFF + Organic (Noise),Sathya,Tamil Nadu (HQ: Tuticorin / Chennai),@sharuu_02_,56206,93166,5036,24,5.41%,9.01%,2026-06-27,https://www.instagram.com/p/DaFm96BAcjH/,📈 Viral Organic Reach: High organic creator ER (9.01%),The Wait Is Over! @sathya.retail  Full Moon Sale Is Here
1666,Tier 4: Toggle OFF + Organic (Noise),Bajaj Electronics,Telangana & Andhra Pradesh (HQ: Hyderabad),@_vrindhareddy_,324947,92925,5023,63,5.41%,1.57%,2025-03-28,https://www.instagram.com/p/DHvfxW0paqh/,⚪ Standard Organic: Baseline organic collab reach,Beat the summer heat with Bajaj Electronics!
1667,Tier 4: Toggle OFF + Organic (Noise),Sathya,Tamil Nadu (HQ: Tuticorin / Chennai),@spicy_hand,228698,92870,5020,95,5.41%,2.24%,2025-02-13,https://www.instagram.com/p/DGAxlr0yfzN/,⚪ Standard Organic: Baseline organic collab reach,Kulukulu AC offer for Hot Summer  @sathya.retail !
1668,Tier 4: Toggle OFF + Organic (Noise),Sathya,Tamil Nadu (HQ: Tuticorin / Chennai),@gokul_and_durga,337486,92463,4998,41,5.41%,1.49%,2025-12-31,https://www.instagram.com/p/DS7aDJ2iS0X/,⚪ Standard Organic: Baseline organic collab reach,Apple Days Sale is LIVE at @sathya.retail from
1669,Tier 4: Toggle OFF + Organic (Noise),Sathya,Tamil Nadu (HQ: Tuticorin / Chennai),@gokul_and_durga,337486,92463,4998,41,5.41%,1.49%,2025-11-02,https://www.instagram.com/p/DQiiUQhidUT/,⚪ Standard Organic: Baseline organic collab reach,Don’t miss the biggest shopping day of the month!
1670,Tier 4: Toggle OFF + Organic (Noise),Sathya,Tamil Nadu (HQ: Tuticorin / Chennai),@mubarak_reviews,69160,92056,4976,29,5.41%,7.24%,2026-07-27,https://www.instagram.com/p/DbS96xhJvy-/,⚪ Standard Organic: Baseline organic collab reach,Coming July 29 🌕 Full Moon Sale @ Sathya 🔥
1671,Tier 4: Toggle OFF + Organic (Noise),Reliance Digital,"Pan-India / Maharashtra (HQ: Mumbai, Reliance Retail)",@vishwaajoshi27,232215,91316,4936,24,5.41%,2.14%,2025-04-06,https://www.instagram.com/p/DIGZhfwp1Hg/,⚪ Standard Organic: Baseline organic collab reach,Tag that friend who always wants the latest tech at the best prices.
1672,Tier 4: Toggle OFF + Organic (Noise),Vijay Sales,Maharashtra / Pan-India (HQ: Mumbai),@riapednekar03,153126,91038,4921,21,5.41%,3.23%,2026-02-23,https://www.instagram.com/p/DVF2R9ejZsP/,⚪ Standard Organic: Baseline organic collab reach,The all-new vivo V70. V70 Elite is finally here! ✨
1673,Tier 4: Toggle OFF + Organic (Noise),Aditya Vision,"Bihar, Jharkhand & UP (HQ: Patna)",@kishmish_girll,66507,90021,4866,61,5.41%,7.41%,2026-08-06,https://www.instagram.com/p/Dbr_cPJTjlf/,⚪ Standard Organic: Baseline organic collab reach,The future unfolds here. 💜📱
1674,Tier 4: Toggle OFF + Organic (Noise),Sathya,Tamil Nadu (HQ: Tuticorin / Chennai),@sumithra__devi,190427,89336,4829,40,5.41%,2.56%,2026-06-18,https://www.instagram.com/p/DZuwi3hPDyl/,⚪ Standard Organic: Baseline organic collab reach,Mama🤣🤣🤣🤣😡😡😡
1675,Tier 4: Toggle OFF + Organic (Noise),Sathya,Tamil Nadu (HQ: Tuticorin / Chennai),@sumithra__devi,190427,89336,4829,40,5.41%,2.56%,2025-11-26,https://www.instagram.com/p/DRhnI2DDwpl/,⚪ Standard Organic: Baseline organic collab reach,Twist iruku🤣🤣😡😡
1676,Tier 4: Toggle OFF + Organic (Noise),Sathya,Tamil Nadu (HQ: Tuticorin / Chennai),@sumithra__devi,190427,89336,4829,40,5.41%,2.56%,2025-10-10,https://www.instagram.com/p/DPoO-hID70L/,⚪ Standard Organic: Baseline organic collab reach,IPO peasu da 😡😡
1677,Tier 4: Toggle OFF + Organic (Noise),Sathya,Tamil Nadu (HQ: Tuticorin / Chennai),@sumithra__devi,190427,89336,4829,40,5.41%,2.56%,2025-09-20,https://www.instagram.com/p/DO0qB2VjzgK/,⚪ Standard Organic: Baseline organic collab reach,My salary 😌😌
1678,Tier 4: Toggle OFF + Organic (Noise),Sathya,Tamil Nadu (HQ: Tuticorin / Chennai),@sumithra__devi,190427,89336,4829,40,5.41%,2.56%,2025-07-05,https://www.instagram.com/p/DLuyEsNvU_F/,⚪ Standard Organic: Baseline organic collab reach,Innocent boyfriend 😭😭
1679,Tier 4: Toggle OFF + Organic (Noise),Sathya,Tamil Nadu (HQ: Tuticorin / Chennai),@sumithra__devi,190427,89336,4829,40,5.41%,2.56%,2025-05-25,https://www.instagram.com/p/DKFYkoKPSEN/,⚪ Standard Organic: Baseline organic collab reach,Reels ku reply 😂 tag bf😂
1680,Tier 4: Toggle OFF + Organic (Noise),Sathya,Tamil Nadu (HQ: Tuticorin / Chennai),@sumithra__devi,190427,89336,4829,40,5.41%,2.56%,2025-03-27,https://www.instagram.com/p/DHtWGO8v6lt/,⚪ Standard Organic: Baseline organic collab reach,Adangu da 🤣👊🏻🤬
1681,Tier 4: Toggle OFF + Organic (Noise),Sathya,Tamil Nadu (HQ: Tuticorin / Chennai),@sumithra__devi,190427,89336,4829,40,5.41%,2.56%,2025-03-12,https://www.instagram.com/p/DHGameHP1pK/,⚪ Standard Organic: Baseline organic collab reach,Sathya FULL MOON LED TV SUPER SALE - Live on 14th March 2025 -Morning 9 AM To Midnight 12 AM- One Day Only -
1682,Tier 4: Toggle OFF + Organic (Noise),Tata Neu,"Pan-India / Maharashtra (HQ: Mumbai, Tata Digital)",@niyatiiiiiiiiiiiii,33244,88430,4780,52,5.41%,14.54%,2025-06-02,https://www.instagram.com/p/DKY8odhqPvW/,⚪ Standard Organic: Baseline organic collab reach,Your wishlist is calling!
1683,Tier 4: Toggle OFF + Organic (Noise),Bajaj Electronics,Telangana & Andhra Pradesh (HQ: Hyderabad),@telugutechtuts,388643,87856,4749,260,5.41%,1.29%,2026-06-11,https://www.instagram.com/p/DZcgQgUB5nN/,⚪ Standard Organic: Baseline organic collab reach,Apple Days are back at Bajaj Electronics!
1684,Tier 4: Toggle OFF + Organic (Noise),Electronics Mart,Telangana & Andhra Pradesh (HQ: Hyderabad),@oyeemahakk_,123685,87301,4719,34,5.41%,3.84%,2026-08-06,https://www.instagram.com/p/Dbsuo_gTdAi/,⚪ Standard Organic: Baseline organic collab reach,POV: You found the right time to upgrade. ✨
1685,Tier 4: Toggle OFF + Organic (Noise),Sathya,Tamil Nadu (HQ: Tuticorin / Chennai),@nataraj_ks_raj,372541,87283,4718,26,5.41%,1.27%,2026-06-27,https://www.instagram.com/p/DaFvPa5B4Rv/,⚪ Standard Organic: Baseline organic collab reach,Sambalam vaanguradhukkulla Aangala azha vachuduvanga ..
1686,Tier 4: Toggle OFF + Organic (Noise),Sathya,Tamil Nadu (HQ: Tuticorin / Chennai),@nataraj_ks_raj,372541,87283,4718,26,5.41%,1.27%,2025-08-07,https://www.instagram.com/p/DNCs2FASrr6/,⚪ Standard Organic: Baseline organic collab reach,Get ready for the Full Moon Sale at @sathya.retail  happening this August 8 from morning 9 AM to midnight 12! Don’t miss special offers on ACs and was
1687,Tier 4: Toggle OFF + Organic (Noise),Bajaj Electronics,Telangana & Andhra Pradesh (HQ: Hyderabad),@tashvika_official,77748,87172,4712,85,5.41%,6.17%,2026-08-03,https://www.instagram.com/p/Dbk5QkhO2vA/,⚪ Standard Organic: Baseline organic collab reach,🍎 Apple Days are LIVE at Bajaj Electronics! ✨
1688,Tier 4: Toggle OFF + Organic (Noise),Sathya,Tamil Nadu (HQ: Tuticorin / Chennai),@sangeethavinoth_official,184781,86820,4693,39,5.41%,2.56%,2025-12-03,https://www.instagram.com/p/DRzEzwGEpJC/,⚪ Standard Organic: Baseline organic collab reach,"@sathya.retail Experience the all-new Vivo X300 & X300 Pro with 23mm and 50mm ZEISS lenses, including a 200MP ZEISS main camera. Powered by the Pro Im"
1689,Tier 4: Toggle OFF + Organic (Noise),Sathya,Tamil Nadu (HQ: Tuticorin / Chennai),@sangeethavinoth_official,184781,86820,4693,39,5.41%,2.56%,2025-08-09,https://www.instagram.com/p/DNI2tseTLnO/,⚪ Standard Organic: Baseline organic collab reach,"The wait is over!  @sathya.retail  proudly presents the official launch of the Haier M80F Series Mini LED TV, now available for you to experience.  En"
1690,Tier 4: Toggle OFF + Organic (Noise),Sathya,Tamil Nadu (HQ: Tuticorin / Chennai),@sangeethavinoth_official,184781,86820,4693,39,5.41%,2.56%,2025-02-28,https://www.instagram.com/p/DGndq4iycfh/,⚪ Standard Organic: Baseline organic collab reach,A Cool Summer for Your Family! ❄️👨‍👩‍👧‍👦
1691,Tier 4: Toggle OFF + Organic (Noise),Bajaj Electronics,Telangana & Andhra Pradesh (HQ: Hyderabad),@sushmitha_dhendhi,128566,85895,4643,86,5.41%,3.68%,2025-06-29,https://www.instagram.com/p/DLe7ii8hFux/,⚪ Standard Organic: Baseline organic collab reach,Back to College Offers at Bajaj Electronics! 🎓
1692,Tier 4: Toggle OFF + Organic (Noise),Bajaj Electronics,Telangana & Andhra Pradesh (HQ: Hyderabad),@iba_khann35,101734,85599,4627,86,5.41%,4.63%,2026-05-17,https://www.instagram.com/p/DYbuPgbuhT9/,⚪ Standard Organic: Baseline organic collab reach,“Premium compact feel meets ZEISS camera power!
1693,Tier 4: Toggle OFF + Organic (Noise),Sathya,Tamil Nadu (HQ: Tuticorin / Chennai),@ayshayrav,110718,85192,4605,44,5.41%,4.20%,2025-02-13,https://www.instagram.com/p/DGBInFuSsjZ/,⚪ Standard Organic: Baseline organic collab reach,Perfect gift for this Valentine’s Day for your partner to Capture beautiful moments together and print instantly with @instaxindia ♥️
1694,Tier 4: Toggle OFF + Organic (Noise),Sathya,Tamil Nadu (HQ: Tuticorin / Chennai),@vennila_veedu,249773,84656,4576,88,5.41%,1.87%,2025-02-06,https://www.instagram.com/p/DFvFCulysMj/,⚪ Standard Organic: Baseline organic collab reach,Funfilled day !! ❤️ minivlog
1695,Tier 4: Toggle OFF + Organic (Noise),Pai International,Karnataka & Telangana (HQ: Bengaluru),@darshanrxratod,129457,83953,4538,51,5.41%,3.54%,2026-01-20,https://www.instagram.com/p/DTu7mm5k3EP/,⚪ Standard Organic: Baseline organic collab reach,"Money road alli sikkidru, decision clear 💸😌"
1696,Tier 4: Toggle OFF + Organic (Noise),Electronics Mart,Telangana & Andhra Pradesh (HQ: Hyderabad),@anjali_verma_152,104967,83638,4521,219,5.41%,4.52%,2026-07-06,https://www.instagram.com/p/DaceJhoKUiV/,⚪ Standard Organic: Baseline organic collab reach,"Back to School ke liye naya laptop lene ka plan hai? 💻 Pehle Electronics Mart zaroor check karo! Top brands, exciting offers, assured gifts, cashback,"
1697,Tier 4: Toggle OFF + Organic (Noise),Electronics Mart,Telangana & Andhra Pradesh (HQ: Hyderabad),@techbites.co,218754,83213,4498,55,5.41%,2.08%,2026-06-28,https://www.instagram.com/p/DaH-tQEPIe_/,⚪ Standard Organic: Baseline organic collab reach,Best time to buy a laptop? Right now. 💻✨
1698,Tier 4: Toggle OFF + Organic (Noise),Tata Neu,"Pan-India / Maharashtra (HQ: Mumbai, Tata Digital)",@geekydev.in,477040,82991,4486,1480,5.41%,1.25%,2025-05-29,https://www.instagram.com/p/DKPZSPCzqsd/,⚪ Standard Organic: Baseline organic collab reach,🏏 Tata Neu Playoff Sale is live from 29th May to 3rd June and it’s time to upgrade your home like a champ! 💥
1699,Tier 4: Toggle OFF + Organic (Noise),Tata Neu,"Pan-India / Maharashtra (HQ: Mumbai, Tata Digital)",@tarish_entertainment,15811,82880,4480,36,5.41%,28.57%,2025-02-10,https://www.instagram.com/p/DF4_4mOoTRu/,⚪ Standard Organic: Baseline organic collab reach,@arijitsingh live in Panchkula on 16th February is presented by @tataneuofficial
1700,Tier 4: Toggle OFF + Organic (Noise),Pai International,Karnataka & Telangana (HQ: Bengaluru),@my_mysuru,403083,82750,4473,70,5.41%,1.13%,2025-10-14,https://www.instagram.com/p/DPyY2-GkTPV/,⚪ Standard Organic: Baseline organic collab reach,"𝐁𝐢𝐠 𝐍𝐞𝐰𝐬, 𝐌𝐲𝐬𝐮𝐫𝐮! 🎉"
1701,Tier 4: Toggle OFF + Organic (Noise),Reliance Digital,"Pan-India / Maharashtra (HQ: Mumbai, Reliance Retail)",@arshgoyalyt,479428,82325,4450,52,5.41%,0.94%,2026-01-31,https://www.instagram.com/p/DUKvuUIk__I/,⚪ Standard Organic: Baseline organic collab reach,This isn’t just a smartphone. It’s a signature.
1702,Tier 4: Toggle OFF + Organic (Noise),Sathya,Tamil Nadu (HQ: Tuticorin / Chennai),@ravi_siva_official,248155,82325,4450,17,5.41%,1.80%,2026-07-16,https://www.instagram.com/p/Da21ls9SQF9/,⚪ Standard Organic: Baseline organic collab reach,Oppo Days are here @sathya.retail
1703,Tier 4: Toggle OFF + Organic (Noise),Sathya,Tamil Nadu (HQ: Tuticorin / Chennai),@ravi_siva_official,248155,82325,4450,17,5.41%,1.80%,2025-05-25,https://www.instagram.com/p/DKFNx7tz-PG/,⚪ Standard Organic: Baseline organic collab reach,@sathya.retail Sathya super sale is happening from May 28 - 31
1704,Tier 4: Toggle OFF + Organic (Noise),Bajaj Electronics,Telangana & Andhra Pradesh (HQ: Hyderabad),@vidya_indurkar_official,49153,82232,4445,29,5.41%,9.10%,2026-08-18,https://www.instagram.com/p/DcLiB09TH6T/,⚪ Standard Organic: Baseline organic collab reach,Unfold the future with the all-new Samsung Galaxy Z Fold8 Ultra!
1705,Tier 4: Toggle OFF + Organic (Noise),Croma,"Pan-India / Maharashtra (HQ: Mumbai, Tata Group)",@shagunsharmaofficially,329508,82140,4440,151,5.41%,1.39%,2025-04-05,https://www.instagram.com/p/DIDx6GvpMJh/,⚪ Standard Organic: Baseline organic collab reach,Beat the heat this summer with a refrigerator that keeps things cool and fresh! ❄️🍉
1706,Tier 4: Toggle OFF + Organic (Noise),Bajaj Electronics,Telangana & Andhra Pradesh (HQ: Hyderabad),@shamitha.reddyy,125411,82066,4436,91,5.41%,3.61%,2026-06-12,https://www.instagram.com/p/DZebKonTEez/,⚪ Standard Organic: Baseline organic collab reach,Apple Days are back at Bajaj Electronics!
1707,Tier 4: Toggle OFF + Organic (Noise),Bajaj Electronics,Telangana & Andhra Pradesh (HQ: Hyderabad),@shineramya,223710,81973,4431,34,5.41%,2.00%,2026-08-05,https://www.instagram.com/p/DbqkN_RTdby/,⚪ Standard Organic: Baseline organic collab reach,🍎 Apple Days are LIVE at Bajaj Electronics! ✨
1708,Tier 4: Toggle OFF + Organic (Noise),Bajaj Electronics,Telangana & Andhra Pradesh (HQ: Hyderabad),@shineramya,223710,81973,4431,34,5.41%,2.00%,2025-09-28,https://www.instagram.com/p/DPJC3inCbaS/,⚪ Standard Organic: Baseline organic collab reach,Bajaj Electronics- India’s Leading Retailer in Electronics is back with its Famous India’s Biggest Festive Offer of ₹1 Crore Cash Prize and 30 Alto K1
1709,Tier 4: Toggle OFF + Organic (Noise),Pai International,Karnataka & Telangana (HQ: Bengaluru),@the_hungry_raichurian,120038,81067,4382,22,5.41%,3.67%,2025-10-07,https://www.instagram.com/p/DPgeQ9PDhd0/,⚪ Standard Organic: Baseline organic collab reach,Pai International Raichur🛍🛒
1710,Tier 4: Toggle OFF + Organic (Noise),Aditya Vision,"Bihar, Jharkhand & UP (HQ: Patna)",@jamshedpur.wala,241853,80937,4375,36,5.41%,1.82%,2026-08-10,https://www.instagram.com/p/Db3aJ65oZ10/,⚪ Standard Organic: Baseline organic collab reach,🇮🇳 15 August ki azaadi toh har saal… iss baar SHOPPING & SAVINGS ki bhi azaadi! 🔥
1711,Tier 4: Toggle OFF + Organic (Noise),Aditya Vision,"Bihar, Jharkhand & UP (HQ: Patna)",@jamshedpur.wala,241853,80937,4375,36,5.41%,1.82%,2026-06-12,https://www.instagram.com/p/DZeegd2op7K/,⚪ Standard Organic: Baseline organic collab reach,💻 Pehla laptop sirf ek gadget nahi hota… Future ki starting hoti hai. 🚀
1712,Tier 4: Toggle OFF + Organic (Noise),Aditya Vision,"Bihar, Jharkhand & UP (HQ: Patna)",@jamshedpur.wala,241853,80937,4375,36,5.41%,1.82%,2026-04-21,https://www.instagram.com/p/DXZOyDfiK3-/,⚪ Standard Organic: Baseline organic collab reach,Ghar ka kaam kabhi rukta nahi…
1713,Tier 4: Toggle OFF + Organic (Noise),Aditya Vision,"Bihar, Jharkhand & UP (HQ: Patna)",@jamshedpur.wala,241853,80937,4375,36,5.41%,1.82%,2026-03-09,https://www.instagram.com/p/DVpy5-hCNOj/,⚪ Standard Organic: Baseline organic collab reach,2026 का सबसे powerful smartphone
1714,Tier 4: Toggle OFF + Organic (Noise),Aditya Vision,"Bihar, Jharkhand & UP (HQ: Patna)",@jamshedpur.wala,241853,80937,4375,36,5.41%,1.82%,2026-01-24,https://www.instagram.com/p/DT4QraCj0AN/,⚪ Standard Organic: Baseline organic collab reach,*26 साल के भरोसे के साथ मनाएं 26 जनवरी का महाउत्सव!*
1715,Tier 4: Toggle OFF + Organic (Noise),Aditya Vision,"Bihar, Jharkhand & UP (HQ: Patna)",@jamshedpur.wala,241853,80937,4375,36,5.41%,1.82%,2025-12-20,https://www.instagram.com/p/DSfLCY2CA0Z/,⚪ Standard Organic: Baseline organic collab reach,🥶 Sardi bole – ghar raho
1716,Tier 4: Toggle OFF + Organic (Noise),Aditya Vision,"Bihar, Jharkhand & UP (HQ: Patna)",@jamshedpur.wala,241853,80937,4375,36,5.41%,1.82%,2025-10-16,https://www.instagram.com/p/DP3bNKLj0ka/,⚪ Standard Organic: Baseline organic collab reach,"✨ Is Diwali, ghar ko roshan karo Aditya Vision ke sath! ✨"
1717,Tier 4: Toggle OFF + Organic (Noise),Aditya Vision,"Bihar, Jharkhand & UP (HQ: Patna)",@jamshedpur.wala,241853,80937,4375,36,5.41%,1.82%,2025-09-19,https://www.instagram.com/p/DOyjhWYCEIL/,⚪ Standard Organic: Baseline organic collab reach,*The wait is finally over! 🤩
1718,Tier 4: Toggle OFF + Organic (Noise),Aditya Vision,"Bihar, Jharkhand & UP (HQ: Patna)",@jamshedpur.wala,241853,80937,4375,36,5.41%,1.82%,2025-08-12,https://www.instagram.com/p/DNQr0IBIodY/,⚪ Standard Organic: Baseline organic collab reach,"15 का दम, बंपर बचत हर कदम! 🇮🇳*"
1719,Tier 4: Toggle OFF + Organic (Noise),Aditya Vision,"Bihar, Jharkhand & UP (HQ: Patna)",@jamshedpur.wala,241853,80937,4375,36,5.41%,1.82%,2025-01-25,https://www.instagram.com/p/DFPqGRQINYu/,⚪ Standard Organic: Baseline organic collab reach,*🇮🇳 आदित्य विजन के साथ मनाइये ‘ग्रैंड रिपब्लिक डे सेल’ 🇮🇳*
1720,Tier 4: Toggle OFF + Organic (Noise),Aditya Vision,"Bihar, Jharkhand & UP (HQ: Patna)",@jamshedpur.wala,241853,80937,4375,36,5.41%,1.82%,2025-01-05,https://www.instagram.com/p/DEbepj3vWpn/,⚪ Standard Organic: Baseline organic collab reach,Aditya Vision Buy &Win 2024 (lucky draw ) 📍Ranchi
1721,Tier 4: Toggle OFF + Organic (Noise),Reliance Digital,"Pan-India / Maharashtra (HQ: Mumbai, Reliance Retail)",@hamidbarkzi07,388887,80549,4354,39,5.41%,1.13%,2025-10-02,https://www.instagram.com/p/DPTHtFIjBap/,⚪ Standard Organic: Baseline organic collab reach,You guys know how much I love trying new tech 📱
1722,Tier 4: Toggle OFF + Organic (Noise),Sathya,Tamil Nadu (HQ: Tuticorin / Chennai),@manda_kolaru_,77740,80216,4336,17,5.41%,5.60%,2025-03-12,https://www.instagram.com/p/DHF4wrMzgFr/,⚪ Standard Organic: Baseline organic collab reach,Sathya FULL MOON LED TV SUPER SALE - Live on 14th March 2025 -Morning 9 AM To Midnight 12 AM- One Day Only -
1723,Tier 4: Toggle OFF + Organic (Noise),Pai International,Karnataka & Telangana (HQ: Bengaluru),@radhyaaraj,209906,79938,4321,34,5.41%,2.08%,2026-01-14,https://www.instagram.com/p/DTe4rEnj5eK/,⚪ Standard Organic: Baseline organic collab reach,Redefining the Flagship Standard in The leadership in has officially endorsed the
1724,Tier 4: Toggle OFF + Organic (Noise),Sathya,Tamil Nadu (HQ: Tuticorin / Chennai),@seetha__vivek_,195997,79309,4287,137,5.41%,2.26%,2026-06-28,https://www.instagram.com/p/DaHiUwKR3kH/,⚪ Standard Organic: Baseline organic collab reach,🌕 Sathya Full Moon Sale is Here! 🔥
1725,Tier 4: Toggle OFF + Organic (Noise),Pai International,Karnataka & Telangana (HQ: Bengaluru),@pranwesha,508401,79309,4287,58,5.41%,0.85%,2026-07-26,https://www.instagram.com/p/DbQNHxfpG8s/,⚪ Standard Organic: Baseline organic collab reach,"AI said, “Clean it yourself.”"
1726,Tier 4: Toggle OFF + Organic (Noise),Pai International,Karnataka & Telangana (HQ: Bengaluru),@pranwesha,508401,79309,4287,58,5.41%,0.85%,2026-02-18,https://www.instagram.com/p/DU5qX5hE1Ze/,⚪ Standard Organic: Baseline organic collab reach,A brand-new smartphone at your daily coffee price? ☕📱
1727,Tier 4: Toggle OFF + Organic (Noise),Electronics Mart,Telangana & Andhra Pradesh (HQ: Hyderabad),@thepink.journey,552190,79124,4277,215,5.41%,0.81%,2026-06-26,https://www.instagram.com/p/DaCiINQTRjT/,⚪ Standard Organic: Baseline organic collab reach,Looking for a new laptop this season? 💻✨
1728,Tier 4: Toggle OFF + Organic (Noise),Sathya,Tamil Nadu (HQ: Tuticorin / Chennai),@madurai.hype,24919,78384,4237,14,5.41%,17.07%,2026-07-27,https://www.instagram.com/p/DbSqxYPSV3c/,⚪ Standard Organic: Baseline organic collab reach,"தரமான Home Appliances, Electronics & Furniture அனைத்தும் ஒரே இடத்தில்🤩"
1729,Tier 4: Toggle OFF + Organic (Noise),Bajaj Electronics,Telangana & Andhra Pradesh (HQ: Hyderabad),@sundari_smiles,186287,78125,4223,119,5.41%,2.33%,2025-06-25,https://www.instagram.com/p/DLUC_o5JcHD/,⚪ Standard Organic: Baseline organic collab reach,Back to College Offers at Bajaj Electronics! 🎓
1730,Tier 4: Toggle OFF + Organic (Noise),Bajaj Electronics,Telangana & Andhra Pradesh (HQ: Hyderabad),@saikiranyedida,182353,77459,4187,33,5.41%,2.31%,2025-01-24,https://www.instagram.com/p/DFNtt1dyHK2/,⚪ Standard Organic: Baseline organic collab reach,Bajaj Electronics Republic Day Offers are here with the widest range of electronics at unbeatable prices! Avail exciting cashback deals and Easy EMI o
1731,Tier 4: Toggle OFF + Organic (Noise),Croma,"Pan-India / Maharashtra (HQ: Mumbai, Tata Group)",@mistydoii,39123,77256,4176,173,5.41%,11.12%,2025-07-28,https://www.instagram.com/p/DMpuqdSpwJ_/,⚪ Standard Organic: Baseline organic collab reach,"From গরম ভাঁড়ের চা to sunsets at Mullick Ghat, or the book lanes of College Street, falling in love with Kolkata all over again through the lens of th"
1732,Tier 4: Toggle OFF + Organic (Noise),Reliance Digital,"Pan-India / Maharashtra (HQ: Mumbai, Reliance Retail)",@keshavsadhna,246767,77052,4165,113,5.41%,1.73%,2025-10-03,https://www.instagram.com/p/DPWFpIiD_JZ/,⚪ Standard Organic: Baseline organic collab reach,"One of the best budget phones in this price range! Big thanks to Reliance Digital Studio for making life so convenient — everything under one roof, an"
1733,Tier 4: Toggle OFF + Organic (Noise),Sathya,Tamil Nadu (HQ: Tuticorin / Chennai),@abduls_vibe,51630,76923,4158,55,5.41%,8.16%,2026-06-28,https://www.instagram.com/p/DaIMwMAyMei/,⚪ Standard Organic: Baseline organic collab reach,The Wait Is Over! @sathya.retail 🌕 Full Moon Sale Is Here
1734,Tier 4: Toggle OFF + Organic (Noise),Electronics Mart,Telangana & Andhra Pradesh (HQ: Hyderabad),@deepanshi.batraa,102754,76257,4122,151,5.41%,4.16%,2026-08-15,https://www.instagram.com/p/DcDlOhUSvi5/,⚪ Standard Organic: Baseline organic collab reach,One fold. A whole new experience. 💜
1735,Tier 4: Toggle OFF + Organic (Noise),Sathya,Tamil Nadu (HQ: Tuticorin / Chennai),@gayathri__gnanasekaran,171852,76220,4120,48,5.41%,2.43%,2025-02-05,https://www.instagram.com/p/DFshJB1vPcY/,⚪ Standard Organic: Baseline organic collab reach,🚀 kulu kulu AC Offer is Here! ❄️🔥Get ready to shop till you drop at @sathya.retail with the biggest AC sale of the season! 🏷️ Grab top branded ACs at 
1736,Tier 4: Toggle OFF + Organic (Noise),Sathya,Tamil Nadu (HQ: Tuticorin / Chennai),@mr_monster_kalaki_,40590,76090,4113,6,5.41%,10.15%,2025-03-27,https://www.instagram.com/p/DHsW7fAx4oh/,⚪ Standard Organic: Baseline organic collab reach,Sathya Year end Sale
1737,Tier 4: Toggle OFF + Organic (Noise),Aditya Vision,"Bihar, Jharkhand & UP (HQ: Patna)",@dhanbad_vibes_,63399,75702,4092,38,5.41%,6.52%,2026-08-12,https://www.instagram.com/p/Db7a_tkzmZN/,⚪ Standard Organic: Baseline organic collab reach,"🇮🇳 आज़ादी का जश्न, बंपर बचत के संग! 🔥"
1738,Tier 4: Toggle OFF + Organic (Noise),Pai International,Karnataka & Telangana (HQ: Bengaluru),@iamsharjeelali,133784,75295,4070,29,5.41%,3.06%,2026-05-23,https://www.instagram.com/p/DYrLwAqpyM5/,⚪ Standard Organic: Baseline organic collab reach,Upgrade season is officially here 🔥📱
1739,Tier 4: Toggle OFF + Organic (Noise),Sathya,Tamil Nadu (HQ: Tuticorin / Chennai),@rithanya.duraiswamy,97469,74795,4043,45,5.41%,4.19%,2025-03-28,https://www.instagram.com/p/DHvZ5Znywo2/,⚪ Standard Organic: Baseline organic collab reach,Sathya Year end Sale
1740,Tier 4: Toggle OFF + Organic (Noise),Sathya,Tamil Nadu (HQ: Tuticorin / Chennai),@ammakaipakkuvam,181942,74666,4036,87,5.41%,2.27%,2026-08-13,https://www.instagram.com/p/Db-uy4dMfck/,⚪ Standard Organic: Baseline organic collab reach,எங்க அம்மாவுடைய கனவு நிறைவேற்றினதுல ரொம்பவுமே சந்தோஷமா இருக்கு
1741,Tier 4: Toggle OFF + Organic (Noise),Sathya,Tamil Nadu (HQ: Tuticorin / Chennai),@ammakaipakkuvam,181942,74666,4036,87,5.41%,2.27%,2025-11-02,https://www.instagram.com/p/DQjZtOyExN-/,⚪ Standard Organic: Baseline organic collab reach,அம்மா செம்ம கோவமா இருக்காங்க 😰
1742,Tier 4: Toggle OFF + Organic (Noise),Sathya,Tamil Nadu (HQ: Tuticorin / Chennai),@dr_sharmika,679858,74407,4022,59,5.41%,0.60%,2025-05-25,https://www.instagram.com/p/DKFETH5SGwx/,⚪ Standard Organic: Baseline organic collab reach,@sathya.retail Sathya super sale is happening from May 28 - 31
1743,Tier 4: Toggle OFF + Organic (Noise),Bajaj Electronics,Telangana & Andhra Pradesh (HQ: Hyderabad),@_.velvet.waves._,17116,73741,3986,44,5.41%,23.55%,2026-08-07,https://www.instagram.com/p/DbugjvESbCa/,⚪ Standard Organic: Baseline organic collab reach,🍎 Apple Days are LIVE at Bajaj Electronics! ✨
1744,Tier 4: Toggle OFF + Organic (Noise),Sathya,Tamil Nadu (HQ: Tuticorin / Chennai),@sivagangaiexpress,172173,73722,3985,26,5.41%,2.33%,2026-07-27,https://www.instagram.com/p/DbSa2A2vRFG/,⚪ Standard Organic: Baseline organic collab reach,Full Moon Sale is here!
1745,Tier 4: Toggle OFF + Organic (Noise),Sathya,Tamil Nadu (HQ: Tuticorin / Chennai),@queen_of_milky_lub,149060,73149,3954,19,5.41%,2.67%,2025-03-12,https://www.instagram.com/p/DHF9n5fRiR1/,⚪ Standard Organic: Baseline organic collab reach,Sathya FULL MOON LED TV SUPER SALE - Live on 14th March 2025 -Morning 9 AM To Midnight 12 AM- One Day Only -
1746,Tier 4: Toggle OFF + Organic (Noise),Bajaj Electronics,Telangana & Andhra Pradesh (HQ: Hyderabad),@anandinavolu,291088,72871,3939,142,5.41%,1.40%,2026-08-15,https://www.instagram.com/p/DcC85T6zzzR/,⚪ Standard Organic: Baseline organic collab reach,Start your New Story with the new vivo S2! 📱🔥
1747,Tier 4: Toggle OFF + Organic (Noise),Bajaj Electronics,Telangana & Andhra Pradesh (HQ: Hyderabad),@anandinavolu,291088,72871,3939,142,5.41%,1.40%,2026-05-14,https://www.instagram.com/p/DYVEKsgTp18/,⚪ Standard Organic: Baseline organic collab reach,"""vivo X300FE is here!"
1748,Tier 4: Toggle OFF + Organic (Noise),Bajaj Electronics,Telangana & Andhra Pradesh (HQ: Hyderabad),@itsme__siri,257611,72834,3937,89,5.41%,1.56%,2026-05-03,https://www.instagram.com/p/DX4Bs4HyM0F/,⚪ Standard Organic: Baseline organic collab reach,🔥 Apple Days are LIVE at Everyone’s Favorite Bajaj Electronics!!
1749,Tier 4: Toggle OFF + Organic (Noise),Bajaj Electronics,Telangana & Andhra Pradesh (HQ: Hyderabad),@itsme__siri,257611,72834,3937,89,5.41%,1.56%,2025-06-28,https://www.instagram.com/p/DLbeDywJD5c/,⚪ Standard Organic: Baseline organic collab reach,Back to College Offers at Bajaj Electronics! 🎓
1750,Tier 4: Toggle OFF + Organic (Noise),Tata Neu,"Pan-India / Maharashtra (HQ: Mumbai, Tata Digital)",@mybutter_half,59348,72501,3919,28,5.41%,6.65%,2025-05-29,https://www.instagram.com/p/DKPeJipvg8T/,⚪ Standard Organic: Baseline organic collab reach,"If you love cooking with Gourmet ingredients, I’ve got something for you. Stock up your pantry & save big during the Tata Neu Playoff Sale, powered by"
1751,Tier 4: Toggle OFF + Organic (Noise),Bajaj Electronics,Telangana & Andhra Pradesh (HQ: Hyderabad),@sony_balla,92331,72113,3898,32,5.41%,4.26%,2026-08-17,https://www.instagram.com/p/DcI3pH6yu9e/,⚪ Standard Organic: Baseline organic collab reach,One phone. So many possibilities. 📱✨
1752,Tier 4: Toggle OFF + Organic (Noise),Sathya,Tamil Nadu (HQ: Tuticorin / Chennai),@sangeetha_subbiah_,164604,71965,3890,39,5.41%,2.39%,2025-05-25,https://www.instagram.com/p/DKE6nlsxZDi/,⚪ Standard Organic: Baseline organic collab reach,@sathya.retail Sathya super sale is happening from May 28 - 31
1753,Tier 4: Toggle OFF + Organic (Noise),Pai International,Karnataka & Telangana (HQ: Bengaluru),@itsepsiba,88123,71835,3883,32,5.41%,4.44%,2025-09-24,https://www.instagram.com/p/DO_LF9BE6j9/,⚪ Standard Organic: Baseline organic collab reach,"✨ The newest Apple devices have arrived at Pai International & Pai Mobiles now across 220+ stores in Karnataka, Andhra Pradesh & Telangana!"
1754,Tier 4: Toggle OFF + Organic (Noise),Pai International,Karnataka & Telangana (HQ: Bengaluru),@aroundnammabengaluru,310156,71817,3882,42,5.41%,1.27%,2026-08-12,https://www.instagram.com/p/Db8MLu8pnzl/,⚪ Standard Organic: Baseline organic collab reach,Thinking about upgrading your phone? Here’s your sign. 👀
1755,Tier 4: Toggle OFF + Organic (Noise),Pai International,Karnataka & Telangana (HQ: Bengaluru),@nandini_gowda2,519138,71761,3879,8,5.41%,0.75%,2026-02-27,https://www.instagram.com/p/DVQ_J6lkhIW/,⚪ Standard Organic: Baseline organic collab reach,"Not all phones are built the same, some are made to stand out just like the Vivo V70!"
1756,Tier 4: Toggle OFF + Organic (Noise),Croma,"Pan-India / Maharashtra (HQ: Mumbai, Tata Group)",@ramyaramapriya,98823,71058,3841,36,5.41%,3.92%,2025-10-06,https://www.instagram.com/p/DPd4_IwgbHy/,⚪ Standard Organic: Baseline organic collab reach,"Where we go shopping, my dad goes for networking."
1757,Tier 4: Toggle OFF + Organic (Noise),Bajaj Electronics,Telangana & Andhra Pradesh (HQ: Hyderabad),@_keerthikween_,578315,70651,3819,50,5.41%,0.67%,2025-07-31,https://www.instagram.com/p/DMxbCIHp7DX/,⚪ Standard Organic: Baseline organic collab reach,"Power-packed, feature-loaded and priced just right - Get your hands on the #vivox200FE starting at just ₹54,999."
1758,Tier 4: Toggle OFF + Organic (Noise),Sathya,Tamil Nadu (HQ: Tuticorin / Chennai),@_sathya_universe,161136,70170,3793,17,5.41%,2.36%,2026-06-21,https://www.instagram.com/p/DZ1lgf-CS0k/,⚪ Standard Organic: Baseline organic collab reach,"Talented Creators-க்கு இது சத்யாவின் அன்புப் பரிசு! -Mr Jackson, Sathya Agencies Limited"
1759,Tier 4: Toggle OFF + Organic (Noise),Sathya,Tamil Nadu (HQ: Tuticorin / Chennai),@_sathya_universe,161136,70170,3793,17,5.41%,2.36%,2026-05-25,https://www.instagram.com/p/DYwtq08j-HJ/,⚪ Standard Organic: Baseline organic collab reach,நாலாவது வருசம்... நம்ம நத்தத்துல!
1760,Tier 4: Toggle OFF + Organic (Noise),Sathya,Tamil Nadu (HQ: Tuticorin / Chennai),@_sathya_universe,161136,70170,3793,17,5.41%,2.36%,2026-05-14,https://www.instagram.com/p/DYVAZKBBAwj/,⚪ Standard Organic: Baseline organic collab reach,வேற லெவல் vibe...!
1761,Tier 4: Toggle OFF + Organic (Noise),Sathya,Tamil Nadu (HQ: Tuticorin / Chennai),@_sathya_universe,161136,70170,3793,17,5.41%,2.36%,2026-05-14,https://www.instagram.com/p/DYU0QQHzwVH/,⚪ Standard Organic: Baseline organic collab reach,Thoothukudi witnessed a spectacular celebration at the grand launch of the all-new Vivo X300 FE ✨🔥
1762,Tier 4: Toggle OFF + Organic (Noise),Sathya,Tamil Nadu (HQ: Tuticorin / Chennai),@_sathya_universe,161136,70170,3793,17,5.41%,2.36%,2026-05-14,https://www.instagram.com/p/DYUORH_k3DH/,⚪ Standard Organic: Baseline organic collab reach,A glimpse of the grand celebration at the Vivo X300 FE launch in Thoothukudi ✨🔥
1763,Tier 4: Toggle OFF + Organic (Noise),Sathya,Tamil Nadu (HQ: Tuticorin / Chennai),@_sathya_universe,161136,70170,3793,17,5.41%,2.36%,2026-05-14,https://www.instagram.com/p/DYT24qLGr2q/,⚪ Standard Organic: Baseline organic collab reach,Thoothukudi witnessed an unforgettable grand launch of the all-new Vivo X300 FE ✨🔥
1764,Tier 4: Toggle OFF + Organic (Noise),Sathya,Tamil Nadu (HQ: Tuticorin / Chennai),@_sathya_universe,161136,70170,3793,17,5.41%,2.36%,2026-05-14,https://www.instagram.com/p/DYTWi9LkfN3/,⚪ Standard Organic: Baseline organic collab reach,Thoothukudi witnessed the grand launch of the all-new Vivo X300 FE with Athulya Ravi ✨📱
1765,Tier 4: Toggle OFF + Organic (Noise),Sathya,Tamil Nadu (HQ: Tuticorin / Chennai),@_sathya_universe,161136,70170,3793,17,5.41%,2.36%,2026-05-09,https://www.instagram.com/p/DYGrns6R8bG/,⚪ Standard Organic: Baseline organic collab reach,சத்யால என் Friend வாங்குனாலும் எனக்கு Reward..!
1766,Tier 4: Toggle OFF + Organic (Noise),Sathya,Tamil Nadu (HQ: Tuticorin / Chennai),@_sathya_universe,161136,70170,3793,17,5.41%,2.36%,2026-05-08,https://www.instagram.com/p/DYFXGirTeou/,⚪ Standard Organic: Baseline organic collab reach,சத்யா STAFF-க்கு ஒரே டார்கெட் Customer Satisfaction தான்!
1767,Tier 4: Toggle OFF + Organic (Noise),Sathya,Tamil Nadu (HQ: Tuticorin / Chennai),@_sathya_universe,161136,70170,3793,17,5.41%,2.36%,2026-05-08,https://www.instagram.com/p/DYFOGobzhcx/,⚪ Standard Organic: Baseline organic collab reach,📸 Testing the all-new Vivo X300 FE camera at Chennai’s most iconic spots… and the results are pure magic! ✨🔥
1768,Tier 4: Toggle OFF + Organic (Noise),Sathya,Tamil Nadu (HQ: Tuticorin / Chennai),@_sathya_universe,161136,70170,3793,17,5.41%,2.36%,2026-05-08,https://www.instagram.com/p/DYEqUvZxqv2/,⚪ Standard Organic: Baseline organic collab reach,சத்யாவில் AC விலை வருடம் முழுக்கவே குறைவாக இருப்பது எப்படி ?
1769,Tier 4: Toggle OFF + Organic (Noise),Sathya,Tamil Nadu (HQ: Tuticorin / Chennai),@_sathya_universe,161136,70170,3793,17,5.41%,2.36%,2026-05-02,https://www.instagram.com/p/DX0zz66FE4f/,⚪ Standard Organic: Baseline organic collab reach,திண்டுக்கல் சத்யாவில் நான்காம் வருட திருவிழா!
1770,Tier 4: Toggle OFF + Organic (Noise),Sathya,Tamil Nadu (HQ: Tuticorin / Chennai),@_sathya_universe,161136,70170,3793,17,5.41%,2.36%,2026-04-27,https://www.instagram.com/p/DXowiJFCtPU/,⚪ Standard Organic: Baseline organic collab reach,"9 years of trust, 9 years of happy customers 💙"
1771,Tier 4: Toggle OFF + Organic (Noise),Sathya,Tamil Nadu (HQ: Tuticorin / Chennai),@_sathya_universe,161136,70170,3793,17,5.41%,2.36%,2026-03-21,https://www.instagram.com/p/DWJmDhEBjuR/,⚪ Standard Organic: Baseline organic collab reach,"When we compared the prices with other shops, we found that the rates here are lower. If we had known about this earlier, we would have bought our oth"
1772,Tier 4: Toggle OFF + Organic (Noise),Sathya,Tamil Nadu (HQ: Tuticorin / Chennai),@_sathya_universe,161136,70170,3793,17,5.41%,2.36%,2026-03-21,https://www.instagram.com/p/DWJjN0pBhH0/,⚪ Standard Organic: Baseline organic collab reach,The best part of this expo is that we can directly compare different AC brands and models in one place. It makes choosing the right product much easie
1773,Tier 4: Toggle OFF + Organic (Noise),Sathya,Tamil Nadu (HQ: Tuticorin / Chennai),@_sathya_universe,161136,70170,3793,17,5.41%,2.36%,2026-03-21,https://www.instagram.com/p/DWJfGztEWUq/,⚪ Standard Organic: Baseline organic collab reach,We came here after seeing the newspaper advertisement and honestly didn’t expect the expo to be this good! So many AC brands and models in one place.
1774,Tier 4: Toggle OFF + Organic (Noise),Sathya,Tamil Nadu (HQ: Tuticorin / Chennai),@_sathya_universe,161136,70170,3793,17,5.41%,2.36%,2026-03-21,https://www.instagram.com/p/DWJb5ytjNDv/,⚪ Standard Organic: Baseline organic collab reach,Ready to beat the summer heat? ☀️❄️
1775,Tier 4: Toggle OFF + Organic (Noise),Sathya,Tamil Nadu (HQ: Tuticorin / Chennai),@_sathya_universe,161136,70170,3793,17,5.41%,2.36%,2026-03-21,https://www.instagram.com/p/DWJVknWgqgn/,⚪ Standard Organic: Baseline organic collab reach,Beat the summer heat the smart way! ☀️❄️
1776,Tier 4: Toggle OFF + Organic (Noise),Sathya,Tamil Nadu (HQ: Tuticorin / Chennai),@_sathya_universe,161136,70170,3793,17,5.41%,2.36%,2026-03-21,https://www.instagram.com/p/DWJEEGVldcJ/,⚪ Standard Organic: Baseline organic collab reach,"This summer, stay cool with the ""குளு குளு AC ஆபர்""! ❄️"
1777,Tier 4: Toggle OFF + Organic (Noise),Sathya,Tamil Nadu (HQ: Tuticorin / Chennai),@_sathya_universe,161136,70170,3793,17,5.41%,2.36%,2026-03-18,https://www.instagram.com/p/DWCFnEHEzfm/,⚪ Standard Organic: Baseline organic collab reach,"From Thoothukudi where it all began to multiple showrooms today, Sathya celebrates its 40th Anniversary at its very first store ❤️✨"
1778,Tier 4: Toggle OFF + Organic (Noise),Sathya,Tamil Nadu (HQ: Tuticorin / Chennai),@_sathya_universe,161136,70170,3793,17,5.41%,2.36%,2026-02-27,https://www.instagram.com/p/DVQDhznAJAW/,⚪ Standard Organic: Baseline organic collab reach,"Growing with Sathya, proud to be a part of the journey 💛"
1779,Tier 4: Toggle OFF + Organic (Noise),Sathya,Tamil Nadu (HQ: Tuticorin / Chennai),@_sathya_universe,161136,70170,3793,17,5.41%,2.36%,2026-02-25,https://www.instagram.com/p/DVLWOURFA3g/,⚪ Standard Organic: Baseline organic collab reach,எங்களோட செண்டிமெண்ட் கடை – சத்யா! ❤️✨
1780,Tier 4: Toggle OFF + Organic (Noise),Sathya,Tamil Nadu (HQ: Tuticorin / Chennai),@_sathya_universe,161136,70170,3793,17,5.41%,2.36%,2026-02-24,https://www.instagram.com/p/DVIk4Jdklvh/,⚪ Standard Organic: Baseline organic collab reach,Not just a presence…
1781,Tier 4: Toggle OFF + Organic (Noise),Sathya,Tamil Nadu (HQ: Tuticorin / Chennai),@_sathya_universe,161136,70170,3793,17,5.41%,2.36%,2026-02-23,https://www.instagram.com/p/DVGr2MuCpAd/,⚪ Standard Organic: Baseline organic collab reach,The wait is over.
1782,Tier 4: Toggle OFF + Organic (Noise),Sathya,Tamil Nadu (HQ: Tuticorin / Chennai),@_sathya_universe,161136,70170,3793,17,5.41%,2.36%,2026-02-18,https://www.instagram.com/p/DU50-9WE5Ma/,⚪ Standard Organic: Baseline organic collab reach,Our 5th showroom in Kerala is now live in calicut – and we’re just getting started. More to come soon!
1783,Tier 4: Toggle OFF + Organic (Noise),Sathya,Tamil Nadu (HQ: Tuticorin / Chennai),@_sathya_universe,161136,70170,3793,17,5.41%,2.36%,2026-01-23,https://www.instagram.com/p/DT12fS9kSHs/,⚪ Standard Organic: Baseline organic collab reach,The people who make it happen. #sathya #sathyauniverse #Sathyameet
1784,Tier 4: Toggle OFF + Organic (Noise),Sathya,Tamil Nadu (HQ: Tuticorin / Chennai),@_sathya_universe,161136,70170,3793,17,5.41%,2.36%,2026-01-03,https://www.instagram.com/p/DTCuG5lEYXt/,⚪ Standard Organic: Baseline organic collab reach,தூத்துக்குடி to Pan India..! நம்மா சத்யாவின் கதை… ரொம்ப inspiring-அ இருக்கும்… Dont miss!
1785,Tier 4: Toggle OFF + Organic (Noise),Vijay Sales,Maharashtra / Pan-India (HQ: Mumbai),@divya_narni_,115960,70004,3784,85,5.41%,3.34%,2025-01-01,https://www.instagram.com/p/DERXSxJPBHG/,⚪ Standard Organic: Baseline organic collab reach,"🛍️💻📱 Upgraded my gear at the “AppleDaySale” at Vijay Sales, and it’s been a dream. Discounts, instant cashback, and up to ₹10,000 exchange bonus—who c"
1786,Tier 4: Toggle OFF + Organic (Noise),Great Eastern,West Bengal & East India (HQ: Kolkata),@sureshpareek999,28758,69856,3776,6,5.41%,13.15%,2026-01-21,https://www.instagram.com/p/DTxw2cmk577/,⚪ Standard Organic: Baseline organic collab reach,Rajasthan ka bharosemand naam Great Eastern Retail ab Bikaner mein! 🎉
1787,Tier 4: Toggle OFF + Organic (Noise),Sathya,Tamil Nadu (HQ: Tuticorin / Chennai),@mrkutty_kadhai,24703,69782,3772,14,5.41%,15.33%,2025-05-26,https://www.instagram.com/p/DKGlJaDvDee/,⚪ Standard Organic: Baseline organic collab reach,@sathya.retail Sathya super sale is happening from May 28 - 31
1788,Tier 4: Toggle OFF + Organic (Noise),Sathya,Tamil Nadu (HQ: Tuticorin / Chennai),@mrkutty_kadhai,24703,69782,3772,14,5.41%,15.33%,2025-03-26,https://www.instagram.com/p/DHqlrDrv82n/,⚪ Standard Organic: Baseline organic collab reach,Mega Year end Sale at @sathya.retail!
1789,Tier 4: Toggle OFF + Organic (Noise),Sathya,Tamil Nadu (HQ: Tuticorin / Chennai),@vishnusjourney_,65138,69689,3767,6,5.41%,5.79%,2025-05-26,https://www.instagram.com/p/DKGiG1QxxBr/,⚪ Standard Organic: Baseline organic collab reach,@sathya.retail Sathya super sale is happening from May 28 - 31
1790,Tier 4: Toggle OFF + Organic (Noise),Croma,"Pan-India / Maharashtra (HQ: Mumbai, Tata Group)",@rheagurnanii,146086,69467,3755,35,5.41%,2.59%,2026-07-19,https://www.instagram.com/p/Da-ZAUkIxBJ/,⚪ Standard Organic: Baseline organic collab reach,Shopping with your bestie does not get better 🥰💻👯‍♀️
1791,Tier 4: Toggle OFF + Organic (Noise),Tata Neu,"Pan-India / Maharashtra (HQ: Mumbai, Tata Digital)",@rheagurnanii,146086,69467,3755,35,5.41%,2.59%,2025-06-02,https://www.instagram.com/p/DKZyCbhzNRd/,⚪ Standard Organic: Baseline organic collab reach,birthday shopping is the real deal👸🏻
1792,Tier 4: Toggle OFF + Organic (Noise),Pai International,Karnataka & Telangana (HQ: Bengaluru),@sushmitha_sheshagiri,633050,68764,3717,85,5.41%,0.60%,2025-01-12,https://www.instagram.com/p/DEua3ZRveIP/,⚪ Standard Organic: Baseline organic collab reach,Reno13 Series 5G
1793,Tier 4: Toggle OFF + Organic (Noise),Aditya Vision,"Bihar, Jharkhand & UP (HQ: Patna)",@surbhi_vlog,89098,68283,3691,124,5.41%,4.28%,2026-07-30,https://www.instagram.com/p/DbZo2b5h08a/,⚪ Standard Organic: Baseline organic collab reach,बारिश का मज़ा लीजिए… परेशानियों का नहीं! ☔✨ Philips Airfryer और Garment Steamer के साथ इस मानसून बनाइए अपनी लाइफ आसान।
1794,Tier 4: Toggle OFF + Organic (Noise),Sathya,Tamil Nadu (HQ: Tuticorin / Chennai),@tamilspeecher,143873,68265,3690,58,5.41%,2.61%,2025-03-12,https://www.instagram.com/p/DHF4iSRRdjN/,⚪ Standard Organic: Baseline organic collab reach,Sathya FULL MOON LED TV SUPER SALE - Live on 14th March 2025 -Morning 9 AM To Midnight 12 AM- One Day Only -
1795,Tier 4: Toggle OFF + Organic (Noise),Croma,"Pan-India / Maharashtra (HQ: Mumbai, Tata Group)",@lets_eat_with_prachi,656913,68191,3686,562,5.41%,0.65%,2025-09-21,https://www.instagram.com/p/DO3mGwQEpl4/,⚪ Standard Organic: Baseline organic collab reach,This festive season I’m skipping the stove and still serving crowd-pleasers:
1796,Tier 4: Toggle OFF + Organic (Noise),Sathya,Tamil Nadu (HQ: Tuticorin / Chennai),@southindianasmr,490854,67451,3646,495,5.41%,0.84%,2026-07-16,https://www.instagram.com/p/Da2l1MlJkeQ/,⚪ Standard Organic: Baseline organic collab reach,❤️Quick and easy CHAPATHI PIZZA
1797,Tier 4: Toggle OFF + Organic (Noise),Bajaj Electronics,Telangana & Andhra Pradesh (HQ: Hyderabad),@lavanya_rama_rao,67544,66692,3605,72,5.41%,5.45%,2026-05-01,https://www.instagram.com/p/DXzQWxhRCUI/,⚪ Standard Organic: Baseline organic collab reach,🔥 Apple Days are LIVE at Everyone’s Favorite Bajaj Electronics!!
1798,Tier 4: Toggle OFF + Organic (Noise),Croma,"Pan-India / Maharashtra (HQ: Mumbai, Tata Group)",@kuaurek,329284,66600,3600,44,5.41%,1.11%,2026-08-06,https://www.instagram.com/p/Dbs-TRVOMbT/,⚪ Standard Organic: Baseline organic collab reach,Pro tip: Always keep food by your side for your GF 👀
1799,Tier 4: Toggle OFF + Organic (Noise),Sathya,Tamil Nadu (HQ: Tuticorin / Chennai),@pudukkottai_updates,37710,66396,3589,17,5.41%,9.57%,2025-11-09,https://www.instagram.com/p/DQ1aairE2_r/,⚪ Standard Organic: Baseline organic collab reach,Grand opening in பொன்னமராவதி
1800,Tier 4: Toggle OFF + Organic (Noise),Pai International,Karnataka & Telangana (HQ: Bengaluru),@mallu__gokak,202923,66174,3577,9,5.41%,1.77%,2025-10-07,https://www.instagram.com/p/DPga6t2kfRj/,⚪ Standard Organic: Baseline organic collab reach,𝐇𝐞𝐥𝐥𝐨 𝐁𝐞𝐥𝐚𝐠𝐚𝐯𝐢! ✨
1801,Tier 4: Toggle OFF + Organic (Noise),Aditya Vision,"Bihar, Jharkhand & UP (HQ: Patna)",@ranchi_meri_jaan,238143,65490,3540,37,5.41%,1.50%,2026-04-18,https://www.instagram.com/p/DXRlJMARE_P/,⚪ Standard Organic: Baseline organic collab reach,"Ranchi ka street food = Taste 💯, Stains 💯😂"
1802,Tier 4: Toggle OFF + Organic (Noise),Aditya Vision,"Bihar, Jharkhand & UP (HQ: Patna)",@saurav_vlogs9,15578,65083,3518,15,5.41%,22.69%,2026-06-28,https://www.instagram.com/p/DaHvxPfhbjO/,⚪ Standard Organic: Baseline organic collab reach,"मात्र ₹51 रुपये के अंदर मिलेगी AC, Fridge और Washing Machine 🤯🔥"
1803,Tier 4: Toggle OFF + Organic (Noise),Aditya Vision,"Bihar, Jharkhand & UP (HQ: Patna)",@vaishnavii_official,129491,65064,3517,193,5.41%,2.87%,2025-12-25,https://www.instagram.com/p/DSrojz2EgYV/,⚪ Standard Organic: Baseline organic collab reach,आदित्य विज़न पर शॉपिंग कर के पायें 18 करोड़ के गिफ्ट जितने का मौक़ा !
1804,Tier 4: Toggle OFF + Organic (Noise),Sathya,Tamil Nadu (HQ: Tuticorin / Chennai),@_pushbee_,113869,65009,3514,79,5.41%,3.16%,2025-03-12,https://www.instagram.com/p/DHGEF1Bx2X7/,⚪ Standard Organic: Baseline organic collab reach,Sathya FULL MOON LED TV SUPER SALE - Live on 14th March 2025 -Morning 9 AM To Midnight 12 AM- One Day Only -
1805,Tier 4: Toggle OFF + Organic (Noise),Tata Neu,"Pan-India / Maharashtra (HQ: Mumbai, Tata Digital)",@thesept_boy,125227,64935,3510,55,5.41%,2.85%,2025-01-28,https://www.instagram.com/p/DFX8TbnvoBp/,⚪ Standard Organic: Baseline organic collab reach,"First-ever Arijit Singh live concert experience ✨🎶! The music, the vibe, the magic—unreal! Thanks to my Tata Neu HDFC Bank Credit Card, I scored the e"
1806,Tier 4: Toggle OFF + Organic (Noise),Tata Neu,"Pan-India / Maharashtra (HQ: Mumbai, Tata Digital)",@thesept_boy,125227,64935,3510,55,5.41%,2.85%,2025-01-25,https://www.instagram.com/p/DFP2G0toZkW/,⚪ Standard Organic: Baseline organic collab reach,"All set to witness the magic of Arijit Singh live, thanks to #TataNeuHDFCBankCreditCard, for the early access tickets! Can’t wait to feel the rhythm a"
1807,Tier 4: Toggle OFF + Organic (Noise),Sathya,Tamil Nadu (HQ: Tuticorin / Chennai),@namma_karaikudi,27900,64620,3493,23,5.41%,12.60%,2025-03-29,https://www.instagram.com/p/DHxijPbv6vF/,⚪ Standard Organic: Baseline organic collab reach,@sathya.retail  Year End Sale offers 🤩
1808,Tier 4: Toggle OFF + Organic (Noise),Croma,"Pan-India / Maharashtra (HQ: Mumbai, Tata Group)",@niralichoksi_,361847,64065,3463,44,5.41%,0.97%,2025-10-10,https://www.instagram.com/p/DPnhlM3CIwo/,⚪ Standard Organic: Baseline organic collab reach,"Festive season means only one thing in my kitchen - easy snacks, happy guests and less stress."
1809,Tier 4: Toggle OFF + Organic (Noise),Bajaj Electronics,Telangana & Andhra Pradesh (HQ: Hyderabad),@srivani_naidu13,165033,64047,3462,90,5.41%,2.15%,2026-06-29,https://www.instagram.com/p/DaKyLOaxvhY/,⚪ Standard Organic: Baseline organic collab reach,New school year. New goals. New laptop.
1810,Tier 4: Toggle OFF + Organic (Noise),Bajaj Electronics,Telangana & Andhra Pradesh (HQ: Hyderabad),@srivani_naidu13,165033,64047,3462,90,5.41%,2.15%,2025-04-23,https://www.instagram.com/p/DIypE4vyX7L/,⚪ Standard Organic: Baseline organic collab reach,"Level up with the stunning new Vivo V50e! Featuring an ultra-slim quad-curved display, a Sony IMX882 sensor with OIS, a 50MP Eye-AF group selfie camer"
1811,Tier 4: Toggle OFF + Organic (Noise),Bajaj Electronics,Telangana & Andhra Pradesh (HQ: Hyderabad),@gadeharika8,243490,63954,3457,41,5.41%,1.44%,2026-01-12,https://www.instagram.com/p/DTaLeH7D6kG/,⚪ Standard Organic: Baseline organic collab reach,"Visited Bajaj Electronics to check out the latest REDMI Note 15 5G; faster, stronger, simply better."
1812,Tier 4: Toggle OFF + Organic (Noise),Sathya,Tamil Nadu (HQ: Tuticorin / Chennai),@reshma_prem_,92216,63677,3442,54,5.41%,3.79%,2025-05-25,https://www.instagram.com/p/DKE4QJ8RJ7k/,⚪ Standard Organic: Baseline organic collab reach,@sathya.retail Sathya super sale is happening from May 28 - 31
1813,Tier 4: Toggle OFF + Organic (Noise),Sathya,Tamil Nadu (HQ: Tuticorin / Chennai),@reshma_prem_,92216,63677,3442,54,5.41%,3.79%,2025-04-11,https://www.instagram.com/p/DITsJQOy6nC/,⚪ Standard Organic: Baseline organic collab reach,Tamil New Year Sale is ON at @sathya.retail ! Celebrate with unbeatable deals! Don’t miss the exciting offers
1814,Tier 4: Toggle OFF + Organic (Noise),Sathya,Tamil Nadu (HQ: Tuticorin / Chennai),@reshma_prem_,92216,63677,3442,54,5.41%,3.79%,2025-03-26,https://www.instagram.com/p/DHqq3Jmyjcu/,⚪ Standard Organic: Baseline organic collab reach,Mega Year end Sale at @sathya.retail!
1815,Tier 4: Toggle OFF + Organic (Noise),Sathya,Tamil Nadu (HQ: Tuticorin / Chennai),@idhanda_vlogs,30905,63510,3433,33,5.41%,11.22%,2026-06-27,https://www.instagram.com/p/DaFyIcyPT3Z/,⚪ Standard Organic: Baseline organic collab reach,🌕 Sathya Full Moon Sale is Here! 🔥
1816,Tier 4: Toggle OFF + Organic (Noise),Vijay Sales,Maharashtra / Pan-India (HQ: Mumbai),@hetthakkar_06,412716,63473,3431,64,5.41%,0.85%,2026-03-17,https://www.instagram.com/p/DV_OMPpE6ir/,⚪ Standard Organic: Baseline organic collab reach,Audio upgrade ka time aa gaya hai! 🔊🔥
1817,Tier 4: Toggle OFF + Organic (Noise),Vijay Sales,Maharashtra / Pan-India (HQ: Mumbai),@akshataa60,159295,63177,3415,16,5.41%,2.15%,2025-07-10,https://www.instagram.com/p/DL7V7oDt5Xi/,⚪ Standard Organic: Baseline organic collab reach,Your next-gen travel companion is here!
1818,Tier 4: Toggle OFF + Organic (Noise),Pai International,Karnataka & Telangana (HQ: Bengaluru),@raichur360,41507,63066,3409,32,5.41%,8.29%,2026-05-07,https://www.instagram.com/p/DYCt_ZyhcRA/,⚪ Standard Organic: Baseline organic collab reach,"Get Ready, Raichur! The Biggest Shopping Celebration is Here! 🎉"
1819,Tier 4: Toggle OFF + Organic (Noise),Sathya,Tamil Nadu (HQ: Tuticorin / Chennai),@chennai_variety_foods,417865,63048,3408,6,5.41%,0.82%,2025-03-09,https://www.instagram.com/p/DG-L2OXylnN/,⚪ Standard Organic: Baseline organic collab reach,உருளைக்கிழங்கு வத்தல்👌☀️ potato vathal
1820,Tier 4: Toggle OFF + Organic (Noise),Sathya,Tamil Nadu (HQ: Tuticorin / Chennai),@riya_thiyagarajan,147870,62752,3392,32,5.41%,2.32%,2026-01-14,https://www.instagram.com/p/DTexmGBkhUG/,⚪ Standard Organic: Baseline organic collab reach,@sathya.retail oppo reno 15 series officially launched
1821,Tier 4: Toggle OFF + Organic (Noise),Reliance Digital,"Pan-India / Maharashtra (HQ: Mumbai, Reliance Retail)",@muktigautam,570564,62493,3378,38,5.41%,0.60%,2026-07-02,https://www.instagram.com/p/DaSfA0iPRDG/,⚪ Standard Organic: Baseline organic collab reach,The future is AI-powered—make sure you’re ready for it! 💻✨
1822,Tier 4: Toggle OFF + Organic (Noise),Sathya,Tamil Nadu (HQ: Tuticorin / Chennai),@kavyaaah_rajesh,214217,62456,3376,19,5.41%,1.59%,2025-03-21,https://www.instagram.com/p/DHdnfM8SouI/,⚪ Standard Organic: Baseline organic collab reach,"OPPO F29 Series is now available at @sathya.retail ! Powered by Snapdragon 6 Gen 1, 6500mAh battery with 45W SuperVOOC™️ charging, and IP66, IP68, IP6"
1823,Tier 4: Toggle OFF + Organic (Noise),Aditya Vision,"Bihar, Jharkhand & UP (HQ: Patna)",@bilaspurct,70530,62419,3374,55,5.41%,4.86%,2026-04-25,https://www.instagram.com/p/DXi9XQOgMHM/,⚪ Standard Organic: Baseline organic collab reach,India’s leading electronics retail chain Aditya Vision is now open in Bilaspur! 🔥
1824,Tier 4: Toggle OFF + Organic (Noise),Aditya Vision,"Bihar, Jharkhand & UP (HQ: Patna)",@kundan_ke_vlogs,150391,61882,3345,21,5.41%,2.24%,2026-08-14,https://www.instagram.com/p/DcBQXMlIwWp/,⚪ Standard Organic: Baseline organic collab reach,Lenovo Laptop पर धमाकेदार ऑफर!
1825,Tier 4: Toggle OFF + Organic (Noise),Aditya Vision,"Bihar, Jharkhand & UP (HQ: Patna)",@kundan_ke_vlogs,150391,61882,3345,21,5.41%,2.24%,2026-08-01,https://www.instagram.com/p/DbfceKGxXHC/,⚪ Standard Organic: Baseline organic collab reach,Aditya Vision
1826,Tier 4: Toggle OFF + Organic (Noise),Pai International,Karnataka & Telangana (HQ: Bengaluru),@megha_sidharth,222890,61679,3334,48,5.41%,1.52%,2026-02-18,https://www.instagram.com/p/DU4pxfPkpg7/,⚪ Standard Organic: Baseline organic collab reach,The Samsung Galaxy A07 5G gives you everything you actually use:
1827,Tier 4: Toggle OFF + Organic (Noise),Pai International,Karnataka & Telangana (HQ: Bengaluru),@megha_sidharth,222890,61679,3334,48,5.41%,1.52%,2025-09-30,https://www.instagram.com/p/DPOxzrYEsMy/,⚪ Standard Organic: Baseline organic collab reach,Your perfect festive upgrade begins with Haier! 🪔
1828,Tier 4: Toggle OFF + Organic (Noise),Tata Neu,"Pan-India / Maharashtra (HQ: Mumbai, Tata Digital)",@uurrjjaa,198219,60791,3286,39,5.41%,1.68%,2025-02-20,https://www.instagram.com/p/DGSNB1tqrzf/,⚪ Standard Organic: Baseline organic collab reach,"Still recovering from Arijit’s magical concert, but thanks to Tata Neu HDFC Bank Credit Card, not only did I get early access to tickets, but the post"
1829,Tier 4: Toggle OFF + Organic (Noise),Tata Neu,"Pan-India / Maharashtra (HQ: Mumbai, Tata Digital)",@uurrjjaa,198219,60791,3286,39,5.41%,1.68%,2025-02-14,https://www.instagram.com/p/DGDcSnny8ZY/,⚪ Standard Organic: Baseline organic collab reach,Getting concert-ready for Arijit Singh! Here’s how to make the most of the night:
1830,Tier 4: Toggle OFF + Organic (Noise),Sathya,Tamil Nadu (HQ: Tuticorin / Chennai),@soni_actress_official,225984,60439,3267,90,5.41%,1.49%,2025-05-25,https://www.instagram.com/p/DKFEfUiy40J/,⚪ Standard Organic: Baseline organic collab reach,@sathya.retail Sathya super sale is happening from May 28 - 31
1831,Tier 4: Toggle OFF + Organic (Noise),Sathya,Tamil Nadu (HQ: Tuticorin / Chennai),@sudhan__offcl__,36884,60273,3258,26,5.41%,8.90%,2025-05-26,https://www.instagram.com/p/DKGyq7qprFa/,⚪ Standard Organic: Baseline organic collab reach,@sathya.retail Sathya super sale is happening from May 28 - 31
1832,Tier 4: Toggle OFF + Organic (Noise),Aditya Vision,"Bihar, Jharkhand & UP (HQ: Patna)",@raipur.gram,166662,60125,3250,10,5.41%,1.96%,2026-04-24,https://www.instagram.com/p/DXgRbJ0Eg-e/,⚪ Standard Organic: Baseline organic collab reach,"Dosto, ab electronics shopping ka level upgrade ho gaya hai! 🔥"
1833,Tier 4: Toggle OFF + Organic (Noise),Vijay Sales,Maharashtra / Pan-India (HQ: Mumbai),@vishakha.hahahaha,153396,59847,3235,59,5.41%,2.15%,2025-07-09,https://www.instagram.com/p/DL42nciJpYa/,⚪ Standard Organic: Baseline organic collab reach,Drama ghar ka ho ya phone ka – solution @vijaysalesofficial ka!
1834,Tier 4: Toggle OFF + Organic (Noise),Sathya,Tamil Nadu (HQ: Tuticorin / Chennai),@karthi.actor,323227,59477,3215,26,5.41%,1.00%,2025-12-02,https://www.instagram.com/p/DRw7eh1ElnS/,⚪ Standard Organic: Baseline organic collab reach,"Get ready for the brightest deals of the month! @sathya.retail  Full Moon Sale is lighting up December 4, from 9 AM to 12 Midnight!"
1835,Tier 4: Toggle OFF + Organic (Noise),Sathya,Tamil Nadu (HQ: Tuticorin / Chennai),@mrs_.zu_official,107084,59107,3195,47,5.41%,3.03%,2025-05-25,https://www.instagram.com/p/DKEyIC0xmxF/,⚪ Standard Organic: Baseline organic collab reach,@sathya.retail Sathya super sale is happening from May 28 - 31
1836,Tier 4: Toggle OFF + Organic (Noise),Croma,"Pan-India / Maharashtra (HQ: Mumbai, Tata Group)",@himalaya.wala,318252,58996,3189,37,5.41%,1.01%,2026-01-04,https://www.instagram.com/p/DTF5452j6Cr/,⚪ Standard Organic: Baseline organic collab reach,"I captured Jaipur the way it feels - raw, warm, alive ✨"
1837,Tier 4: Toggle OFF + Organic (Noise),Bajaj Electronics,Telangana & Andhra Pradesh (HQ: Hyderabad),@charanprasadofficial,260471,58996,3189,16,5.41%,1.23%,2025-03-29,https://www.instagram.com/p/DHyVfAMJckt/,⚪ Standard Organic: Baseline organic collab reach,"Turn up the smart with the all-new Galaxy A56|36 5G! Packed with Awesome Intelligence, it’s built to elevate your experience. Get yours today at your "
1838,Tier 4: Toggle OFF + Organic (Noise),Sathya,Tamil Nadu (HQ: Tuticorin / Chennai),@imdevihere,103779,58996,3189,44,5.41%,3.12%,2025-05-26,https://www.instagram.com/p/DKGa_LbyCXp/,⚪ Standard Organic: Baseline organic collab reach,@sathya.retail Sathya super sale is happening from May 28 - 31
1839,Tier 4: Toggle OFF + Organic (Noise),Sathya,Tamil Nadu (HQ: Tuticorin / Chennai),@azhagigal_world,153910,58719,3174,446,5.41%,2.35%,2026-07-26,https://www.instagram.com/p/DbQYwVLzusg/,⚪ Standard Organic: Baseline organic collab reach,Spl offer namma sathiya la full moon sale july 29 💥⚡🥳🥳
1840,Tier 4: Toggle OFF + Organic (Noise),Tata Neu,"Pan-India / Maharashtra (HQ: Mumbai, Tata Digital)",@bhavdeep_kaur,403042,58238,3148,79,5.41%,0.80%,2025-02-21,https://www.instagram.com/p/DGVnzFQSMag/,⚪ Standard Organic: Baseline organic collab reach,"For all the old-school romance lovers, there’s nothing quite like the divine energy of watching Arijit Singh perform live! 🎶✨"
1841,Tier 4: Toggle OFF + Organic (Noise),Tata Neu,"Pan-India / Maharashtra (HQ: Mumbai, Tata Digital)",@bhavdeep_kaur,403042,58238,3148,79,5.41%,0.80%,2025-02-15,https://www.instagram.com/p/DGGRYLJyZqs/,⚪ Standard Organic: Baseline organic collab reach,"Who would miss the chance to witness the legendary Arijit Singh live? 🎶 Certainly not me! Thanks to my Tata Neu HDFC Bank Credit Card, I got exclusive"
1842,Tier 4: Toggle OFF + Organic (Noise),Electronics Mart,Telangana & Andhra Pradesh (HQ: Hyderabad),@maganpreetkaurr,264248,58071,3139,136,5.41%,1.24%,2026-08-01,https://www.instagram.com/p/DbfKi_euzPv/,⚪ Standard Organic: Baseline organic collab reach,Your favorite Apple products are waiting for you at Electronic Mart. Don’t miss out! #AppleDays #ElectronicMart
1843,Tier 4: Toggle OFF + Organic (Noise),Sathya,Tamil Nadu (HQ: Tuticorin / Chennai),@vasan_visualz,82411,57664,3117,13,5.41%,3.80%,2025-05-25,https://www.instagram.com/p/DKE4MFQzfjb/,⚪ Standard Organic: Baseline organic collab reach,@sathya.retail Sathya super sale is happening from May 28 - 31
1844,Tier 4: Toggle OFF + Organic (Noise),Sathya,Tamil Nadu (HQ: Tuticorin / Chennai),@riyasramla_official,548934,57516,3109,34,5.41%,0.57%,2026-06-27,https://www.instagram.com/p/DaFxNkozwU9/,⚪ Standard Organic: Baseline organic collab reach,அடிக்குற வெயில்ல பையன வெளிய வெட்சுட்டு என்ன பண்ணுற 🤨 twist 😂
1845,Tier 4: Toggle OFF + Organic (Noise),Sathya,Tamil Nadu (HQ: Tuticorin / Chennai),@riyasramla_official,548934,57516,3109,34,5.41%,0.57%,2025-09-20,https://www.instagram.com/p/DO0Qty-k3_2/,⚪ Standard Organic: Baseline organic collab reach,Tv odanjuruchu 😒 offer la vangikalam 💥
1846,Tier 4: Toggle OFF + Organic (Noise),Sathya,Tamil Nadu (HQ: Tuticorin / Chennai),@riyasramla_official,548934,57516,3109,34,5.41%,0.57%,2025-04-11,https://www.instagram.com/p/DITrGQ7TIDx/,⚪ Standard Organic: Baseline organic collab reach,Tamil New Year Sale is ON at @sathya.retail ! Celebrate with unbeatable deals! Don’t miss the exciting offers
1847,Tier 4: Toggle OFF + Organic (Noise),Aditya Vision,"Bihar, Jharkhand & UP (HQ: Patna)",@aamit_bihar,53383,57424,3104,24,5.41%,5.86%,2026-08-13,https://www.instagram.com/p/Db9-OGUBV4c/,⚪ Standard Organic: Baseline organic collab reach,सासाराम - आदित्य विजन
1848,Tier 4: Toggle OFF + Organic (Noise),Vijay Sales,Maharashtra / Pan-India (HQ: Mumbai),@soni_in_hyd,54058,56721,3066,72,5.41%,5.81%,2025-10-01,https://www.instagram.com/p/DPQkf9GAAtH/,⚪ Standard Organic: Baseline organic collab reach,"Experience technology that changes the way you live — only with @dyson_india at Vijay Sales, Jubilee Hills, Hyderabad."
1849,Tier 4: Toggle OFF + Organic (Noise),Bajaj Electronics,Telangana & Andhra Pradesh (HQ: Hyderabad),@soni_in_hyd,54058,56721,3066,72,5.41%,5.81%,2026-05-15,https://www.instagram.com/p/DYXjewvI2BH/,⚪ Standard Organic: Baseline organic collab reach,Premium compact feel meets ZEISS camera power!
1850,Tier 4: Toggle OFF + Organic (Noise),Sathya,Tamil Nadu (HQ: Tuticorin / Chennai),@jacksonraj_official,96609,56721,3066,63,5.41%,3.24%,2026-01-23,https://www.instagram.com/p/DT2WmyMk86s/,⚪ Standard Organic: Baseline organic collab reach,ஒன்றா ரெண்டா ஆசைகள் !
1851,Tier 4: Toggle OFF + Organic (Noise),Sathya,Tamil Nadu (HQ: Tuticorin / Chennai),@jacksonraj_official,96609,56721,3066,63,5.41%,3.24%,2025-08-07,https://www.instagram.com/p/DNC9jx3NEGE/,⚪ Standard Organic: Baseline organic collab reach,Get ready for the Full Moon Sale at @sathya.retail  happening this August 8 from morning 9 AM to midnight 12! Don’t miss special offers on ACs and was
1852,Tier 4: Toggle OFF + Organic (Noise),Sathya,Tamil Nadu (HQ: Tuticorin / Chennai),@mounica_santhosh,138616,56647,3062,21,5.41%,2.22%,2025-12-02,https://www.instagram.com/p/DRww_gbkhau/,⚪ Standard Organic: Baseline organic collab reach,"Unga veetuku oru AC/TV/Fridge edhachum  vaanganum nu wait panitu irukeengala, 😋idhaanga seriyaana time! 🛍️🛒"
1853,Tier 4: Toggle OFF + Organic (Noise),Bajaj Electronics,Telangana & Andhra Pradesh (HQ: Hyderabad),@shriyareddyn,21100,56573,3058,24,5.41%,14.61%,2026-06-14,https://www.instagram.com/p/DZjpVGZy6i2/,⚪ Standard Organic: Baseline organic collab reach,"From watching the Airwrap ID create effortless curls to exploring Dyson’s powerful home care innovations, every product felt thoughtfully designed and"
1854,Tier 4: Toggle OFF + Organic (Noise),Pai International,Karnataka & Telangana (HQ: Bengaluru),@mr.shubhhhhhhh,55448,56517,3055,30,5.41%,5.57%,2026-05-07,https://www.instagram.com/p/DYCeZRFv_dP/,⚪ Standard Organic: Baseline organic collab reach,@mr.shubhhhhhhh
1855,Tier 4: Toggle OFF + Organic (Noise),Electronics Mart,Telangana & Andhra Pradesh (HQ: Hyderabad),@vikramgoraya,99843,55722,3012,4191,5.41%,7.22%,2026-06-07,https://www.instagram.com/p/DZRtrOhz_Ew/,⚪ Standard Organic: Baseline organic collab reach,Apple Days are back at Electronics Mart!
1856,Tier 4: Toggle OFF + Organic (Noise),Reliance Digital,"Pan-India / Maharashtra (HQ: Mumbai, Reliance Retail)",@cyrus_broacha,453526,55037,2975,62,5.41%,0.67%,2025-01-20,https://www.instagram.com/p/DFDT2Q7IV1K/,⚪ Standard Organic: Baseline organic collab reach,Ready to upgrade your tech without upgrading your budget? The Digital India Sale at Reliance Digital is here! Grab the best deals before they vanish f
1857,Tier 4: Toggle OFF + Organic (Noise),Pai International,Karnataka & Telangana (HQ: Bengaluru),@advaithhyundai,10147,54575,2950,1,5.41%,29.09%,2025-09-15,https://www.instagram.com/p/DOnQ4_UlZuJ/,⚪ Standard Organic: Baseline organic collab reach,𝐌𝐞𝐠𝐚 𝐅𝐞𝐬𝐭𝐢𝐯𝐚𝐥 𝐒𝐚𝐥𝐞 𝐢𝐬 𝐇𝐞𝐫𝐞! ✨
1858,Tier 4: Toggle OFF + Organic (Noise),Croma,"Pan-India / Maharashtra (HQ: Mumbai, Tata Group)",@rjdhruviiiii,151763,54501,2946,29,5.41%,1.96%,2026-03-15,https://www.instagram.com/p/DV6IW0MsvoR/,⚪ Standard Organic: Baseline organic collab reach,Tuitions where teaching is optional but honesty is compulsory😂👻
1859,Tier 4: Toggle OFF + Organic (Noise),Croma,"Pan-India / Maharashtra (HQ: Mumbai, Tata Group)",@rjdhruviiiii,151763,54501,2946,29,5.41%,1.96%,2025-06-19,https://www.instagram.com/p/DLFRpW_MKPw/,⚪ Standard Organic: Baseline organic collab reach,Croma has something for every generation!🎉
1860,Tier 4: Toggle OFF + Organic (Noise),Sathya,Tamil Nadu (HQ: Tuticorin / Chennai),@preetha_suresh21,286899,53853,2911,46,5.41%,1.03%,2025-04-26,https://www.instagram.com/p/DI6S5ZhSFmG/,⚪ Standard Organic: Baseline organic collab reach,"“See Clearly, Even Under Bright Sun”"
1861,Tier 4: Toggle OFF + Organic (Noise),Sathya,Tamil Nadu (HQ: Tuticorin / Chennai),@zainulrecipes_,125914,53576,2896,26,5.41%,2.32%,2026-07-27,https://www.instagram.com/p/DbSA3tyJtKx/,⚪ Standard Organic: Baseline organic collab reach,கிச்சன்லையே குளிச்சிடுற 🥵😄
1862,Tier 4: Toggle OFF + Organic (Noise),Aditya Vision,"Bihar, Jharkhand & UP (HQ: Patna)",@unnao_beauty,106926,53576,2896,29,5.41%,2.74%,2026-05-04,https://www.instagram.com/p/DX6B424o1t7/,⚪ Standard Organic: Baseline organic collab reach,Aditya Vision Store 🎉
1863,Tier 4: Toggle OFF + Organic (Noise),Sathya,Tamil Nadu (HQ: Tuticorin / Chennai),@sarana_b9,170628,53483,2891,103,5.41%,1.75%,2026-04-10,https://www.instagram.com/p/DW8V2WpEkR8/,⚪ Standard Organic: Baseline organic collab reach,📢Celebrate the 🪔Tamil New Year🧨 with exciting offers @sathya.retail ! 💥
1864,Tier 4: Toggle OFF + Organic (Noise),Bajaj Electronics,Telangana & Andhra Pradesh (HQ: Hyderabad),@food_hud,400773,53317,2882,46,5.41%,0.73%,2025-10-20,https://www.instagram.com/p/DQBZldwk0BT/,⚪ Standard Organic: Baseline organic collab reach,₹1 Crore cash prize 💰 + 30 Alto K10 Cars 🚗
1865,Tier 4: Toggle OFF + Organic (Noise),Sathya,Tamil Nadu (HQ: Tuticorin / Chennai),@renuka_kumaravel,273872,52910,2860,101,5.41%,1.08%,2026-07-05,https://www.instagram.com/p/Daaa0trJzXW/,⚪ Standard Organic: Baseline organic collab reach,The wait is over! The all-new Xiaomi 17T is now available at @sathya.retail !
1866,Tier 4: Toggle OFF + Organic (Noise),Sathya,Tamil Nadu (HQ: Tuticorin / Chennai),@renuka_kumaravel,273872,52910,2860,101,5.41%,1.08%,2025-08-10,https://www.instagram.com/p/DNLKaoup9P2/,⚪ Standard Organic: Baseline organic collab reach,Bayangarama irkae🔥✨
1867,Tier 4: Toggle OFF + Organic (Noise),Sathya,Tamil Nadu (HQ: Tuticorin / Chennai),@renuka_kumaravel,273872,52910,2860,101,5.41%,1.08%,2025-03-20,https://www.instagram.com/p/DHbGKgnpW52/,⚪ Standard Organic: Baseline organic collab reach,Indha veyil ku cotton dress um AC um ilaena🥺🫠
1868,Tier 4: Toggle OFF + Organic (Noise),Bajaj Electronics,Telangana & Andhra Pradesh (HQ: Hyderabad),@geetanand,73413,52299,2827,60,5.41%,3.93%,2026-08-06,https://www.instagram.com/p/Dbs8XqKTUoW/,⚪ Standard Organic: Baseline organic collab reach,🍎 Apple Days are LIVE at Bajaj Electronics! ✨
1869,Tier 4: Toggle OFF + Organic (Noise),Bajaj Electronics,Telangana & Andhra Pradesh (HQ: Hyderabad),@geetanand,73413,52299,2827,60,5.41%,3.93%,2026-01-15,https://www.instagram.com/p/DTh9vN_kp4m/,⚪ Standard Organic: Baseline organic collab reach,Sankranti Offers at Bajaj Electronics!!!
1870,Tier 4: Toggle OFF + Organic (Noise),Bajaj Electronics,Telangana & Andhra Pradesh (HQ: Hyderabad),@geetanand,73413,52299,2827,60,5.41%,3.93%,2025-10-05,https://www.instagram.com/p/DPajoNFjmJG/,⚪ Standard Organic: Baseline organic collab reach,Bajaj Electronics- India’s Leading Retailer in Electronics is back with its Famous India’s Biggest Festive Offer of ₹1 Crore Cash Prize and 30 Alto K1
1871,Tier 4: Toggle OFF + Organic (Noise),Vijay Sales,Maharashtra / Pan-India (HQ: Mumbai),@rohitsinghaa,174434,52133,2818,51,5.41%,1.65%,2025-10-12,https://www.instagram.com/p/DPtoJgNidp5/,⚪ Standard Organic: Baseline organic collab reach,"Asked you guys where to buy electronics this festive season… and everyone said Vijay Sales! Checked it out myself and yep, you were right  found my fe"
1872,Tier 4: Toggle OFF + Organic (Noise),Aditya Vision,"Bihar, Jharkhand & UP (HQ: Patna)",@_mr_saim_star,29169,51985,2810,54,5.41%,9.82%,2026-07-01,https://www.instagram.com/p/DaP_1L7poHF/,⚪ Standard Organic: Baseline organic collab reach,"Gumla , Aditya vision festival🎉 @_mr_saim_star"
1873,Tier 4: Toggle OFF + Organic (Noise),Sathya,Tamil Nadu (HQ: Tuticorin / Chennai),@thuraiyur__town,40342,51726,2796,11,5.41%,6.96%,2026-06-27,https://www.instagram.com/p/DaEnPBjBrM_/,⚪ Standard Organic: Baseline organic collab reach,Folllow 👉 @thuraiyur__town
1874,Tier 4: Toggle OFF + Organic (Noise),Sathya,Tamil Nadu (HQ: Tuticorin / Chennai),@swasthi_official,291301,51485,2783,28,5.41%,0.97%,2025-05-25,https://www.instagram.com/p/DKE4rxaxaeG/,⚪ Standard Organic: Baseline organic collab reach,@sathya.retail Sathya super sale is happening from May 28 - 31
1875,Tier 4: Toggle OFF + Organic (Noise),Sathya,Tamil Nadu (HQ: Tuticorin / Chennai),@swasthi_official,291301,51485,2783,28,5.41%,0.97%,2025-03-26,https://www.instagram.com/p/DHqr7WJyJB4/,⚪ Standard Organic: Baseline organic collab reach,Sathya Year end Sale
1876,Tier 4: Toggle OFF + Organic (Noise),Sathya,Tamil Nadu (HQ: Tuticorin / Chennai),@swasthi_official,291301,51485,2783,28,5.41%,0.97%,2025-03-12,https://www.instagram.com/p/DHF79irxe8U/,⚪ Standard Organic: Baseline organic collab reach,Sathya FULL MOON LED TV SUPER SALE - Live on 14th March 2025 -Morning 9 AM To Midnight 12 AM- One Day Only -
1877,Tier 4: Toggle OFF + Organic (Noise),Aditya Vision,"Bihar, Jharkhand & UP (HQ: Patna)",@basti_city_up.51,81517,51374,2777,27,5.41%,3.44%,2026-08-10,https://www.instagram.com/p/Db2VtM2p86t/,⚪ Standard Organic: Baseline organic collab reach,Aaj he visit kijiye Dakshin darvaja Station Road Basti
1878,Tier 4: Toggle OFF + Organic (Noise),Bajaj Electronics,Telangana & Andhra Pradesh (HQ: Hyderabad),@deekshavarma_manthena,168150,51300,2773,282,5.41%,1.82%,2026-05-14,https://www.instagram.com/p/DYUSJv2ROk_/,⚪ Standard Organic: Baseline organic collab reach,✨vivo X300FE is here!
1879,Tier 4: Toggle OFF + Organic (Noise),Croma,"Pan-India / Maharashtra (HQ: Mumbai, Tata Group)",@nikitarawlani,58866,51245,2770,39,5.41%,4.77%,2025-09-10,https://www.instagram.com/p/DOa0MAODHJw/,⚪ Standard Organic: Baseline organic collab reach,"Back to my routine 🤍 Morning coffee in my barista era, tracking 10k steps, a quick smoothie, and a little blowout before heading out. Loved how Croma "
1880,Tier 4: Toggle OFF + Organic (Noise),Sathya,Tamil Nadu (HQ: Tuticorin / Chennai),@joel_x.17,63793,51097,2762,50,5.41%,4.41%,2026-06-27,https://www.instagram.com/p/DaFdoblT1Te/,⚪ Standard Organic: Baseline organic collab reach,Coming June 29 🌕 Full Moon Sale @ Sathya 🔥
1881,Tier 4: Toggle OFF + Organic (Noise),Pai International,Karnataka & Telangana (HQ: Bengaluru),@mohammedbinishaq,194917,51023,2758,21,5.41%,1.43%,2026-08-08,https://www.instagram.com/p/DbxkykaujUh/,⚪ Standard Organic: Baseline organic collab reach,I didn't think a foldable could surprise me until I held the new Samsung Galaxy Z Fold8 & Galaxy Z Fold8 Ultra. 🤯
1882,Tier 4: Toggle OFF + Organic (Noise),Pai International,Karnataka & Telangana (HQ: Bengaluru),@mohammedbinishaq,194917,51023,2758,21,5.41%,1.43%,2026-06-24,https://www.instagram.com/p/DZ-eBteuM0D/,⚪ Standard Organic: Baseline organic collab reach,SUHAGRAAT GONE WRONG! 😱🤣
1883,Tier 4: Toggle OFF + Organic (Noise),Pai International,Karnataka & Telangana (HQ: Bengaluru),@mohammedbinishaq,194917,51023,2758,21,5.41%,1.43%,2025-11-18,https://www.instagram.com/p/DRNEbrbEu1F/,⚪ Standard Organic: Baseline organic collab reach,Bangalore mey Hyderabadi Marfa! 😂
1884,Tier 4: Toggle OFF + Organic (Noise),Pai International,Karnataka & Telangana (HQ: Bengaluru),@mohammedbinishaq,194917,51023,2758,21,5.41%,1.43%,2025-10-19,https://www.instagram.com/p/DP_4li7EsWx/,⚪ Standard Organic: Baseline organic collab reach,Road pe Hyderabadi Marfa kyun?? 🤣
1885,Tier 4: Toggle OFF + Organic (Noise),Pai International,Karnataka & Telangana (HQ: Bengaluru),@mohammedbinishaq,194917,51023,2758,21,5.41%,1.43%,2025-09-24,https://www.instagram.com/p/DO_T8jrEnlk/,⚪ Standard Organic: Baseline organic collab reach,Har jagah Hyderabadi Marfa dance kaiku?? 😂
1886,Tier 4: Toggle OFF + Organic (Noise),Great Eastern,West Bengal & East India (HQ: Kolkata),@humara_bikaner_,198262,51023,2758,34,5.41%,1.41%,2026-01-24,https://www.instagram.com/p/DT5Ed8XiU2x/,⚪ Standard Organic: Baseline organic collab reach,बीकानेर वालों 🔥 अब घर बनेगा Smart और Shopping होगी Super Saver 💥
1887,Tier 4: Toggle OFF + Organic (Noise),Bajaj Electronics,Telangana & Andhra Pradesh (HQ: Hyderabad),@telugutravelvlogger,160345,50486,2729,38,5.41%,1.73%,2026-06-11,https://www.instagram.com/p/DZch7zXsweZ/,⚪ Standard Organic: Baseline organic collab reach,Apple Days are back at Bajaj Electronics!
1888,Tier 4: Toggle OFF + Organic (Noise),Vijay Sales,Maharashtra / Pan-India (HQ: Mumbai),@techpocket,168701,50338,2721,1153,5.41%,2.30%,2025-12-16,https://www.instagram.com/p/DSUnx5lDMbA/,⚪ Standard Organic: Baseline organic collab reach,The vivo X300 Pro is built for those who want flagship performance with next-level camera.
1889,Tier 4: Toggle OFF + Organic (Noise),Bajaj Electronics,Telangana & Andhra Pradesh (HQ: Hyderabad),@rajeshkannavlogs,61641,49968,2701,86,5.41%,4.52%,2026-08-03,https://www.instagram.com/p/DblAmq5ut3S/,⚪ Standard Organic: Baseline organic collab reach,"Trying to find the best laptop for college? Here’s my top choice – the HP OmniBook 5, your perfect college ally."
1890,Tier 4: Toggle OFF + Organic (Noise),Electronics Mart,Telangana & Andhra Pradesh (HQ: Hyderabad),@styleofluxuries,200503,49617,2682,280,5.41%,1.48%,2026-08-04,https://www.instagram.com/p/DbnezAAO1-K/,⚪ Standard Organic: Baseline organic collab reach,Apple Days are here at Electronic Mart! Upgrade to your favorite Apple devices with exciting offers you don't want to miss. Visit your nearest store t
1891,Tier 4: Toggle OFF + Organic (Noise),Sathya,Tamil Nadu (HQ: Tuticorin / Chennai),@tirupur_zipp_vlog,69693,49413,2671,30,5.41%,3.88%,2025-03-27,https://www.instagram.com/p/DHsrFEwP8oI/,⚪ Standard Organic: Baseline organic collab reach,₹26000 Cashback Spot😎
1892,Tier 4: Toggle OFF + Organic (Noise),Sathya,Tamil Nadu (HQ: Tuticorin / Chennai),@phoenixmarketcitychennai,214851,49321,2666,7,5.41%,1.24%,2025-07-16,https://www.instagram.com/p/DMK0yfjzie5/,⚪ Standard Organic: Baseline organic collab reach,Catch the stunning @aparna.balamurali live at Sathya Stores! 📱✨
1893,Tier 4: Toggle OFF + Organic (Noise),Bajaj Electronics,Telangana & Andhra Pradesh (HQ: Hyderabad),@anjali_akula_,150457,49247,2662,61,5.41%,1.81%,2026-08-12,https://www.instagram.com/p/Db7GD_YO4mM/,⚪ Standard Organic: Baseline organic collab reach,🍎 Apple Days are LIVE at Bajaj Electronics! ✨
1894,Tier 4: Toggle OFF + Organic (Noise),Sathya,Tamil Nadu (HQ: Tuticorin / Chennai),@swathi_spot,92624,49247,2662,21,5.41%,2.90%,2025-03-27,https://www.instagram.com/p/DHsUSbfzLef/,⚪ Standard Organic: Baseline organic collab reach,Sathya Year end Sale
1895,Tier 4: Toggle OFF + Organic (Noise),Sathya,Tamil Nadu (HQ: Tuticorin / Chennai),@_priyuuuxofficial_,53708,48581,2626,30,5.41%,4.95%,2026-06-27,https://www.instagram.com/p/DaFJRdZtjcZ/,⚪ Standard Organic: Baseline organic collab reach,The Wait Is Over! @sathya.retail  Full Moon Sale Is Here
1896,Tier 4: Toggle OFF + Organic (Noise),Aditya Vision,"Bihar, Jharkhand & UP (HQ: Patna)",@matargashti_vlogs,215372,48525,2623,42,5.41%,1.24%,2026-06-28,https://www.instagram.com/p/DaHdFMLRmHl/,⚪ Standard Organic: Baseline organic collab reach,Ab Dil Kholkar Kariye Shopping
1897,Tier 4: Toggle OFF + Organic (Noise),Aditya Vision,"Bihar, Jharkhand & UP (HQ: Patna)",@matargashti_vlogs,215372,48525,2623,42,5.41%,1.24%,2025-07-24,https://www.instagram.com/p/DMewOlATKss/,⚪ Standard Organic: Baseline organic collab reach,JABARDAST PHONE HAI BHAI
1898,Tier 4: Toggle OFF + Organic (Noise),Aditya Vision,"Bihar, Jharkhand & UP (HQ: Patna)",@matargashti_vlogs,215372,48525,2623,42,5.41%,1.24%,2025-06-17,https://www.instagram.com/p/DLAF731z6_j/,⚪ Standard Organic: Baseline organic collab reach,@haierindia De Raha Hai 12 Years ki warranty
1899,Tier 4: Toggle OFF + Organic (Noise),Aditya Vision,"Bihar, Jharkhand & UP (HQ: Patna)",@matargashti_vlogs,215372,48525,2623,42,5.41%,1.24%,2025-05-01,https://www.instagram.com/p/DJHPGR5TYQg/,⚪ Standard Organic: Baseline organic collab reach,JEET GAYE SAPNO KA GHAR…
1900,Tier 4: Toggle OFF + Organic (Noise),Aditya Vision,"Bihar, Jharkhand & UP (HQ: Patna)",@matargashti_vlogs,215372,48525,2623,42,5.41%,1.24%,2025-02-04,https://www.instagram.com/p/DFo148szw75/,⚪ Standard Organic: Baseline organic collab reach,Samsung S25 Mill Raha Hai Jabardast Rate me Bhai
1901,Tier 4: Toggle OFF + Organic (Noise),Sathya,Tamil Nadu (HQ: Tuticorin / Chennai),@mmshaandkitchen_offical,131715,48414,2617,12,5.41%,2.00%,2025-03-27,https://www.instagram.com/p/DHsZAKgTNpz/,⚪ Standard Organic: Baseline organic collab reach,Sathya Year end Sale
1902,Tier 4: Toggle OFF + Organic (Noise),Sathya,Tamil Nadu (HQ: Tuticorin / Chennai),@thagadur__mapla,93409,48285,2610,22,5.41%,2.82%,2026-06-27,https://www.instagram.com/p/DaEbxAdBv_V/,⚪ Standard Organic: Baseline organic collab reach,The Wait Is Over! @sathya.retail  Full Moon Sale Is Here ✅
1903,Tier 4: Toggle OFF + Organic (Noise),Aditya Vision,"Bihar, Jharkhand & UP (HQ: Patna)",@ashishkebhojpurivlog,22870,47989,2594,31,5.41%,11.48%,2026-08-13,https://www.instagram.com/p/Db-iFgXyQ_g/,⚪ Standard Organic: Baseline organic collab reach,#reels #instagood #reelkarofeelkaro #bhojpurireels #system
1904,Tier 4: Toggle OFF + Organic (Noise),Great Eastern,West Bengal & East India (HQ: Kolkata),@swatijangid_,110805,47508,2568,50,5.41%,2.36%,2026-06-13,https://www.instagram.com/p/DZhu7QwzuYW/,⚪ Standard Organic: Baseline organic collab reach,"Jodhpur, electronic shopping just got bigger and smarter! 🛍️✨"
1905,Tier 4: Toggle OFF + Organic (Noise),Electronics Mart,Telangana & Andhra Pradesh (HQ: Hyderabad),@tarunsingh.29,114926,47175,2550,75,5.41%,2.28%,2026-05-01,https://www.instagram.com/p/DXyxVHZxPxj/,⚪ Standard Organic: Baseline organic collab reach,Finally checked out the MacBook during Apple Days at @electronicsmart_india…
1906,Tier 4: Toggle OFF + Organic (Noise),Croma,"Pan-India / Maharashtra (HQ: Mumbai, Tata Group)",@antophilip,117174,47008,2541,48,5.41%,2.21%,2025-10-23,https://www.instagram.com/p/DQJvcsBkpXt/,⚪ Standard Organic: Baseline organic collab reach,"Did something very special for my parents on their wedding anniversary, thanks to Croma."
1907,Tier 4: Toggle OFF + Organic (Noise),Aditya Vision,"Bihar, Jharkhand & UP (HQ: Patna)",@hardoi_diaries,3927,46435,2510,17,5.41%,64.39%,2026-05-08,https://www.instagram.com/p/DYESAsciNvW/,⚪ Standard Organic: Baseline organic collab reach,Hardoi… ready for the biggest electronics shopping experience? 👀🔥
1908,Tier 4: Toggle OFF + Organic (Noise),Tata Neu,"Pan-India / Maharashtra (HQ: Mumbai, Tata Digital)",@riyabhansalii,98059,46379,2507,38,5.41%,2.60%,2025-09-25,https://www.instagram.com/p/DPBgf3FD3Ae/,⚪ Standard Organic: Baseline organic collab reach,Festive shopping x Wedding shopping = DOUBLE the fun (and double the bills 😅)
1909,Tier 4: Toggle OFF + Organic (Noise),Sathya,Tamil Nadu (HQ: Tuticorin / Chennai),@kidop_prasanna,166242,46139,2494,22,5.41%,1.51%,2026-07-28,https://www.instagram.com/p/DbVBtVao5Fy/,⚪ Standard Organic: Baseline organic collab reach,Wait For The end🤣🔥Share Your Friends🤣😂
1910,Tier 4: Toggle OFF + Organic (Noise),Sathya,Tamil Nadu (HQ: Tuticorin / Chennai),@kidop_prasanna,166242,46139,2494,22,5.41%,1.51%,2026-06-19,https://www.instagram.com/p/DZxN1kioZk3/,⚪ Standard Organic: Baseline organic collab reach,Wait for the end😂🔥Tag Your Friends😂🤣
1911,Tier 4: Toggle OFF + Organic (Noise),Sathya,Tamil Nadu (HQ: Tuticorin / Chennai),@kidop_prasanna,166242,46139,2494,22,5.41%,1.51%,2026-01-03,https://www.instagram.com/p/DTDN_7oCC4h/,⚪ Standard Organic: Baseline organic collab reach,Dont Miss The End 🤣🔥Share Your Friends 😂
1912,Tier 4: Toggle OFF + Organic (Noise),Sathya,Tamil Nadu (HQ: Tuticorin / Chennai),@kidop_prasanna,166242,46139,2494,22,5.41%,1.51%,2025-12-18,https://www.instagram.com/p/DSZLsmoCKmH/,⚪ Standard Organic: Baseline organic collab reach,Dont Miss The End 😂🔥 Share Your Friends 😂
1913,Tier 4: Toggle OFF + Organic (Noise),Aditya Vision,"Bihar, Jharkhand & UP (HQ: Patna)",@mauwale.vishal,79660,46102,2492,34,5.41%,3.17%,2025-10-15,https://www.instagram.com/p/DP00JeSCYHl/,⚪ Standard Organic: Baseline organic collab reach,मऊ में आगया है Biggest Festival Offer at @aditya_vision
1914,Tier 4: Toggle OFF + Organic (Noise),Aditya Vision,"Bihar, Jharkhand & UP (HQ: Patna)",@queen_of_hell18,93483,46028,2488,85,5.41%,2.75%,2026-08-10,https://www.instagram.com/p/Db3F37tSSqf/,⚪ Standard Organic: Baseline organic collab reach,Aditya Vision ‘ 15 ka dam sale ‘ 🇮🇳
1915,Tier 4: Toggle OFF + Organic (Noise),Aditya Vision,"Bihar, Jharkhand & UP (HQ: Patna)",@queen_of_hell18,93483,46028,2488,85,5.41%,2.75%,2026-06-09,https://www.instagram.com/p/DZXFplkyMAr/,⚪ Standard Organic: Baseline organic collab reach,Best laptops according to your work and budget available in Aditya Vision.
1916,Tier 4: Toggle OFF + Organic (Noise),Aditya Vision,"Bihar, Jharkhand & UP (HQ: Patna)",@queen_of_hell18,93483,46028,2488,85,5.41%,2.75%,2026-05-25,https://www.instagram.com/p/DYw3iGcS7Sv/,⚪ Standard Organic: Baseline organic collab reach,Looking for a new TV ? Ye hai TCL P6K
1917,Tier 4: Toggle OFF + Organic (Noise),Aditya Vision,"Bihar, Jharkhand & UP (HQ: Patna)",@queen_of_hell18,93483,46028,2488,85,5.41%,2.75%,2026-01-22,https://www.instagram.com/p/DTzgzQwks2_/,⚪ Standard Organic: Baseline organic collab reach,26 साल के भरोसे के साथ मनाएं 26 जनवरी का महोत्सव !🇮🇳
1918,Tier 4: Toggle OFF + Organic (Noise),Aditya Vision,"Bihar, Jharkhand & UP (HQ: Patna)",@queen_of_hell18,93483,46028,2488,85,5.41%,2.75%,2025-10-15,https://www.instagram.com/p/DP0kztxkiYS/,⚪ Standard Organic: Baseline organic collab reach,🔔आदित्य विज़न में चल रहा है बम्पर धकामा सेल !
1919,Tier 4: Toggle OFF + Organic (Noise),Electronics Mart,Telangana & Andhra Pradesh (HQ: Hyderabad),@stylewithdivyansh,53852,45917,2482,42,5.41%,4.69%,2026-06-09,https://www.instagram.com/p/DZXv8IWgH8L/,⚪ Standard Organic: Baseline organic collab reach,"🍎 Thinking of upgrading to an iPhone, MacBook, iPad, Apple Watch, or AirPods?"
1920,Tier 4: Toggle OFF + Organic (Noise),Sathya,Tamil Nadu (HQ: Tuticorin / Chennai),@oi_kanmani,124735,45917,2482,342,5.41%,2.26%,2026-02-19,https://www.instagram.com/p/DU8A9GjkuFS/,⚪ Standard Organic: Baseline organic collab reach,@sathya.retail GADGETS DAY SALE
1921,Tier 4: Toggle OFF + Organic (Noise),Sathya,Tamil Nadu (HQ: Tuticorin / Chennai),@oi_kanmani,124735,45917,2482,342,5.41%,2.26%,2025-12-02,https://www.instagram.com/p/DRxBgPkktkc/,⚪ Standard Organic: Baseline organic collab reach,"Get ready for the brightest deals of the month! @sathya.retail  Full Moon Sale is lighting up December 4, from 9 AM to 12 Midnight!"
1922,Tier 4: Toggle OFF + Organic (Noise),Sathya,Tamil Nadu (HQ: Tuticorin / Chennai),@karaikal_vlogger_,60909,45306,2449,138,5.41%,4.25%,2026-06-27,https://www.instagram.com/p/DaFnreCihnq/,⚪ Standard Organic: Baseline organic collab reach,The Wait Is Over! @sathya.retail  Full Moon Sale Is Here
1923,Tier 4: Toggle OFF + Organic (Noise),Bajaj Electronics,Telangana & Andhra Pradesh (HQ: Hyderabad),@taste_of.travels,107785,44770,2420,18,5.41%,2.26%,2026-06-30,https://www.instagram.com/p/DaNemvcu5x1/,⚪ Standard Organic: Baseline organic collab reach,Everyone’s talking about Air Fryers... so I had to see what the hype was all about! 👀✨
1924,Tier 4: Toggle OFF + Organic (Noise),Sathya,Tamil Nadu (HQ: Tuticorin / Chennai),@kaathuvaakulasamayal,777356,44770,2420,36,5.41%,0.32%,2025-03-09,https://www.instagram.com/p/DG-YCvIi-_0/,⚪ Standard Organic: Baseline organic collab reach,❄️ AC வாங்க நல்ல நேரம்… இப்போ தாங்க! ❄️
1925,Tier 4: Toggle OFF + Organic (Noise),Tata Neu,"Pan-India / Maharashtra (HQ: Mumbai, Tata Digital)",@tejasjosh.i,416484,44215,2390,527,5.41%,0.70%,2025-01-29,https://www.instagram.com/p/DFaHb0jBiQa/,⚪ Standard Organic: Baseline organic collab reach,I got Early Access to one of the most awaited concerts of the year! 🎟️✨
1926,Tier 4: Toggle OFF + Organic (Noise),Tata Neu,"Pan-India / Maharashtra (HQ: Mumbai, Tata Digital)",@tejasjosh.i,416484,44215,2390,527,5.41%,0.70%,2025-01-25,https://www.instagram.com/p/DFPssZYyZTY/,⚪ Standard Organic: Baseline organic collab reach,🌟Secret Hack for booking Concert Tickets!
1927,Tier 4: Toggle OFF + Organic (Noise),Aditya Vision,"Bihar, Jharkhand & UP (HQ: Patna)",@droneboybbk,97791,44030,2380,25,5.41%,2.46%,2025-08-03,https://www.instagram.com/p/DM4CLo7qnG1/,⚪ Standard Organic: Baseline organic collab reach,Newly Opened Aditya Vision Barabanki
1928,Tier 4: Toggle OFF + Organic (Noise),Great Eastern,West Bengal & East India (HQ: Kolkata),@banglar_ghorebaire,98245,43493,2351,37,5.41%,2.43%,2026-04-12,https://www.instagram.com/p/DXB6UTFkdDn/,⚪ Standard Organic: Baseline organic collab reach,"Every Poila Boishakh, every Bengali home turns into a full cast film 😌"
1929,Tier 4: Toggle OFF + Organic (Noise),Bajaj Electronics,Telangana & Andhra Pradesh (HQ: Hyderabad),@sameera_princess_,161144,43327,2342,24,5.41%,1.47%,2025-04-03,https://www.instagram.com/p/DH_jWnBSna-/,⚪ Standard Organic: Baseline organic collab reach,Beat the summer heat with Bajaj Electronics!
1930,Tier 4: Toggle OFF + Organic (Noise),Sathya,Tamil Nadu (HQ: Tuticorin / Chennai),@varshinioffl10_,28749,43179,2334,4,5.41%,8.14%,2026-06-27,https://www.instagram.com/p/DaFwurFMkzY/,⚪ Standard Organic: Baseline organic collab reach,🥰❤️
1931,Tier 4: Toggle OFF + Organic (Noise),Electronics Mart,Telangana & Andhra Pradesh (HQ: Hyderabad),@techwithshushant,30121,42753,2311,380,5.41%,8.93%,2026-05-01,https://www.instagram.com/p/DXyypI5Tfe7/,⚪ Standard Organic: Baseline organic collab reach,Apple Days are live at Electronics Mart!!
1932,Tier 4: Toggle OFF + Organic (Noise),Sathya,Tamil Nadu (HQ: Tuticorin / Chennai),@keeranur.pk,53469,42587,2302,21,5.41%,4.35%,2026-06-27,https://www.instagram.com/p/DaE_fILJyax/,⚪ Standard Organic: Baseline organic collab reach,🌚🌝Full Moon sale
1933,Tier 4: Toggle OFF + Organic (Noise),Sathya,Tamil Nadu (HQ: Tuticorin / Chennai),@namakkal_official_,96603,42531,2299,17,5.41%,2.40%,2026-07-26,https://www.instagram.com/p/DbQfm-RJ_1a/,⚪ Standard Organic: Baseline organic collab reach,@sathya.retail  Full Moon Sale is here!
1934,Tier 4: Toggle OFF + Organic (Noise),Sathya,Tamil Nadu (HQ: Tuticorin / Chennai),@namakkal_official_,96603,42531,2299,17,5.41%,2.40%,2025-03-27,https://www.instagram.com/p/DHse4jkBEKN/,⚪ Standard Organic: Baseline organic collab reach,Sathya Year end Sale
1935,Tier 4: Toggle OFF + Organic (Noise),Sathya,Tamil Nadu (HQ: Tuticorin / Chennai),@behindwoodsofficial,5988642,42420,2293,8,5.41%,0.04%,2025-12-05,https://www.instagram.com/p/DR4EmYwDoyg/,⚪ Standard Organic: Baseline organic collab reach,Vivo X300 Series..🤩 Launches in Sathya..✨ Visit your nearest Sathya stores..💫
1936,Tier 4: Toggle OFF + Organic (Noise),Aditya Vision,"Bihar, Jharkhand & UP (HQ: Patna)",@thecitymotihari,50612,42180,2280,10,5.41%,4.53%,2025-10-16,https://www.instagram.com/p/DP3KgYWiR1o/,⚪ Standard Organic: Baseline organic collab reach,Dosto! Iss Diwali ghar ko roshan karo Aaditya vision ke sath!
1937,Tier 4: Toggle OFF + Organic (Noise),Sathya,Tamil Nadu (HQ: Tuticorin / Chennai),@blacksheeptvoffl,1445207,41736,2256,6,5.41%,0.16%,2025-06-14,https://www.instagram.com/p/DK4O1h_JPyj/,⚪ Standard Organic: Baseline organic collab reach,Failure leads to greatness | JacksonSamuel
1938,Tier 4: Toggle OFF + Organic (Noise),Bajaj Electronics,Telangana & Andhra Pradesh (HQ: Hyderabad),@urmilachauhan___,62507,41366,2236,35,5.41%,3.64%,2025-10-01,https://www.instagram.com/p/DPQrPOGDm1l/,⚪ Standard Organic: Baseline organic collab reach,Bajaj Electronics- India’s Leading Retailer in Electronics is back with its Famous India’s Biggest Festive Offer of ₹1 Crore Cash Prize and 30 Alto K1
1939,Tier 4: Toggle OFF + Organic (Noise),Bajaj Electronics,Telangana & Andhra Pradesh (HQ: Hyderabad),@sameera_zaen_vlogs,46602,41014,2217,24,5.41%,4.81%,2025-09-28,https://www.instagram.com/p/DPJcnx_E4U_/,⚪ Standard Organic: Baseline organic collab reach,Bajaj Electronics- India’s Leading Retailer in Electronics is back with its Famous India’s Biggest Festive Offer of ₹1 Crore Cash Prize and 30 Alto K1
1940,Tier 4: Toggle OFF + Organic (Noise),Sathya,Tamil Nadu (HQ: Tuticorin / Chennai),@_anjali_offcl,55448,40977,2215,3,5.41%,4.00%,2025-05-25,https://www.instagram.com/p/DKEwTNPB4k2/,⚪ Standard Organic: Baseline organic collab reach,@sathya.retail Sathya super sale is happening from May 28 - 31
1941,Tier 4: Toggle OFF + Organic (Noise),Aditya Vision,"Bihar, Jharkhand & UP (HQ: Patna)",@lucknow.waasi,171948,40663,2198,25,5.41%,1.29%,2026-08-12,https://www.instagram.com/p/Db8f3gyI9RF/,⚪ Standard Organic: Baseline organic collab reach,"🇮🇳🔥 इस Independence Day, आज़ादी के साथ मनाइए BUMPER SAVINGS का जश्न!"
1942,Tier 4: Toggle OFF + Organic (Noise),Sathya,Tamil Nadu (HQ: Tuticorin / Chennai),@muxin_vibes,26412,40367,2182,43,5.41%,8.43%,2026-04-09,https://www.instagram.com/p/DW6Kb37iLsM/,⚪ Standard Organic: Baseline organic collab reach,Celebrate the Tamil New Year with exciting offers @sathya.retail !
1943,Tier 4: Toggle OFF + Organic (Noise),Sathya,Tamil Nadu (HQ: Tuticorin / Chennai),@namma_mayiladuthurai_tn_82,134610,39941,2159,27,5.41%,1.62%,2025-03-28,https://www.instagram.com/p/DHv0tPlhpRQ/,⚪ Standard Organic: Baseline organic collab reach,💥🎉 Sathya Year end Sale
1944,Tier 4: Toggle OFF + Organic (Noise),Sathya,Tamil Nadu (HQ: Tuticorin / Chennai),@priya_panda05,118311,39756,2149,17,5.41%,1.83%,2025-05-26,https://www.instagram.com/p/DKH2CCuTbF5/,⚪ Standard Organic: Baseline organic collab reach,@sathya.retail Sathya super sale is happening from May 28 - 31
1945,Tier 4: Toggle OFF + Organic (Noise),Aditya Vision,"Bihar, Jharkhand & UP (HQ: Patna)",@apna_shehar_agra,213816,39645,2143,23,5.41%,1.01%,2026-08-12,https://www.instagram.com/p/Db8YU34zJOQ/,⚪ Standard Organic: Baseline organic collab reach,"Address - Aditya Vision Taj View tiraha, Fatehabad road Agra."
1946,Tier 4: Toggle OFF + Organic (Noise),Aditya Vision,"Bihar, Jharkhand & UP (HQ: Patna)",@begusarai.beats,108860,39553,2138,15,5.41%,1.98%,2026-05-31,https://www.instagram.com/p/DY_0C2UqBNh/,⚪ Standard Organic: Baseline organic collab reach,📺✨ अब Entertainment होगा Next Level!
1947,Tier 4: Toggle OFF + Organic (Noise),Aditya Vision,"Bihar, Jharkhand & UP (HQ: Patna)",@diyaaa.maurya,25835,38831,2099,35,5.41%,8.27%,2025-09-24,https://www.instagram.com/p/DO-UjZqETdW/,⚪ Standard Organic: Baseline organic collab reach,Banaras walo!
1948,Tier 4: Toggle OFF + Organic (Noise),Sathya,Tamil Nadu (HQ: Tuticorin / Chennai),@trichy_clicks_,231697,38813,2098,12,5.41%,0.91%,2026-04-07,https://www.instagram.com/p/DW1DMn_D9wJ/,⚪ Standard Organic: Baseline organic collab reach,AC ku ipdi oru offer ahh!!!🤯🤩
1949,Tier 4: Toggle OFF + Organic (Noise),Sathya,Tamil Nadu (HQ: Tuticorin / Chennai),@raymonds_vlogs,61300,38702,2092,21,5.41%,3.45%,2025-05-26,https://www.instagram.com/p/DKHP_xFRTgb/,⚪ Standard Organic: Baseline organic collab reach,@sathya.retail Sathya super sale is happening from May 28 - 31
1950,Tier 4: Toggle OFF + Organic (Noise),Vijay Sales,Maharashtra / Pan-India (HQ: Mumbai),@thevivastory,102913,38517,2082,250,5.41%,2.27%,2025-02-10,https://www.instagram.com/p/DF5TKTSv-9-/,⚪ Standard Organic: Baseline organic collab reach,Letting my wife choose her Valentine’s Day gift at @vijaysalesofficial! 💖 It’s the ultimate one-stop destination for all our electronic needs. The thr
1951,Tier 4: Toggle OFF + Organic (Noise),Bajaj Electronics,Telangana & Andhra Pradesh (HQ: Hyderabad),@saikamakshibhaskarla,223390,38350,2073,46,5.41%,0.95%,2026-01-15,https://www.instagram.com/p/DTh63PSj8gL/,⚪ Standard Organic: Baseline organic collab reach,Visited Bajaj Electronics to check out the all-new OPPO Reno15!
1952,Tier 4: Toggle OFF + Organic (Noise),Aditya Vision,"Bihar, Jharkhand & UP (HQ: Patna)",@bebo_1331,226919,38073,2058,40,5.41%,0.93%,2026-08-14,https://www.instagram.com/p/DcAsU0wxFIa/,⚪ Standard Organic: Baseline organic collab reach,"🇮🇳 आज़ादी का जश्न मनाइए, बंपर बचत के साथ! 🎉🔥"
1953,Tier 4: Toggle OFF + Organic (Noise),Aditya Vision,"Bihar, Jharkhand & UP (HQ: Patna)",@bebo_1331,226919,38073,2058,40,5.41%,0.93%,2026-08-06,https://www.instagram.com/p/DbstL--zfjQ/,⚪ Standard Organic: Baseline organic collab reach,Pocket mein Mini Laptop? 👀📱
1954,Tier 4: Toggle OFF + Organic (Noise),Sathya,Tamil Nadu (HQ: Tuticorin / Chennai),@vj_tara,167905,37518,2028,12,5.41%,1.22%,2025-12-02,https://www.instagram.com/p/DRw3GUdgS3Z/,⚪ Standard Organic: Baseline organic collab reach,"Get ready for the brightest deals of the month! @sathya.retail  Full Moon Sale is lighting up December 4, from 9 AM to 12 Midnight!"
1955,Tier 4: Toggle OFF + Organic (Noise),Pai International,Karnataka & Telangana (HQ: Bengaluru),@thehithaceee,286064,37407,2022,177,5.41%,0.77%,2025-01-12,https://www.instagram.com/p/DEuaBu_BaUp/,⚪ Standard Organic: Baseline organic collab reach,Reno13 Series 5G
1956,Tier 4: Toggle OFF + Organic (Noise),Aditya Vision,"Bihar, Jharkhand & UP (HQ: Patna)",@patna_se_haii,239344,37000,2000,12,5.41%,0.84%,2026-08-14,https://www.instagram.com/p/DcBcSYWTmfv/,⚪ Standard Organic: Baseline organic collab reach,💻 **Lenovo Laptop पर धमाकेदार ऑफर!** 🔥
1957,Tier 4: Toggle OFF + Organic (Noise),Aditya Vision,"Bihar, Jharkhand & UP (HQ: Patna)",@patna_se_haii,239344,37000,2000,12,5.41%,0.84%,2026-08-11,https://www.instagram.com/p/Db5ceE5Tqwg/,⚪ Standard Organic: Baseline organic collab reach,"🇮🇳 आज़ादी का जश्न, बचत के संग! 🎉"
1958,Tier 4: Toggle OFF + Organic (Noise),Aditya Vision,"Bihar, Jharkhand & UP (HQ: Patna)",@patna_se_haii,239344,37000,2000,12,5.41%,0.84%,2026-06-11,https://www.instagram.com/p/DZb03ESxSvz/,⚪ Standard Organic: Baseline organic collab reach,Here’s a short caption:
1959,Tier 4: Toggle OFF + Organic (Noise),Aditya Vision,"Bihar, Jharkhand & UP (HQ: Patna)",@patna_se_haii,239344,37000,2000,12,5.41%,0.84%,2026-05-17,https://www.instagram.com/p/DYcgNkZzj0P/,⚪ Standard Organic: Baseline organic collab reach,"Patna ke Taj Hotel me Vivo X300 Ultra aur X300 FE ka experience kiya… aur bhai, ye phone kam camera beast zyada laga! 🔥📸 Performance bhi next level."
1960,Tier 4: Toggle OFF + Organic (Noise),Aditya Vision,"Bihar, Jharkhand & UP (HQ: Patna)",@patna_se_haii,239344,37000,2000,12,5.41%,0.84%,2026-04-29,https://www.instagram.com/p/DXtLbHwkYic/,⚪ Standard Organic: Baseline organic collab reach,"आज सपना नहीं, हकीकत का दरवाज़ा खुला है 🏡✨"
1961,Tier 4: Toggle OFF + Organic (Noise),Aditya Vision,"Bihar, Jharkhand & UP (HQ: Patna)",@patna_se_haii,239344,37000,2000,12,5.41%,0.84%,2026-03-07,https://www.instagram.com/p/DVlDsc_kWKK/,⚪ Standard Organic: Baseline organic collab reach,Next-level power is here! 🔥
1962,Tier 4: Toggle OFF + Organic (Noise),Aditya Vision,"Bihar, Jharkhand & UP (HQ: Patna)",@patna_se_haii,239344,37000,2000,12,5.41%,0.84%,2026-01-25,https://www.instagram.com/p/DT7I-aikekJ/,⚪ Standard Organic: Baseline organic collab reach,26 साल के भरोसे के साथ इस गणतंत्र दिवस बनाइए खरीदारी को Grand Celebration! 🇮🇳✨
1963,Tier 4: Toggle OFF + Organic (Noise),Aditya Vision,"Bihar, Jharkhand & UP (HQ: Patna)",@patna_se_haii,239344,37000,2000,12,5.41%,0.84%,2025-12-19,https://www.instagram.com/p/DScX_lKEWKQ/,⚪ Standard Organic: Baseline organic collab reach,Ghar upgrade ka mood hai? 🏡✨
1964,Tier 4: Toggle OFF + Organic (Noise),Aditya Vision,"Bihar, Jharkhand & UP (HQ: Patna)",@patna_se_haii,239344,37000,2000,12,5.41%,0.84%,2025-10-15,https://www.instagram.com/p/DP0v3MTEfS2/,⚪ Standard Organic: Baseline organic collab reach,✨ Dosto! Iss Diwali ghar ko roshan karo Aditya Vision ke sath! 💥
1965,Tier 4: Toggle OFF + Organic (Noise),Aditya Vision,"Bihar, Jharkhand & UP (HQ: Patna)",@patna_se_haii,239344,37000,2000,12,5.41%,0.84%,2025-09-19,https://www.instagram.com/p/DOyNryRk-KK/,⚪ Standard Organic: Baseline organic collab reach,📱 Finally iPhone 17 Series & iPhone Air ab Patna ke Aditya Vision par! 🔥 Cashback + Exchange Bonus + Bumper Inaam 🎁
1966,Tier 4: Toggle OFF + Organic (Noise),Aditya Vision,"Bihar, Jharkhand & UP (HQ: Patna)",@patna_se_haii,239344,37000,2000,12,5.41%,0.84%,2025-09-13,https://www.instagram.com/p/DOiuxqXE1Bi/,⚪ Standard Organic: Baseline organic collab reach,🔥 Breaking News Patna 🔥
1967,Tier 4: Toggle OFF + Organic (Noise),Aditya Vision,"Bihar, Jharkhand & UP (HQ: Patna)",@patna_se_haii,239344,37000,2000,12,5.41%,0.84%,2025-08-11,https://www.instagram.com/p/DNN3wxEzTK-/,⚪ Standard Organic: Baseline organic collab reach,"🎉 15 का दम, बंपर बचत हर कदम! 🇮🇳"
1968,Tier 4: Toggle OFF + Organic (Noise),Electronics Mart,Telangana & Andhra Pradesh (HQ: Hyderabad),@avikacutiepie,177339,36815,1990,133,5.41%,1.20%,2026-07-01,https://www.instagram.com/p/DaQBPjbSK7k/,⚪ Standard Organic: Baseline organic collab reach,📚💻 Back to School shopping just got better! 🎉
1969,Tier 4: Toggle OFF + Organic (Noise),Bajaj Electronics,Telangana & Andhra Pradesh (HQ: Hyderabad),@tasteofbezawada,266273,36722,1985,16,5.41%,0.75%,2026-08-03,https://www.instagram.com/p/DbkcRESBatv/,⚪ Standard Organic: Baseline organic collab reach,"✨️Trying to find the best laptop for college? Here's my top choice – the HP OmniBook 5, your perfect college ally."
1970,Tier 4: Toggle OFF + Organic (Noise),Sathya,Tamil Nadu (HQ: Tuticorin / Chennai),@anuuuuu.anuuu,47691,36630,1980,13,5.41%,4.18%,2025-05-25,https://www.instagram.com/p/DKFN51LSloe/,⚪ Standard Organic: Baseline organic collab reach,@sathya.retail Sathya super sale is happening from May 28 - 31
1971,Tier 4: Toggle OFF + Organic (Noise),Bajaj Electronics,Telangana & Andhra Pradesh (HQ: Hyderabad),@ashritha.__._,104645,36112,1952,42,5.41%,1.91%,2026-08-04,https://www.instagram.com/p/DbndNf6srfo/,⚪ Standard Organic: Baseline organic collab reach,🍎 Apple Days are LIVE at Bajaj Electronics! ✨
1972,Tier 4: Toggle OFF + Organic (Noise),Bajaj Electronics,Telangana & Andhra Pradesh (HQ: Hyderabad),@ashritha.__._,104645,36112,1952,42,5.41%,1.91%,2026-05-02,https://www.instagram.com/p/DX0061Gy4z3/,⚪ Standard Organic: Baseline organic collab reach,🔥 Apple Days are LIVE at Everyone’s Favorite Bajaj Electronics!!
1973,Tier 4: Toggle OFF + Organic (Noise),Sathya,Tamil Nadu (HQ: Tuticorin / Chennai),@siva_x18,118993,36019,1947,43,5.41%,1.67%,2026-06-27,https://www.instagram.com/p/DaFesLxzZVK/,⚪ Standard Organic: Baseline organic collab reach,Relatable 🤣💯
1974,Tier 4: Toggle OFF + Organic (Noise),Aditya Vision,"Bihar, Jharkhand & UP (HQ: Patna)",@hamaro_agra,123513,35927,1942,25,5.41%,1.59%,2026-08-10,https://www.instagram.com/p/Db2YjsMvQn2/,⚪ Standard Organic: Baseline organic collab reach,🇮🇳 Independence Day par Shopping ka Dhamaka! 🔥
1975,Tier 4: Toggle OFF + Organic (Noise),Aditya Vision,"Bihar, Jharkhand & UP (HQ: Patna)",@hamaro_agra,123513,35927,1942,25,5.41%,1.59%,2026-05-23,https://www.instagram.com/p/DYrh3SQPHgl/,⚪ Standard Organic: Baseline organic collab reach,4K Entertainment ka asli maza ab milega 🔥📺
1976,Tier 4: Toggle OFF + Organic (Noise),Aditya Vision,"Bihar, Jharkhand & UP (HQ: Patna)",@hamaro_agra,123513,35927,1942,25,5.41%,1.59%,2026-05-13,https://www.instagram.com/p/DYRcwWBPpM6/,⚪ Standard Organic: Baseline organic collab reach,"Agra walon, electronics retail chain shopping ka sabse bada destination ab aapke apne shehar mein! ✨"
1977,Tier 4: Toggle OFF + Organic (Noise),Croma,"Pan-India / Maharashtra (HQ: Mumbai, Tata Group)",@aanalkotak,971931,35705,1930,10,5.41%,0.20%,2025-08-19,https://www.instagram.com/p/DNiLVazs9Np/,⚪ Standard Organic: Baseline organic collab reach,Say hello to guilt-free fries 🍟 and stress-free cooking 🍴✨ with Croma’s own brand’s Air Fryer & Microwave!
1978,Tier 4: Toggle OFF + Organic (Noise),Sathya,Tamil Nadu (HQ: Tuticorin / Chennai),@i5_rohith,10454,35557,1922,49,5.41%,18.86%,2025-03-27,https://www.instagram.com/p/DHsbQ2GyZ_t/,⚪ Standard Organic: Baseline organic collab reach,Sathya Year end Sale
1979,Tier 4: Toggle OFF + Organic (Noise),Sathya,Tamil Nadu (HQ: Tuticorin / Chennai),@ariyalur_paradise_of_chola,210780,35538,1921,45,5.41%,0.93%,2026-06-27,https://www.instagram.com/p/DaFtvdiBdXf/,⚪ Standard Organic: Baseline organic collab reach,🌕 Sathya Full Moon Sale is Here! 🔥
1980,Tier 4: Toggle OFF + Organic (Noise),Aditya Vision,"Bihar, Jharkhand & UP (HQ: Patna)",@imbihar_01,175613,35316,1909,25,5.41%,1.10%,2026-04-17,https://www.instagram.com/p/DXPNYGtgemD/,⚪ Standard Organic: Baseline organic collab reach,अब घर पर चाहे कोई Guest आ रहें हो और घर बिखरा हुआ और समय कम है तो 😰
1981,Tier 4: Toggle OFF + Organic (Noise),Aditya Vision,"Bihar, Jharkhand & UP (HQ: Patna)",@imbihar_01,175613,35316,1909,25,5.41%,1.10%,2025-10-16,https://www.instagram.com/p/DP3RdOiAZwW/,⚪ Standard Organic: Baseline organic collab reach,"Luminous Edge Go - ek smart portable power station jo deta hai Power jo chale, jahan aap chalein! Chahe ghar ho ya travel, ab power kabhi nahi rukegi!"
1982,Tier 4: Toggle OFF + Organic (Noise),Aditya Vision,"Bihar, Jharkhand & UP (HQ: Patna)",@imbihar_01,175613,35316,1909,25,5.41%,1.10%,2025-06-12,https://www.instagram.com/p/DKzvxfzTV0i/,⚪ Standard Organic: Baseline organic collab reach,Aditya Vision के Grand Summer Sale में पाएं upto 20% cashback और Buy & Win 2025 में हिस्सा लेकर जीतें 18 करोड़ के इनाम ! (जिसमे है 1251 बाइक 175 कार औ
1983,Tier 4: Toggle OFF + Organic (Noise),Sathya,Tamil Nadu (HQ: Tuticorin / Chennai),@thaaraaaa._,131127,34576,1869,45,5.41%,1.46%,2025-03-12,https://www.instagram.com/p/DHGFsFiTbxE/,⚪ Standard Organic: Baseline organic collab reach,Sathya FULL MOON LED TV SUPER SALE - Live on 14th March 2025 -Morning 9 AM To Midnight 12 AM- One Day Only -
1984,Tier 4: Toggle OFF + Organic (Noise),Sathya,Tamil Nadu (HQ: Tuticorin / Chennai),@riyazz_explorer,69096,34354,1857,18,5.41%,2.72%,2025-05-26,https://www.instagram.com/p/DKHe4bdpPdR/,⚪ Standard Organic: Baseline organic collab reach,@sathya.retail Sathya super sale is happening from May 28 - 31
1985,Tier 4: Toggle OFF + Organic (Noise),Sathya,Tamil Nadu (HQ: Tuticorin / Chennai),@vellore_ponnu_90,111439,34299,1854,5,5.41%,1.67%,2026-06-27,https://www.instagram.com/p/DaFs26vpebo/,⚪ Standard Organic: Baseline organic collab reach,The Wait Is Over! @sathya.retail  Full Moon Sale Is Here
1986,Tier 4: Toggle OFF + Organic (Noise),Bajaj Electronics,Telangana & Andhra Pradesh (HQ: Hyderabad),@kurnoolion_gal,88494,34151,1846,19,5.41%,2.11%,2025-06-27,https://www.instagram.com/p/DLaE0FNxeJt/,⚪ Standard Organic: Baseline organic collab reach,📱✨ **Hai Andi! I am here!**
1987,Tier 4: Toggle OFF + Organic (Noise),Aditya Vision,"Bihar, Jharkhand & UP (HQ: Patna)",@sanju_vlog1,83061,33947,1835,38,5.41%,2.26%,2026-06-27,https://www.instagram.com/p/DaF2bQYSUT8/,⚪ Standard Organic: Baseline organic collab reach,EMI Festival is LIVE at Aditya Vision!..🔥
1988,Tier 4: Toggle OFF + Organic (Noise),Sathya,Tamil Nadu (HQ: Tuticorin / Chennai),@manikandan_loganadhan,146743,33892,1832,23,5.41%,1.26%,2025-03-12,https://www.instagram.com/p/DHF4NZ5RXEF/,⚪ Standard Organic: Baseline organic collab reach,Sathya FULL MOON LED TV SUPER SALE - Live on 14th March 2025 -Morning 9 AM To Midnight 12 AM- One Day Only -
1989,Tier 4: Toggle OFF + Organic (Noise),Bajaj Electronics,Telangana & Andhra Pradesh (HQ: Hyderabad),@jagadeesh4u_,91340,33540,1813,17,5.41%,2.01%,2025-03-20,https://www.instagram.com/p/DHag8-WvEFG/,⚪ Standard Organic: Baseline organic collab reach,Beat the summer heat with Bajaj Electronics!
1990,Tier 4: Toggle OFF + Organic (Noise),Electronics Mart,Telangana & Andhra Pradesh (HQ: Hyderabad),@kukie._,30563,33300,1800,109,5.41%,6.25%,2026-06-11,https://www.instagram.com/p/DZcxI72vN4O/,⚪ Standard Organic: Baseline organic collab reach,Apple Days are back at Electronics Mart!😳
1991,Tier 4: Toggle OFF + Organic (Noise),Aditya Vision,"Bihar, Jharkhand & UP (HQ: Patna)",@banarasifacts,145472,33300,1800,28,5.41%,1.26%,2025-10-15,https://www.instagram.com/p/DP0ljkSD1dX/,⚪ Standard Organic: Baseline organic collab reach,Aditya Vision Sabse Badi Sabse Dhankedar Diwali Sale Is Live
1992,Tier 4: Toggle OFF + Organic (Noise),Electronics Mart,Telangana & Andhra Pradesh (HQ: Hyderabad),@engineeronvacay,82121,33207,1795,126,5.41%,2.34%,2026-06-07,https://www.instagram.com/p/DZRx9PaSwoM/,⚪ Standard Organic: Baseline organic collab reach,Apple Days are back at Electronics Mart!
1993,Tier 4: Toggle OFF + Organic (Noise),Sathya,Tamil Nadu (HQ: Tuticorin / Chennai),@abhi_lifestory,475375,33133,1791,1041,5.41%,0.60%,2025-03-07,https://www.instagram.com/p/DG5QlAYhxRt/,⚪ Standard Organic: Baseline organic collab reach,"Hey dears❤️ COMMENT ""❤️"" who remembers the kuchi ice varieties from childhood😍⁉️ this Popsicles resembles the same taste and brings back those amazing"
1994,Tier 4: Toggle OFF + Organic (Noise),Croma,"Pan-India / Maharashtra (HQ: Mumbai, Tata Group)",@shreecookingacademy,142319,32911,1779,56,5.41%,1.29%,2025-09-17,https://www.instagram.com/p/DOtBitCj6dz/,⚪ Standard Organic: Baseline organic collab reach,Wholesome treats made easy with @croma.retail and @unboxedbycroma
1995,Tier 4: Toggle OFF + Organic (Noise),Pai International,Karnataka & Telangana (HQ: Bengaluru),@smiley_foodvines,200290,32708,1768,9,5.41%,0.89%,2025-04-01,https://www.instagram.com/p/DH5qDMnPm0c/,⚪ Standard Organic: Baseline organic collab reach,‼️ Beat the Heat with aisen air coolers on this summer 🥵‼️
1996,Tier 4: Toggle OFF + Organic (Noise),Sathya,Tamil Nadu (HQ: Tuticorin / Chennai),@tirupurpasangada,818430,32615,1763,12,5.41%,0.22%,2025-07-24,https://www.instagram.com/p/DMfRGAHvIZX/,⚪ Standard Organic: Baseline organic collab reach,Fridge & Washing Machine upto 3000 வரை Exchange valueAADI SALE BEGINS at @sathya.retail ! Don’t miss the biggest deals of the season.
1997,Tier 4: Toggle OFF + Organic (Noise),Aditya Vision,"Bihar, Jharkhand & UP (HQ: Patna)",@hikanpur,105448,32541,1759,31,5.41%,1.70%,2026-08-10,https://www.instagram.com/p/Db3MRYSPtYE/,⚪ Standard Organic: Baseline organic collab reach,"STOP Scrolling, Kanpur 🇮🇳! Your biggest Independence Day home upgrade sale is LIVE! 🔥"
1998,Tier 4: Toggle OFF + Organic (Noise),Aditya Vision,"Bihar, Jharkhand & UP (HQ: Patna)",@hikanpur,105448,32541,1759,31,5.41%,1.70%,2026-06-08,https://www.instagram.com/p/DZU8EYJoLBE/,⚪ Standard Organic: Baseline organic collab reach,Your First Laptop Can Change Your Future! 🚀
1999,Tier 4: Toggle OFF + Organic (Noise),Aditya Vision,"Bihar, Jharkhand & UP (HQ: Patna)",@hikanpur,105448,32541,1759,31,5.41%,1.70%,2026-05-23,https://www.instagram.com/p/DYrviZuvhBJ/,⚪ Standard Organic: Baseline organic collab reach,"Kanpur वालो ! Movie ho, IPL ho ya late night OTT binge… TV experience acha ho toh maza hi alag aata hai 👀📺✨"
2000,Tier 4: Toggle OFF + Organic (Noise),Aditya Vision,"Bihar, Jharkhand & UP (HQ: Patna)",@hikanpur,105448,32541,1759,31,5.41%,1.70%,2026-03-09,https://www.instagram.com/p/DVqcLe8j2AL/,⚪ Standard Organic: Baseline organic collab reach,"Kanpur, Finally the wait is over 🚀"
2001,Tier 4: Toggle OFF + Organic (Noise),Sathya,Tamil Nadu (HQ: Tuticorin / Chennai),@dharshh_.official_,70980,32449,1754,26,5.41%,2.51%,2025-03-27,https://www.instagram.com/p/DHr6IpZTvEp/,⚪ Standard Organic: Baseline organic collab reach,📣Sathya Year end Sale✅
2002,Tier 4: Toggle OFF + Organic (Noise),Aditya Vision,"Bihar, Jharkhand & UP (HQ: Patna)",@_ronnyvlogs_01,77152,32430,1753,15,5.41%,2.29%,2026-08-14,https://www.instagram.com/p/DcAxXLYhCcZ/,⚪ Standard Organic: Baseline organic collab reach,💻 **Lenovo Laptop पर धमाकेदार ऑफर!** 🔥
2003,Tier 4: Toggle OFF + Organic (Noise),Reliance Digital,"Pan-India / Maharashtra (HQ: Mumbai, Reliance Retail)",@tamil_dreams_tech,415010,31968,1728,214,5.41%,0.47%,2025-04-06,https://www.instagram.com/p/DIG4F99Tk-q/,⚪ Standard Organic: Baseline organic collab reach,Let me give you the best suggestion for a tech upgrade? 💻📱
2004,Tier 4: Toggle OFF + Organic (Noise),Sathya,Tamil Nadu (HQ: Tuticorin / Chennai),@soundaryasureshsidh,50324,31949,1727,16,5.41%,3.46%,2025-05-26,https://www.instagram.com/p/DKGlpdWpuUR/,⚪ Standard Organic: Baseline organic collab reach,@sathya.retail Sathya super sale is happening from May 28 - 31
2005,Tier 4: Toggle OFF + Organic (Noise),Sathya,Tamil Nadu (HQ: Tuticorin / Chennai),@soundaryasureshsidh,50324,31949,1727,16,5.41%,3.46%,2025-03-27,https://www.instagram.com/p/DHsea25RAD6/,⚪ Standard Organic: Baseline organic collab reach,✨Sathya Year end Sale
2006,Tier 4: Toggle OFF + Organic (Noise),Bajaj Electronics,Telangana & Andhra Pradesh (HQ: Hyderabad),@vaanyaaggarwal_official,346142,31542,1705,29,5.41%,0.50%,2026-05-01,https://www.instagram.com/p/DXzL-b4Jmx7/,⚪ Standard Organic: Baseline organic collab reach,🔥 Apple Days are LIVE at Everyone’s Favorite Bajaj Electronics!!
2007,Tier 4: Toggle OFF + Organic (Noise),Electronics Mart,Telangana & Andhra Pradesh (HQ: Hyderabad),@dillikaladka_,68822,31394,1697,23,5.41%,2.50%,2026-04-30,https://www.instagram.com/p/DXwpwZ8h6l0/,⚪ Standard Organic: Baseline organic collab reach,"Upgrading my setup, one device at a time with the Apple Days at Electronics Mart 🎈"
2008,Tier 4: Toggle OFF + Organic (Noise),Bajaj Electronics,Telangana & Andhra Pradesh (HQ: Hyderabad),@omgits.cc,104832,31394,1697,20,5.41%,1.64%,2025-03-28,https://www.instagram.com/p/DHvBOulTzq4/,⚪ Standard Organic: Baseline organic collab reach,Beat the summer heat with Bajaj Electronics!
2009,Tier 4: Toggle OFF + Organic (Noise),Vijay Sales,Maharashtra / Pan-India (HQ: Mumbai),@hyderabad_talkies,28708,31191,1686,16,5.41%,5.93%,2025-11-07,https://www.instagram.com/p/DQv9IV8kSSu/,⚪ Standard Organic: Baseline organic collab reach,Delighted to welcome @vijaysalesofficial to a night tuned with innovation and emotion Co-Presenting A.R. Rahman - Live in Hyderabad! 🎶
2010,Tier 4: Toggle OFF + Organic (Noise),Bajaj Electronics,Telangana & Andhra Pradesh (HQ: Hyderabad),@shirisha1143,220828,31154,1684,14,5.41%,0.77%,2026-05-02,https://www.instagram.com/p/DX1blHrvjb3/,⚪ Standard Organic: Baseline organic collab reach,🔥 Apple Days are LIVE at Everyone’s Favorite Bajaj Electronics!!
2011,Tier 4: Toggle OFF + Organic (Noise),Sathya,Tamil Nadu (HQ: Tuticorin / Chennai),@ashi_crazzy,87388,31135,1683,22,5.41%,1.95%,2025-05-25,https://www.instagram.com/p/DKE4uUKx-ep/,⚪ Standard Organic: Baseline organic collab reach,@sathya.retail Sathya super sale is happening from May 28 - 31
2012,Tier 4: Toggle OFF + Organic (Noise),Sathya,Tamil Nadu (HQ: Tuticorin / Chennai),@ilovethanjai,99764,31080,1680,11,5.41%,1.70%,2025-03-27,https://www.instagram.com/p/DHs_wLESU3Y/,⚪ Standard Organic: Baseline organic collab reach,Sathya Year end Sale
2013,Tier 4: Toggle OFF + Organic (Noise),Sathya,Tamil Nadu (HQ: Tuticorin / Chennai),@trichy_couple_vlogs,49611,30543,1651,149,5.41%,3.63%,2026-07-27,https://www.instagram.com/p/DbSFawrMLQZ/,⚪ Standard Organic: Baseline organic collab reach,First parents teacher meeting🥹😍
2014,Tier 4: Toggle OFF + Organic (Noise),Sathya,Tamil Nadu (HQ: Tuticorin / Chennai),@trichy_couple_vlogs,49611,30543,1651,149,5.41%,3.63%,2026-06-27,https://www.instagram.com/p/DaFVcgIt8WX/,⚪ Standard Organic: Baseline organic collab reach,Jilabi ❌ Mango ✅
2015,Tier 4: Toggle OFF + Organic (Noise),Great Eastern,West Bengal & East India (HQ: Kolkata),@thelazy_bun,46061,30451,1646,30,5.41%,3.64%,2026-08-02,https://www.instagram.com/p/DbhnnA3vn9s/,⚪ Standard Organic: Baseline organic collab reach,Upgrade your home and lifestyle because everyone who takes care of us deserves the best! 🏠✨
2016,Tier 4: Toggle OFF + Organic (Noise),Aditya Vision,"Bihar, Jharkhand & UP (HQ: Patna)",@streets.of_gorakhpur,304665,30414,1644,9,5.41%,0.54%,2025-10-16,https://www.instagram.com/p/DP3lRK7Eujh/,⚪ Standard Organic: Baseline organic collab reach,Is baar ki diwali Aditya vision wali✨❤️
2017,Tier 4: Toggle OFF + Organic (Noise),Sathya,Tamil Nadu (HQ: Tuticorin / Chennai),@laksmi.srinivasan,103279,30340,1640,40,5.41%,1.63%,2025-03-29,https://www.instagram.com/p/DHxpS2hotwd/,⚪ Standard Organic: Baseline organic collab reach,Sathya Year end Sale
2018,Tier 4: Toggle OFF + Organic (Noise),Aditya Vision,"Bihar, Jharkhand & UP (HQ: Patna)",@real_aastha_rathore_,182664,30284,1637,59,5.41%,0.93%,2026-08-11,https://www.instagram.com/p/Db43nBDSmic/,⚪ Standard Organic: Baseline organic collab reach,Bilaspur ke Aditya Vision par 50% OFF 😍😱#aastharathore
2019,Tier 4: Toggle OFF + Organic (Noise),Sathya,Tamil Nadu (HQ: Tuticorin / Chennai),@trichytimepass,104159,30099,1627,10,5.41%,1.57%,2025-03-27,https://www.instagram.com/p/DHsyHyozwYA/,⚪ Standard Organic: Baseline organic collab reach,Sathya Year end Sale
2020,Tier 4: Toggle OFF + Organic (Noise),Sathya,Tamil Nadu (HQ: Tuticorin / Chennai),@ajp_offi,26987,29970,1620,28,5.41%,6.11%,2025-05-25,https://www.instagram.com/p/DKFTgySzHeo/,⚪ Standard Organic: Baseline organic collab reach,Sathiya showroom 🔥🫰🏻♥️📱
2021,Tier 4: Toggle OFF + Organic (Noise),Aditya Vision,"Bihar, Jharkhand & UP (HQ: Patna)",@kvlogs1926,73589,29951,1619,66,5.41%,2.29%,2026-06-04,https://www.instagram.com/p/DZKxVvvhgbP/,⚪ Standard Organic: Baseline organic collab reach,भागलपुर का आदित्य विजन दे रहा है 23 करोड़ जितने का मौक़ा 😀
2022,Tier 4: Toggle OFF + Organic (Noise),Bajaj Electronics,Telangana & Andhra Pradesh (HQ: Hyderabad),@anikamkhara,109796,29785,1610,19,5.41%,1.48%,2026-03-10,https://www.instagram.com/p/DVtJ9qzEcr1/,⚪ Standard Organic: Baseline organic collab reach,"Celebrated International Women’s Day at Bajaj Electronics, Nexus Mall!"
2023,Tier 4: Toggle OFF + Organic (Noise),Bajaj Electronics,Telangana & Andhra Pradesh (HQ: Hyderabad),@hana_rahmanbaig,77635,29729,1607,31,5.41%,2.11%,2026-05-14,https://www.instagram.com/p/DYUgCJ2N5BS/,⚪ Standard Organic: Baseline organic collab reach,“Premium compact feel meets ZEISS camera power!
2024,Tier 4: Toggle OFF + Organic (Noise),Bajaj Electronics,Telangana & Andhra Pradesh (HQ: Hyderabad),@kirakpilla_,39752,29285,1583,11,5.41%,4.01%,2025-04-04,https://www.instagram.com/p/DIA1y3OSWLs/,⚪ Standard Organic: Baseline organic collab reach,Beat the summer heat with Bajaj Electronics!
2025,Tier 4: Toggle OFF + Organic (Noise),Aditya Vision,"Bihar, Jharkhand & UP (HQ: Patna)",@gareebpanda,316302,29248,1581,16,5.41%,0.51%,2026-08-10,https://www.instagram.com/p/Db2wG-QzUHi/,⚪ Standard Organic: Baseline organic collab reach,15 ka Dum 🇮🇳 Sale is Live Now !! 🔥
2026,Tier 4: Toggle OFF + Organic (Noise),Aditya Vision,"Bihar, Jharkhand & UP (HQ: Patna)",@gareebpanda,316302,29248,1581,16,5.41%,0.51%,2026-05-18,https://www.instagram.com/p/DYe5E4rxXPp/,⚪ Standard Organic: Baseline organic collab reach,मिलीए श्री manoj Kumar ji se jo Lucknow ke niwasi hai.
2027,Tier 4: Toggle OFF + Organic (Noise),Aditya Vision,"Bihar, Jharkhand & UP (HQ: Patna)",@gareebpanda,316302,29248,1581,16,5.41%,0.51%,2026-05-16,https://www.instagram.com/p/DYZNIRlR2K_/,⚪ Standard Organic: Baseline organic collab reach,"Aditya Vision is Finally in Agra with Three Stores at MG Road, Sikandra & Fatehabad Road @aditya_vision"
2028,Tier 4: Toggle OFF + Organic (Noise),Sathya,Tamil Nadu (HQ: Tuticorin / Chennai),@aaroor_suriya_vlogs,35445,29211,1579,8,5.41%,4.48%,2026-04-09,https://www.instagram.com/p/DW6IraPgUFF/,⚪ Standard Organic: Baseline organic collab reach,Celebrate the Tamil New Year with exciting offers @sathya.retail !
2029,Tier 4: Toggle OFF + Organic (Noise),Bajaj Electronics,Telangana & Andhra Pradesh (HQ: Hyderabad),@heytechyy,148383,28915,1563,137,5.41%,1.15%,2026-06-10,https://www.instagram.com/p/DZZ0or8Pa4c/,⚪ Standard Organic: Baseline organic collab reach,Apple Days are back at Bajaj Electronics!
2030,Tier 4: Toggle OFF + Organic (Noise),Vijay Sales,Maharashtra / Pan-India (HQ: Mumbai),@neha1584,309228,28878,1561,123,5.41%,0.54%,2025-12-26,https://www.instagram.com/p/DSumqXjjBtC/,⚪ Standard Organic: Baseline organic collab reach,"The year may be ending, but the deals are just getting started! @vijaysalesofficial End of the Year Sale is live in Mumbai."
2031,Tier 4: Toggle OFF + Organic (Noise),Pai International,Karnataka & Telangana (HQ: Bengaluru),@its_priyanka_priya17,147965,28786,1556,26,5.41%,1.07%,2026-04-11,https://www.instagram.com/p/DW-qMrAkVFj/,⚪ Standard Organic: Baseline organic collab reach,Okay WHAT is happening at Pai International right now?! 🔥
2032,Tier 4: Toggle OFF + Organic (Noise),Pai International,Karnataka & Telangana (HQ: Bengaluru),@_______pinkey,109258,28453,1538,4,5.41%,1.41%,2026-04-23,https://www.instagram.com/p/DXeK1pqAch7/,⚪ Standard Organic: Baseline organic collab reach,POV: You went to Pai “just to see” and now you’re planning EMI 😭
2033,Tier 4: Toggle OFF + Organic (Noise),Bajaj Electronics,Telangana & Andhra Pradesh (HQ: Hyderabad),@yourseesha,2480271,28360,1533,262,5.41%,0.07%,2026-07-16,https://www.instagram.com/p/Da28ssGzfgp/,⚪ Standard Organic: Baseline organic collab reach,✨ Graced the grand unveiling of the all-new Sony BRAVIA True RGB TV at the iconic @bajajelectronicsindia! 📺✨
2034,Tier 4: Toggle OFF + Organic (Noise),Bajaj Electronics,Telangana & Andhra Pradesh (HQ: Hyderabad),@yourseesha,2480271,28360,1533,262,5.41%,0.07%,2025-07-08,https://www.instagram.com/p/DL1kka4TK_N/,⚪ Standard Organic: Baseline organic collab reach,✨ Graced the grand unveiling of the all-new OPPO Reno14 Series 5G with its stunning AI Portrait Camera at the iconic @bajajelectronicsindia! 📱✨
2035,Tier 4: Toggle OFF + Organic (Noise),Bajaj Electronics,Telangana & Andhra Pradesh (HQ: Hyderabad),@laxmi.priya.official,32138,28323,1531,83,5.41%,5.03%,2026-05-03,https://www.instagram.com/p/DX4vmbovkM5/,⚪ Standard Organic: Baseline organic collab reach,🔥 Apple Days are LIVE at Everyone's Favorite Bajaj Electronics!!
2036,Tier 4: Toggle OFF + Organic (Noise),Tata Neu,"Pan-India / Maharashtra (HQ: Mumbai, Tata Digital)",@the.styleseeker,42352,28083,1518,381,5.41%,4.49%,2025-05-30,https://www.instagram.com/p/DKRrFmXTJVj/,⚪ Standard Organic: Baseline organic collab reach,"Well my shopping spree, from the @tataneuofficial Playoff Sale, powered by Samsung, was a total hit! Not only did I love everything I bought, but I al"
2037,Tier 4: Toggle OFF + Organic (Noise),Sathya,Tamil Nadu (HQ: Tuticorin / Chennai),@pattukkottai_namma_ooru,89989,27694,1497,44,5.41%,1.71%,2026-04-10,https://www.instagram.com/p/DW8YTRwDmyv/,⚪ Standard Organic: Baseline organic collab reach,Celebrate the Tamil New Year with exciting offers @sathya.retail !
2038,Tier 4: Toggle OFF + Organic (Noise),Sathya,Tamil Nadu (HQ: Tuticorin / Chennai),@pattukkottai_namma_ooru,89989,27694,1497,44,5.41%,1.71%,2025-05-25,https://www.instagram.com/p/DKFUUiFBbfV/,⚪ Standard Organic: Baseline organic collab reach,@sathya.retail Sathya super sale is happening from May 28 - 31
2039,Tier 4: Toggle OFF + Organic (Noise),Electronics Mart,Telangana & Andhra Pradesh (HQ: Hyderabad),@techdekho.in,778375,27435,1483,296,5.41%,0.23%,2026-04-07,https://www.instagram.com/p/DW1bNsfAfGQ/,⚪ Standard Organic: Baseline organic collab reach,Samsung Galaxy S26 Ultra hidden features with best deal only at your nearest ELECTRONICS MART store
2040,Tier 4: Toggle OFF + Organic (Noise),Bajaj Electronics,Telangana & Andhra Pradesh (HQ: Hyderabad),@techdekho.in,778375,27435,1483,296,5.41%,0.23%,2026-04-07,https://www.instagram.com/p/DW1bNsfAfGQ/,⚪ Standard Organic: Baseline organic collab reach,Samsung Galaxy S26 Ultra hidden features with best deal only at your nearest ELECTRONICS MART store
2041,Tier 4: Toggle OFF + Organic (Noise),Sathya,Tamil Nadu (HQ: Tuticorin / Chennai),@akilakannanvlogs,120894,27158,1468,18,5.41%,1.23%,2026-06-27,https://www.instagram.com/p/DaF2z87SifU/,⚪ Standard Organic: Baseline organic collab reach,Kodaikanal la photo yeduka mudiala 😜😜
2042,Tier 4: Toggle OFF + Organic (Noise),Tata Neu,"Pan-India / Maharashtra (HQ: Mumbai, Tata Digital)",@yashaswineethepooh,188955,27028,1461,542,5.41%,1.06%,2025-06-20,https://www.instagram.com/p/DLHa4vNpYaD/,⚪ Standard Organic: Baseline organic collab reach,Monsoon weather: unpredictable.
2043,Tier 4: Toggle OFF + Organic (Noise),Tata Neu,"Pan-India / Maharashtra (HQ: Mumbai, Tata Digital)",@yashaswineethepooh,188955,27028,1461,542,5.41%,1.06%,2025-06-03,https://www.instagram.com/p/DKbj0WMSU1x/,⚪ Standard Organic: Baseline organic collab reach,The Tata Neu Playoff Sale powered by Samsung is serving serious steals - and here’s what’s earned a spot in my luxe edit:
2044,Tier 4: Toggle OFF + Organic (Noise),Pai International,Karnataka & Telangana (HQ: Bengaluru),@ossamatipu93,91261,27010,1460,32,5.41%,1.64%,2026-04-28,https://www.instagram.com/p/DXrKRQzAUh1/,⚪ Standard Organic: Baseline organic collab reach,“Pai pai jod ke liya hai”
2045,Tier 4: Toggle OFF + Organic (Noise),Aditya Vision,"Bihar, Jharkhand & UP (HQ: Patna)",@badshah_farman_vlogger_,61137,26973,1458,41,5.41%,2.45%,2026-05-16,https://www.instagram.com/p/DYZcN1hyJAy/,⚪ Standard Organic: Baseline organic collab reach,“अब घर होगा पूरा Smart 😍
2046,Tier 4: Toggle OFF + Organic (Noise),Sathya,Tamil Nadu (HQ: Tuticorin / Chennai),@me_nithyashree_,23226,26048,1408,22,5.41%,6.16%,2026-07-26,https://www.instagram.com/p/DbQMA6pJ1H-/,⚪ Standard Organic: Baseline organic collab reach,@sathya.retail  Full Moon Sale is here!
2047,Tier 4: Toggle OFF + Organic (Noise),Sathya,Tamil Nadu (HQ: Tuticorin / Chennai),@karaikal_vibes,97791,26011,1406,8,5.41%,1.45%,2025-03-27,https://www.instagram.com/p/DHsyUqPt7DE/,⚪ Standard Organic: Baseline organic collab reach,Sathya Year end Sale
2048,Tier 4: Toggle OFF + Organic (Noise),Sathya,Tamil Nadu (HQ: Tuticorin / Chennai),@shanmuexplores,100059,25937,1402,17,5.41%,1.42%,2025-05-26,https://www.instagram.com/p/DKGuui2PkAp/,⚪ Standard Organic: Baseline organic collab reach,புது TV வாங்க போகலாமா 😉
2049,Tier 4: Toggle OFF + Organic (Noise),Sathya,Tamil Nadu (HQ: Tuticorin / Chennai),@deithagappayesmyson,302739,25881,1399,7931,5.41%,3.08%,2025-11-02,https://www.instagram.com/p/DQi4U6zj1Gm/,⚪ Standard Organic: Baseline organic collab reach,Don’t miss the biggest shopping day of the month!
2050,Tier 4: Toggle OFF + Organic (Noise),Sathya,Tamil Nadu (HQ: Tuticorin / Chennai),@vellorevlog23,104126,25604,1384,17,5.41%,1.35%,2025-07-17,https://www.instagram.com/p/DMNtJaDx4DD/,⚪ Standard Organic: Baseline organic collab reach,"🎉 @sathya.retail vellore, Katpadi Anniversary Sale!🎉"
2051,Tier 4: Toggle OFF + Organic (Noise),Sathya,Tamil Nadu (HQ: Tuticorin / Chennai),@vellorevlog23,104126,25604,1384,17,5.41%,1.35%,2025-05-26,https://www.instagram.com/p/DKGaPHBPmbD/,⚪ Standard Organic: Baseline organic collab reach,@sathya.retail Sathya super sale is happening from May 28 - 31
2052,Tier 4: Toggle OFF + Organic (Noise),Bajaj Electronics,Telangana & Andhra Pradesh (HQ: Hyderabad),@chinnu_dechi_,49697,25456,1376,30,5.41%,2.83%,2026-07-08,https://www.instagram.com/p/Dah0PEopC9f/,⚪ Standard Organic: Baseline organic collab reach,"Found something exciting at @bajajelectronicsindia, Punjagutta! ✨"
2053,Tier 4: Toggle OFF + Organic (Noise),Bajaj Electronics,Telangana & Andhra Pradesh (HQ: Hyderabad),@cj_lifestyle,101891,25234,1364,22,5.41%,1.36%,2026-06-26,https://www.instagram.com/p/DaCuH0ExX93/,⚪ Standard Organic: Baseline organic collab reach,"🎓 ₹9,999 Scholarship each for 50 students Opportunity is here! 🔥"
2054,Tier 4: Toggle OFF + Organic (Noise),Sathya,Tamil Nadu (HQ: Tuticorin / Chennai),@spicekitchendiaries,181547,25197,1362,32,5.41%,0.77%,2025-03-10,https://www.instagram.com/p/DHA0A3ugP4S/,⚪ Standard Organic: Baseline organic collab reach,❄️ AC வாங்க நல்ல நேரம்… இப்போ தாங்க! ❄️
2055,Tier 4: Toggle OFF + Organic (Noise),Aditya Vision,"Bihar, Jharkhand & UP (HQ: Patna)",@candymanvlog,125208,24808,1341,20,5.41%,1.09%,2025-10-15,https://www.instagram.com/p/DP08LyEEpda/,⚪ Standard Organic: Baseline organic collab reach,"Aditya Vision lekar aaya hai sabse bada, sabse zabardast Diwali Sale Dhamaka!"
2056,Tier 4: Toggle OFF + Organic (Noise),Aditya Vision,"Bihar, Jharkhand & UP (HQ: Patna)",@candymanvlog,125208,24808,1341,20,5.41%,1.09%,2025-09-14,https://www.instagram.com/p/DOkiF9ciIJh/,⚪ Standard Organic: Baseline organic collab reach,Celebrating ou years
2057,Tier 4: Toggle OFF + Organic (Noise),Aditya Vision,"Bihar, Jharkhand & UP (HQ: Patna)",@candymanvlog,125208,24808,1341,20,5.41%,1.09%,2025-08-12,https://www.instagram.com/p/DNP9LwTS0k5/,⚪ Standard Organic: Baseline organic collab reach,"15 का दम, बंपर बचत हर कदम !"
2058,Tier 4: Toggle OFF + Organic (Noise),Aditya Vision,"Bihar, Jharkhand & UP (HQ: Patna)",@candymanvlog,125208,24808,1341,20,5.41%,1.09%,2025-08-11,https://www.instagram.com/p/DNNgh_9yuoq/,⚪ Standard Organic: Baseline organic collab reach,Whirlpool AC One Week Sale is LIVE at Aditya Vision! Get ready for unbeatable cooling deals – only for 7 days!
2059,Tier 4: Toggle OFF + Organic (Noise),Sathya,Tamil Nadu (HQ: Tuticorin / Chennai),@hamsavarthan_musicz,19552,24790,1340,31,5.41%,7.02%,2025-03-28,https://www.instagram.com/p/DHv7z7HSBwR/,⚪ Standard Organic: Baseline organic collab reach,Sathya Year end Sale
2060,Tier 4: Toggle OFF + Organic (Noise),Aditya Vision,"Bihar, Jharkhand & UP (HQ: Patna)",@keshari_art502,31214,24716,1336,11,5.41%,4.32%,2026-08-11,https://www.instagram.com/p/Db6BrsbodOs/,⚪ Standard Organic: Baseline organic collab reach,🔥 Rewards Celebration with a Bumper Budget!
2061,Tier 4: Toggle OFF + Organic (Noise),Electronics Mart,Telangana & Andhra Pradesh (HQ: Hyderabad),@techmacintoshh,94773,24568,1328,39,5.41%,1.44%,2026-05-02,https://www.instagram.com/p/DX1BLCzNks-/,⚪ Standard Organic: Baseline organic collab reach,Heavy discounts and cashbacks on all Apple devices 🔥
2062,Tier 4: Toggle OFF + Organic (Noise),Sathya,Tamil Nadu (HQ: Tuticorin / Chennai),@nellai76arul,42045,24512,1325,36,5.41%,3.24%,2026-07-27,https://www.instagram.com/p/DbS1XWvM5C7/,⚪ Standard Organic: Baseline organic collab reach,இப்படி ஒரு offer?
2063,Tier 4: Toggle OFF + Organic (Noise),Tata Neu,"Pan-India / Maharashtra (HQ: Mumbai, Tata Digital)",@the_unconventional_ca,355046,24512,1325,18,5.41%,0.38%,2025-06-01,https://www.instagram.com/p/DKW50_6I3PW/,⚪ Standard Organic: Baseline organic collab reach,Have you ever earned money back while shopping?
2064,Tier 4: Toggle OFF + Organic (Noise),Aditya Vision,"Bihar, Jharkhand & UP (HQ: Patna)",@agra_vibes00,104221,24475,1323,33,5.41%,1.30%,2026-05-14,https://www.instagram.com/p/DYUtPlry1RZ/,⚪ Standard Organic: Baseline organic collab reach,"To Agrawalo Aditya Vision lekar aaya hai AC, Fridge, TV, Washing Machine, Mobiles, Laptops aur dheron Home Appliances par zabardast offers. Zero Down "
2065,Tier 4: Toggle OFF + Organic (Noise),Sathya,Tamil Nadu (HQ: Tuticorin / Chennai),@madhunika_rajalakshmi,24893,24383,1318,4,5.41%,5.31%,2025-05-26,https://www.instagram.com/p/DKGtHRzSSZV/,⚪ Standard Organic: Baseline organic collab reach,@sathya.retail Sathya super sale is happening from May 28 - 31
2066,Tier 4: Toggle OFF + Organic (Noise),Bajaj Electronics,Telangana & Andhra Pradesh (HQ: Hyderabad),@jieyaa.verma,42267,24272,1312,99,5.41%,3.34%,2026-06-13,https://www.instagram.com/p/DZh0gMDh-gR/,⚪ Standard Organic: Baseline organic collab reach,stepped into the world of Dyson innovations 🫶🏻
2067,Tier 4: Toggle OFF + Organic (Noise),Reliance Digital,"Pan-India / Maharashtra (HQ: Mumbai, Reliance Retail)",@careerwithanjali,190937,24235,1310,701,5.41%,1.05%,2025-07-21,https://www.instagram.com/p/DMX78CXKNp0/,⚪ Standard Organic: Baseline organic collab reach,These 3 skills will make you different from 90% of Jobseekers.
2068,Tier 4: Toggle OFF + Organic (Noise),Reliance Digital,"Pan-India / Maharashtra (HQ: Mumbai, Reliance Retail)",@careerwithanjali,190937,24235,1310,701,5.41%,1.05%,2025-07-09,https://www.instagram.com/p/DL4wTMUKFU0/,⚪ Standard Organic: Baseline organic collab reach,The prompt is here ⬇
2069,Tier 4: Toggle OFF + Organic (Noise),Reliance Digital,"Pan-India / Maharashtra (HQ: Mumbai, Reliance Retail)",@careerwithanjali,190937,24235,1310,701,5.41%,1.05%,2025-07-01,https://www.instagram.com/p/DLkN_6gq7J5/,⚪ Standard Organic: Baseline organic collab reach,🚀 3 Hot Careers in India Right Now!
2070,Tier 4: Toggle OFF + Organic (Noise),Tata Neu,"Pan-India / Maharashtra (HQ: Mumbai, Tata Digital)",@pratikchn,267215,24105,1303,13,5.41%,0.49%,2025-09-26,https://www.instagram.com/p/DPEFfNXjJuD/,⚪ Standard Organic: Baseline organic collab reach,Here’s a simple hack that can literally save you lakhs while taking a loan:
2071,Tier 4: Toggle OFF + Organic (Noise),Bajaj Electronics,Telangana & Andhra Pradesh (HQ: Hyderabad),@re_ba_official,49029,23976,1296,22,5.41%,2.69%,2026-08-03,https://www.instagram.com/p/Dbk8yfMvOuF/,⚪ Standard Organic: Baseline organic collab reach,🍎 Apple Days are LIVE at Bajaj Electronics! ✨
2072,Tier 4: Toggle OFF + Organic (Noise),Sathya,Tamil Nadu (HQ: Tuticorin / Chennai),@aj_vlogs_off,11879,23661,1279,25,5.41%,10.98%,2025-05-26,https://www.instagram.com/p/DKGwGnePfWL/,⚪ Standard Organic: Baseline organic collab reach,@sathya.retail Sathya super sale is happening from May 28 - 31
2073,Tier 4: Toggle OFF + Organic (Noise),Sathya,Tamil Nadu (HQ: Tuticorin / Chennai),@aj_vlogs_off,11879,23661,1279,25,5.41%,10.98%,2025-03-28,https://www.instagram.com/p/DHvlA-WvQRF/,⚪ Standard Organic: Baseline organic collab reach,Sathya Year End Sales 🥳
2074,Tier 4: Toggle OFF + Organic (Noise),Aditya Vision,"Bihar, Jharkhand & UP (HQ: Patna)",@agra_stories,49520,23643,1278,17,5.41%,2.62%,2026-05-16,https://www.instagram.com/p/DYZFKAsRrM7/,⚪ Standard Organic: Baseline organic collab reach,Agra ready ho shopping upgrade ke liye?
2075,Tier 4: Toggle OFF + Organic (Noise),Great Eastern,West Bengal & East India (HQ: Kolkata),@trisharooy,83217,23402,1265,25,5.41%,1.55%,2026-06-30,https://www.instagram.com/p/DaMeZnrJAH6/,⚪ Standard Organic: Baseline organic collab reach,"বাঙালির রক্তে ফুটবল! For us, football isn’t just a game—it’s an absolute emotion! ❤️"
2076,Tier 4: Toggle OFF + Organic (Noise),Sathya,Tamil Nadu (HQ: Tuticorin / Chennai),@pondy_90s,123600,23217,1255,16,5.41%,1.03%,2025-05-26,https://www.instagram.com/p/DKH1aUsTU-h/,⚪ Standard Organic: Baseline organic collab reach,@sathya.retail Sathya super sale is happening from May 28 - 31
2077,Tier 4: Toggle OFF + Organic (Noise),Sathya,Tamil Nadu (HQ: Tuticorin / Chennai),@vibes_of_nagapattinam,125548,23143,1251,10,5.41%,1.01%,2026-07-26,https://www.instagram.com/p/DbQSUD8zudV/,⚪ Standard Organic: Baseline organic collab reach,@sathya.retail  Full Moon Sale is here!
2078,Tier 4: Toggle OFF + Organic (Noise),Sathya,Tamil Nadu (HQ: Tuticorin / Chennai),@vibes_of_nagapattinam,125548,23143,1251,10,5.41%,1.01%,2025-05-25,https://www.instagram.com/p/DKE1A_yyMuv/,⚪ Standard Organic: Baseline organic collab reach,@sathya.retail Sathya super sale is happening from May 28 - 31
2079,Tier 4: Toggle OFF + Organic (Noise),Sathya,Tamil Nadu (HQ: Tuticorin / Chennai),@vibes_of_nagapattinam,125548,23143,1251,10,5.41%,1.01%,2025-03-26,https://www.instagram.com/p/DHq14xtyxv2/,⚪ Standard Organic: Baseline organic collab reach,Sathya Year end Sale
2080,Tier 4: Toggle OFF + Organic (Noise),Pai International,Karnataka & Telangana (HQ: Bengaluru),@doddaballapura_samachara_raghu,121511,22940,1240,2,5.41%,1.02%,2026-05-07,https://www.instagram.com/p/DYDHlHzyw_y/,⚪ Standard Organic: Baseline organic collab reach,"🎉 Get Ready, Doddaballapura! The Biggest Shopping Celebration is Here! 🎉"
2081,Tier 4: Toggle OFF + Organic (Noise),Aditya Vision,"Bihar, Jharkhand & UP (HQ: Patna)",@thatdominosgirl_,77340,22921,1239,461,5.41%,2.20%,2026-07-30,https://www.instagram.com/p/Dbagig4hARu/,⚪ Standard Organic: Baseline organic collab reach,"Ranchi, Get Heavy Discounts on Philips Products at Adity Vision💗"
2082,Tier 4: Toggle OFF + Organic (Noise),Bajaj Electronics,Telangana & Andhra Pradesh (HQ: Hyderabad),@maggi_meghana669,79265,22440,1213,5,5.41%,1.54%,2026-08-05,https://www.instagram.com/p/Dbp0_ULTyjW/,⚪ Standard Organic: Baseline organic collab reach,🍎 Apple Days are LIVE at Bajaj Electronics! ✨
2083,Tier 4: Toggle OFF + Organic (Noise),Sathya,Tamil Nadu (HQ: Tuticorin / Chennai),@_guru_shakthi,48609,22440,1213,11,5.41%,2.52%,2025-03-29,https://www.instagram.com/p/DHxaA0uyvnu/,⚪ Standard Organic: Baseline organic collab reach,Sathya Year end Sale
2084,Tier 4: Toggle OFF + Organic (Noise),Sathya,Tamil Nadu (HQ: Tuticorin / Chennai),@kumbakonam_page_2.0,48940,22440,1213,7,5.41%,2.49%,2025-03-28,https://www.instagram.com/p/DHvg4M6MK2u/,⚪ Standard Organic: Baseline organic collab reach,Sathya Year end Sale
2085,Tier 4: Toggle OFF + Organic (Noise),Sathya,Tamil Nadu (HQ: Tuticorin / Chennai),@pavithrax,39821,22052,1192,19,5.41%,3.04%,2025-03-27,https://www.instagram.com/p/DHtDq8HKI5S/,⚪ Standard Organic: Baseline organic collab reach,Sathya Year end Sale
2086,Tier 4: Toggle OFF + Organic (Noise),Sathya,Tamil Nadu (HQ: Tuticorin / Chennai),@namma_veetu_paiyan,51892,22015,1190,17,5.41%,2.33%,2025-05-26,https://www.instagram.com/p/DKG2Sz5Rz9i/,⚪ Standard Organic: Baseline organic collab reach,"@sathya.retail is celebrating the 7th year anniversary with unbelievable offers,"
2087,Tier 4: Toggle OFF + Organic (Noise),Sathya,Tamil Nadu (HQ: Tuticorin / Chennai),@mr_pradeep_vlogs,110565,21460,1160,49,5.41%,1.09%,2026-05-27,https://www.instagram.com/p/DY1xWc_PYbN/,⚪ Standard Organic: Baseline organic collab reach,@sathya.retail Full Moon Sale is here!
2088,Tier 4: Toggle OFF + Organic (Noise),Bajaj Electronics,Telangana & Andhra Pradesh (HQ: Hyderabad),@akshitha_bhonsle,58395,21386,1156,137,5.41%,2.22%,2026-06-10,https://www.instagram.com/p/DZaHBpGPlEA/,⚪ Standard Organic: Baseline organic collab reach,Apple Days are back at Bajaj Electronics!
2089,Tier 4: Toggle OFF + Organic (Noise),Aditya Vision,"Bihar, Jharkhand & UP (HQ: Patna)",@jamui_updates,56382,21164,1144,13,5.41%,2.05%,2025-08-12,https://www.instagram.com/p/DNQnBEvPOed/,⚪ Standard Organic: Baseline organic collab reach,"15 का दम, बंपर बचत हर कदम! 🇮🇳*"
2090,Tier 4: Toggle OFF + Organic (Noise),Sathya,Tamil Nadu (HQ: Tuticorin / Chennai),@__.little.__.panda.__,237017,21053,1138,45,5.41%,0.50%,2025-05-25,https://www.instagram.com/p/DKE6dylpmHw/,⚪ Standard Organic: Baseline organic collab reach,@sathya.retail Sathya super sale is happening from May 28 - 31
2091,Tier 4: Toggle OFF + Organic (Noise),Bajaj Electronics,Telangana & Andhra Pradesh (HQ: Hyderabad),@aamir_foodietraveler,382106,20997,1135,28,5.41%,0.30%,2026-04-13,https://www.instagram.com/p/DXEBcLXgUrB/,⚪ Standard Organic: Baseline organic collab reach,Beat The Heat With Bajaj Electronics
2092,Tier 4: Toggle OFF + Organic (Noise),Sathya,Tamil Nadu (HQ: Tuticorin / Chennai),@thiruvarur_veerans,56205,20979,1134,57,5.41%,2.12%,2026-06-27,https://www.instagram.com/p/DaE2x-hTX7R/,⚪ Standard Organic: Baseline organic collab reach,The Wait Is Over! @sathya.retail  Full Moon Sale Is Here
2093,Tier 4: Toggle OFF + Organic (Noise),Tata Neu,"Pan-India / Maharashtra (HQ: Mumbai, Tata Digital)",@whereishemanshi,33960,20942,1132,36,5.41%,3.44%,2025-06-02,https://www.instagram.com/p/DKY7-qNRqjB/,⚪ Standard Organic: Baseline organic collab reach,"Monsoon travel is SO underrated - lush greens, dreamy waterfalls, and fewer crowds. 🌧️✨ If you’re planning a trip, don’t miss the Tata Neu Playoff Sal"
2094,Tier 4: Toggle OFF + Organic (Noise),Bajaj Electronics,Telangana & Andhra Pradesh (HQ: Hyderabad),@missversatile_99,443860,20368,1101,42,5.41%,0.26%,2025-01-11,https://www.instagram.com/p/DEsQFWxyOo7/,⚪ Standard Organic: Baseline organic collab reach,Take Your Sankranti Celebrations to the Next Level with #OnePlus13. Come & experience #OnePlus13 at Bajaj Electronics.
2095,Tier 4: Toggle OFF + Organic (Noise),Electronics Mart,Telangana & Andhra Pradesh (HQ: Hyderabad),@tryology_with_gunika,101616,19850,1073,82,5.41%,1.14%,2026-07-01,https://www.instagram.com/p/DaQAckvS_Ud/,⚪ Standard Organic: Baseline organic collab reach,Back-to-school shopping just got better!
2096,Tier 4: Toggle OFF + Organic (Noise),Sathya,Tamil Nadu (HQ: Tuticorin / Chennai),@shahul_vlog_,139168,19628,1061,10,5.41%,0.77%,2025-03-28,https://www.instagram.com/p/DHv7TnkTUWj/,⚪ Standard Organic: Baseline organic collab reach,Sathya Year end Sale
2097,Tier 4: Toggle OFF + Organic (Noise),Sathya,Tamil Nadu (HQ: Tuticorin / Chennai),@kumbakonam_updates_tn68,46112,19369,1047,12,5.41%,2.30%,2025-03-28,https://www.instagram.com/p/DHvp6SbzVOr/,⚪ Standard Organic: Baseline organic collab reach,Sathya Year end Sale don’t miss it this offer VIST NEAR BY SATHYA SHOW ROOM AND PURCHASE IT ENJOY ☺️
2098,Tier 4: Toggle OFF + Organic (Noise),Sathya,Tamil Nadu (HQ: Tuticorin / Chennai),@vishnupreetha1,93984,19332,1045,150,5.41%,1.27%,2025-05-25,https://www.instagram.com/p/DKFAoFLTdpN/,⚪ Standard Organic: Baseline organic collab reach,@sathya.retail Sathya super sale is happening from May 28 - 31
2099,Tier 4: Toggle OFF + Organic (Noise),Sathya,Tamil Nadu (HQ: Tuticorin / Chennai),@vishnupreetha1,93984,19332,1045,150,5.41%,1.27%,2025-03-28,https://www.instagram.com/p/DHvatZkyxTm/,⚪ Standard Organic: Baseline organic collab reach,Sathya Year end Sale
2100,Tier 4: Toggle OFF + Organic (Noise),Electronics Mart,Telangana & Andhra Pradesh (HQ: Hyderabad),@mancsharmaa,125939,18999,1027,39,5.41%,0.85%,2024-12-06,https://www.instagram.com/p/DDPL41OsD0x/,⚪ Standard Organic: Baseline organic collab reach,Travel reels would be banger when you’re capturing it all on the iPhone 16! 📸
2101,Tier 4: Toggle OFF + Organic (Noise),Sathya,Tamil Nadu (HQ: Tuticorin / Chennai),@chinnamanur_official,45415,18907,1022,5,5.41%,2.26%,2026-07-26,https://www.instagram.com/p/DbQYnQqqBs8/,⚪ Standard Organic: Baseline organic collab reach,@sathya.retail  Full Moon Sale is here! Chinnamanur
2102,Tier 4: Toggle OFF + Organic (Noise),Sathya,Tamil Nadu (HQ: Tuticorin / Chennai),@yoki_vlog,32429,18796,1016,34,5.41%,3.24%,2025-05-25,https://www.instagram.com/p/DKE4ae5hJVD/,⚪ Standard Organic: Baseline organic collab reach,@sathya.retail Sathya super sale is happening from May 28 - 31
2103,Tier 4: Toggle OFF + Organic (Noise),Bajaj Electronics,Telangana & Andhra Pradesh (HQ: Hyderabad),@devaki_7108,139078,18777,1015,30,5.41%,0.75%,2026-08-06,https://www.instagram.com/p/DbsyAMczVuW/,⚪ Standard Organic: Baseline organic collab reach,🍎 Apple Days are LIVE at Bajaj Electronics! ✨
2104,Tier 4: Toggle OFF + Organic (Noise),Great Eastern,West Bengal & East India (HQ: Kolkata),@nasreen_._official,122046,18278,988,27,5.41%,0.83%,2026-07-18,https://www.instagram.com/p/Da72aNtJaMx/,⚪ Standard Organic: Baseline organic collab reach,"Every milestone is more than just a number—it’s a journey of dreams, dedication, trust, and countless customer smiles. ✨"
2105,Tier 4: Toggle OFF + Organic (Noise),Sathya,Tamil Nadu (HQ: Tuticorin / Chennai),@sv_harish_sri,39902,18185,983,11,5.41%,2.49%,2026-07-27,https://www.instagram.com/p/DbSGT-rSlpX/,⚪ Standard Organic: Baseline organic collab reach,🌕 Full Moon Sale is back at Sathya! 🔥
2106,Tier 4: Toggle OFF + Organic (Noise),Aditya Vision,"Bihar, Jharkhand & UP (HQ: Patna)",@shishta_maurya,132675,18019,974,17,5.41%,0.75%,2025-09-25,https://www.instagram.com/p/DPA9T2zCevH/,⚪ Standard Organic: Baseline organic collab reach,Discover the world of Dyson at the Aditya Vision Patrakarpuram (Gomti Nagar) Lucknow✨
2107,Tier 4: Toggle OFF + Organic (Noise),Pai International,Karnataka & Telangana (HQ: Bengaluru),@shadnagar.adda,60412,17686,956,2,5.41%,1.59%,2025-03-31,https://www.instagram.com/p/DH3T1W9Po5V/,⚪ Standard Organic: Baseline organic collab reach,"Big news, Shadnagar! 🎉 Pai International is now in town—bringing you the best in electronics, home appliances, and more! Visit us today! 📍✨ #paiintern"
2108,Tier 4: Toggle OFF + Organic (Noise),Bajaj Electronics,Telangana & Andhra Pradesh (HQ: Hyderabad),@rajahmundry_pointofview2.0,191769,17612,952,9,5.41%,0.50%,2025-03-31,https://www.instagram.com/p/DH3h08lvDA_/,⚪ Standard Organic: Baseline organic collab reach,"Turn up the smart with the all-new Galaxy A56|36 5G! Packed with Awesome Intelligence, it’s built to elevate your experience. Get yours today at your "
2109,Tier 4: Toggle OFF + Organic (Noise),Pai International,Karnataka & Telangana (HQ: Bengaluru),@rajahmundry_pointofview2.0,191769,17612,952,9,5.41%,0.50%,2026-01-14,https://www.instagram.com/p/DTehYz-CFJc/,⚪ Standard Organic: Baseline organic collab reach,Makara Sankranti offer at your favourite Pai store👇
2110,Tier 4: Toggle OFF + Organic (Noise),Pai International,Karnataka & Telangana (HQ: Bengaluru),@sul_fiya._,54872,17612,952,15,5.41%,1.76%,2025-09-19,https://www.instagram.com/p/DOxm14gEecd/,⚪ Standard Organic: Baseline organic collab reach,"I visited Pai International Hosur Road, Bangalore to explore the Dyson range, and that’s when I also discovered their amazing festive offers!"
2111,Tier 4: Toggle OFF + Organic (Noise),Great Eastern,West Bengal & East India (HQ: Kolkata),@rajnisarswat,18938,17427,942,9,5.41%,5.03%,2026-01-23,https://www.instagram.com/p/DT2n_FJiIU8/,⚪ Standard Organic: Baseline organic collab reach,Rajasthan ka bharosemand naam Great Eastern Retail ab Bikaner mein! 🎉
2112,Tier 4: Toggle OFF + Organic (Noise),Sathya,Tamil Nadu (HQ: Tuticorin / Chennai),@rinthya_harishankar,56810,17334,937,11,5.41%,1.67%,2025-03-27,https://www.instagram.com/p/DHtX8EMScfA/,⚪ Standard Organic: Baseline organic collab reach,Sathya Year end Sale
2113,Tier 4: Toggle OFF + Organic (Noise),Pai International,Karnataka & Telangana (HQ: Bengaluru),@nitin.hajela,215552,17223,931,90,5.41%,0.47%,2025-04-04,https://www.instagram.com/p/DIBtvS0TjEg/,⚪ Standard Organic: Baseline organic collab reach,"When Bangalore's temperatures are soaring, here is the best way to stay cool"
2114,Tier 4: Toggle OFF + Organic (Noise),Sathya,Tamil Nadu (HQ: Tuticorin / Chennai),@gobichettipalayam_tn_36_,59915,17057,922,6,5.41%,1.55%,2026-04-07,https://www.instagram.com/p/DW1HZHSkmHf/,⚪ Standard Organic: Baseline organic collab reach,Beat the heat with the Kulu Kulu AC Offer @sathya.retail
2115,Tier 4: Toggle OFF + Organic (Noise),Aditya Vision,"Bihar, Jharkhand & UP (HQ: Patna)",@hazaribagh_se_hai,89936,16890,913,9,5.41%,1.03%,2025-10-17,https://www.instagram.com/p/DP5caFKkS8v/,⚪ Standard Organic: Baseline organic collab reach,Aditya vision
2116,Tier 4: Toggle OFF + Organic (Noise),Bajaj Electronics,Telangana & Andhra Pradesh (HQ: Hyderabad),@phootra_choora,99235,16483,891,38,5.41%,0.94%,2026-08-14,https://www.instagram.com/p/DcBV42cTYMp/,⚪ Standard Organic: Baseline organic collab reach,"Making everyday cooking easier, smarter & healthier — one kitchen upgrade at a time! ✨❤️"
2117,Tier 4: Toggle OFF + Organic (Noise),Bajaj Electronics,Telangana & Andhra Pradesh (HQ: Hyderabad),@phootra_choora,99235,16483,891,38,5.41%,0.94%,2026-08-13,https://www.instagram.com/p/Db-79_Oz8gp/,⚪ Standard Organic: Baseline organic collab reach,"Trying to find the best laptop for college? Here’s my top choice – the HP OmniBook 5, your perfect college ally."
2118,Tier 4: Toggle OFF + Organic (Noise),Bajaj Electronics,Telangana & Andhra Pradesh (HQ: Hyderabad),@phootra_choora,99235,16483,891,38,5.41%,0.94%,2026-07-13,https://www.instagram.com/p/DauXTglRQ7N/,⚪ Standard Organic: Baseline organic collab reach,✅One appliance. Endless possibilities. 🤩🍳
2119,Tier 4: Toggle OFF + Organic (Noise),Sathya,Tamil Nadu (HQ: Tuticorin / Chennai),@theekkuchigal_vlogs,29739,16206,876,22,5.41%,3.02%,2026-04-29,https://www.instagram.com/p/DXs1RP3kiur/,⚪ Standard Organic: Baseline organic collab reach,virudhachalam makkale 😉 Indha summer la heat ah tolerate panna vendam… chill ah enjoy pannunga ❄️😎
2120,Tier 4: Toggle OFF + Organic (Noise),Electronics Mart,Telangana & Andhra Pradesh (HQ: Hyderabad),@pritamtechmind,59549,16169,874,3,5.41%,1.48%,2026-06-10,https://www.instagram.com/p/DZZ6pu9SRGP/,⚪ Standard Organic: Baseline organic collab reach,Apple Days are back at Electronics Mart!
2121,Tier 4: Toggle OFF + Organic (Noise),Sathya,Tamil Nadu (HQ: Tuticorin / Chennai),@jv_vlog_foodie,81614,16150,873,11,5.41%,1.08%,2026-04-07,https://www.instagram.com/p/DW0fSukEaGx/,⚪ Standard Organic: Baseline organic collab reach,Beat the heat with the Kulu Kulu AC Offer @sathya.retail
2122,Tier 4: Toggle OFF + Organic (Noise),Aditya Vision,"Bihar, Jharkhand & UP (HQ: Patna)",@mithilavlogs,263478,16021,866,10,5.41%,0.33%,2026-08-15,https://www.instagram.com/p/DcD4Oxdt0W_/,⚪ Standard Organic: Baseline organic collab reach,💻 **Lenovo Laptop पर धमाकेदार ऑफर!** 🔥
2123,Tier 4: Toggle OFF + Organic (Noise),Aditya Vision,"Bihar, Jharkhand & UP (HQ: Patna)",@mithilavlogs,263478,16021,866,10,5.41%,0.33%,2026-06-13,https://www.instagram.com/p/DZhUPgYRN9Q/,⚪ Standard Organic: Baseline organic collab reach,"Gaming ho 🎮, Content Creation ho 🎥, Coding ho 👨‍💻 ya Daily Productivity 📚 — har dream ko chahiye ek powerful laptop."
2124,Tier 4: Toggle OFF + Organic (Noise),Aditya Vision,"Bihar, Jharkhand & UP (HQ: Patna)",@mithilavlogs,263478,16021,866,10,5.41%,0.33%,2026-03-10,https://www.instagram.com/p/DVtcKcrEfBk/,⚪ Standard Organic: Baseline organic collab reach,Hype / Tech Style
2125,Tier 4: Toggle OFF + Organic (Noise),Aditya Vision,"Bihar, Jharkhand & UP (HQ: Patna)",@mithilavlogs,263478,16021,866,10,5.41%,0.33%,2026-01-22,https://www.instagram.com/p/DTz3JwoESf9/,⚪ Standard Organic: Baseline organic collab reach,26 saal ka bharosa aur Republic Day ka mahautsav 🇮🇳🔥
2126,Tier 4: Toggle OFF + Organic (Noise),Aditya Vision,"Bihar, Jharkhand & UP (HQ: Patna)",@mithilavlogs,263478,16021,866,10,5.41%,0.33%,2025-10-16,https://www.instagram.com/p/DP3kZfqESh8/,⚪ Standard Organic: Baseline organic collab reach,✨ Dosto! Iss Diwali ghar ko roshan karo Aditya Vision ke sath! ✨
2127,Tier 4: Toggle OFF + Organic (Noise),Aditya Vision,"Bihar, Jharkhand & UP (HQ: Patna)",@mithilavlogs,263478,16021,866,10,5.41%,0.33%,2025-01-04,https://www.instagram.com/p/DEaG09wPpAK/,⚪ Standard Organic: Baseline organic collab reach,@aditya_vision BUY & WIN EVENT 🔥 #trending #trendingnow #trendingreels #trendingaudio #trendingvideos #trendingmemes #popular #popularpic #popularphot
2128,Tier 4: Toggle OFF + Organic (Noise),Sathya,Tamil Nadu (HQ: Tuticorin / Chennai),@krithiga_s,99985,15947,862,13,5.41%,0.88%,2025-03-12,https://www.instagram.com/p/DHGEqbYSfft/,⚪ Standard Organic: Baseline organic collab reach,70/365🌸…
2129,Tier 4: Toggle OFF + Organic (Noise),Sathya,Tamil Nadu (HQ: Tuticorin / Chennai),@hisenseindiaofficial,32070,15928,861,273,5.41%,3.54%,2025-09-20,https://www.instagram.com/p/DO0M8Y2ESBJ/,⚪ Standard Organic: Baseline organic collab reach,"🌟🎬 𝗕𝗶𝗴 𝗦𝗰𝗿𝗲𝗲𝗻, 𝗕𝗶𝗴 𝗧𝗵𝗿𝗶𝗹𝘀 — 𝗼𝗻𝗹𝘆 @ 𝗦𝗔𝗧𝗛𝗬𝗔! 🌟🎬"
2130,Tier 4: Toggle OFF + Organic (Noise),Aditya Vision,"Bihar, Jharkhand & UP (HQ: Patna)",@glam_muzaffarpur,90580,15836,856,6,5.41%,0.95%,2026-05-23,https://www.instagram.com/p/DYrmfmCPvkv/,⚪ Standard Organic: Baseline organic collab reach,Muzaffarpur walon… ab entertainment hoga aur bhi premium! ✨
2131,Tier 4: Toggle OFF + Organic (Noise),Bajaj Electronics,Telangana & Andhra Pradesh (HQ: Hyderabad),@ayanali__official,30490,15688,848,12,5.41%,2.82%,2025-03-31,https://www.instagram.com/p/DH3YoTjz8qj/,⚪ Standard Organic: Baseline organic collab reach,"Turn up the smart with the all-new Galaxy A56|36 5G! Packed with Awesome Intelligence, it’s built to elevate your experience. Get yours today at your "
2132,Tier 4: Toggle OFF + Organic (Noise),Sathya,Tamil Nadu (HQ: Tuticorin / Chennai),@vj_vishnu_0fficial,25489,15688,848,21,5.41%,3.41%,2026-06-26,https://www.instagram.com/p/DaDTFmyTwo9/,⚪ Standard Organic: Baseline organic collab reach,The Wait Is Over! @sathya.retail  Full Moon Sale Is Here
2133,Tier 4: Toggle OFF + Organic (Noise),Aditya Vision,"Bihar, Jharkhand & UP (HQ: Patna)",@murlisahu_vlogs,40783,15373,831,5,5.41%,2.05%,2026-08-11,https://www.instagram.com/p/Db4x4uCtIE2/,⚪ Standard Organic: Baseline organic collab reach,7th - 16th August in all stores of Aditya vision 📍❤️💯#murlisahuvlogs #rajnandgaonsahar #chhattisgarh #cgreels #food Sarkanda Bilaspur (Chhattisgarh)—9
2134,Tier 4: Toggle OFF + Organic (Noise),Great Eastern,West Bengal & East India (HQ: Kolkata),@shradha.manaktala,192447,15336,829,17,5.41%,0.44%,2025-12-26,https://www.instagram.com/p/DSvC1hYkr5f/,⚪ Standard Organic: Baseline organic collab reach,*GIVEAWAY ALERT*
2135,Tier 4: Toggle OFF + Organic (Noise),Sathya,Tamil Nadu (HQ: Tuticorin / Chennai),@allways_chiro,45776,15244,824,28,5.41%,1.86%,2025-05-25,https://www.instagram.com/p/DKE5UXuxfGd/,⚪ Standard Organic: Baseline organic collab reach,@sathya.retail Sathya super sale is happening from May 28 - 31
2136,Tier 4: Toggle OFF + Organic (Noise),Pai International,Karnataka & Telangana (HQ: Bengaluru),@karunavlogs_,88028,15207,822,23,5.41%,0.96%,2026-05-29,https://www.instagram.com/p/DY7AMzYpWc-/,⚪ Standard Organic: Baseline organic collab reach,BIGGEST SALE ALERT
2137,Tier 4: Toggle OFF + Organic (Noise),Sathya,Tamil Nadu (HQ: Tuticorin / Chennai),@preethijillu,33630,15188,821,7,5.41%,2.47%,2026-07-27,https://www.instagram.com/p/DbTDGLGpHPj/,⚪ Standard Organic: Baseline organic collab reach,One Day Full Moon Sale🤩
2138,Tier 4: Toggle OFF + Organic (Noise),Bajaj Electronics,Telangana & Andhra Pradesh (HQ: Hyderabad),@niharika_indluru,69448,15170,820,19,5.41%,1.21%,2026-08-11,https://www.instagram.com/p/Db5-YDTI5Ud/,⚪ Standard Organic: Baseline organic collab reach,🍎 Apple Days are LIVE at Bajaj Electronics! ✨
2139,Tier 4: Toggle OFF + Organic (Noise),Pai International,Karnataka & Telangana (HQ: Bengaluru),@bharath_nelamangala,88527,15096,816,7,5.41%,0.93%,2026-01-02,https://www.instagram.com/p/DTAcgY8knK4/,⚪ Standard Organic: Baseline organic collab reach,Lowest prices.
2140,Tier 4: Toggle OFF + Organic (Noise),Electronics Mart,Telangana & Andhra Pradesh (HQ: Hyderabad),@helloftech,89102,15003,811,100,5.41%,1.02%,2026-06-10,https://www.instagram.com/p/DZZ1TP4CFU0/,⚪ Standard Organic: Baseline organic collab reach,Apple Days are back at Electronics Mart!
2141,Tier 4: Toggle OFF + Organic (Noise),Croma,"Pan-India / Maharashtra (HQ: Mumbai, Tata Group)",@dressbetter.in,450074,14966,809,23,5.41%,0.18%,2025-04-06,https://www.instagram.com/p/DIF97g-yYVk/,⚪ Standard Organic: Baseline organic collab reach,Who knew a whiff of cool air could bring you back so many summertime memories!?
2142,Tier 4: Toggle OFF + Organic (Noise),Bajaj Electronics,Telangana & Andhra Pradesh (HQ: Hyderabad),@kakinada_chamanthi,103368,14874,804,43,5.41%,0.82%,2026-08-12,https://www.instagram.com/p/Db7IeW_B5B4/,⚪ Standard Organic: Baseline organic collab reach,Save chesukondi..
2143,Tier 4: Toggle OFF + Organic (Noise),Sathya,Tamil Nadu (HQ: Tuticorin / Chennai),@chengalpattu_updates,70986,14837,802,17,5.41%,1.16%,2026-04-09,https://www.instagram.com/p/DW6Qax8iSSS/,⚪ Standard Organic: Baseline organic collab reach,Celebrate the Tamil New Year with exciting offers @sathya.retail !
2144,Tier 4: Toggle OFF + Organic (Noise),Aditya Vision,"Bihar, Jharkhand & UP (HQ: Patna)",@dhanbadlover,149227,14578,788,7,5.41%,0.53%,2026-06-11,https://www.instagram.com/p/DZbn51iSSjw/,⚪ Standard Organic: Baseline organic collab reach,Kaisa Laga ye Laptop offer😍😍
2145,Tier 4: Toggle OFF + Organic (Noise),Aditya Vision,"Bihar, Jharkhand & UP (HQ: Patna)",@dhanbadlover,149227,14578,788,7,5.41%,0.53%,2026-03-07,https://www.instagram.com/p/DVlLViJEkBQ/,⚪ Standard Organic: Baseline organic collab reach,Samsung Lover Tayyar ho
2146,Tier 4: Toggle OFF + Organic (Noise),Aditya Vision,"Bihar, Jharkhand & UP (HQ: Patna)",@dhanbadlover,149227,14578,788,7,5.41%,0.53%,2026-01-24,https://www.instagram.com/p/DT49LzBkt58/,⚪ Standard Organic: Baseline organic collab reach,To kab jaa rhe ho Apne Electronics item ko upgrade karne?
2147,Tier 4: Toggle OFF + Organic (Noise),Aditya Vision,"Bihar, Jharkhand & UP (HQ: Patna)",@dhanbadlover,149227,14578,788,7,5.41%,0.53%,2025-12-19,https://www.instagram.com/p/DScfJ0cEnQq/,⚪ Standard Organic: Baseline organic collab reach,"अब अपने घर को बनाइए Smart, Stylish & Budget-Friendly"
2148,Tier 4: Toggle OFF + Organic (Noise),Aditya Vision,"Bihar, Jharkhand & UP (HQ: Patna)",@dhanbadlover,149227,14578,788,7,5.41%,0.53%,2025-10-15,https://www.instagram.com/p/DP1gyeXDNws/,⚪ Standard Organic: Baseline organic collab reach,The Biggest Diwali Sale Dhamaka is LIVE!
2149,Tier 4: Toggle OFF + Organic (Noise),Aditya Vision,"Bihar, Jharkhand & UP (HQ: Patna)",@dhanbadlover,149227,14578,788,7,5.41%,0.53%,2025-09-19,https://www.instagram.com/p/DOx39YEEr4X/,⚪ Standard Organic: Baseline organic collab reach,To fatafat Share kardo ye Reel Apne Saare Iphone Lover doston ko❤️❤️
2150,Tier 4: Toggle OFF + Organic (Noise),Aditya Vision,"Bihar, Jharkhand & UP (HQ: Patna)",@dhanbadlover,149227,14578,788,7,5.41%,0.53%,2025-08-12,https://www.instagram.com/p/DNQuD-PMtGR/,⚪ Standard Organic: Baseline organic collab reach,Aditya vision jahan aapko electronics item pe jabardast deal Dekhne ko milegaa
2151,Tier 4: Toggle OFF + Organic (Noise),Aditya Vision,"Bihar, Jharkhand & UP (HQ: Patna)",@dhanbadlover,149227,14578,788,7,5.41%,0.53%,2025-01-25,https://www.instagram.com/p/DFP4ayhtMI4/,⚪ Standard Organic: Baseline organic collab reach,आदित्य विजन के साथ मनाइये 'ग्रैंड रिपब्लिक डे सेल'*
2152,Tier 4: Toggle OFF + Organic (Noise),Aditya Vision,"Bihar, Jharkhand & UP (HQ: Patna)",@dhanbadlover,149227,14578,788,7,5.41%,0.53%,2025-01-05,https://www.instagram.com/p/DEbnoeIvUB9/,⚪ Standard Organic: Baseline organic collab reach,lucky draw event ! buy &win in Ranchi
2153,Tier 4: Toggle OFF + Organic (Noise),Electronics Mart,Telangana & Andhra Pradesh (HQ: Hyderabad),@ningladheer,223299,14541,786,73,5.41%,0.39%,2025-10-16,https://www.instagram.com/p/DP24UiBkW9M/,⚪ Standard Organic: Baseline organic collab reach,💥 Biwi ko wait na karaaye… kyunki yahan mil raha hai 1 crore tak ka cash prize! 😍 @bajajelectronicsindia @electronicsmart_india
2154,Tier 4: Toggle OFF + Organic (Noise),Bajaj Electronics,Telangana & Andhra Pradesh (HQ: Hyderabad),@ningladheer,223299,14541,786,73,5.41%,0.39%,2025-10-16,https://www.instagram.com/p/DP24UiBkW9M/,⚪ Standard Organic: Baseline organic collab reach,💥 Biwi ko wait na karaaye… kyunki yahan mil raha hai 1 crore tak ka cash prize! 😍 @bajajelectronicsindia @electronicsmart_india
2155,Tier 4: Toggle OFF + Organic (Noise),Sathya,Tamil Nadu (HQ: Tuticorin / Chennai),@_.sriee_,62150,14393,778,37,5.41%,1.31%,2025-05-26,https://www.instagram.com/p/DKGu-ecv0dV/,⚪ Standard Organic: Baseline organic collab reach,@sathya.retail Sathya super sale is happening from May 28 - 31
2156,Tier 4: Toggle OFF + Organic (Noise),Sathya,Tamil Nadu (HQ: Tuticorin / Chennai),@_.sriee_,62150,14393,778,37,5.41%,1.31%,2025-03-28,https://www.instagram.com/p/DHvxarlPFWc/,⚪ Standard Organic: Baseline organic collab reach,Sathya Year end Sale
2157,Tier 4: Toggle OFF + Organic (Noise),Great Eastern,West Bengal & East India (HQ: Kolkata),@bikanerikaka,29166,14171,766,12,5.41%,2.67%,2026-01-26,https://www.instagram.com/p/DT-aT0bkYj9/,⚪ Standard Organic: Baseline organic collab reach,इतने ऑफर्स एक साथ? 😱
2158,Tier 4: Toggle OFF + Organic (Noise),Sathya,Tamil Nadu (HQ: Tuticorin / Chennai),@thiruthuraipoondi__official,21119,14134,764,7,5.41%,3.65%,2026-06-27,https://www.instagram.com/p/DaFBfePSzal/,⚪ Standard Organic: Baseline organic collab reach,The Wait Is Over! @sathya.retail  Full Moon Sale Is Here
2159,Tier 4: Toggle OFF + Organic (Noise),Sathya,Tamil Nadu (HQ: Tuticorin / Chennai),@takkunu_tech,232080,13690,740,10,5.41%,0.32%,2026-07-17,https://www.instagram.com/p/Da5Dx0dxD7o/,⚪ Standard Organic: Baseline organic collab reach,🔥 OPPO Days @ Sathya Retail 🔥
2160,Tier 4: Toggle OFF + Organic (Noise),Aditya Vision,"Bihar, Jharkhand & UP (HQ: Patna)",@incrediblemirzapur,73598,13653,738,5,5.41%,1.01%,2026-08-14,https://www.instagram.com/p/DcAqRGsh-fD/,⚪ Standard Organic: Baseline organic collab reach,🇮🇳 15 Ka Dum Sale — Independence Day Special! 🇮🇳
2161,Tier 4: Toggle OFF + Organic (Noise),Aditya Vision,"Bihar, Jharkhand & UP (HQ: Patna)",@banarsi.vibes,349362,13394,724,17,5.41%,0.21%,2025-09-19,https://www.instagram.com/p/DOyUKhsDF3W/,⚪ Standard Organic: Baseline organic collab reach,Banaras वालों जल्दी से पहुंच jao @aditya_vision क्यूँ की iPhone 17 Series की सभी मॉडल Available hai ✅📱 iphone 17 Launched at Aditya Vision
2162,Tier 4: Toggle OFF + Organic (Noise),Aditya Vision,"Bihar, Jharkhand & UP (HQ: Patna)",@banarsi.vibes,349362,13394,724,17,5.41%,0.21%,2025-08-24,https://www.instagram.com/p/DNvbk705KTf/,⚪ Standard Organic: Baseline organic collab reach,इनाम मेँ मिल गया लाखों का घर 😱 किसी नें सोचा भी नहीं था  Aditya Vision नें पूरा किया ( बनारस )मेँ रहने का सपना
2163,Tier 4: Toggle OFF + Organic (Noise),Aditya Vision,"Bihar, Jharkhand & UP (HQ: Patna)",@banarsi.vibes,349362,13394,724,17,5.41%,0.21%,2025-01-15,https://www.instagram.com/p/DE1iAYrPIN-/,⚪ Standard Organic: Baseline organic collab reach,"कई बनारस और उत्तर प्रदेश वालों ने बाइक, कार और खुद का घर जीता"
2164,Tier 4: Toggle OFF + Organic (Noise),Sathya,Tamil Nadu (HQ: Tuticorin / Chennai),@_little__achu_,62162,12950,700,26,5.41%,1.17%,2025-05-26,https://www.instagram.com/p/DKGtlhZpyU4/,⚪ Standard Organic: Baseline organic collab reach,@sathya.retail Sathya super sale is happening from May 28 - 31
2165,Tier 4: Toggle OFF + Organic (Noise),Sathya,Tamil Nadu (HQ: Tuticorin / Chennai),@_little__achu_,62162,12950,700,26,5.41%,1.17%,2025-03-27,https://www.instagram.com/p/DHsJiDhppK9/,⚪ Standard Organic: Baseline organic collab reach,Sathya Year end Sale
2166,Tier 4: Toggle OFF + Organic (Noise),Electronics Mart,Telangana & Andhra Pradesh (HQ: Hyderabad),@sj_dfreak,88475,12561,679,15,5.41%,0.79%,2026-05-02,https://www.instagram.com/p/DX1A0B7BPi2/,⚪ Standard Organic: Baseline organic collab reach,Some upgrades aren’t planned — they just feel right.
2167,Tier 4: Toggle OFF + Organic (Noise),Aditya Vision,"Bihar, Jharkhand & UP (HQ: Patna)",@bahraich_hamari_jaan,123019,12376,669,27,5.41%,0.57%,2025-10-16,https://www.instagram.com/p/DP2hSsKDz54/,⚪ Standard Organic: Baseline organic collab reach,"Aditya Vision lekar aaya hai sabse bada, sabse zabardast Diwali Sale Dhamaka!"
2168,Tier 4: Toggle OFF + Organic (Noise),Aditya Vision,"Bihar, Jharkhand & UP (HQ: Patna)",@princessisprincessonly,28555,12339,667,42,5.41%,2.49%,2026-08-14,https://www.instagram.com/p/Db_EK8bv-Da/,⚪ Standard Organic: Baseline organic collab reach,"“Aditya Vision Independence Day Offers 🇮🇳🔥” Aditya Vision, Aditya Vision Offers, Independence Day Offers, Independence Day Sale, 15 August Sale, Indep"
2169,Tier 4: Toggle OFF + Organic (Noise),Bajaj Electronics,Telangana & Andhra Pradesh (HQ: Hyderabad),@laxmireddy75,104130,12321,666,15,5.41%,0.66%,2025-10-05,https://www.instagram.com/p/DPbtzxFkcth/,⚪ Standard Organic: Baseline organic collab reach,"✨ This festive season, bring home smarter living ✨"
2170,Tier 4: Toggle OFF + Organic (Noise),Aditya Vision,"Bihar, Jharkhand & UP (HQ: Patna)",@aashi__aariya,26872,12043,651,38,5.41%,2.57%,2026-05-27,https://www.instagram.com/p/DY2VUm1TkOM/,⚪ Standard Organic: Baseline organic collab reach,Crazy OFfer in Aditya Vision Jamui🥳
2171,Tier 4: Toggle OFF + Organic (Noise),Sathya,Tamil Nadu (HQ: Tuticorin / Chennai),@anupriyankha_official,118603,12025,650,28,5.41%,0.57%,2025-04-11,https://www.instagram.com/p/DITq6BVT6RF/,⚪ Standard Organic: Baseline organic collab reach,Tamil New Year Sale is ON at @sathya.retail ! Celebrate with unbeatable deals! Don’t miss the exciting offers
2172,Tier 4: Toggle OFF + Organic (Noise),Sathya,Tamil Nadu (HQ: Tuticorin / Chennai),@anupriyankha_official,118603,12025,650,28,5.41%,0.57%,2025-03-27,https://www.instagram.com/p/DHtTnm6T428/,⚪ Standard Organic: Baseline organic collab reach,Mega Year end Sale at @sathya.retail!
2173,Tier 4: Toggle OFF + Organic (Noise),Sathya,Tamil Nadu (HQ: Tuticorin / Chennai),@anupriyankha_official,118603,12025,650,28,5.41%,0.57%,2025-03-12,https://www.instagram.com/p/DHGFr62J263/,⚪ Standard Organic: Baseline organic collab reach,Sathya FULL MOON LED TV SUPER SALE - Live on 14th March 2025 -Morning 9 AM To Midnight 12 AM- One Day Only -
2174,Tier 4: Toggle OFF + Organic (Noise),Sathya,Tamil Nadu (HQ: Tuticorin / Chennai),@_.mis.cupcake._,22691,11877,642,4,5.41%,2.85%,2025-05-26,https://www.instagram.com/p/DKGu2efyiPu/,⚪ Standard Organic: Baseline organic collab reach,@sathya.retail Sathya super sale is happening from May 28 - 31
2175,Tier 4: Toggle OFF + Organic (Noise),Sathya,Tamil Nadu (HQ: Tuticorin / Chennai),@thetamilnadunow,117954,11766,636,10,5.41%,0.55%,2026-02-16,https://www.instagram.com/p/DU0BOrpEmy0/,⚪ Standard Organic: Baseline organic collab reach,Pre Summer AC Purchase Benefits...! 5 Reasons to Consider...!
2176,Tier 4: Toggle OFF + Organic (Noise),Sathya,Tamil Nadu (HQ: Tuticorin / Chennai),@thetamilnadunow,117954,11766,636,10,5.41%,0.55%,2025-12-23,https://www.instagram.com/p/DSnOtoXkzK8/,⚪ Standard Organic: Baseline organic collab reach,"சென்னை, பாடி போத்தீஸில் உங்கள் சத்யா இன்னும் பிரமாண்டமாக...!"
2177,Tier 4: Toggle OFF + Organic (Noise),Sathya,Tamil Nadu (HQ: Tuticorin / Chennai),@thetamilnadunow,117954,11766,636,10,5.41%,0.55%,2025-08-22,https://www.instagram.com/p/DNp5FLhN9uE/,⚪ Standard Organic: Baseline organic collab reach,Buisness-க்கு competition நல்லது..!
2178,Tier 4: Toggle OFF + Organic (Noise),Sathya,Tamil Nadu (HQ: Tuticorin / Chennai),@thetamilnadunow,117954,11766,636,10,5.41%,0.55%,2025-06-09,https://www.instagram.com/p/DKrNE43Jzyt/,⚪ Standard Organic: Baseline organic collab reach,Meet the visionary behind Sathya Mobiles – it all began with one bold goal.😎
2179,Tier 4: Toggle OFF + Organic (Noise),Sathya,Tamil Nadu (HQ: Tuticorin / Chennai),@thetamilnadunow,117954,11766,636,10,5.41%,0.55%,2025-06-04,https://www.instagram.com/p/DKeYmA5tP9C/,⚪ Standard Organic: Baseline organic collab reach,"Business Success-க்கு Consistency ரொம்ப முக்கியம்..! - Jackson Samuel, Sathya Agencies."
2180,Tier 4: Toggle OFF + Organic (Noise),Croma,"Pan-India / Maharashtra (HQ: Mumbai, Tata Group)",@perspectives.yt,22838,11636,629,182,5.41%,3.56%,2025-07-12,https://www.instagram.com/p/DL_xQSRvqr9/,⚪ Standard Organic: Baseline organic collab reach,A day in my intern life 🧑‍💻
2181,Tier 4: Toggle OFF + Organic (Noise),Sathya,Tamil Nadu (HQ: Tuticorin / Chennai),@jiyacreations_mannargudi,38547,11599,627,6,5.41%,1.65%,2025-05-26,https://www.instagram.com/p/DKGMODDSd0X/,⚪ Standard Organic: Baseline organic collab reach,@sathya.retail Sathya super sale is happening from May 28 - 31
2182,Tier 4: Toggle OFF + Organic (Noise),Sathya,Tamil Nadu (HQ: Tuticorin / Chennai),@mr.dear_and_nanum,46470,11581,626,1244,5.41%,4.03%,2026-07-27,https://www.instagram.com/p/DbTAicmv4ak/,⚪ Standard Organic: Baseline organic collab reach,@sathya.retail  Full Moon Sale is here!
2183,Tier 4: Toggle OFF + Organic (Noise),Sathya,Tamil Nadu (HQ: Tuticorin / Chennai),@mr.dear_and_nanum,46470,11581,626,1244,5.41%,4.03%,2025-03-27,https://www.instagram.com/p/DHsb3z0vsZP/,⚪ Standard Organic: Baseline organic collab reach,Sathya Year end Sale
2184,Tier 4: Toggle OFF + Organic (Noise),Pai International,Karnataka & Telangana (HQ: Bengaluru),@telugu_tea_talks,156539,11581,626,35,5.41%,0.42%,2025-03-27,https://www.instagram.com/p/DHtPCNRJG0M/,⚪ Standard Organic: Baseline organic collab reach,"Hey, everyone! I’m so excited to be here today because I’m a part of something BIG!"
2185,Tier 4: Toggle OFF + Organic (Noise),Sathya,Tamil Nadu (HQ: Tuticorin / Chennai),@vj_raja_offl,42185,11396,616,8,5.41%,1.48%,2026-06-27,https://www.instagram.com/p/DaF2lRdIEXz/,⚪ Standard Organic: Baseline organic collab reach,The Wait Is Over! @sathya.retail  Full Moon Sale Is Here
2186,Tier 4: Toggle OFF + Organic (Noise),Sathya,Tamil Nadu (HQ: Tuticorin / Chennai),@itz_me_thamizhachi__,13625,11396,616,2,5.41%,4.54%,2025-03-28,https://www.instagram.com/p/DHvwp9VSuEK/,⚪ Standard Organic: Baseline organic collab reach,Sathya Year end Sale
2187,Tier 4: Toggle OFF + Organic (Noise),Sathya,Tamil Nadu (HQ: Tuticorin / Chennai),@vnrvloging,10779,11322,612,5,5.41%,5.73%,2026-07-26,https://www.instagram.com/p/DbQak-2BEOM/,⚪ Standard Organic: Baseline organic collab reach,💢🤯Namma SATHYA la Ivlo Offers Kudukurangalaa😱😱😱|Sathya FULL MOON SALE on July 29th🥳
2188,Tier 4: Toggle OFF + Organic (Noise),Electronics Mart,Telangana & Andhra Pradesh (HQ: Hyderabad),@techychintu_,252557,11303,611,123,5.41%,0.29%,2026-05-02,https://www.instagram.com/p/DX17sMPym6k/,⚪ Standard Organic: Baseline organic collab reach,Full price pe iPhone lena band karo bhai!
2189,Tier 4: Toggle OFF + Organic (Noise),Aditya Vision,"Bihar, Jharkhand & UP (HQ: Patna)",@theglamnisha,451282,11155,603,11,5.41%,0.14%,2025-05-02,https://www.instagram.com/p/DJJG_zUyd2N/,⚪ Standard Organic: Baseline organic collab reach,AC ख़रीद कर भूषण जी ने जीता लाखो का घर !!
2190,Tier 4: Toggle OFF + Organic (Noise),Tata Neu,"Pan-India / Maharashtra (HQ: Mumbai, Tata Digital)",@bee_tech_,189452,11118,601,22,5.41%,0.33%,2025-05-30,https://www.instagram.com/p/DKRwmJNzJme/,⚪ Standard Organic: Baseline organic collab reach,Kabhi nahin socha tha itne crazy discounts me itna sab kuch buy kar sakta hu!
2191,Tier 4: Toggle OFF + Organic (Noise),Sathya,Tamil Nadu (HQ: Tuticorin / Chennai),@the.madras.eats,117639,10952,592,9,5.41%,0.51%,2025-03-08,https://www.instagram.com/p/DG8L0p6voqf/,⚪ Standard Organic: Baseline organic collab reach,❄️ AC வாங்க நல்ல நேரம்… இப்போ தாங்க! ❄️
2192,Tier 4: Toggle OFF + Organic (Noise),Sathya,Tamil Nadu (HQ: Tuticorin / Chennai),@jackson_samuel_j,26788,10619,574,5,5.41%,2.17%,2026-08-19,https://www.instagram.com/p/DcNnfm1xqKc/,⚪ Standard Organic: Baseline organic collab reach,Happy to launch Sony BRAVIA’s True RGB! 🔥📺
2193,Tier 4: Toggle OFF + Organic (Noise),Sathya,Tamil Nadu (HQ: Tuticorin / Chennai),@jackson_samuel_j,26788,10619,574,5,5.41%,2.17%,2026-06-25,https://www.instagram.com/p/DaAZBF2hpHi/,⚪ Standard Organic: Baseline organic collab reach,Proud to represent Sathya once again as the Title Sponsor of Super Singer  Junior 11 🎤✨
2194,Tier 4: Toggle OFF + Organic (Noise),Sathya,Tamil Nadu (HQ: Tuticorin / Chennai),@jackson_samuel_j,26788,10619,574,5,5.41%,2.17%,2026-05-22,https://www.instagram.com/p/DYo9tPEyzrc/,⚪ Standard Organic: Baseline organic collab reach,Always exciting to unbox innovation. 🔥
2195,Tier 4: Toggle OFF + Organic (Noise),Sathya,Tamil Nadu (HQ: Tuticorin / Chennai),@jackson_samuel_j,26788,10619,574,5,5.41%,2.17%,2026-05-02,https://www.instagram.com/p/DX1mN4MRXKx/,⚪ Standard Organic: Baseline organic collab reach,"Every smile, every word of feedback reminds us why we do what we do."
2196,Tier 4: Toggle OFF + Organic (Noise),Sathya,Tamil Nadu (HQ: Tuticorin / Chennai),@jackson_samuel_j,26788,10619,574,5,5.41%,2.17%,2026-04-24,https://www.instagram.com/p/DXhBrw3kV1b/,⚪ Standard Organic: Baseline organic collab reach,"Proud to unveil the all new OPPO F33 Series at Sathya Retail, built for those who expect more from every frame, every touch, every moment."
2197,Tier 4: Toggle OFF + Organic (Noise),Sathya,Tamil Nadu (HQ: Tuticorin / Chennai),@jackson_samuel_j,26788,10619,574,5,5.41%,2.17%,2026-04-16,https://www.instagram.com/p/DXMUm-rkRgW/,⚪ Standard Organic: Baseline organic collab reach,Unboxing the all new Oppo F33 Pro- where style meets serious performance.
2198,Tier 4: Toggle OFF + Organic (Noise),Sathya,Tamil Nadu (HQ: Tuticorin / Chennai),@jackson_samuel_j,26788,10619,574,5,5.41%,2.17%,2026-04-10,https://www.instagram.com/p/DW88Vw0EQ6H/,⚪ Standard Organic: Baseline organic collab reach,Madurai leads the way as we launch the all-new Vivo V70 Series at Sathya Retail 💫
2199,Tier 4: Toggle OFF + Organic (Noise),Sathya,Tamil Nadu (HQ: Tuticorin / Chennai),@jackson_samuel_j,26788,10619,574,5,5.41%,2.17%,2026-04-08,https://www.instagram.com/p/DW3N9i9kZXj/,⚪ Standard Organic: Baseline organic collab reach,"Got it — let’s keep it sharp, modern, and focused on upgrades 👇"
2200,Tier 4: Toggle OFF + Organic (Noise),Sathya,Tamil Nadu (HQ: Tuticorin / Chennai),@jackson_samuel_j,26788,10619,574,5,5.41%,2.17%,2026-03-21,https://www.instagram.com/p/DWIbYCNkVg7/,⚪ Standard Organic: Baseline organic collab reach,*Kulu Kulu AC Festival & Electronics Expo*
2201,Tier 4: Toggle OFF + Organic (Noise),Sathya,Tamil Nadu (HQ: Tuticorin / Chennai),@jackson_samuel_j,26788,10619,574,5,5.41%,2.17%,2026-01-18,https://www.instagram.com/p/DTo6oPQDsRG/,⚪ Standard Organic: Baseline organic collab reach,"🎉🌾 This Pongal, celebrate with something special!"
2202,Tier 4: Toggle OFF + Organic (Noise),Sathya,Tamil Nadu (HQ: Tuticorin / Chennai),@jackson_samuel_j,26788,10619,574,5,5.41%,2.17%,2026-01-13,https://www.instagram.com/p/DTc29AVjtRF/,⚪ Standard Organic: Baseline organic collab reach,📱🔥 Meet the smartphone everyone’s been waiting for - Realme 16 Pro Series.
2203,Tier 4: Toggle OFF + Organic (Noise),Sathya,Tamil Nadu (HQ: Tuticorin / Chennai),@jackson_samuel_j,26788,10619,574,5,5.41%,2.17%,2026-01-10,https://www.instagram.com/p/DTUZUjykVjS/,⚪ Standard Organic: Baseline organic collab reach,🔥 𝗡𝗘𝗪 𝗟𝗔𝗨𝗡𝗖𝗛 — realme 16 Pro+ 5G at 𝗦𝗔𝗧𝗛𝗬𝗔! 🔥
2204,Tier 4: Toggle OFF + Organic (Noise),Sathya,Tamil Nadu (HQ: Tuticorin / Chennai),@jackson_samuel_j,26788,10619,574,5,5.41%,2.17%,2026-01-09,https://www.instagram.com/p/DTS2wiLDiNH/,⚪ Standard Organic: Baseline organic collab reach,🎉✨ The wait is over - OPPO Reno15 5G is officially launched!
2205,Tier 4: Toggle OFF + Organic (Noise),Sathya,Tamil Nadu (HQ: Tuticorin / Chennai),@jackson_samuel_j,26788,10619,574,5,5.41%,2.17%,2025-12-04,https://www.instagram.com/p/DR1LmIYkc6S/,⚪ Standard Organic: Baseline organic collab reach,"Excited to launch the all-new Vivo X300 at Sathya, T Nagar! 🎉"
2206,Tier 4: Toggle OFF + Organic (Noise),Sathya,Tamil Nadu (HQ: Tuticorin / Chennai),@jackson_samuel_j,26788,10619,574,5,5.41%,2.17%,2025-10-01,https://www.instagram.com/p/DPQ7sJBEwN6/,⚪ Standard Organic: Baseline organic collab reach,"✨ A night of music, magic & unforgettable moments! ✨"
2207,Tier 4: Toggle OFF + Organic (Noise),Sathya,Tamil Nadu (HQ: Tuticorin / Chennai),@jackson_samuel_j,26788,10619,574,5,5.41%,2.17%,2025-09-23,https://www.instagram.com/p/DO8X_2nE7jh/,⚪ Standard Organic: Baseline organic collab reach,🌟 A Grand Celebration @ Sathya 🌟
2208,Tier 4: Toggle OFF + Organic (Noise),Sathya,Tamil Nadu (HQ: Tuticorin / Chennai),@jackson_samuel_j,26788,10619,574,5,5.41%,2.17%,2025-09-20,https://www.instagram.com/p/DO1PNqpk9S6/,⚪ Standard Organic: Baseline organic collab reach,🌟 An Unforgettable Night @ Sathya! 🌟
2209,Tier 4: Toggle OFF + Organic (Noise),Sathya,Tamil Nadu (HQ: Tuticorin / Chennai),@jackson_samuel_j,26788,10619,574,5,5.41%,2.17%,2025-08-01,https://www.instagram.com/p/DMz9eRnyNw0/,⚪ Standard Organic: Baseline organic collab reach,The all-new Realme 15 Pro is now officially launched at @sathya.retail ! Experience the power of a 7000mAh Mega Battery in the slimmest design in its 
2210,Tier 4: Toggle OFF + Organic (Noise),Sathya,Tamil Nadu (HQ: Tuticorin / Chennai),@jackson_samuel_j,26788,10619,574,5,5.41%,2.17%,2025-07-08,https://www.instagram.com/p/DL187YKx2d0/,⚪ Standard Organic: Baseline organic collab reach,Happy to share with you all that the OPPO Reno 14 Series has been successfully launched and is now available at @sathya.retail !Experience next-level 
2211,Tier 4: Toggle OFF + Organic (Noise),Sathya,Tamil Nadu (HQ: Tuticorin / Chennai),@jackson_samuel_j,26788,10619,574,5,5.41%,2.17%,2025-05-29,https://www.instagram.com/p/DKPQbqwKpWx/,⚪ Standard Organic: Baseline organic collab reach,Happy to unbox the realme GT 7 series! Sale is now LIVE at namma @sathya.retail . 120W SuperVooc Charging – Go from 1% to 50% in just 15 minutes! Indu
2212,Tier 4: Toggle OFF + Organic (Noise),Sathya,Tamil Nadu (HQ: Tuticorin / Chennai),@jackson_samuel_j,26788,10619,574,5,5.41%,2.17%,2025-05-26,https://www.instagram.com/p/DKHd-sKSsQ4/,⚪ Standard Organic: Baseline organic collab reach,"We are incredibly happy and proud to gift the all-new iPhone 16e to the beloved judges of Super Singer Junior 10 – the legendary Dr. Mano sir, the gra"
2213,Tier 4: Toggle OFF + Organic (Noise),Sathya,Tamil Nadu (HQ: Tuticorin / Chennai),@jackson_samuel_j,26788,10619,574,5,5.41%,2.17%,2025-05-13,https://www.instagram.com/p/DJmSOcIS4xJ/,⚪ Standard Organic: Baseline organic collab reach,Feeling super happy to encourage the Super Singer Junior Season 10 finalists with the brand new Realme 14T! Spreading smiles and supporting young tale
2214,Tier 4: Toggle OFF + Organic (Noise),Sathya,Tamil Nadu (HQ: Tuticorin / Chennai),@jackson_samuel_j,26788,10619,574,5,5.41%,2.17%,2025-05-09,https://www.instagram.com/p/DJbzAHbOZrb/,⚪ Standard Organic: Baseline organic collab reach,We were delighted to welcome LG HS company CEO Jaecheol Lyu & And  LG India MD Hongju Jeon and Team to @sathya.retail for an inspiring visit. Their pr
2215,Tier 4: Toggle OFF + Organic (Noise),Sathya,Tamil Nadu (HQ: Tuticorin / Chennai),@jackson_samuel_j,26788,10619,574,5,5.41%,2.17%,2025-04-27,https://www.instagram.com/p/DI8WPOoRFe_/,⚪ Standard Organic: Baseline organic collab reach,Realme 14t is launched and now available at all @sathya.retail stores!
2216,Tier 4: Toggle OFF + Organic (Noise),Sathya,Tamil Nadu (HQ: Tuticorin / Chennai),@jackson_samuel_j,26788,10619,574,5,5.41%,2.17%,2025-04-19,https://www.instagram.com/p/DIoY_lbxUpc/,⚪ Standard Organic: Baseline organic collab reach,The Realme 14T Prebook started at Sathya Retail!
2217,Tier 4: Toggle OFF + Organic (Noise),Sathya,Tamil Nadu (HQ: Tuticorin / Chennai),@jackson_samuel_j,26788,10619,574,5,5.41%,2.17%,2025-04-13,https://www.instagram.com/p/DIYwWjpNKQ3/,⚪ Standard Organic: Baseline organic collab reach,Pre-booking for the all-new vivo V50e is now live at @sathya.retail !
2218,Tier 4: Toggle OFF + Organic (Noise),Sathya,Tamil Nadu (HQ: Tuticorin / Chennai),@mydeen_vlogs_,9049,10619,574,7,5.41%,6.43%,2025-03-29,https://www.instagram.com/p/DHx8ffpPYtZ/,⚪ Standard Organic: Baseline organic collab reach,Sathya Year End Sales 😱💥
2219,Tier 4: Toggle OFF + Organic (Noise),Sathya,Tamil Nadu (HQ: Tuticorin / Chennai),@jackson_samuel_j,26788,10619,574,5,5.41%,2.17%,2025-03-21,https://www.instagram.com/p/DHdf4xyylB2/,⚪ Standard Organic: Baseline organic collab reach,Prebooking is now open for the all-new OppoF29Series @sathya.retail!
2220,Tier 4: Toggle OFF + Organic (Noise),Sathya,Tamil Nadu (HQ: Tuticorin / Chennai),@jackson_samuel_j,26788,10619,574,5,5.41%,2.17%,2025-03-16,https://www.instagram.com/p/DHQq391S79w/,⚪ Standard Organic: Baseline organic collab reach,We are beyond excited to announce that the talented @kayadu_lohar_official is now the official brand ambassador for @sathya.retail! With her elegance 
2221,Tier 4: Toggle OFF + Organic (Noise),Sathya,Tamil Nadu (HQ: Tuticorin / Chennai),@jackson_samuel_j,26788,10619,574,5,5.41%,2.17%,2025-03-01,https://www.instagram.com/p/DGqDkb6Sp41/,⚪ Standard Organic: Baseline organic collab reach,Launch event of iPhone 16e🚀 The iPhone 16e is now available at @Sathya.retail! 🚀
2222,Tier 4: Toggle OFF + Organic (Noise),Sathya,Tamil Nadu (HQ: Tuticorin / Chennai),@jackson_samuel_j,26788,10619,574,5,5.41%,2.17%,2025-02-25,https://www.instagram.com/p/DGfzawSsocZ/,⚪ Standard Organic: Baseline organic collab reach,"Vivo V50 is officially launched at Sathya Retail !  With a 6000mAh battery, powerful Snapdragon 7 Gen 3 processor, and underwater photography capabili"
2223,Tier 4: Toggle OFF + Organic (Noise),Sathya,Tamil Nadu (HQ: Tuticorin / Chennai),@jackson_samuel_j,26788,10619,574,5,5.41%,2.17%,2025-02-19,https://www.instagram.com/p/DGQW4aySYL4/,⚪ Standard Organic: Baseline organic collab reach,"Excited to unbox the brand-new Vivo V50, now available Sathya Retail ! This smartphone is packed with a 6000mAh battery for all-day usage and powered "
2224,Tier 4: Toggle OFF + Organic (Noise),Sathya,Tamil Nadu (HQ: Tuticorin / Chennai),@jackson_samuel_j,26788,10619,574,5,5.41%,2.17%,2025-02-13,https://www.instagram.com/p/DGA_S3MP-LE/,⚪ Standard Organic: Baseline organic collab reach,"""An unforgettable moment! We Sathya surprises Super Singer's best performer, Joshika, with a brand-new Samsung S25 Ultra for her outstanding talent an"
2225,Tier 4: Toggle OFF + Organic (Noise),Sathya,Tamil Nadu (HQ: Tuticorin / Chennai),@jackson_samuel_j,26788,10619,574,5,5.41%,2.17%,2025-02-05,https://www.instagram.com/p/DFsIOPyB5t9/,⚪ Standard Organic: Baseline organic collab reach,The Samsung S25 series is here! Now available at your Sathya Retail ! Samsung Galaxy S25 Series brings a pro-grade camera and immersive display to you
2226,Tier 4: Toggle OFF + Organic (Noise),Sathya,Tamil Nadu (HQ: Tuticorin / Chennai),@jackson_samuel_j,26788,10619,574,5,5.41%,2.17%,2025-01-27,https://www.instagram.com/p/DFVEBzyC3Jx/,⚪ Standard Organic: Baseline organic collab reach,"Excited to unbox the all-new Google Pixel 9 Pro Fold! Google Pixel mobiles are now available @sathya.retail !  Equipped with IPX8 water resistance, ma"
2227,Tier 4: Toggle OFF + Organic (Noise),Sathya,Tamil Nadu (HQ: Tuticorin / Chennai),@jackson_samuel_j,26788,10619,574,5,5.41%,2.17%,2025-01-25,https://www.instagram.com/p/DFP8pANN4O-/,⚪ Standard Organic: Baseline organic collab reach,Excited to unbox the all-new Samsung Galaxy S25 Ultra ! Pre-booking is now open @sathya.retail ! Experience crystal-clear audio with the Audio Eraser 
2228,Tier 4: Toggle OFF + Organic (Noise),Sathya,Tamil Nadu (HQ: Tuticorin / Chennai),@jackson_samuel_j,26788,10619,574,5,5.41%,2.17%,2025-01-24,https://www.instagram.com/p/DFNTwk9vner/,⚪ Standard Organic: Baseline organic collab reach,"Excited to announce you all  the Realme 14 Pro Series is  successfully launched, is the world’s first cold-sensitive color-changing mobile and is now "
2229,Tier 4: Toggle OFF + Organic (Noise),Pai International,Karnataka & Telangana (HQ: Bengaluru),@themomsagas,186160,10619,574,119,5.41%,0.37%,2026-02-05,https://www.instagram.com/p/DUYPoHlEn-q/,⚪ Standard Organic: Baseline organic collab reach,"Imagine shopping for just ₹2,000 and walking away with a chance to win up to ₹5 CRORE worth of FREE shopping 💸🔥"
2230,Tier 4: Toggle OFF + Organic (Noise),Sathya,Tamil Nadu (HQ: Tuticorin / Chennai),@the_mythus_mom,18591,10600,573,521,5.41%,5.89%,2025-05-26,https://www.instagram.com/p/DKHREquSpmf/,⚪ Standard Organic: Baseline organic collab reach,@sathya.retail Sathya super sale is happening from May 28 - 31
2231,Tier 4: Toggle OFF + Organic (Noise),Vijay Sales,Maharashtra / Pan-India (HQ: Mumbai),@elementec,1245763,10563,571,58,5.41%,0.05%,2026-01-12,https://www.instagram.com/p/DTaIKPNjKZG/,⚪ Standard Organic: Baseline organic collab reach,31 HOURS BATTERY? 🔋🤯
2232,Tier 4: Toggle OFF + Organic (Noise),Croma,"Pan-India / Maharashtra (HQ: Mumbai, Tata Group)",@artsy_pleasing,112009,10341,559,18,5.41%,0.52%,2025-07-31,https://www.instagram.com/p/DMxO0y-SZP6/,⚪ Standard Organic: Baseline organic collab reach,"From early mornings at KR Market to quiet moments in Cubbon Park, captured it all through the lens of the new Vivo X200 FE."
2233,Tier 4: Toggle OFF + Organic (Noise),Bajaj Electronics,Telangana & Andhra Pradesh (HQ: Hyderabad),@rokkysudha_lifestyle,241194,10341,559,36,5.41%,0.25%,2026-05-15,https://www.instagram.com/p/DYXGl4dvbuH/,⚪ Standard Organic: Baseline organic collab reach,vivo X300FE is here!
2234,Tier 4: Toggle OFF + Organic (Noise),Bajaj Electronics,Telangana & Andhra Pradesh (HQ: Hyderabad),@tejaswimadivada,1144541,10249,554,40,5.41%,0.05%,2025-10-05,https://www.instagram.com/p/DPbLXqYgeIL/,⚪ Standard Organic: Baseline organic collab reach,Bajaj Electronics- India’s Leading Retailer in Electronics is back with its Famous India’s Biggest Festive Offer of ₹1 Crore Cash Prize and 30 Alto K1
2235,Tier 4: Toggle OFF + Organic (Noise),Pai International,Karnataka & Telangana (HQ: Bengaluru),@gulburger_damn,39672,10156,549,13,5.41%,1.42%,2026-08-14,https://www.instagram.com/p/DcBLRDKJUjA/,⚪ Standard Organic: Baseline organic collab reach,"This Independence Month, shopping just got a whole lot more exciting! 🇮🇳"
2236,Tier 4: Toggle OFF + Organic (Noise),Vijay Sales,Maharashtra / Pan-India (HQ: Mumbai),@techmumbaikar,115924,9990,540,25,5.41%,0.49%,2025-12-27,https://www.instagram.com/p/DSxLzdwj1GB/,⚪ Standard Organic: Baseline organic collab reach,Mumbai’s Biggest Electronics Exhibition by Vijay Sales is Live now. Visit today to Experience the best of Electronics!
2237,Tier 4: Toggle OFF + Organic (Noise),Tata Neu,"Pan-India / Maharashtra (HQ: Mumbai, Tata Digital)",@smizzelling,20511,9694,524,5,5.41%,2.59%,2025-07-23,https://www.instagram.com/p/DMc04K_JXRq/,⚪ Standard Organic: Baseline organic collab reach,"We at @mushmetoo, had 99 problems, but a loan wasn’t one. With @tataneuofficial Personal Loans, we got money in minutes — no queues and no calls to da"
2238,Tier 4: Toggle OFF + Organic (Noise),Aditya Vision,"Bihar, Jharkhand & UP (HQ: Patna)",@paras.blogger,1484,9657,522,9,5.41%,35.87%,2026-04-21,https://www.instagram.com/p/DXZXPJrkfKY/,⚪ Standard Organic: Baseline organic collab reach,सुबह househelp फिर नहीं आई?
2239,Tier 4: Toggle OFF + Organic (Noise),Sathya,Tamil Nadu (HQ: Tuticorin / Chennai),@madurai_chithirai_thiruvizha,144603,9601,519,3,5.41%,0.36%,2025-03-27,https://www.instagram.com/p/DHsjU_BBv7g/,⚪ Standard Organic: Baseline organic collab reach,Sathya Year end Sale
2240,Tier 4: Toggle OFF + Organic (Noise),Sathya,Tamil Nadu (HQ: Tuticorin / Chennai),@johnsonasaria,3863,9435,510,12,5.41%,13.55%,2026-06-18,https://www.instagram.com/p/DZt2rG3ne4V/,⚪ Standard Organic: Baseline organic collab reach,Feeling very glad and happy to be part of the successful completion of the 27th All India Volleyball Championship tournament in Tuticorin.
2241,Tier 4: Toggle OFF + Organic (Noise),Sathya,Tamil Nadu (HQ: Tuticorin / Chennai),@namakkal_karan_28_88,42349,8991,486,15,5.41%,1.19%,2025-05-26,https://www.instagram.com/p/DKHa8wlvVxQ/,⚪ Standard Organic: Baseline organic collab reach,@sathya.retail Sathya super sale is happening from May 28 - 31
2242,Tier 4: Toggle OFF + Organic (Noise),Sathya,Tamil Nadu (HQ: Tuticorin / Chennai),@trending_girl_tirupur,107939,8917,482,11,5.41%,0.46%,2025-05-26,https://www.instagram.com/p/DKGmvu1SaFh/,⚪ Standard Organic: Baseline organic collab reach,@sathya.retail Sathya super sale is happening from May 28 - 31
2243,Tier 4: Toggle OFF + Organic (Noise),Vijay Sales,Maharashtra / Pan-India (HQ: Mumbai),@evalive.in,18892,8880,480,20,5.41%,2.65%,2026-04-27,https://www.instagram.com/p/DXozwJ2DIAb/,⚪ Standard Organic: Baseline organic collab reach,@russellpeters Relax World Tour delivered iconic moments across every city –
2244,Tier 4: Toggle OFF + Organic (Noise),Vijay Sales,Maharashtra / Pan-India (HQ: Mumbai),@evalive.in,18892,8880,480,20,5.41%,2.65%,2026-02-05,https://www.instagram.com/p/DUXcn_ZDMv5/,⚪ Standard Organic: Baseline organic collab reach,Everything you need. Even on the biggest nights.
2245,Tier 4: Toggle OFF + Organic (Noise),Vijay Sales,Maharashtra / Pan-India (HQ: Mumbai),@evalive.in,18892,8880,480,20,5.41%,2.65%,2026-02-02,https://www.instagram.com/p/DUPzY8WDLW4/,⚪ Standard Organic: Baseline organic collab reach,For generations who grew up on his words. For hearts that still sing along🎶
2246,Tier 4: Toggle OFF + Organic (Noise),Tata Neu,"Pan-India / Maharashtra (HQ: Mumbai, Tata Digital)",@evalive.in,18892,8880,480,20,5.41%,2.65%,2025-02-19,https://www.instagram.com/p/DGQYGJFsYlF/,⚪ Standard Organic: Baseline organic collab reach,Flashbacks from Arijit’s magical Chandigarh stage 🎶
2247,Tier 4: Toggle OFF + Organic (Noise),Tata Neu,"Pan-India / Maharashtra (HQ: Mumbai, Tata Digital)",@evalive.in,18892,8880,480,20,5.41%,2.65%,2025-02-10,https://www.instagram.com/p/DF5HtyrsJ74/,⚪ Standard Organic: Baseline organic collab reach,"One stage, thousands of hearts, infinite memories! ❤️🎤"
2248,Tier 4: Toggle OFF + Organic (Noise),Sathya,Tamil Nadu (HQ: Tuticorin / Chennai),@minicinemachallenge,4012,8824,477,9,5.41%,12.14%,2026-05-04,https://www.instagram.com/p/DX6KJaVzHqi/,⚪ Standard Organic: Baseline organic collab reach,🎬 Sathya Mini Cinema Challenge – Contestant Showcase
2249,Tier 4: Toggle OFF + Organic (Noise),Sathya,Tamil Nadu (HQ: Tuticorin / Chennai),@minicinemachallenge,4012,8824,477,9,5.41%,12.14%,2026-05-04,https://www.instagram.com/p/DX6JUwHTlob/,⚪ Standard Organic: Baseline organic collab reach,🎬 Sathya Mini Cinema Challenge – Contestant Showcase
2250,Tier 4: Toggle OFF + Organic (Noise),Sathya,Tamil Nadu (HQ: Tuticorin / Chennai),@minicinemachallenge,4012,8824,477,9,5.41%,12.14%,2026-05-02,https://www.instagram.com/p/DX1nCa5TsHI/,⚪ Standard Organic: Baseline organic collab reach,🎬 Sathya Mini Cinema Challenge – Contestant Showcase
2251,Tier 4: Toggle OFF + Organic (Noise),Sathya,Tamil Nadu (HQ: Tuticorin / Chennai),@minicinemachallenge,4012,8824,477,9,5.41%,12.14%,2025-12-26,https://www.instagram.com/p/DSuXtvNE1NZ/,⚪ Standard Organic: Baseline organic collab reach,🎬 Sathya Mini Cinema Challenge – Contestant Showcase
2252,Tier 4: Toggle OFF + Organic (Noise),Sathya,Tamil Nadu (HQ: Tuticorin / Chennai),@minicinemachallenge,4012,8824,477,9,5.41%,12.14%,2025-12-26,https://www.instagram.com/p/DSt-zH7AN90/,⚪ Standard Organic: Baseline organic collab reach,🎬 Sathya Mini Cinema Challenge – Contestant Showcase
2253,Tier 4: Toggle OFF + Organic (Noise),Sathya,Tamil Nadu (HQ: Tuticorin / Chennai),@minicinemachallenge,4012,8824,477,9,5.41%,12.14%,2025-12-18,https://www.instagram.com/p/DSZiWS7guUK/,⚪ Standard Organic: Baseline organic collab reach,🎬 Sathya Mini Cinema Challenge – Contestant Showcase
2254,Tier 4: Toggle OFF + Organic (Noise),Sathya,Tamil Nadu (HQ: Tuticorin / Chennai),@minicinemachallenge,4012,8824,477,9,5.41%,12.14%,2025-12-10,https://www.instagram.com/p/DSFXb04jXX4/,⚪ Standard Organic: Baseline organic collab reach,🎬 Sathya Mini Cinema Challenge – Contestant Showcase
2255,Tier 4: Toggle OFF + Organic (Noise),Sathya,Tamil Nadu (HQ: Tuticorin / Chennai),@minicinemachallenge,4012,8824,477,9,5.41%,12.14%,2025-12-10,https://www.instagram.com/p/DSFJ1mglEcY/,⚪ Standard Organic: Baseline organic collab reach,🎬 Sathya Mini Cinema Challenge – Contestant Showcase
2256,Tier 4: Toggle OFF + Organic (Noise),Sathya,Tamil Nadu (HQ: Tuticorin / Chennai),@minicinemachallenge,4012,8824,477,9,5.41%,12.14%,2025-11-30,https://www.instagram.com/p/DRrm-Zhk3Rt/,⚪ Standard Organic: Baseline organic collab reach,உங்களால 1 நிமிஷத்துக்குள்ள அட்டகாசமா ஒரு சினிமா பண்ண முடியுமா? Short and Sweet ah மொபைல் வைச்சே Shoot பண்ணி ரசிக்க வைக்க முடியுமா?
2257,Tier 4: Toggle OFF + Organic (Noise),Tata Neu,"Pan-India / Maharashtra (HQ: Mumbai, Tata Digital)",@techwithkirti,332165,8732,472,88,5.41%,0.17%,2025-07-19,https://www.instagram.com/p/DMSHhlJz_CT/,⚪ Standard Organic: Baseline organic collab reach,Did you know you can get ₹500 back for your future purchase when you buy the OnePlus Nord CE5 on the Tata Neu app?
2258,Tier 4: Toggle OFF + Organic (Noise),Aditya Vision,"Bihar, Jharkhand & UP (HQ: Patna)",@palash_rims,2430,8473,458,19,5.41%,19.67%,2025-01-13,https://www.instagram.com/p/DExo4VySj8F/,⚪ Standard Organic: Baseline organic collab reach,"""🌟 Grateful for the incredible support from ADITYA VISION as Associate partner of PALASH 25."
2259,Tier 4: Toggle OFF + Organic (Noise),Sathya,Tamil Nadu (HQ: Tuticorin / Chennai),@megna_jayakrishnaraj,68233,8436,456,31,5.41%,0.71%,2025-03-08,https://www.instagram.com/p/DG8P0Covj82/,⚪ Standard Organic: Baseline organic collab reach,Sathya Ac and electronics expo🥶
2260,Tier 4: Toggle OFF + Organic (Noise),Sathya,Tamil Nadu (HQ: Tuticorin / Chennai),@viewsoftraveller,54875,8343,451,7,5.41%,0.84%,2025-03-12,https://www.instagram.com/p/DHF2vK_IehU/,⚪ Standard Organic: Baseline organic collab reach,LED TV AT JUST 6990 🤩‼️
2261,Tier 4: Toggle OFF + Organic (Noise),Sathya,Tamil Nadu (HQ: Tuticorin / Chennai),@tnshlhockey,1078,8177,442,1,5.41%,41.21%,2025-07-22,https://www.instagram.com/p/DMaP1KBBx04/,⚪ Standard Organic: Baseline organic collab reach,"🏆 Passion, power & pride! TN School Hockey League is coming your way!"
2262,Tier 4: Toggle OFF + Organic (Noise),Aditya Vision,"Bihar, Jharkhand & UP (HQ: Patna)",@agra_wale0008,46581,8066,436,9,5.41%,0.96%,2026-05-15,https://www.instagram.com/p/DYXDDwyyci8/,⚪ Standard Organic: Baseline organic collab reach,Sabse सस्ता Electronics अब Agra में Agra… ready ho jao BIGGEST electronics shopping experience ke liye 🔥
2263,Tier 4: Toggle OFF + Organic (Noise),Sathya,Tamil Nadu (HQ: Tuticorin / Chennai),@my_wonder_woman_challenge,33,7955,430,29,5.41%,1393.94%,2025-12-23,https://www.instagram.com/p/DSmQQY7CaGm/,⚪ Standard Organic: Baseline organic collab reach,மக்களே… 🔥
2264,Tier 4: Toggle OFF + Organic (Noise),Electronics Mart,Telangana & Andhra Pradesh (HQ: Hyderabad),@technical_adda007,102232,7844,424,7,5.41%,0.42%,2026-06-08,https://www.instagram.com/p/DZUtbePxRBa/,⚪ Standard Organic: Baseline organic collab reach,Apple Days are back at Electronics Mart!
2265,Tier 4: Toggle OFF + Organic (Noise),Sathya,Tamil Nadu (HQ: Tuticorin / Chennai),@uniletstores,20912,7677,415,5,5.41%,2.01%,2025-11-23,https://www.instagram.com/p/DRYnFetEydm/,⚪ Standard Organic: Baseline organic collab reach,SATHYA Expands Into Karnataka! 🎉
2266,Tier 4: Toggle OFF + Organic (Noise),Aditya Vision,"Bihar, Jharkhand & UP (HQ: Patna)",@patna_ki_nidhi,59962,7511,406,34,5.41%,0.73%,2026-08-05,https://www.instagram.com/p/DbqVTkehf5_/,⚪ Standard Organic: Baseline organic collab reach,"📱 Phone नहीं, आपकी जेब में Mini Laptop! ✨"
2267,Tier 4: Toggle OFF + Organic (Noise),Aditya Vision,"Bihar, Jharkhand & UP (HQ: Patna)",@hyyee_aaliya,73909,7418,401,24,5.41%,0.58%,2026-08-12,https://www.instagram.com/p/Db8W8qJzjsD/,⚪ Standard Organic: Baseline organic collab reach,"🇮🇳 Azaadi ka jashn, savings ke sang! 🇮🇳"
2268,Tier 4: Toggle OFF + Organic (Noise),Aditya Vision,"Bihar, Jharkhand & UP (HQ: Patna)",@deogharwalo,84648,7252,392,10,5.41%,0.48%,2025-08-14,https://www.instagram.com/p/DNUvMW6T6eu/,⚪ Standard Organic: Baseline organic collab reach,📣 🇮🇳🔥आदित्य विज़न की आज़ादी सेल LIVE है!
2269,Tier 4: Toggle OFF + Organic (Noise),Aditya Vision,"Bihar, Jharkhand & UP (HQ: Patna)",@bettiah__explorer,19268,7048,381,7,5.41%,2.02%,2026-05-29,https://www.instagram.com/p/DY7DUzgzRfb/,⚪ Standard Organic: Baseline organic collab reach,Upgrade to TCL P6K 4K HDR TV! 📺✨
2270,Tier 4: Toggle OFF + Organic (Noise),Sathya,Tamil Nadu (HQ: Tuticorin / Chennai),@nammachennai_blogger,213709,7030,380,8,5.41%,0.18%,2026-06-27,https://www.instagram.com/p/DaFqcInvRdY/,⚪ Standard Organic: Baseline organic collab reach,"Aiyo, seekram vandi edu! 📢 1-day sale miss panna mudiyathu. Sathya Full Moon Sale-la ella electronics-um thookitu vara vendiyathan! 🛒💻📺"
2271,Tier 4: Toggle OFF + Organic (Noise),Aditya Vision,"Bihar, Jharkhand & UP (HQ: Patna)",@bokaro.niwasi,14569,6974,377,7,5.41%,2.64%,2025-12-27,https://www.instagram.com/p/DSwn7d7j5tG/,⚪ Standard Organic: Baseline organic collab reach,Visit karo @aditya_vision aur bnao apne ghar ko aur bhi smart ❤️
2272,Tier 4: Toggle OFF + Organic (Noise),Aditya Vision,"Bihar, Jharkhand & UP (HQ: Patna)",@bokaro.niwasi,14569,6974,377,7,5.41%,2.64%,2025-10-16,https://www.instagram.com/p/DP3hru3D_mx/,⚪ Standard Organic: Baseline organic collab reach,This Diwali buy your gadgets from @aditya_vision
2273,Tier 4: Toggle OFF + Organic (Noise),Aditya Vision,"Bihar, Jharkhand & UP (HQ: Patna)",@kri_bhardwaz,24534,6549,354,12,5.41%,1.49%,2025-09-24,https://www.instagram.com/p/DO_C0x2kjY9/,⚪ Standard Organic: Baseline organic collab reach,Discover the world of Dyson at the Aditya Vision Boring road Patna✨
2274,Tier 4: Toggle OFF + Organic (Noise),Pai International,Karnataka & Telangana (HQ: Bengaluru),@aftermath_ventures,2737,6530,353,12,5.41%,13.34%,2026-01-13,https://www.instagram.com/p/DTcKo8skfX1/,⚪ Standard Organic: Baseline organic collab reach,Calling all gamers in Bengaluru — this one’s for you.
2275,Tier 4: Toggle OFF + Organic (Noise),Pai International,Karnataka & Telangana (HQ: Bengaluru),@aftermath_ventures,2737,6530,353,12,5.41%,13.34%,2025-08-03,https://www.instagram.com/p/DM4-Wzkz8zt/,⚪ Standard Organic: Baseline organic collab reach,Huge congrats to the champions who dominated at Red.Gaming by Redington x OMEN in Hyderabad! 🎮🔥
2276,Tier 4: Toggle OFF + Organic (Noise),Pai International,Karnataka & Telangana (HQ: Bengaluru),@aftermath_ventures,2737,6530,353,12,5.41%,13.34%,2025-07-28,https://www.instagram.com/p/DMo-7MOyfhM/,⚪ Standard Organic: Baseline organic collab reach,"🎮 Hyderabad, the arena awaits you!"
2277,Tier 4: Toggle OFF + Organic (Noise),Pai International,Karnataka & Telangana (HQ: Bengaluru),@aftermath_ventures,2737,6530,353,12,5.41%,13.34%,2025-07-13,https://www.instagram.com/p/DMCi78FMzBQ/,⚪ Standard Organic: Baseline organic collab reach,What a showdown! Major props to all the winners at Red.Gaming by Redington x OMEN in Bangalore
2278,Tier 4: Toggle OFF + Organic (Noise),Pai International,Karnataka & Telangana (HQ: Bengaluru),@aftermath_ventures,2737,6530,353,12,5.41%,13.34%,2025-07-06,https://www.instagram.com/p/DLwoFUpzIat/,⚪ Standard Organic: Baseline organic collab reach,"🎮 What’s up, Bangalore!"
2279,Tier 4: Toggle OFF + Organic (Noise),Sathya,Tamil Nadu (HQ: Tuticorin / Chennai),@fox_and_keeku,27758,6216,336,7,5.41%,1.24%,2025-05-26,https://www.instagram.com/p/DKGePX3CxIW/,⚪ Standard Organic: Baseline organic collab reach,@sathya.retail Sathya super sale is happening from May 28 - 31
2280,Tier 4: Toggle OFF + Organic (Noise),Sathya,Tamil Nadu (HQ: Tuticorin / Chennai),@fox_and_keeku,27758,6216,336,7,5.41%,1.24%,2025-03-27,https://www.instagram.com/p/DHsYrTXxXKL/,⚪ Standard Organic: Baseline organic collab reach,Sathya Year end Sale
2281,Tier 4: Toggle OFF + Organic (Noise),Croma,"Pan-India / Maharashtra (HQ: Mumbai, Tata Group)",@design_aqua_studio,341398,6012,325,46,5.41%,0.11%,2025-07-10,https://www.instagram.com/p/DL6uiueSaNB/,⚪ Standard Organic: Baseline organic collab reach,Smart just got smarter! 🔥 @croma.retail proudly unveils the @oppoindia Reno 14 Series – go checkout the power-packed experience in-store!
2282,Tier 4: Toggle OFF + Organic (Noise),Sathya,Tamil Nadu (HQ: Tuticorin / Chennai),@ramyasreesuresh,102012,5790,313,550,5.41%,0.85%,2025-05-25,https://www.instagram.com/p/DKFSCO6P8Ol/,⚪ Standard Organic: Baseline organic collab reach,@sathya.retail Sathya super sale is happening from May 28 - 31
2283,Tier 4: Toggle OFF + Organic (Noise),Aditya Vision,"Bihar, Jharkhand & UP (HQ: Patna)",@whataishadoes,35332,5772,312,18,5.41%,0.94%,2026-08-14,https://www.instagram.com/p/DcBTmJFzVU5/,⚪ Standard Organic: Baseline organic collab reach,💻 Lenovo Laptop पर धमाकेदार ऑफर!🔥
2284,Tier 4: Toggle OFF + Organic (Noise),Aditya Vision,"Bihar, Jharkhand & UP (HQ: Patna)",@whataishadoes,35332,5772,312,18,5.41%,0.94%,2026-08-03,https://www.instagram.com/p/Dbkk2xfTXdX/,⚪ Standard Organic: Baseline organic collab reach,"Monsoon is here, and so are smarter ways to stay healthy and fresh! 🌧️✨ Discover the power of the Philips Air Fryer for crispy snacks with up to 90% l"
2285,Tier 4: Toggle OFF + Organic (Noise),Pai International,Karnataka & Telangana (HQ: Bengaluru),@pooja_sigtia,23125,5605,303,18,5.41%,1.39%,2025-01-13,https://www.instagram.com/p/DExMEivTa1C/,⚪ Standard Organic: Baseline organic collab reach,"Armed with the powerful vivo X200 Pro, watch he explore the untouched waters of the Mayurbhanj district in Odisha."
2286,Tier 4: Toggle OFF + Organic (Noise),Sathya,Tamil Nadu (HQ: Tuticorin / Chennai),@glow_with_priyas,45445,5420,293,20,5.41%,0.69%,2025-06-26,https://www.instagram.com/p/DLXLG8URdt9/,⚪ Standard Organic: Baseline organic collab reach,🎉 @sathya.retail is now at Rajakilpakkam! 🎉
2287,Tier 4: Toggle OFF + Organic (Noise),Aditya Vision,"Bihar, Jharkhand & UP (HQ: Patna)",@patnabazaar,997,5402,292,8,5.41%,30.17%,2025-06-14,https://www.instagram.com/p/DK4NUHLMr7o/,⚪ Standard Organic: Baseline organic collab reach,Purane AC ko goodbye bolo!
2288,Tier 4: Toggle OFF + Organic (Noise),Croma,"Pan-India / Maharashtra (HQ: Mumbai, Tata Group)",@snapdragon_in,393836,5383,291,15,5.41%,0.08%,2025-02-19,https://www.instagram.com/p/DGP6MnWxP8k/,⚪ Standard Organic: Baseline organic collab reach,Knock knock! 🚪
2289,Tier 4: Toggle OFF + Organic (Noise),Sathya,Tamil Nadu (HQ: Tuticorin / Chennai),@vignesh_saravanan07,35663,5143,278,2,5.41%,0.79%,2025-05-25,https://www.instagram.com/p/DKE944Py5ep/,⚪ Standard Organic: Baseline organic collab reach,@sathya.retail Sathya super sale is happening from May 28 - 31
2290,Tier 4: Toggle OFF + Organic (Noise),Croma,"Pan-India / Maharashtra (HQ: Mumbai, Tata Group)",@coffeemonkk,3254,4588,248,20,5.41%,8.26%,2025-09-04,https://www.instagram.com/p/DOLM485gIfo/,⚪ Standard Organic: Baseline organic collab reach,Coffee is all about bringing people together and that’s exactly what we did in Ahmedabad! ☕
2291,Tier 4: Toggle OFF + Organic (Noise),Pai International,Karnataka & Telangana (HQ: Bengaluru),@rajkumar_pai,335,4514,244,7,5.41%,74.93%,2026-05-12,https://www.instagram.com/p/DYPbbxfS5zC/,⚪ Standard Organic: Baseline organic collab reach,"From vision to values, from people to purpose your journey continues to inspire generations. ✨"
2292,Tier 4: Toggle OFF + Organic (Noise),Sathya,Tamil Nadu (HQ: Tuticorin / Chennai),@yokeshwaran_official3732,17429,4495,243,4,5.41%,1.42%,2025-03-29,https://www.instagram.com/p/DHxfpJXyu-V/,⚪ Standard Organic: Baseline organic collab reach,Sathya Year end Sale
2293,Tier 4: Toggle OFF + Organic (Noise),Sathya,Tamil Nadu (HQ: Tuticorin / Chennai),@pradeep_talks,106343,4458,241,19,5.41%,0.25%,2025-03-12,https://www.instagram.com/p/DHGhNg0SZrG/,⚪ Standard Organic: Baseline organic collab reach,Sathya FULL MOON LED TV SUPER SALE - Live on 14th March 2025 -Morning 9 AM To Midnight 12 AM- One Day Only -
2294,Tier 4: Toggle OFF + Organic (Noise),Bajaj Electronics,Telangana & Andhra Pradesh (HQ: Hyderabad),@aerramtechtelugu,75316,3885,210,50,5.41%,0.35%,2026-06-10,https://www.instagram.com/p/DZZ6MIGpwoQ/,⚪ Standard Organic: Baseline organic collab reach,Apple Days are back at Bajaj Electronics!
2295,Tier 4: Toggle OFF + Organic (Noise),Sathya,Tamil Nadu (HQ: Tuticorin / Chennai),@namakkal360,65520,3848,208,15,5.41%,0.34%,2025-05-26,https://www.instagram.com/p/DKG4awupCS-/,⚪ Standard Organic: Baseline organic collab reach,@sathya.retail Sathya super sale is happening from May 28 - 31
2296,Tier 4: Toggle OFF + Organic (Noise),Bajaj Electronics,Telangana & Andhra Pradesh (HQ: Hyderabad),@rubabsyed.official,50253,3811,206,16,5.41%,0.44%,2026-03-19,https://www.instagram.com/p/DWEg6TrEbv-/,⚪ Standard Organic: Baseline organic collab reach,"This Ramzan, I chose health over hassle ✨"
2297,Tier 4: Toggle OFF + Organic (Noise),Sathya,Tamil Nadu (HQ: Tuticorin / Chennai),@sivanandhinii_,85284,3755,203,15,5.41%,0.26%,2025-03-12,https://www.instagram.com/p/DHF4V8_vEDY/,⚪ Standard Organic: Baseline organic collab reach,Sathya FULL MOON LED TV SUPER SALE - Live on 14th March 2025 -Morning 9 AM To Midnight 12 AM- One Day Only -
2298,Tier 4: Toggle OFF + Organic (Noise),Sathya,Tamil Nadu (HQ: Tuticorin / Chennai),@kikisbhuvaacravings,410760,3718,201,4,5.41%,0.05%,2025-02-21,https://www.instagram.com/p/DGU8tJkTDSE/,⚪ Standard Organic: Baseline organic collab reach,A Cool Summer for Your Family! ❄️👨‍👩‍👧‍👦
2299,Tier 4: Toggle OFF + Organic (Noise),Aditya Vision,"Bihar, Jharkhand & UP (HQ: Patna)",@biharihaii,12750,3663,198,2,5.41%,1.57%,2025-01-05,https://www.instagram.com/p/DEcCGD_zED6/,⚪ Standard Organic: Baseline organic collab reach,Congratulations to Our Lucky Draw
2300,Tier 4: Toggle OFF + Organic (Noise),Sathya,Tamil Nadu (HQ: Tuticorin / Chennai),@geetha_krishnamurty,18510,3626,196,14,5.41%,1.14%,2025-03-28,https://www.instagram.com/p/DHvmJziyS5y/,⚪ Standard Organic: Baseline organic collab reach,Sathya Year end Sale
2301,Tier 4: Toggle OFF + Organic (Noise),Croma,"Pan-India / Maharashtra (HQ: Mumbai, Tata Group)",@amn.agrwl,130890,3552,192,103,5.41%,0.23%,2025-10-16,https://www.instagram.com/p/DP3sRL5kx6A/,⚪ Standard Organic: Baseline organic collab reach,"Some stories aren’t written, they’re noticed. In reflections, in shadows, in the quiet dance of light."
2302,Tier 4: Toggle OFF + Organic (Noise),Aditya Vision,"Bihar, Jharkhand & UP (HQ: Patna)",@m_a_pandagirl,11714,3478,188,24,5.41%,1.82%,2026-08-04,https://www.instagram.com/p/DbnjlL3N9G0/,⚪ Standard Organic: Baseline organic collab reach,"Meet the Samsung Galaxy Z Fold8, made for bigger screens, smarter multitasking, Galaxy AI and next-level performance."
2303,Tier 4: Toggle OFF + Organic (Noise),Aditya Vision,"Bihar, Jharkhand & UP (HQ: Patna)",@m_a_pandagirl,11714,3478,188,24,5.41%,1.82%,2026-06-07,https://www.instagram.com/p/DZSKKgStXQ4/,⚪ Standard Organic: Baseline organic collab reach,Beat the heat with the powerful Havells Lloyd AC Range at Aditya Vision ❄️
2304,Tier 4: Toggle OFF + Organic (Noise),Croma,"Pan-India / Maharashtra (HQ: Mumbai, Tata Group)",@simran.poptanii,37363,3422,185,13,5.41%,0.53%,2025-06-27,https://www.instagram.com/p/DLZ6XWrySTE/,⚪ Standard Organic: Baseline organic collab reach,You guys know how much I struggle with frizz and flat hair especially with this weather 😩
2305,Tier 4: Toggle OFF + Organic (Noise),Bajaj Electronics,Telangana & Andhra Pradesh (HQ: Hyderabad),@dilse_hyderabadii,58039,3348,181,11,5.41%,0.33%,2026-08-03,https://www.instagram.com/p/Dbk37CrpI2N/,⚪ Standard Organic: Baseline organic collab reach,"Trying to find the best laptop for college? Here’s my top choice – the HP OmniBook 5, your perfect college ally."
2306,Tier 4: Toggle OFF + Organic (Noise),Bajaj Electronics,Telangana & Andhra Pradesh (HQ: Hyderabad),@gulshan_zehraa,130215,3145,170,62,5.41%,0.18%,2026-05-15,https://www.instagram.com/p/DYXCiVXAKor/,⚪ Standard Organic: Baseline organic collab reach,The vivo X300 Ultra is made for creators
2307,Tier 4: Toggle OFF + Organic (Noise),Sathya,Tamil Nadu (HQ: Tuticorin / Chennai),@dolly_mermaid,31121,3071,166,6,5.41%,0.55%,2025-05-25,https://www.instagram.com/p/DKFWzbYPAsQ/,⚪ Standard Organic: Baseline organic collab reach,@sathya.retail Sathya super sale is happening from May 28 - 31
2308,Tier 4: Toggle OFF + Organic (Noise),Croma,"Pan-India / Maharashtra (HQ: Mumbai, Tata Group)",@mihirjoshimusic,124016,2960,160,24,5.41%,0.15%,2026-08-19,https://www.instagram.com/p/DcOQpGERZgy/,⚪ Standard Organic: Baseline organic collab reach,I have always loved shopping at Croma. Not only do they have the best deals and products but also genuinely knowledgeable staff that helps you take de
2309,Tier 4: Toggle OFF + Organic (Noise),Pai International,Karnataka & Telangana (HQ: Bengaluru),@redfmbengaluru,17194,2923,158,10,5.41%,0.98%,2025-12-24,https://www.instagram.com/p/DSpgtIukyFw/,⚪ Standard Organic: Baseline organic collab reach,"All Android lovers, this one’s for you"
2310,Tier 4: Toggle OFF + Organic (Noise),Aditya Vision,"Bihar, Jharkhand & UP (HQ: Patna)",@navdeeppandey970,69,2627,142,0,5.41%,205.80%,2025-01-06,https://www.instagram.com/p/DEeeUjcAt5P/,⚪ Standard Organic: Baseline organic collab reach,Winners of bike in Aditya Vision Buy & Win 2024
2311,Tier 4: Toggle OFF + Organic (Noise),Sathya,Tamil Nadu (HQ: Tuticorin / Chennai),@naughty_gentle_man____,14377,2516,136,2,5.41%,0.97%,2025-03-28,https://www.instagram.com/p/DHv20u8Tr7K/,⚪ Standard Organic: Baseline organic collab reach,Sathya Year end Sale
2312,Tier 4: Toggle OFF + Organic (Noise),Pai International,Karnataka & Telangana (HQ: Bengaluru),@hey.ranjnii,123084,2423,131,24,5.41%,0.13%,2025-01-08,https://www.instagram.com/p/DEjbJtSyoi8/,⚪ Standard Organic: Baseline organic collab reach,Unboxing the Redmi Note Pro +📱
2313,Tier 4: Toggle OFF + Organic (Noise),Croma,"Pan-India / Maharashtra (HQ: Mumbai, Tata Group)",@vikasmarwah.official,28040,2127,115,19,5.41%,0.48%,2025-09-29,https://www.instagram.com/p/DPLrrdQCYWx/,⚪ Standard Organic: Baseline organic collab reach,Who says salon glam needs only salon chairs? 💁‍♀️
2314,Tier 4: Toggle OFF + Organic (Noise),Sathya,Tamil Nadu (HQ: Tuticorin / Chennai),@bindusathyan_official,142596,2127,115,19,5.41%,0.09%,2026-08-14,https://www.instagram.com/p/DcAntcMBLvx/,⚪ Standard Organic: Baseline organic collab reach,Indha Independence Day-ku Sathya kondu varum ultimate Independence Day Sale! 🇮🇳✨
2315,Tier 4: Toggle OFF + Organic (Noise),Bajaj Electronics,Telangana & Andhra Pradesh (HQ: Hyderabad),@audioandbeyond,6047,1258,68,2,5.41%,1.17%,2025-08-12,https://www.instagram.com/p/DNQDpwez3hX/,⚪ Standard Organic: Baseline organic collab reach,Home Theatre Update – Almost Showtime! 🎬🎶
2316,Tier 4: Toggle OFF + Organic (Noise),Vijay Sales,Maharashtra / Pan-India (HQ: Mumbai),@sonali.krishna,1329,1202,65,3,5.41%,5.19%,2025-08-02,https://www.instagram.com/p/DM1-i9eorJ8/,⚪ Standard Organic: Baseline organic collab reach,"Are modern appliances built to fail to enable faster upgrades? Well, we put an end to that discussion this weekend with @vijaysalesofficial & also dis"
2317,Tier 4: Toggle OFF + Organic (Noise),Sathya,Tamil Nadu (HQ: Tuticorin / Chennai),@_sathya_prapancham,24572,1184,64,0,5.41%,0.26%,2026-03-19,https://www.instagram.com/p/DWDNtBnk-8C/,⚪ Standard Organic: Baseline organic collab reach,"Then to now. Classic to smart 🔥 Everything you need, every generation — Sathya 💯"
2318,Tier 4: Toggle OFF + Organic (Noise),Bajaj Electronics,Telangana & Andhra Pradesh (HQ: Hyderabad),@galloacoustics,9276,629,34,0,5.41%,0.37%,2025-05-09,https://www.instagram.com/p/DJbUbHyt4Yg/,⚪ Standard Organic: Baseline organic collab reach,@exposmarthome - Day 2 🇮🇳
2319,Tier 4: Toggle OFF + Organic (Noise),Bajaj Electronics,Telangana & Andhra Pradesh (HQ: Hyderabad),@galloacoustics,9276,629,34,0,5.41%,0.37%,2025-05-08,https://www.instagram.com/p/DJYrIcat_dv/,⚪ Standard Organic: Baseline organic collab reach,MUMBAI - Day 1 🇮🇳
2320,Tier 4: Toggle OFF + Organic (Noise),Aditya Vision,"Bihar, Jharkhand & UP (HQ: Patna)",@tapcoedotcom,649,629,34,1,5.41%,5.42%,2025-01-04,https://www.instagram.com/p/DEaEbPNz_3l/,⚪ Standard Organic: Baseline organic collab reach,Contest Alert!📢
2321,Tier 4: Toggle OFF + Organic (Noise),Electronics Mart,Telangana & Andhra Pradesh (HQ: Hyderabad),@exposmarthome,33303,444,24,0,5.41%,0.07%,2025-05-09,https://www.instagram.com/p/DJbqeHkSEhO/,⚪ Standard Organic: Baseline organic collab reach,Look who just visited Smart Home Expo — the one and only Sussanne Khan! We’re delighted to have her at the show and extend our thanks to Electronics M
2322,Tier 4: Toggle OFF + Organic (Noise),Electronics Mart,Telangana & Andhra Pradesh (HQ: Hyderabad),@exposmarthome,33303,444,24,0,5.41%,0.07%,2025-05-09,https://www.instagram.com/p/DJbQRB7hWqc/,⚪ Standard Organic: Baseline organic collab reach,@electronicsmart_india at Smart Home Expo 2025: A Sneak Peek
2323,Tier 4: Toggle OFF + Organic (Noise),Bajaj Electronics,Telangana & Andhra Pradesh (HQ: Hyderabad),@exposmarthome,33303,444,24,0,5.41%,0.07%,2025-05-09,https://www.instagram.com/p/DJbQRB7hWqc/,⚪ Standard Organic: Baseline organic collab reach,@electronicsmart_india at Smart Home Expo 2025: A Sneak Peek
2324,Tier 4: Toggle OFF + Organic (Noise),Bajaj Electronics,Telangana & Andhra Pradesh (HQ: Hyderabad),@exposmarthome,33303,444,24,0,5.41%,0.07%,2025-04-30,https://www.instagram.com/p/DJEocjoBx3C/,⚪ Standard Organic: Baseline organic collab reach,"Here’s what Colin Urie, Chief Commercial Officer of Gallo Acoustics, had to say ahead of Smart Home Expo 2025."
2325,Tier 4: Toggle OFF + Organic (Noise),Great Eastern,West Bengal & East India (HQ: Kolkata),@thefoodseeker_jude,11546,444,24,8,5.41%,0.29%,2025-05-14,https://www.instagram.com/p/DJpU_c7TmwY/,⚪ Standard Organic: Baseline organic collab reach,"An awesome experience of watching KKR vs CSK at Eden Gardens recently, all thanks to @greateasternretail @fever104fm_kolkata @feverfmofficial for ever"
2326,Tier 4: Toggle OFF + Organic (Noise),Aditya Vision,"Bihar, Jharkhand & UP (HQ: Patna)",@creation_of_pawan,495,333,18,1,5.41%,4.12%,2025-01-28,https://www.instagram.com/p/DFXFBL9teVX/,⚪ Standard Organic: Baseline organic collab reach,@aditya_vision one of the best store available in your city.
2327,Tier 4: Toggle OFF + Organic (Noise),Aditya Vision,"Bihar, Jharkhand & UP (HQ: Patna)",@sendiagnostics,349,111,6,0,5.41%,1.91%,2025-09-13,https://www.instagram.com/p/DOipKprEkrn/,⚪ Standard Organic: Baseline organic collab reach,✨ सेन-ए-थॉन 2025 | तैयार हो जाइए! ✨
2328,Tier 4: Toggle OFF + Organic (Noise),Bajaj Electronics,Telangana & Andhra Pradesh (HQ: Hyderabad),@flashgardofficial,20360,92,5,0,5.43%,0.03%,2025-05-26,https://www.instagram.com/p/DKHgIkEywwb/,⚪ Standard Organic: Baseline organic collab reach,Tempered glass is outdated. It’s 2025 — time for an upgrade.
2329,Tier 4: Toggle OFF + Organic (Noise),Bajaj Electronics,Telangana & Andhra Pradesh (HQ: Hyderabad),@flashgardofficial,20360,92,5,0,5.43%,0.03%,2025-02-06,https://www.instagram.com/p/DFu28KDtURX/,⚪ Standard Organic: Baseline organic collab reach,🔥 Become the Legend You Admire—Through Your Phone! 🔥
2330,Tier 4: Toggle OFF + Organic (Noise),Reliance Digital,"Pan-India / Maharashtra (HQ: Mumbai, Reliance Retail)",@thevanquishment,667593,55,3,958,5.45%,0.14%,2026-01-17,https://www.instagram.com/p/DTnozg5E0bK/,⚪ Standard Organic: Baseline organic collab reach,Why wait? #TechTheLead and turn your passion into possibilities
2331,Tier 4: Toggle OFF + Organic (Noise),Reliance Digital,"Pan-India / Maharashtra (HQ: Mumbai, Reliance Retail)",@thevanquishment,667593,55,3,958,5.45%,0.14%,2025-04-06,https://www.instagram.com/p/DIG1myeoNnK/,⚪ Standard Organic: Baseline organic collab reach,We all have that BUA who thinks she is the BEST. But this time WE are even better !
2332,Tier 4: Toggle OFF + Organic (Noise),Bajaj Electronics,Telangana & Andhra Pradesh (HQ: Hyderabad),@deepikasandy.official,133850,55,3,14,5.45%,0.01%,2026-08-10,https://www.instagram.com/p/Db2sbD5Jujd/,⚪ Standard Organic: Baseline organic collab reach,🍎 Apple Days are LIVE at Bajaj Electronics! ✨
2333,Tier 4: Toggle OFF + Organic (Noise),Bajaj Electronics,Telangana & Andhra Pradesh (HQ: Hyderabad),@deepikasandy.official,133850,55,3,14,5.45%,0.01%,2026-04-30,https://www.instagram.com/p/DXw0GhQpjAj/,⚪ Standard Organic: Baseline organic collab reach,🔥 Apple Days are LIVE at Everyone’s Favorite Bajaj Electronics!!
2334,Tier 4: Toggle OFF + Organic (Noise),Bajaj Electronics,Telangana & Andhra Pradesh (HQ: Hyderabad),@ihebahp,1773772,55,3,144,5.45%,0.01%,2025-10-10,https://www.instagram.com/p/DPnPKxsD2la/,⚪ Standard Organic: Baseline organic collab reach,"I had the joy of being part of the much-awaited Bajaj Electronics Dussehra Lucky Draw on 8th October at Nexus Hyderabad Mall, Kukatpally - and picking"
2335,Tier 4: Toggle OFF + Organic (Noise),Bajaj Electronics,Telangana & Andhra Pradesh (HQ: Hyderabad),@malvimalhotra,975502,55,3,227,5.45%,0.02%,2025-08-31,https://www.instagram.com/p/DOBZX1WEUx0/,⚪ Standard Organic: Baseline organic collab reach,Sleek. Smart. Powerful.
2336,Tier 4: Toggle OFF + Organic (Noise),Bajaj Electronics,Telangana & Andhra Pradesh (HQ: Hyderabad),@ihebahp,1773772,55,3,144,5.45%,0.01%,2025-05-03,https://www.instagram.com/p/DJMTmWAPssN/,⚪ Standard Organic: Baseline organic collab reach,Beat the summer heat with Bajaj Electronics!
2337,Tier 4: Toggle OFF + Organic (Noise),Bajaj Electronics,Telangana & Andhra Pradesh (HQ: Hyderabad),@itz_raadha,409355,55,3,53,5.45%,0.01%,2025-01-12,https://www.instagram.com/p/DEuwVUdyNJB/,⚪ Standard Organic: Baseline organic collab reach,Budget phone on your mind?
2338,Tier 4: Toggle OFF + Organic (Noise),Sathya,Tamil Nadu (HQ: Tuticorin / Chennai),@krishnagiri_talks,117462,55,3,7,5.45%,0.01%,2026-06-27,https://www.instagram.com/p/DaF3V-apdyp/,⚪ Standard Organic: Baseline organic collab reach,The Wait Is Over! @sathya.retail  Full Moon Sale Is Here
2339,Tier 4: Toggle OFF + Organic (Noise),Sathya,Tamil Nadu (HQ: Tuticorin / Chennai),@uff_dhanu_,24529,55,3,15,5.45%,0.08%,2025-05-26,https://www.instagram.com/p/DKGsozkS-2H/,⚪ Standard Organic: Baseline organic collab reach,Sathya super sale is happening from May 28 - 31
2340,Tier 4: Toggle OFF + Organic (Noise),Sathya,Tamil Nadu (HQ: Tuticorin / Chennai),@choreographer__joe,14424,55,3,2,5.45%,0.04%,2025-05-25,https://www.instagram.com/p/DKFIejcv-uD/,⚪ Standard Organic: Baseline organic collab reach,@sathya.retail Sathya super sale is happening from May 28 - 31
2341,Tier 4: Toggle OFF + Organic (Noise),Sathya,Tamil Nadu (HQ: Tuticorin / Chennai),@_rojaofficial_,54258,55,3,51,5.45%,0.10%,2025-05-25,https://www.instagram.com/p/DKE_fY-ye7K/,⚪ Standard Organic: Baseline organic collab reach,@sathya.retail Sathya super sale is happening from May 28 - 31
2342,Tier 4: Toggle OFF + Organic (Noise),Sathya,Tamil Nadu (HQ: Tuticorin / Chennai),@choreographer__joe,14424,55,3,2,5.45%,0.04%,2025-03-26,https://www.instagram.com/p/DHqjCTsPHrH/,⚪ Standard Organic: Baseline organic collab reach,Mega Year end Sale at @sathya.retail!
2343,Tier 4: Toggle OFF + Organic (Noise),Croma,"Pan-India / Maharashtra (HQ: Mumbai, Tata Group)",@tatacompanies,0,0,0,0,0.00%,0.00%,2025-11-21,https://www.instagram.com/p/DRTlYIiiNBA/,⚪ Standard Organic: Baseline organic collab reach,Get your magnifying glasses out; it’s time to spot the items that take your TV viewing experience to the next level! Answer in the comments below and 
2344,Tier 4: Toggle OFF + Organic (Noise),Croma,"Pan-India / Maharashtra (HQ: Mumbai, Tata Group)",@goproindia,0,0,0,0,0.00%,0.00%,2025-11-11,https://www.instagram.com/p/DQ6pSI-km4c/,⚪ Standard Organic: Baseline organic collab reach,Get your hands on the new True 8K 360 GoPro MAX2 at a Croma store near you! 📣
2345,Tier 4: Toggle OFF + Organic (Noise),Croma,"Pan-India / Maharashtra (HQ: Mumbai, Tata Group)",@unboxedbycroma,0,0,0,0,0.00%,0.00%,2025-11-01,https://www.instagram.com/p/DQgH2v5kqU9/,⚪ Standard Organic: Baseline organic collab reach,Croma Staff Recommends their favourite audio products across budget 🎧🔊✨
2346,Tier 4: Toggle OFF + Organic (Noise),Croma,"Pan-India / Maharashtra (HQ: Mumbai, Tata Group)",@en.croma,0,0,0,0,0.00%,0.00%,2025-09-13,https://www.instagram.com/p/DOiuhLnjP81/,⚪ Standard Organic: Baseline organic collab reach,Quiz alert! ⚡ Ready for the challenge? 😎
2347,Tier 4: Toggle OFF + Organic (Noise),Croma,"Pan-India / Maharashtra (HQ: Mumbai, Tata Group)",@unboxedbycroma,0,0,0,0,0.00%,0.00%,2025-08-20,https://www.instagram.com/p/DNk1Kums1RM/,⚪ Standard Organic: Baseline organic collab reach,Croma Staff Recommends their favourite appliances to kit out your home 🔥
2348,Tier 4: Toggle OFF + Organic (Noise),Croma,"Pan-India / Maharashtra (HQ: Mumbai, Tata Group)",@en.croma,0,0,0,0,0.00%,0.00%,2025-08-20,https://www.instagram.com/p/DNkXgETME_j/,⚪ Standard Organic: Baseline organic collab reach,Our Croma champs took the #WhatsInTheBox challenge 👀🎁
2349,Tier 4: Toggle OFF + Organic (Noise),Croma,"Pan-India / Maharashtra (HQ: Mumbai, Tata Group)",@unboxedbycroma,0,0,0,0,0.00%,0.00%,2025-08-14,https://www.instagram.com/p/DNUxjk1yUB4/,⚪ Standard Organic: Baseline organic collab reach,Introducing the Croma 2.1 120W Wired Soundbar! Watch till the end for a sound test.
2350,Tier 4: Toggle OFF + Organic (Noise),Croma,"Pan-India / Maharashtra (HQ: Mumbai, Tata Group)",@unboxedbycroma,0,0,0,0,0.00%,0.00%,2025-08-07,https://www.instagram.com/p/DNC2HCqMFfb/,⚪ Standard Organic: Baseline organic collab reach,"Top 5 gifts for your sibling under Rs 5,000 for Rakshabandhan!"
2351,Tier 4: Toggle OFF + Organic (Noise),Croma,"Pan-India / Maharashtra (HQ: Mumbai, Tata Group)",@unboxedbycroma,0,0,0,0,0.00%,0.00%,2025-03-03,https://www.instagram.com/p/DGv2a-kyTxX/,⚪ Standard Organic: Baseline organic collab reach,"Day 1 was nothing short of phenomenal! Concept phones, AI PCs, futuristic robots, and so much more! Here’s a quick recap. See you all on Day 2 👋 #Crom"
2352,Tier 4: Toggle OFF + Organic (Noise),Croma,"Pan-India / Maharashtra (HQ: Mumbai, Tata Group)",@unboxedbycroma,0,0,0,0,0.00%,0.00%,2025-02-21,https://www.instagram.com/p/DGVbzokofMq/,⚪ Standard Organic: Baseline organic collab reach,MWC (Mobile World Congress) 2025 - the world’s largest and most influential connectivity event - is right around the corner! And we are all set to bri
2353,Tier 4: Toggle OFF + Organic (Noise),Croma,"Pan-India / Maharashtra (HQ: Mumbai, Tata Group)",@unboxedbycroma,0,0,0,0,0.00%,0.00%,2025-01-23,https://www.instagram.com/p/DFJkeitSDkY/,⚪ Standard Organic: Baseline organic collab reach,The new Galaxy S25 series is here📱
2354,Tier 4: Toggle OFF + Organic (Noise),Vijay Sales,Maharashtra / Pan-India (HQ: Mumbai),@philipshomelivingindia,0,0,0,0,0.00%,0.00%,2026-07-01,https://www.instagram.com/p/DaQF57KsK70/,⚪ Standard Organic: Baseline organic collab reach,"Which Biryani rules India? The finale is here, come crown your favourite biryani with @vijaysalesofficial and Philips OneChef."
2355,Tier 4: Toggle OFF + Organic (Noise),Vijay Sales,Maharashtra / Pan-India (HQ: Mumbai),@philipshomelivingindia,0,0,0,0,0.00%,0.00%,2026-05-11,https://www.instagram.com/p/DYMmPizs4fK/,⚪ Standard Organic: Baseline organic collab reach,“I take responsibility of…”
2356,Tier 4: Toggle OFF + Organic (Noise),Vijay Sales,Maharashtra / Pan-India (HQ: Mumbai),@cashify,0,0,0,0,0.00%,0.00%,2026-05-08,https://www.instagram.com/p/DYEVud0DpYa/,⚪ Standard Organic: Baseline organic collab reach,Use Cashify’s Trade-In Offer at Vijay Sales to sell your old phone and unlock rewards on your next upgrade. 📱
2357,Tier 4: Toggle OFF + Organic (Noise),Vijay Sales,Maharashtra / Pan-India (HQ: Mumbai),@oppopuneofficial,0,0,0,0,0.00%,0.00%,2025-11-20,https://www.instagram.com/p/DRRRGfRCctq/,⚪ Standard Organic: Baseline organic collab reach,“Pro-grade camera. Flagship performance. Discover the Find X9 Series.”
2358,Tier 4: Toggle OFF + Organic (Noise),Vijay Sales,Maharashtra / Pan-India (HQ: Mumbai),@sonylivindia,0,0,0,0,0.00%,0.00%,2025-10-25,https://www.instagram.com/p/DQOwf30EWjM/,⚪ Standard Organic: Baseline organic collab reach,"Gadgets, gizmos, and the Palm sisters’ smiles, all found at Vijay Sales!"
2359,Tier 4: Toggle OFF + Organic (Noise),Vijay Sales,Maharashtra / Pan-India (HQ: Mumbai),@casiomusic_in,0,0,0,0,0.00%,0.00%,2025-08-12,https://www.instagram.com/p/DNP6rcUPK5P/,⚪ Standard Organic: Baseline organic collab reach,🎹 Casio Keyboards now at Vijay Sales – Mumbai & Pune!
2360,Tier 4: Toggle OFF + Organic (Noise),Vijay Sales,Maharashtra / Pan-India (HQ: Mumbai),@philipsindia,0,0,0,0,0.00%,0.00%,2025-06-24,https://www.instagram.com/p/DLSPsYnvc1P/,⚪ Standard Organic: Baseline organic collab reach,"Haircare just got a huge upgrade with Philips Hydrating Hair Dryer. Time to dry your hair, not dehydrate. 😍✨"
2361,Tier 4: Toggle OFF + Organic (Noise),Reliance Digital,"Pan-India / Maharashtra (HQ: Mumbai, Reliance Retail)",@oppoindia,0,0,0,0,0.00%,0.00%,2026-05-20,https://www.instagram.com/p/DYjFEldvl3d/,⚪ Standard Organic: Baseline organic collab reach,See you where the stories happen.
2362,Tier 4: Toggle OFF + Organic (Noise),Reliance Digital,"Pan-India / Maharashtra (HQ: Mumbai, Reliance Retail)",@exhibitmagazine,0,0,0,0,0.00%,0.00%,2026-01-11,https://www.instagram.com/p/DTXD2srDNUI/,⚪ Standard Organic: Baseline organic collab reach,CES never stops amazing. Neither do we.
2363,Tier 4: Toggle OFF + Organic (Noise),Reliance Digital,"Pan-India / Maharashtra (HQ: Mumbai, Reliance Retail)",@exhibitmagazine,0,0,0,0,0.00%,0.00%,2026-01-05,https://www.instagram.com/p/DTHNFuSDtti/,⚪ Standard Organic: Baseline organic collab reach,"From practical AI innovations to next-gen consumer technology that's shaping 2026, CES is calling, and we’re ready to answer."
2364,Tier 4: Toggle OFF + Organic (Noise),Electronics Mart,Telangana & Andhra Pradesh (HQ: Hyderabad),@feverfmofficial,0,0,0,0,0.00%,0.00%,2026-01-24,https://www.instagram.com/p/DT5iR7gDN3z/,⚪ Standard Organic: Baseline organic collab reach,"@rahulmakin1 dropped by the flagship Electronics Mart store at Golf Course Road, Gurugram, for a tour of premium electronics products — from super-lar"
2365,Tier 4: Toggle OFF + Organic (Noise),Electronics Mart,Telangana & Andhra Pradesh (HQ: Hyderabad),@beebomco,0,0,0,0,0.00%,0.00%,2025-09-27,https://www.instagram.com/p/DPGoCk1EqbF/,⚪ Standard Organic: Baseline organic collab reach,"We just visited the most luxurious Electronics Mart in India, in Golf Course Road, Gurugram. The Store has almost every electronics gadget or applianc"
2366,Tier 4: Toggle OFF + Organic (Noise),Electronics Mart,Telangana & Andhra Pradesh (HQ: Hyderabad),@bajajelectronicsindia,0,0,0,0,0.00%,0.00%,2025-04-14,https://www.instagram.com/p/DIaX1ZDhVYc/,⚪ Standard Organic: Baseline organic collab reach,Make your summer chill like never before with Electronics Mart!
2367,Tier 4: Toggle OFF + Organic (Noise),Electronics Mart,Telangana & Andhra Pradesh (HQ: Hyderabad),@bajajelectronicsindia,0,0,0,0,0.00%,0.00%,2025-04-05,https://www.instagram.com/p/DIEu4TShY0W/,⚪ Standard Organic: Baseline organic collab reach,Beat the Dilli heat with the coolest deals in town!
2368,Tier 4: Toggle OFF + Organic (Noise),Electronics Mart,Telangana & Andhra Pradesh (HQ: Hyderabad),@bajajelectronicsindia,0,0,0,0,0.00%,0.00%,2024-12-31,https://www.instagram.com/p/DEPjcBvSxOe/,⚪ Standard Organic: Baseline organic collab reach,"Thank you, 2024!"
2369,Tier 4: Toggle OFF + Organic (Noise),Bajaj Electronics,Telangana & Andhra Pradesh (HQ: Hyderabad),@mycity_kurnool,0,0,0,0,0.00%,0.00%,2026-06-09,https://www.instagram.com/p/DZXICtiT1ci/,⚪ Standard Organic: Baseline organic collab reach,"Apple Days are back at Bajaj Electronics, Kurnool"
2370,Tier 4: Toggle OFF + Organic (Noise),Bajaj Electronics,Telangana & Andhra Pradesh (HQ: Hyderabad),@mycity_kurnool,0,0,0,0,0.00%,0.00%,2026-01-12,https://www.instagram.com/p/DTarQSJE3fy/,⚪ Standard Organic: Baseline organic collab reach,"This Sankranti, celebrate with Bajaj Electronics."
2371,Tier 4: Toggle OFF + Organic (Noise),Bajaj Electronics,Telangana & Andhra Pradesh (HQ: Hyderabad),@electronicsmart_india,0,0,0,0,0.00%,0.00%,2025-12-24,https://www.instagram.com/p/DSpnXriEtvZ/,⚪ Standard Organic: Baseline organic collab reach,"Budh Vihar & Faridabad, your neighborhood is about to level up. Something big is coming soon, stay tuned!"
2372,Tier 4: Toggle OFF + Organic (Noise),Bajaj Electronics,Telangana & Andhra Pradesh (HQ: Hyderabad),@electronicsmart_india,0,0,0,0,0.00%,0.00%,2025-09-28,https://www.instagram.com/p/DPJqURbElC5/,⚪ Standard Organic: Baseline organic collab reach,"Gurugram, the wait is over. On Golf Course Road now stands a gateway to tomorrow — Electronics Mart."
2373,Tier 4: Toggle OFF + Organic (Noise),Bajaj Electronics,Telangana & Andhra Pradesh (HQ: Hyderabad),@beebomco,0,0,0,0,0.00%,0.00%,2025-09-27,https://www.instagram.com/p/DPGoCk1EqbF/,⚪ Standard Organic: Baseline organic collab reach,"We just visited the most luxurious Electronics Mart in India, in Golf Course Road, Gurugram. The Store has almost every electronics gadget or applianc"
2374,Tier 4: Toggle OFF + Organic (Noise),Bajaj Electronics,Telangana & Andhra Pradesh (HQ: Hyderabad),@electronicsmart_india,0,0,0,0,0.00%,0.00%,2025-09-26,https://www.instagram.com/p/DPEoWoJEhPA/,⚪ Standard Organic: Baseline organic collab reach,Gates to the future are now open!
2375,Tier 4: Toggle OFF + Organic (Noise),Bajaj Electronics,Telangana & Andhra Pradesh (HQ: Hyderabad),@electronicsmart_india,0,0,0,0,0.00%,0.00%,2025-09-26,https://www.instagram.com/p/DPDhDgWEvzQ/,⚪ Standard Organic: Baseline organic collab reach,"Golf Course Road, your new tech haven is here!"
2376,Tier 4: Toggle OFF + Organic (Noise),Bajaj Electronics,Telangana & Andhra Pradesh (HQ: Hyderabad),@electronicsmart_india,0,0,0,0,0.00%,0.00%,2025-09-25,https://www.instagram.com/p/DPBpNOLkuMR/,⚪ Standard Organic: Baseline organic collab reach,The future isn’t coming… it’s ARRIVING!
2377,Tier 4: Toggle OFF + Organic (Noise),Bajaj Electronics,Telangana & Andhra Pradesh (HQ: Hyderabad),@electronicsmart_india,0,0,0,0,0.00%,0.00%,2025-09-24,https://www.instagram.com/p/DO_NSVXEqgG/,⚪ Standard Organic: Baseline organic collab reach,"Get ready, your city is about to experience the next big thing in electronics."
2378,Tier 4: Toggle OFF + Organic (Noise),Bajaj Electronics,Telangana & Andhra Pradesh (HQ: Hyderabad),@electronicsmart_india,0,0,0,0,0.00%,0.00%,2025-09-23,https://www.instagram.com/p/DO8u1gXEqdz/,⚪ Standard Organic: Baseline organic collab reach,Big things are loading… Can you guess our next stop?
2379,Tier 4: Toggle OFF + Organic (Noise),Bajaj Electronics,Telangana & Andhra Pradesh (HQ: Hyderabad),@electronicsmart_india,0,0,0,0,0.00%,0.00%,2025-09-22,https://www.instagram.com/p/DO6A25oklP0/,⚪ Standard Organic: Baseline organic collab reach,Get ready to make this festive season truly unforgettable with Electronics Mart! Shop at your nearest store and stand a chance to win ₹1 Crore cashpri
2380,Tier 4: Toggle OFF + Organic (Noise),Bajaj Electronics,Telangana & Andhra Pradesh (HQ: Hyderabad),@electronicsmart_india,0,0,0,0,0.00%,0.00%,2025-08-12,https://www.instagram.com/p/DNPtztpSTZe/,⚪ Standard Organic: Baseline organic collab reach,"Kailash Colony, your tech paradise has arrived! Here's the grand launch glimpse!!!"
2381,Tier 4: Toggle OFF + Organic (Noise),Bajaj Electronics,Telangana & Andhra Pradesh (HQ: Hyderabad),@electronicsmart_india,0,0,0,0,0.00%,0.00%,2025-08-11,https://www.instagram.com/p/DNNn4Qwy9g5/,⚪ Standard Organic: Baseline organic collab reach,Electronics Mart now open at Kailash Colony.
2382,Tier 4: Toggle OFF + Organic (Noise),Bajaj Electronics,Telangana & Andhra Pradesh (HQ: Hyderabad),@electronicsmart_india,0,0,0,0,0.00%,0.00%,2025-08-09,https://www.instagram.com/p/DNI1tqCS_St/,⚪ Standard Organic: Baseline organic collab reach,Electronics Mart is now open at Kailash Colony!
2383,Tier 4: Toggle OFF + Organic (Noise),Bajaj Electronics,Telangana & Andhra Pradesh (HQ: Hyderabad),@electronicsmart_india,0,0,0,0,0.00%,0.00%,2025-08-08,https://www.instagram.com/p/DNGX5CQtPA9/,⚪ Standard Organic: Baseline organic collab reach,Something legendary is tuning up at Kailash Colony.
2384,Tier 4: Toggle OFF + Organic (Noise),Bajaj Electronics,Telangana & Andhra Pradesh (HQ: Hyderabad),@electronicsmart_india,0,0,0,0,0.00%,0.00%,2025-08-07,https://www.instagram.com/p/DNDndpQtWE-/,⚪ Standard Organic: Baseline organic collab reach,"Kailash Colony, we’ve got a surprise for you!"
2385,Tier 4: Toggle OFF + Organic (Noise),Bajaj Electronics,Telangana & Andhra Pradesh (HQ: Hyderabad),@electronicsmart_india,0,0,0,0,0.00%,0.00%,2025-08-06,https://www.instagram.com/p/DNA-hzJS-ln/,⚪ Standard Organic: Baseline organic collab reach,"Kailash Colony, brace yourself."
2386,Tier 4: Toggle OFF + Organic (Noise),Bajaj Electronics,Telangana & Andhra Pradesh (HQ: Hyderabad),@electronicsmart_india,0,0,0,0,0.00%,0.00%,2025-08-05,https://www.instagram.com/p/DM-Y3tDyLIT/,⚪ Standard Organic: Baseline organic collab reach,The streets are buzzing. The lights are flickering.
2387,Tier 4: Toggle OFF + Organic (Noise),Bajaj Electronics,Telangana & Andhra Pradesh (HQ: Hyderabad),@electronicsmart_india,0,0,0,0,0.00%,0.00%,2025-07-10,https://www.instagram.com/p/DL75Ei7SSBW/,⚪ Standard Organic: Baseline organic collab reach,"Reliving moments from the incredible 50 Lakhs Lucky Draw event at Electronics Mart, Rajouri Garden on 9th July 2025!"
2388,Tier 4: Toggle OFF + Organic (Noise),Bajaj Electronics,Telangana & Andhra Pradesh (HQ: Hyderabad),@electronicsmart_india,0,0,0,0,0.00%,0.00%,2025-07-10,https://www.instagram.com/p/DL60Z_mhGTX/,⚪ Standard Organic: Baseline organic collab reach,
2389,Tier 4: Toggle OFF + Organic (Noise),Bajaj Electronics,Telangana & Andhra Pradesh (HQ: Hyderabad),@electronicsmart_india,0,0,0,0,0.00%,0.00%,2025-07-09,https://www.instagram.com/p/DL4_sDVyu8T/,⚪ Standard Organic: Baseline organic collab reach,"We're excited to reveal the winners of our 50 Lakhs cash prize Summer Offers Lucky Draw held today at Electronics Mart store, Rajouri Garden!"
2390,Tier 4: Toggle OFF + Organic (Noise),Bajaj Electronics,Telangana & Andhra Pradesh (HQ: Hyderabad),@electronicsmart_india,0,0,0,0,0.00%,0.00%,2025-07-05,https://www.instagram.com/p/DLuBBUhSWav/,⚪ Standard Organic: Baseline organic collab reach,Last Chance to Win Big!
2391,Tier 4: Toggle OFF + Organic (Noise),Bajaj Electronics,Telangana & Andhra Pradesh (HQ: Hyderabad),@electronicsmart_india,0,0,0,0,0.00%,0.00%,2025-06-09,https://www.instagram.com/p/DKr5waAyo2m/,⚪ Standard Organic: Baseline organic collab reach,"Glimpses from the Grand Launch of Electronics Mart, Model Town on June 7th."
2392,Tier 4: Toggle OFF + Organic (Noise),Bajaj Electronics,Telangana & Andhra Pradesh (HQ: Hyderabad),@electronicsmart_india,0,0,0,0,0.00%,0.00%,2025-06-07,https://www.instagram.com/p/DKlb01uy7eC/,⚪ Standard Organic: Baseline organic collab reach,"Big News, Model Town!"
2393,Tier 4: Toggle OFF + Organic (Noise),Bajaj Electronics,Telangana & Andhra Pradesh (HQ: Hyderabad),@electronicsmart_india,0,0,0,0,0.00%,0.00%,2025-05-20,https://www.instagram.com/p/DJ4IaUhShLE/,⚪ Standard Organic: Baseline organic collab reach,"Throwback to the Grand Launch of Electronics Mart, Janakpuri on May 17th."
2394,Tier 4: Toggle OFF + Organic (Noise),Bajaj Electronics,Telangana & Andhra Pradesh (HQ: Hyderabad),@electronicsmart_india,0,0,0,0,0.00%,0.00%,2025-05-19,https://www.instagram.com/p/DJ1dnixTRhd/,⚪ Standard Organic: Baseline organic collab reach,Store Launch Alert: Electronics Mart Now Open in Janakpuri
2395,Tier 4: Toggle OFF + Organic (Noise),Bajaj Electronics,Telangana & Andhra Pradesh (HQ: Hyderabad),@electronicsmart_india,0,0,0,0,0.00%,0.00%,2025-05-17,https://www.instagram.com/p/DJvON7qIAKQ/,⚪ Standard Organic: Baseline organic collab reach,"Big news, Janakpuri! Electronics Mart is now open and ready with the widest range of electronics at the best prices!"
2396,Tier 4: Toggle OFF + Organic (Noise),Bajaj Electronics,Telangana & Andhra Pradesh (HQ: Hyderabad),@mycity_kurnool,0,0,0,0,0.00%,0.00%,2025-03-31,https://www.instagram.com/p/DH3b3o_zllw/,⚪ Standard Organic: Baseline organic collab reach,"Turn up the smart with the all-new Galaxy A56|36 5G! Packed with Awesome Intelligence, it’s built to elevate your experience. Get yours today at your "
2397,Tier 4: Toggle OFF + Organic (Noise),Bajaj Electronics,Telangana & Andhra Pradesh (HQ: Hyderabad),@electronicsmart_india,0,0,0,0,0.00%,0.00%,2025-01-27,https://www.instagram.com/p/DFVAj9QB1uf/,⚪ Standard Organic: Baseline organic collab reach,"Here’s a glimpse of the grand launch of our Electronics Mart mega store in Kalkaji and the gold chain lucky draw on 25th & 26th January, 2025! It was "
2398,Tier 4: Toggle OFF + Organic (Noise),Bajaj Electronics,Telangana & Andhra Pradesh (HQ: Hyderabad),@electronicsmart_india,0,0,0,0,0.00%,0.00%,2025-01-24,https://www.instagram.com/p/DFNzC0IBACO/,⚪ Standard Organic: Baseline organic collab reach,"Electronics Mart now open at Kalkaji | New Store Alert | Kalkaji, Delhi NCR"
2399,Tier 4: Toggle OFF + Organic (Noise),Bajaj Electronics,Telangana & Andhra Pradesh (HQ: Hyderabad),@electronicsmart_india,0,0,0,0,0.00%,0.00%,2025-01-06,https://www.instagram.com/p/DEfGNhkhBrm/,⚪ Standard Organic: Baseline organic collab reach,Celebrating the incredible success of our ₹50 Lakhs Cash Prize lucky draw!
2400,Tier 4: Toggle OFF + Organic (Noise),Sathya,Tamil Nadu (HQ: Tuticorin / Chennai),@sathya.tamilnadu,0,0,0,0,0.00%,0.00%,2026-07-09,https://www.instagram.com/p/DaksRMgzkm-/,⚪ Standard Organic: Baseline organic collab reach,OPPO Reno 16C Grand Launch @sathya.retail ! ✨
2401,Tier 4: Toggle OFF + Organic (Noise),Sathya,Tamil Nadu (HQ: Tuticorin / Chennai),@vikatan_emagazine,0,0,0,0,0.00%,0.00%,2026-07-03,https://www.instagram.com/p/DaVvg3mB9z0/,⚪ Standard Organic: Baseline organic collab reach,"Mr Jackson, Sathya Agencies at Vikatan Red Carpet."
2402,Tier 4: Toggle OFF + Organic (Noise),Sathya,Tamil Nadu (HQ: Tuticorin / Chennai),@nammudesathya.retail,0,0,0,0,0.00%,0.00%,2026-06-21,https://www.instagram.com/p/DZ1f4HICU18/,⚪ Standard Organic: Baseline organic collab reach,👨‍👧‍👦❤️ Happy Father's Day!
2403,Tier 4: Toggle OFF + Organic (Noise),Sathya,Tamil Nadu (HQ: Tuticorin / Chennai),@vikatan_emagazine,0,0,0,0,0.00%,0.00%,2025-09-11,https://www.instagram.com/p/DOd-eByEuJW/,⚪ Standard Organic: Baseline organic collab reach,சமூக ஊடக நட்சத்திரங்களுக்கான பிரமாண்ட மேடை ரெடி! 🧨
2404,Tier 4: Toggle OFF + Organic (Noise),Sathya,Tamil Nadu (HQ: Tuticorin / Chennai),@vikatan_emagazine,0,0,0,0,0.00%,0.00%,2025-09-11,https://www.instagram.com/p/DOdvSSXks6g/,⚪ Standard Organic: Baseline organic collab reach,சமூக ஊடக நட்சத்திரங்களுக்கான பிரமாண்ட மேடை ரெடி! 🧨
2405,Tier 4: Toggle OFF + Organic (Noise),Sathya,Tamil Nadu (HQ: Tuticorin / Chennai),@nammudesathya.retail,0,0,0,0,0.00%,0.00%,2025-09-04,https://www.instagram.com/p/DOLkDD-jFQi/,⚪ Standard Organic: Baseline organic collab reach,🌸✨ Sathya wishes you a Happy Onam! ✨🌸
2406,Tier 4: Toggle OFF + Organic (Noise),Sathya,Tamil Nadu (HQ: Tuticorin / Chennai),@nammudesathya.retail,0,0,0,0,0.00%,0.00%,2025-09-04,https://www.instagram.com/p/DOLcvwnkUIY/,⚪ Standard Organic: Baseline organic collab reach,🌸🎊 Celebrate Onam 2025 with SATHYA! 🎊🌸
2407,Tier 4: Toggle OFF + Organic (Noise),Sathya,Tamil Nadu (HQ: Tuticorin / Chennai),@vikatan_emagazine,0,0,0,0,0.00%,0.00%,2025-05-29,https://www.instagram.com/p/DKPJjLdNI0v/,⚪ Standard Organic: Baseline organic collab reach,🔥 Sathya Super Sale is LIVE – May 28 to 31 ONLY! 🔥
2408,Tier 4: Toggle OFF + Organic (Noise),Sathya,Tamil Nadu (HQ: Tuticorin / Chennai),@namma_periyakulam_60,0,0,0,0,0.00%,0.00%,2025-03-29,https://www.instagram.com/p/DHxpTMQSCKi/,⚪ Standard Organic: Baseline organic collab reach,Sathya Year end sale
2409,Tier 4: Toggle OFF + Organic (Noise),Pai International,Karnataka & Telangana (HQ: Bengaluru),@pai.furniture,0,0,0,0,0.00%,0.00%,2026-08-17,https://www.instagram.com/p/Db_NRuQzLN4/,⚪ Standard Organic: Baseline organic collab reach,Your home deserves furniture that looks good and feels even better. 🤎
2410,Tier 4: Toggle OFF + Organic (Noise),Pai International,Karnataka & Telangana (HQ: Bengaluru),@pai.furniture,0,0,0,0,0.00%,0.00%,2026-08-05,https://www.instagram.com/p/DbpiTerTvK1/,⚪ Standard Organic: Baseline organic collab reach,Scroll. Stop. Shop. 🛋️❤️
2411,Tier 4: Toggle OFF + Organic (Noise),Pai International,Karnataka & Telangana (HQ: Bengaluru),@pai.furniture,0,0,0,0,0.00%,0.00%,2026-08-03,https://www.instagram.com/p/DbkwE7HTNCY/,⚪ Standard Organic: Baseline organic collab reach,Feel the Difference in Every Detail. ✨
2412,Tier 4: Toggle OFF + Organic (Noise),Pai International,Karnataka & Telangana (HQ: Bengaluru),@paifoundationofficial,0,0,0,0,0.00%,0.00%,2026-07-17,https://www.instagram.com/p/Da5RVb4hmcf/,⚪ Standard Organic: Baseline organic collab reach,"On Day 2 of Pai Foundation‘s journey, we visited Sree Siddaganga Mutt where we continued our commitment to support education."
2413,Tier 4: Toggle OFF + Organic (Noise),Pai International,Karnataka & Telangana (HQ: Bengaluru),@paifoundationofficial,0,0,0,0,0.00%,0.00%,2026-07-16,https://www.instagram.com/p/Da220X5FVL9/,⚪ Standard Organic: Baseline organic collab reach,"Pai Foundation proudly continued its notebook distribution drive in Tumkur, reaching students across Sree Siddaganga Rural High School, Hirehalli, Sre"
2414,Tier 4: Toggle OFF + Organic (Noise),Pai International,Karnataka & Telangana (HQ: Bengaluru),@paifoundationofficial,0,0,0,0,0.00%,0.00%,2026-07-14,https://www.instagram.com/p/Daxj4Xfkzvi/,⚪ Standard Organic: Baseline organic collab reach,A few blank pages today can hold a lifetime of possibilities tomorrow ✨
2415,Tier 4: Toggle OFF + Organic (Noise),Pai International,Karnataka & Telangana (HQ: Bengaluru),@paifoundationofficial,0,0,0,0,0.00%,0.00%,2026-07-10,https://www.instagram.com/p/DanWZVilLo8/,⚪ Standard Organic: Baseline organic collab reach,"Every child deserves the chance to learn, dream, and grow."
2416,Tier 4: Toggle OFF + Organic (Noise),Pai International,Karnataka & Telangana (HQ: Bengaluru),@pai.furniture,0,0,0,0,0.00%,0.00%,2026-07-08,https://www.instagram.com/p/DaiC2_lDN8w/,⚪ Standard Organic: Baseline organic collab reach,"Comfort isn't just a feeling, it's the heart of every home. 🛋️"
2417,Tier 4: Toggle OFF + Organic (Noise),Pai International,Karnataka & Telangana (HQ: Bengaluru),@paifoundationofficial,0,0,0,0,0.00%,0.00%,2026-07-08,https://www.instagram.com/p/DahjmrJjjWP/,⚪ Standard Organic: Baseline organic collab reach,Every notebook holds the promise of a new beginning. 📚✨
2418,Tier 4: Toggle OFF + Organic (Noise),Pai International,Karnataka & Telangana (HQ: Bengaluru),@paifoundationofficial,0,0,0,0,0.00%,0.00%,2026-06-30,https://www.instagram.com/p/DaNzJYdD2Hd/,⚪ Standard Organic: Baseline organic collab reach,"Today, Pai Foundation visited four schools with one shared purpose, to create a greener tomorrow. 🌱"
2419,Tier 4: Toggle OFF + Organic (Noise),Pai International,Karnataka & Telangana (HQ: Bengaluru),@pai.furniture,0,0,0,0,0.00%,0.00%,2026-06-26,https://www.instagram.com/p/DaDJUwfEtLc/,⚪ Standard Organic: Baseline organic collab reach,"Furniture reflects your style, comfort and personality. ✨"
2420,Tier 4: Toggle OFF + Organic (Noise),Pai International,Karnataka & Telangana (HQ: Bengaluru),@paifoundationofficial,0,0,0,0,0.00%,0.00%,2026-06-19,https://www.instagram.com/p/DZxbgVJhBdP/,⚪ Standard Organic: Baseline organic collab reach,Knowledge grows when it’s shared. 📖
2421,Tier 4: Toggle OFF + Organic (Noise),Pai International,Karnataka & Telangana (HQ: Bengaluru),@pai.furniture,0,0,0,0,0.00%,0.00%,2026-06-19,https://www.instagram.com/p/DZxHwnDjkUK/,⚪ Standard Organic: Baseline organic collab reach,"Your furniture reflects your style, comfort and personality. ✨"
2422,Tier 4: Toggle OFF + Organic (Noise),Pai International,Karnataka & Telangana (HQ: Bengaluru),@paifoundationofficial,0,0,0,0,0.00%,0.00%,2026-06-17,https://www.instagram.com/p/DZr_yFrk6Dj/,⚪ Standard Organic: Baseline organic collab reach,"Turning pages, opening possibilities. 📚✨"
2423,Tier 4: Toggle OFF + Organic (Noise),Pai International,Karnataka & Telangana (HQ: Bengaluru),@pai.furniture,0,0,0,0,0.00%,0.00%,2026-06-17,https://www.instagram.com/p/DZr-HWHk7UZ/,⚪ Standard Organic: Baseline organic collab reach,"Turn your house into a home with furniture that’s built for comfort, style, and everyday living! ✨🛋️"
2424,Tier 4: Toggle OFF + Organic (Noise),Pai International,Karnataka & Telangana (HQ: Bengaluru),@paifoundationofficial,0,0,0,0,0.00%,0.00%,2026-06-16,https://www.instagram.com/p/DZpZdsnk0Sl/,⚪ Standard Organic: Baseline organic collab reach,The journey of learning continues at Sree Yogeshwarananda English Primary and High School 📖
2425,Tier 4: Toggle OFF + Organic (Noise),Pai International,Karnataka & Telangana (HQ: Bengaluru),@paifoundationofficial,0,0,0,0,0.00%,0.00%,2026-06-15,https://www.instagram.com/p/DZmzOSPj-_C/,⚪ Standard Organic: Baseline organic collab reach,"Continuing our mission to support education, another successful chapter unfolds through the Pai Foundation Book Distribution Drive. 📚"
2426,Tier 4: Toggle OFF + Organic (Noise),Pai International,Karnataka & Telangana (HQ: Bengaluru),@paifoundationofficial,0,0,0,0,0.00%,0.00%,2026-06-14,https://www.instagram.com/p/DZjEQTFjFpY/,⚪ Standard Organic: Baseline organic collab reach,The uniform may change.
2427,Tier 4: Toggle OFF + Organic (Noise),Pai International,Karnataka & Telangana (HQ: Bengaluru),@paifoundationofficial,0,0,0,0,0.00%,0.00%,2026-06-13,https://www.instagram.com/p/DZhsuIthYqo/,⚪ Standard Organic: Baseline organic collab reach,"As part of Pai Foundation’s continuous book distribution initiative, we had the privilege of visiting Viveku Vidyalaya, Mysore, where we distributed 2"
2428,Tier 4: Toggle OFF + Organic (Noise),Pai International,Karnataka & Telangana (HQ: Bengaluru),@paifoundationofficial,0,0,0,0,0.00%,0.00%,2026-06-12,https://www.instagram.com/p/DZfGPR5jPlN/,⚪ Standard Organic: Baseline organic collab reach,"On 12th June, Pai Foundation visited Govt Model Primary School, Mathikere, supporting over 511 students through an initiative that promotes learning, "
2429,Tier 4: Toggle OFF + Organic (Noise),Pai International,Karnataka & Telangana (HQ: Bengaluru),@pai.furniture,0,0,0,0,0.00%,0.00%,2026-06-12,https://www.instagram.com/p/DZfGMY6DLSw/,⚪ Standard Organic: Baseline organic collab reach,The easiest way to refresh your space?
2430,Tier 4: Toggle OFF + Organic (Noise),Pai International,Karnataka & Telangana (HQ: Bengaluru),@paifoundationofficial,0,0,0,0,0.00%,0.00%,2026-06-11,https://www.instagram.com/p/DZc0dkjFCSG/,⚪ Standard Organic: Baseline organic collab reach,"On 11th June, Pai Foundation conducted a book distribution drive at Government Girls High School, Malleshwaram, extending  support to students through"
2431,Tier 4: Toggle OFF + Organic (Noise),Pai International,Karnataka & Telangana (HQ: Bengaluru),@paifoundationofficial,0,0,0,0,0.00%,0.00%,2026-06-08,https://www.instagram.com/p/DZTtxnBiUCs/,⚪ Standard Organic: Baseline organic collab reach,"The ocean is the heartbeat of our planet providing oxygen, supporting life and connecting communities across the world."
2432,Tier 4: Toggle OFF + Organic (Noise),Pai International,Karnataka & Telangana (HQ: Bengaluru),@paifoundationofficial,0,0,0,0,0.00%,0.00%,2026-06-07,https://www.instagram.com/p/DZSYVh1Cdut/,⚪ Standard Organic: Baseline organic collab reach,"Today at Karunya Bengaluru Charitable Trust (Thippasandra), Pai Foundation turned care into action."
2433,Tier 4: Toggle OFF + Organic (Noise),Pai International,Karnataka & Telangana (HQ: Bengaluru),@paifoundationofficial,0,0,0,0,0.00%,0.00%,2026-06-07,https://www.instagram.com/p/DZR6jpCDBkH/,⚪ Standard Organic: Baseline organic collab reach,"On 7th June, Pai Foundation conducted a book distribution drive at Baiyappanahalli, distributing 4600+ notebooks to 770 students. 📚"
2434,Tier 4: Toggle OFF + Organic (Noise),Pai International,Karnataka & Telangana (HQ: Bengaluru),@paifoundationofficial,0,0,0,0,0.00%,0.00%,2026-06-05,https://www.instagram.com/p/DZM4qE7B_BT/,⚪ Standard Organic: Baseline organic collab reach,Every sapling planted today is a promise for a greener tomorrow 🌱
2435,Tier 4: Toggle OFF + Organic (Noise),Pai International,Karnataka & Telangana (HQ: Bengaluru),@paifoundationofficial,0,0,0,0,0.00%,0.00%,2026-06-05,https://www.instagram.com/p/DZMdTRWgcO-/,⚪ Standard Organic: Baseline organic collab reach,"This World Environment Day, let’s come together to protect, preserve and nurture the planet that gives us so much."
2436,Tier 4: Toggle OFF + Organic (Noise),Pai International,Karnataka & Telangana (HQ: Bengaluru),@pai.furniture,0,0,0,0,0.00%,0.00%,2026-05-29,https://www.instagram.com/p/DY7DHIVk-iK/,⚪ Standard Organic: Baseline organic collab reach,"Sometimes, all your space needs is a fresh start. ✨"
2437,Tier 4: Toggle OFF + Organic (Noise),Pai International,Karnataka & Telangana (HQ: Bengaluru),@pai.furniture,0,0,0,0,0.00%,0.00%,2026-05-15,https://www.instagram.com/p/DYW_7TCk3jq/,⚪ Standard Organic: Baseline organic collab reach,Some furniture just fills a room.
2438,Tier 4: Toggle OFF + Organic (Noise),Pai International,Karnataka & Telangana (HQ: Bengaluru),@bajajfinance__emihaina,0,0,0,0,0.00%,0.00%,2026-04-23,https://www.instagram.com/p/DXd_8w1jPbe/,⚪ Standard Organic: Baseline organic collab reach,"New home, zero stress ✨"
2439,Tier 4: Toggle OFF + Organic (Noise),Pai International,Karnataka & Telangana (HQ: Bengaluru),@paifoundationofficial,0,0,0,0,0.00%,0.00%,2026-04-08,https://www.instagram.com/p/DW3ul0Mgfq7/,⚪ Standard Organic: Baseline organic collab reach,"For everyone who rides, drives, walks, and travels these roads, this is for you."
2440,Tier 4: Toggle OFF + Organic (Noise),Pai International,Karnataka & Telangana (HQ: Bengaluru),@paifoundationofficial,0,0,0,0,0.00%,0.00%,2026-03-31,https://www.instagram.com/p/DWjLGYRAf0c/,⚪ Standard Organic: Baseline organic collab reach,"Pai Foundation is here again, doing what truly matters."
2441,Tier 4: Toggle OFF + Organic (Noise),Pai International,Karnataka & Telangana (HQ: Bengaluru),@paifoundationofficial,0,0,0,0,0.00%,0.00%,2026-03-09,https://www.instagram.com/p/DVqe-gSgYQw/,⚪ Standard Organic: Baseline organic collab reach,"Good roads make everyday journeys easier for workers heading to their jobs, students going to school, and families moving through the city."
2442,Tier 4: Toggle OFF + Organic (Noise),Pai International,Karnataka & Telangana (HQ: Bengaluru),@paifoundationofficial,0,0,0,0,0.00%,0.00%,2026-02-12,https://www.instagram.com/p/DUqHaAsgQY7/,⚪ Standard Organic: Baseline organic collab reach,"Every day, thousands of people travel across the city to work, to school, to meet their families. But potholes turn simple journeys into stressful one"
2443,Tier 4: Toggle OFF + Organic (Noise),Pai International,Karnataka & Telangana (HQ: Bengaluru),@paifoundationofficial,0,0,0,0,0.00%,0.00%,2025-12-19,https://www.instagram.com/p/DScXqOPFQ-_/,⚪ Standard Organic: Baseline organic collab reach,Today wasn’t just about donating blood.
2444,Tier 4: Toggle OFF + Organic (Noise),Pai International,Karnataka & Telangana (HQ: Bengaluru),@__sitara07rawal,0,0,0,0,0.00%,0.00%,2025-12-12,https://www.instagram.com/p/DSKby_aDJq3/,⚪ Standard Organic: Baseline organic collab reach,Pai Monthly Draw - Shop for rupees 2000 and above and get a chance to win upto 5 crore jackpot prize *Every Month*
2445,Tier 4: Toggle OFF + Organic (Noise),Pai International,Karnataka & Telangana (HQ: Bengaluru),@paifoundationofficial,0,0,0,0,0.00%,0.00%,2025-11-11,https://www.instagram.com/p/DQ5rYcRgfkZ/,⚪ Standard Organic: Baseline organic collab reach,Learning has the power to open minds and change lives. 🌱
2446,Tier 4: Toggle OFF + Organic (Noise),Pai International,Karnataka & Telangana (HQ: Bengaluru),@paifoundationofficial,0,0,0,0,0.00%,0.00%,2025-07-31,https://www.instagram.com/p/DMwuaFbh_5_/,⚪ Standard Organic: Baseline organic collab reach,"On July 9, 2025, Day 2 of our journey in Hyderabad, we distributed 24,224 books to 1,977 children."
2447,Tier 4: Toggle OFF + Organic (Noise),Pai International,Karnataka & Telangana (HQ: Bengaluru),@paifoundationofficial,0,0,0,0,0.00%,0.00%,2025-07-30,https://www.instagram.com/p/DMuNASyBWyy/,⚪ Standard Organic: Baseline organic collab reach,"On July 8, 2025, our first day in Hyderabad, we distributed 23,616 books to 811 children."
2448,Tier 4: Toggle OFF + Organic (Noise),Pai International,Karnataka & Telangana (HQ: Bengaluru),@paifoundationofficial,0,0,0,0,0.00%,0.00%,2025-07-12,https://www.instagram.com/p/DMAT7AoB0Qr/,⚪ Standard Organic: Baseline organic collab reach,A day filled with purpose and pages of possibility. 💛
2449,Tier 4: Toggle OFF + Organic (Noise),Pai International,Karnataka & Telangana (HQ: Bengaluru),@paifoundationofficial,0,0,0,0,0.00%,0.00%,2025-07-09,https://www.instagram.com/p/DL4TtsOhbtE/,⚪ Standard Organic: Baseline organic collab reach,"On 𝗝𝘂𝗻𝗲 𝟮𝟮, 𝟮𝟬𝟮𝟱, something special happened at 𝗞𝗮𝗿𝘂𝗻𝘆𝗮 𝗕𝗲𝗻𝗴𝗮𝗹𝘂𝗿𝘂 𝗖𝗵𝗮𝗿𝗶𝘁𝗮𝗯𝗹𝗲 𝗧𝗿𝘂𝘀𝘁 𝗶𝗻 𝗧𝗵𝗶𝗽𝗽𝗮𝘀𝗮𝗻𝗱𝗿𝗮."
2450,Tier 4: Toggle OFF + Organic (Noise),Pai International,Karnataka & Telangana (HQ: Bengaluru),@paifoundationofficial,0,0,0,0,0.00%,0.00%,2025-07-03,https://www.instagram.com/p/DLpAv7_htgz/,⚪ Standard Organic: Baseline organic collab reach,"On 30th June 2025, at PM Shri Jawahar Navodaya Vidyalaya, Vakkaleri, Kolar, Pai Foundation came together with students, teachers, and volunteers to pl"
2451,Tier 4: Toggle OFF + Organic (Noise),Pai International,Karnataka & Telangana (HQ: Bengaluru),@paifoundationofficial,0,0,0,0,0.00%,0.00%,2025-06-28,https://www.instagram.com/p/DLb5AMQBGCW/,⚪ Standard Organic: Baseline organic collab reach,"On June 22, 2025, something special happened at Karunya Bengaluru Charitable Trust in Thippasandra."
2452,Tier 4: Toggle OFF + Organic (Noise),Pai International,Karnataka & Telangana (HQ: Bengaluru),@paifoundationofficial,0,0,0,0,0.00%,0.00%,2025-06-25,https://www.instagram.com/p/DLUv3CEP1Ax/,⚪ Standard Organic: Baseline organic collab reach,"Through our book distribution initiative, we reached 1,200 children and distributed 7,104 notebooks in baiyyappanahalli."
2453,Tier 4: Toggle OFF + Organic (Noise),Pai International,Karnataka & Telangana (HQ: Bengaluru),@paifoundationofficial,0,0,0,0,0.00%,0.00%,2025-06-07,https://www.instagram.com/p/DKnapcLT2Ej/,⚪ Standard Organic: Baseline organic collab reach,Happy Ocean Day!
2454,Tier 4: Toggle OFF + Organic (Noise),Pai International,Karnataka & Telangana (HQ: Bengaluru),@paifoundationofficial,0,0,0,0,0.00%,0.00%,2025-06-07,https://www.instagram.com/p/DKmAG8sho0m/,⚪ Standard Organic: Baseline organic collab reach,We planted 1000 saplings with one purpose
2455,Tier 4: Toggle OFF + Organic (Noise),Pai International,Karnataka & Telangana (HQ: Bengaluru),@paifoundationofficial,0,0,0,0,0.00%,0.00%,2025-06-05,https://www.instagram.com/p/DKgQuP3h3R9/,⚪ Standard Organic: Baseline organic collab reach,🌱 15 billion trees fall each year
2456,Tier 4: Toggle OFF + Organic (Noise),Aditya Vision,"Bihar, Jharkhand & UP (HQ: Patna)",@crowd_management,0,0,0,0,0.00%,0.00%,2026-05-25,https://www.instagram.com/p/DYv9iZlzCaW/,⚪ Standard Organic: Baseline organic collab reach,"Cinema jaisa experience, ab ghar par 🎬✨"
2457,Tier 4: Toggle OFF + Organic (Noise),Aditya Vision,"Bihar, Jharkhand & UP (HQ: Patna)",@feverfmup,0,0,0,0,0.00%,0.00%,2026-04-15,https://www.instagram.com/p/DXJPXPbCYg_/,⚪ Standard Organic: Baseline organic collab reach,"The energy was unreal ! the store felt nothing less than a mini stadium filled with cheers, excitement, and pure cricket vibes! 🏏🔥"
2458,Tier 4: Toggle OFF + Organic (Noise),Aditya Vision,"Bihar, Jharkhand & UP (HQ: Patna)",@feverfmup,0,0,0,0,0.00%,0.00%,2026-04-12,https://www.instagram.com/p/DXBZ4_VibW7/,⚪ Standard Organic: Baseline organic collab reach,"The energy was unreal ! the store felt nothing less than a mini stadium filled with cheers, excitement, and pure cricket vibes! 🏏🔥"
2459,Tier 4: Toggle OFF + Organic (Noise),Aditya Vision,"Bihar, Jharkhand & UP (HQ: Patna)",@feverfmup,0,0,0,0,0.00%,0.00%,2026-04-02,https://www.instagram.com/p/DWoZTOUvITB/,⚪ Standard Organic: Baseline organic collab reach,The cricket fever just got bigger & louder in Kanpur! 🏏🔥
2460,Tier 4: Toggle OFF + Organic (Noise),Aditya Vision,"Bihar, Jharkhand & UP (HQ: Patna)",@feverfmup,0,0,0,0,0.00%,0.00%,2026-04-02,https://www.instagram.com/p/DWndgY0E0f-/,⚪ Standard Organic: Baseline organic collab reach,The cricket fever is officially ON and the energy is absolutely unstoppable! 🏏🔥
2461,Tier 4: Toggle OFF + Organic (Noise),Great Eastern,West Bengal & East India (HQ: Kolkata),@mylloydindia,0,0,0,0,0.00%,0.00%,2025-10-15,https://www.instagram.com/p/DP1NaAek8q8/,⚪ Standard Organic: Baseline organic collab reach,"It’s finally the time jab ghar ko upgrade karna hai!😎 Out with the old, in with the Lloyd Mini LED Pro TV at @greateasternretail Super bright 1400 nit"
2462,Tier 4: Toggle OFF + Organic (Noise),Tata Neu,"Pan-India / Maharashtra (HQ: Mumbai, Tata Digital)",@tatacompanies,0,0,0,0,0.00%,0.00%,2025-08-17,https://www.instagram.com/p/DNcdheFohHv/,⚪ Standard Organic: Baseline organic collab reach,"Spending actually means earning. Confused? Well, that’s what our #TataNeu App does for you. Here’s a masterclass in how to shop and earn at the same t"
